{"gamba-osaka":{"0":0.0940775004,"1":0.222365001,"2":0.2627950012,"3":0.207050607,"4":0.122348086,"5":0.057837277,"6":0.0227843819,"7":0.0076934276,"8":0.0022730582,"9":0.0005969648},"cerezo-osaka":{"0":0.1331901539,"1":0.2685083459,"2":0.2706533844,"3":0.1818770393,"4":0.0916650022,"5":0.0369589154,"6":0.0124180566,"7":0.0035763603,"8":0.0009012327,"9":0.0002018739}}