{"kashiwa-reysol":{"0":0.4483030993,"1":0.3596671723,"2":0.1442779171,"3":0.0385840373,"4":0.0077388555,"5":0.0012417546,"6":0.0001660403,"7":0.0000190303,"8":0.0000019085,"9":0.0000001701},"shimizu-s-pulse":{"0":0.2321664397,"1":0.3390328265,"2":0.2475449457,"3":0.1204966901,"4":0.0439903518,"5":0.0128478288,"6":0.003126949,"7":0.0006523266,"8":0.0001190741,"9":0.0000193204}}