{"kashima-antlers":{"0":0.1703388161,"1":0.3014938771,"2":0.2668169241,"3":0.1574189426,"4":0.0696565358,"5":0.0246579371,"6":0.0072739508,"7":0.0018392349,"8":0.0004069229,"9":0.0000800266},"omiya-ardija":{"0":0.5269438262,"1":0.3375925314,"2":0.1081412397,"3":0.0230939701,"4":0.0036988534,"5":0.0004739425,"6":0.0000506061,"7":0.0000046316,"8":0.0000003709,"9":0.0000000264}}