{"ventforet-kofu":{"0":0.2456125462,"1":0.3448400149,"2":0.2420776905,"3":0.1132923591,"4":0.0397656181,"5":0.0111661856,"6":0.0026128874,"7":0.0005240706,"8":0.0000919744,"9":0.000014348},"jubilo-iwata":{"0":0.2252096159,"1":0.3357253083,"2":0.2502368343,"3":0.1243446585,"4":0.0463408819,"5":0.01381629,"6":0.0034327118,"7":0.0007310321,"8":0.0001362209,"9":0.0000225631}}