{"sanfrecce-hiroshima":{"0":0.2679692304,"1":0.3528841554,"2":0.2323535932,"3":0.1019941747,"4":0.0335786017,"5":0.0088438187,"6":0.0019410459,"7":0.0003651615,"8":0.0000601094,"9":0.0000087952},"vegalta-sendai":{"0":0.8281947212,"1":0.1561204872,"2":0.0147149009,"3":0.0009246205,"4":0.0000435744,"5":0.0000016428,"6":0.0000000516,"7":0.0000000014,"8":0.0,"9":0.0}}