{"avispa-fukuoka":{"0":0.2456125462,"1":0.3448400149,"2":0.2420776905,"3":0.1132923591,"4":0.0397656181,"5":0.0111661856,"6":0.0026128874,"7":0.0005240706,"8":0.0000919744,"9":0.000014348},"albirex-niigata":{"0":0.3447958999,"1":0.3671395815,"2":0.1954655963,"3":0.0693774271,"4":0.0184683167,"5":0.0039330225,"6":0.0006979821,"7":0.0001061733,"8":0.0000141317,"9":0.0000016719}}