{"vissel-kobe":{"0":0.5726489872,"1":0.3192416961,"2":0.0889858035,"3":0.0165360046,"4":0.0023046326,"5":0.0002569584,"6":0.000023875,"7":0.0000019014,"8":0.0000001325,"9":0.0000000082},"urawa-red-diamonds":{"0":0.2703556735,"1":0.3536297839,"2":0.2312768629,"3":0.1008380134,"4":0.0329744558,"5":0.008626229,"6":0.0018805422,"7":0.0003513973,"8":0.0000574542,"9":0.0000083501}}