{"nagoya-grampus-eight":{"0":0.3885029385,"1":0.3673118691,"2":0.1736383381,"3":0.0547223854,"4":0.012934382,"5":0.002445774,"6":0.0003853947,"7":0.0000520533,"8":0.0000061518,"9":0.0000006462},"yokohama-fa-marinos":{"0":0.3999749402,"1":0.3665183897,"2":0.1679301833,"3":0.0512944639,"4":0.0117509639,"5":0.0021536071,"6":0.0003289109,"7":0.0000430569,"8":0.0000049319,"9":0.0000005022}}