{"kawasaki-frontale":{"0":0.3885029385,"1":0.3673118691,"2":0.1736383381,"3":0.0547223854,"4":0.012934382,"5":0.002445774,"6":0.0003853947,"7":0.0000520533,"8":0.0000061518,"9":0.0000006462},"montedio-yamagata":{"0":0.5461873484,"1":0.3303304123,"2":0.099890799,"3":0.0201377598,"4":0.0030447952,"5":0.0003682943,"6":0.0000371237,"7":0.0000032074,"8":0.0000002425,"9":0.0000000163}}