{"jubilo-iwata":{"0":0.1218136138,"1":0.2564497133,"2":0.2699470667,"3":0.189436538,"4":0.0997034411,"5":0.0419803962,"6":0.0147299636,"7":0.0044300642,"8":0.0011658064,"9":0.0002727032},"vissel-kobe":{"0":0.3956788752,"1":0.3668545863,"2":0.17006504,"3":0.052558732,"4":0.0121824876,"5":0.0022590043,"6":0.0003490735,"7":0.0000462349,"8":0.0000053583,"9":0.000000552}}