{"albirex-niigata":{"0":0.3072405697,"1":0.3625820388,"2":0.2139459235,"3":0.0841609223,"4":0.0248300858,"5":0.0058605171,"6":0.0011526897,"7":0.000194331,"8":0.0000286668,"9":0.0000037589},"montedio-yamagata":{"0":0.4095822875,"1":0.3656002969,"2":0.1631706023,"3":0.0485496423,"4":0.0108340645,"5":0.001934135,"6":0.0002877404,"7":0.0000366917,"8":0.000004094,"9":0.000000406}}