{"urawa-red-diamonds":{"0":0.0692208938,"1":0.1848511108,"2":0.2468180582,"3":0.2197053025,"4":0.1466781452,"5":0.0783394047,"6":0.0348669436,"7":0.0133015025,"8":0.0044401289,"9":0.0013174615},"gamba-osaka":{"0":0.1398196745,"1":0.2750814689,"2":0.2705978784,"3":0.1774582443,"4":0.087282914,"5":0.0343441111,"6":0.0112614439,"7":0.003165112,"8":0.0007783809,"9":0.0001701542}}