{"avispa-fukuoka":{"0":0.3595959183,"1":0.3677854734,"2":0.18808077,"3":0.0641213943,"4":0.016395429,"5":0.0033537648,"6":0.0005716908,"7":0.0000835301,"8":0.0000106791,"9":0.0000012136},"ventforet-kofu":{"0":0.2031197177,"1":0.3237646507,"2":0.2580339078,"3":0.1370985528,"4":0.0546323931,"5":0.0174163669,"6":0.0046268313,"7":0.001053569,"8":0.0002099183,"9":0.0000371779}}