{"yokohama-fa-marinos":{"0":0.1218136138,"1":0.2564497133,"2":0.2699470667,"3":0.189436538,"4":0.0997034411,"5":0.0419803962,"6":0.0147299636,"7":0.0044300642,"8":0.0011658064,"9":0.0002727032},"kawasaki-frontale":{"0":0.1787344124,"1":0.3077546174,"2":0.2649543063,"3":0.1520709043,"4":0.0654609853,"5":0.0225428559,"6":0.0064692522,"7":0.0015913014,"8":0.0003424986,"9":0.0000655259}}