{"shimizu-s-pulse":{"0":0.3890297816,"1":0.3672827752,"2":0.17337572,"3":0.0545613032,"4":0.0128778231,"5":0.002431589,"6":0.0003826103,"7":0.0000516032,"8":0.0000060898,"9":0.0000006388},"kashima-antlers":{"0":0.1617556744,"1":0.2946651788,"2":0.2683911024,"3":0.1629731846,"4":0.0742207696,"5":0.0270411241,"6":0.0082099929,"7":0.0021365548,"8":0.0004865118,"9":0.0000984737}}