{"omiya-ardija":{"0":0.4957148653,"1":0.3478700809,"2":0.1220596775,"3":0.0285519713,"4":0.0050091178,"5":0.0007030341,"6":0.0000822262,"7":0.0000082432,"8":0.0000007231,"9":0.0000000564},"sanfrecce-hiroshima":{"0":0.1787344124,"1":0.3077546174,"2":0.2649543063,"3":0.1520709043,"4":0.0654609853,"5":0.0225428559,"6":0.0064692522,"7":0.0015913014,"8":0.0003424986,"9":0.0000655259}}