{"cerezo-osaka":{"0":0.701848811,"1":0.248480635,"2":0.0439857025,"3":0.0051908593,"4":0.0004594394,"5":0.0000325317,"6":0.0000019196,"7":0.0000000971,"8":0.0000000043,"9":0.0000000002},"kashiwa-reysol":{"0":0.0936520703,"1":0.2217839056,"2":0.2626108566,"3":0.2073022741,"4":0.1227316915,"5":0.0581298712,"6":0.0229435573,"7":0.0077620308,"8":0.0022977248,"9":0.0006046}}