{"vegalta-sendai":{"0":0.0588773898,"1":0.1667583214,"2":0.2361546415,"3":0.2229534503,"4":0.1578676605,"5":0.0894256561,"6":0.0422133532,"7":0.0170801145,"8":0.0060469971,"9":0.0019029887},"nagoya-grampus-eight":{"0":0.4506880492,"1":0.3591893009,"2":0.1431333204,"3":0.0380247915,"4":0.0075762483,"5":0.0012076235,"6":0.0001604086,"7":0.0000182632,"8":0.0000018194,"9":0.0000001611}}