{"kawasaki-frontale":{"0":0.0413711139,"1":0.131774129,"2":0.2098616577,"3":0.2228151848,"4":0.1774261928,"5":0.1130266015,"6":0.0600015348,"7":0.0273021759,"8":0.010870267,"9":0.0038470749},"avispa-fukuoka":{"0":0.5621217214,"1":0.3238028349,"2":0.0932611852,"3":0.0179072936,"4":0.0025788153,"5":0.0002970985,"6":0.0000285233,"7":0.0000023472,"8":0.000000169,"9":0.0000000108}}