{"vissel-kobe":{"0":0.4836507364,"1":0.3513201475,"2":0.1275981165,"3":0.0308954277,"4":0.0056105498,"5":0.000815092,"6":0.0000986794,"7":0.00001024,"8":0.0000009298,"9":0.000000075},"nagoya-grampus-eight":{"0":0.6605076693,"1":0.273943273,"2":0.0568085128,"3":0.0078537115,"4":0.0008143249,"5":0.0000675477,"6":0.0000046692,"7":0.0000002766,"8":0.0000000143,"9":0.0000000007}}