{"sanfrecce-hiroshima":{"0":0.4149815542,"1":0.3649850776,"2":0.1605060581,"3":0.0470561607,"4":0.0103467228,"5":0.0018200324,"6":0.0002667929,"7":0.0000335214,"8":0.0000036854,"9":0.0000003601},"cerezo-osaka":{"0":0.3430226333,"1":0.3670201015,"2":0.1963482024,"3":0.0700281655,"4":0.0187318138,"5":0.004008454,"6":0.0007148135,"7":0.0001092601,"8":0.000014613,"9":0.0000017373}}