{"omiya-ardija":{"0":0.4149815542,"1":0.3649850776,"2":0.1605060581,"3":0.0470561607,"4":0.0103467228,"5":0.0018200324,"6":0.0002667929,"7":0.0000335214,"8":0.0000036854,"9":0.0000003601},"gamba-osaka":{"0":0.0527396976,"1":0.1551805918,"2":0.2283006649,"3":0.22391629,"4":0.1647120857,"5":0.0969293344,"6":0.0475339329,"7":0.0199804597,"8":0.0073487802,"9":0.0024025505}}