{"kashiwa-reysol":{"0":0.3352256792,"1":0.3663853435,"2":0.2002206696,"3":0.072943814,"4":0.0199310092,"5":0.0043567245,"6":0.0007936146,"7":0.0001239117,"8":0.0000169287,"9":0.0000020558},"vegalta-sendai":{"0":0.3545640191,"1":0.3676355037,"2":0.1905944432,"3":0.0658736555,"4":0.0170755443,"5":0.0035410115,"6":0.000611926,"7":0.0000906408,"8":0.0000117478,"9":0.0000013534}}