{"ventforet-kofu":{"0":0.3466907753,"1":0.3672571772,"2":0.19452181,"3":0.0686870798,"4":0.0181904343,"5":0.0038539056,"6":0.0006804212,"7":0.0001029693,"8":0.0000136347,"9":0.0000016048},"shimizu-s-pulse":{"0":0.0979450478,"1":0.2275604989,"2":0.264351194,"3":0.2047266672,"4":0.1189128587,"5":0.055255207,"6":0.0213961855,"7":0.0071015428,"8":0.00206242,"9":0.0005324134}}