{"kashima-antlers":{"0":0.2784021787,"1":0.3559896712,"2":0.2275999537,"3":0.0970098163,"4":0.0310113347,"5":0.0079307676,"6":0.0016901636,"7":0.0003087418,"8":0.0000493481,"9":0.0000070112},"albirex-niigata":{"0":0.2899359513,"1":0.3589683206,"2":0.2222184842,"3":0.0917092157,"4":0.0283861858,"5":0.0070289603,"6":0.0014504204,"7":0.0002565369,"8":0.0000397021,"9":0.0000054617}}