{"jubilo-iwata":{"0":0.2621429408,"1":0.3509740998,"2":0.2349535302,"3":0.1048570467,"4":0.0350973666,"5":0.0093981296,"6":0.0020971383,"7":0.0004011123,"8":0.0000671294,"9":0.0000099864},"yokohama-fa-marinos":{"0":0.3355212815,"1":0.3664126898,"2":0.2000741334,"3":0.0728316458,"4":0.0198843119,"5":0.0043430117,"6":0.0007904787,"7":0.0001233226,"8":0.0000168346,"9":0.0000020427}}