{"montedio-yamagata":{"0":0.5871543583,"1":0.3126406323,"2":0.083235493,"3":0.0147733992,"4":0.0019665889,"5":0.0002094289,"6":0.0000185857,"7":0.0000014138,"8":0.0000000941,"9":0.0000000056},"urawa-red-diamonds":{"0":0.585114507,"1":0.3135907815,"2":0.084034131,"3":0.0150126334,"4":0.0020114966,"5":0.0002156114,"6":0.0000192594,"7":0.0000014746,"8":0.0000000988,"9":0.0000000059}}