{"avispa-fukuoka":{"0":0.6016849014,"1":0.3056688002,"2":0.0776431444,"3":0.0131481261,"4":0.0016698823,"5":0.0001696672,"6":0.0000143658,"7":0.0000010426,"8":0.0000000662,"9":0.0000000037},"omiya-ardija":{"0":0.0717581543,"1":0.189043541,"2":0.2490132358,"3":0.2186712869,"4":0.1440198497,"5":0.0758827275,"6":0.0333182564,"7":0.0125393438,"8":0.0041292902,"9":0.0012087138}}