{"gamba-osaka":{"0":0.0387224053,"1":0.1258995851,"2":0.2046709833,"3":0.2218181067,"4":0.1803013487,"5":0.1172440856,"6":0.0635333369,"7":0.0295097547,"8":0.0119932693,"9":0.0043326843},"vissel-kobe":{"0":0.2714651338,"1":0.353969243,"2":0.2307740653,"3":0.1003037604,"4":0.0326970592,"5":0.0085268801,"6":0.0018530638,"7":0.0003451786,"8":0.0000562607,"9":0.0000081511}}