{"urawa-red-diamonds":{"0":0.1605938125,"1":0.293706331,"2":0.2685763775,"3":0.1637310537,"4":0.0748609898,"5":0.0273823086,"6":0.0083464791,"7":0.0021806691,"8":0.0004985219,"9":0.0001013039},"kawasaki-frontale":{"0":0.141439622,"1":0.2766392606,"2":0.270536924,"3":0.1763794651,"4":0.0862443708,"5":0.0337367686,"6":0.0109975251,"7":0.0030728379,"8":0.0007512637,"9":0.0001632648}}