{"vegalta-sendai":{"0":0.1515353129,"1":0.285937527,"2":0.2697729915,"3":0.1696815098,"4":0.0800445625,"5":0.0302078028,"6":0.0095000347,"7":0.0025608519,"8":0.0006040206,"9":0.0001266387},"shimizu-s-pulse":{"0":0.2878320435,"1":0.3584597382,"2":0.223208963,"3":0.0926598552,"4":0.0288491398,"5":0.0071856177,"6":0.0014914685,"7":0.0002653489,"8":0.0000413075,"9":0.0000057159}}