{"nagoya-grampus-eight":{"0":0.1967800937,"1":0.3198991898,"2":0.2600250099,"3":0.1409048182,"4":0.0572661293,"5":0.0186191479,"6":0.0050447602,"7":0.0011715868,"8":0.0002380765,"9":0.0000430037},"kashima-antlers":{"0":0.3760845941,"1":0.3677886105,"2":0.1798378132,"3":0.0586236009,"4":0.0143326083,"5":0.0028032896,"6":0.0004569087,"7":0.0000638328,"8":0.0000078031,"9":0.0000008479}}