{"cerezo-osaka":{"0":0.2954512776,"1":0.3602293652,"2":0.2196050676,"3":0.0892512574,"4":0.0272049287,"5":0.0066339291,"6":0.0013480712,"7":0.0002348054,"8":0.0000357858,"9":0.000004848},"jubilo-iwata":{"0":0.2473233168,"1":0.345525222,"2":0.24135953,"3":0.1123978204,"4":0.0392565917,"5":0.0109687536,"6":0.002553999,"7":0.0005097267,"8":0.0000890148,"9":0.0000138177}}