{"albirex-niigata":{"0":0.3017815258,"1":0.3615499448,"2":0.2165778079,"3":0.0864904882,"4":0.0259050245,"5":0.006207113,"6":0.0012394073,"7":0.0002121249,"8":0.0000317671,"9":0.0000042287},"ventforet-kofu":{"0":0.5631384919,"1":0.3233708427,"2":0.0928445697,"3":0.0177713695,"4":0.002551212,"5":0.0002929963,"6":0.0000280412,"7":0.0000023003,"8":0.0000001651,"9":0.0000000105}}