{"kashiwa-reysol":{"0":0.1605938125,"1":0.293706331,"2":0.2685763775,"3":0.1637310537,"4":0.0748609898,"5":0.0273823086,"6":0.0083464791,"7":0.0021806691,"8":0.0004985219,"9":0.0001013039},"sanfrecce-hiroshima":{"0":0.3657217967,"1":0.3678731014,"2":0.1850185304,"3":0.0620356249,"4":0.0156001351,"5":0.0031383801,"6":0.0005261402,"7":0.000075605,"8":0.0000095062,"9":0.0000010625}}