{"yokohama-fa-marinos":{"0":0.0421438435,"1":0.1334555044,"2":0.2113045487,"3":0.2230436903,"4":0.1765762548,"5":0.1118316281,"6":0.0590222481,"7":0.0267005408,"8":0.0105689641,"9":0.0037187096},"montedio-yamagata":{"0":0.5114076613,"1":0.3429439611,"2":0.1149870928,"3":0.0257029972,"4":0.0043090319,"5":0.0005779172,"6":0.0000645907,"7":0.0000061877,"8":0.0000005187,"9":0.0000000386}}