{"shimizu-s-pulse":{"0":0.4660514895,"1":0.355811278,"2":0.1358236894,"3":0.0345652799,"4":0.0065972949,"5":0.001007353,"6":0.0001281788,"7":0.0000139799,"8":0.0000013341,"9":0.0000001132},"albirex-niigata":{"0":0.371514071,"1":0.367861545,"2":0.1821224644,"3":0.0601106448,"4":0.0148799173,"5":0.0029467252,"6":0.0004862924,"7":0.0000687874,"8":0.0000085139,"9":0.0000009367}}