{"ventforet-kofu":{"0":0.2240789758,"1":0.3351676336,"2":0.2506646199,"3":0.1249777631,"4":0.0467340822,"5":0.0139805635,"6":0.0034852536,"7":0.0007447274,"8":0.0001392414,"9":0.0000231412},"gamba-osaka":{"0":0.0761966179,"1":0.1961634839,"2":0.2525053834,"3":0.2166865018,"4":0.139461502,"5":0.0718070037,"6":0.0308104489,"7":0.011331371,"8":0.0036464893,"9":0.0010430735}}