{"vissel-kobe":{"0":0.7793517564,"1":0.1942867709,"2":0.0242171452,"3":0.0020123865,"4":0.0001254184,"5":0.0000062532,"6":0.0000002598,"7":0.0000000093,"8":0.0000000003,"9":0.0},"cerezo-osaka":{"0":0.5366593983,"1":0.3340123302,"2":0.1039432432,"3":0.021564469,"4":0.0033553864,"5":0.0004176729,"6":0.000043326,"7":0.0000038523,"8":0.0000002997,"9":0.0000000207}}