{"kashima-antlers":{"0":0.5094525279,"1":0.343584263,"2":0.1158598096,"3":0.0260460037,"4":0.0043914774,"5":0.0005923388,"6":0.0000665807,"7":0.0000064148,"8":0.0000005408,"9":0.0000000405},"vegalta-sendai":{"0":0.3403765743,"1":0.3668247541,"2":0.1976640145,"3":0.0710076809,"4":0.0191312924,"5":0.0041235691,"6":0.0007406636,"7":0.0001140307,"8":0.0000153614,"9":0.0000018394}}