{"kawasaki-frontale":{"0":0.247575522,"1":0.3456252337,"2":0.2412532572,"3":0.1122663672,"4":0.0391820737,"5":0.0109399453,"6":0.0025454328,"7":0.0005076464,"8":0.0000885868,"9":0.0000137412},"kashiwa-reysol":{"0":0.2350113452,"1":0.340324979,"2":0.2464159576,"3":0.1189467478,"4":0.0430623354,"5":0.0124718986,"6":0.0030101374,"7":0.0006227207,"8":0.0001127219,"9":0.0000181372}}