{"jubilo-iwata":{"0":0.214053726,"1":0.3299698634,"2":0.2543289313,"3":0.1306850765,"4":0.050363684,"5":0.0155274082,"6":0.003989323,"7":0.000878522,"8":0.0001692833,"9":0.000028995},"urawa-red-diamonds":{"0":0.6389836269,"1":0.2861857171,"2":0.0640879212,"3":0.0095678235,"4":0.0010713007,"5":0.0000959621,"6":0.0000071632,"7":0.0000004583,"8":0.0000000257,"9":0.0000000013}}