{"omiya-ardija":{"0":0.6378753422,"1":0.2867966655,"2":0.064473669,"3":0.0096627204,"4":0.0010861197,"5":0.0000976666,"6":0.0000073187,"7":0.0000004701,"8":0.0000000264,"9":0.0000000013},"yokohama-fa-marinos":{"0":0.0622933313,"1":0.1729201144,"2":0.2400045507,"3":0.2220762829,"4":0.1541154384,"5":0.0855618369,"6":0.0395851967,"7":0.0156977976,"8":0.0054469413,"9":0.0016800188}}