{"montedio-yamagata":{"0":0.6030145498,"1":0.3050131735,"2":0.0771399596,"3":0.013006156,"4":0.0016446738,"5":0.0001663798,"6":0.0000140262,"7":0.0000010135,"8":0.0000000641,"9":0.0000000036},"nagoya-grampus-eight":{"0":0.4492783669,"1":0.3594732879,"2":0.1438095558,"3":0.0383546131,"4":0.0076720024,"5":0.0012276932,"6":0.0001637155,"7":0.000018713,"8":0.0000018716,"9":0.0000001664}}