{"sanfrecce-hiroshima":{"0":0.051660171,"1":0.1530726089,"2":0.2267822884,"3":0.223990461,"4":0.165924752,"5":0.0983292707,"6":0.0485593889,"7":0.0205549686,"8":0.0076132217,"9":0.0025064994},"avispa-fukuoka":{"0":0.4222032193,"1":0.3640525444,"2":0.1569555241,"3":0.0451126024,"4":0.0097247942,"5":0.0016770768,"6":0.0002410151,"7":0.0000296885,"8":0.0000031999,"9":0.0000003066}}