{"urawa-red-diamonds":{"0":0.1368819554,"1":0.2722084341,"2":0.2706617953,"3":0.1794159628,"4":0.089198277,"5":0.0354765874,"6":0.0117583386,"7":0.0033404371,"8":0.0008303643,"9":0.000183477},"ventforet-kofu":{"0":0.4622705569,"1":0.3566902445,"2":0.1376119771,"3":0.035394027,"4":0.0068275515,"5":0.0010536345,"6":0.0001354983,"7":0.0000149359,"8":0.0000014406,"9":0.0000001235}}