{"albirex-niigata":{"0":0.3520316858,"1":0.3675330811,"2":0.1918585331,"3":0.0667689497,"4":0.0174272649,"5":0.0036389317,"6":0.0006331948,"7":0.0000944396,"8":0.0000123248,"9":0.0000014297},"kawasaki-frontale":{"0":0.2096113872,"1":0.3275177924,"2":0.2558732753,"3":0.1332673309,"4":0.0520575511,"5":0.0162679847,"6":0.0042364544,"7":0.0009456371,"8":0.0001846948,"9":0.0000320651}}