{"gamba-osaka":{"0":0.1279293582,"1":0.2630582041,"2":0.2704602748,"3":0.1853804192,"4":0.0952983757,"5":0.0391919727,"6":0.0134315924,"7":0.0039455822,"8":0.0010141513,"9":0.0002317084},"jubilo-iwata":{"0":0.1401235793,"1":0.2753751369,"2":0.270587814,"3":0.1772558117,"4":0.0870871335,"5":0.0342292588,"6":0.0112113974,"7":0.0031475687,"8":0.0007732123,"9":0.0001688378}}