{"cerezo-osaka":{"0":0.2250399645,"1":0.3356419924,"2":0.2503012018,"3":0.1244395179,"4":0.0463996782,"5":0.0138408131,"6":0.003440543,"7":0.0007330702,"8":0.0001366697,"9":0.0000226489},"shimizu-s-pulse":{"0":0.1229799276,"1":0.2577332313,"2":0.2700701642,"3":0.1886650866,"4":0.0988479651,"5":0.0414318108,"6":0.0144716766,"7":0.0043326838,"8":0.0011350192,"9":0.0002642998}}