{"avispa-fukuoka":{"0":0.301916019,"1":0.3615765515,"2":0.216513193,"3":0.0864325273,"4":0.0258780366,"5":0.0061983404,"6":0.0012371953,"7":0.0002116676,"8":0.0000316868,"9":0.0000042165},"montedio-yamagata":{"0":0.2646553348,"1":0.3518134618,"2":0.2338375534,"3":0.1036155184,"4":0.0344347246,"5":0.0091550013,"6":0.0020283316,"7":0.000385188,"8":0.0000640051,"9":0.0000094537}}