{"vegalta-sendai":{"0":0.3302337488,"1":0.3658839831,"2":0.2026914111,"3":0.0748576234,"4":0.020734711,"5":0.0045946235,"6":0.000848439,"7":0.0001342903,"8":0.0000185984,"9":0.0000022896},"omiya-ardija":{"0":0.4411138026,"1":0.361030642,"2":0.1477431943,"3":0.040306923,"4":0.0082473243,"5":0.0013500084,"6":0.0001841529,"7":0.0000215315,"8":0.0000022028,"9":0.0000002003}}