{"yokohama-fa-marinos":{"0":0.0930900186,"1":0.2210132342,"2":0.2623635187,"3":0.2076334665,"4":0.1232402373,"5":0.0585191062,"6":0.0231558963,"7":0.0078537798,"8":0.002330794,"9":0.0006148604},"vissel-kobe":{"0":0.4094841252,"1":0.365610826,"2":0.1632191188,"3":0.0485771187,"4":0.0108431068,"5":0.0019362691,"6":0.0002881353,"7":0.0000367519,"8":0.0000041018,"9":0.0000004069}}