{"kashiwa-reysol":{"0":0.1634775601,"1":0.2960708652,"2":0.2681039439,"3":0.161852523,"4":0.0732819484,"5":0.0265438876,"6":0.008012182,"7":0.002072957,"8":0.0004692862,"9":0.000094435},"kashima-antlers":{"0":0.2556138679,"1":0.3486796313,"2":0.2378147287,"3":0.1081333505,"4":0.0368758326,"5":0.010060371,"6":0.0022872041,"7":0.0004457066,"8":0.0000759978,"9":0.0000115186}}