{"nagoya-grampus-eight":{"0":0.1293213942,"1":0.2645210335,"2":0.2705328752,"3":0.1844542331,"4":0.0943231874,"5":0.0385867585,"6":0.0131545768,"7":0.0038438698,"8":0.0009828076,"9":0.0002233654},"sanfrecce-hiroshima":{"0":0.4938776956,"1":0.3484146001,"2":0.1228975662,"3":0.0289000743,"4":0.0050970149,"5":0.0007191555,"6":0.0000845568,"7":0.0000085217,"8":0.0000007515,"9":0.0000000589}}