{"montedio-yamagata":{"0":0.1747608922,"1":0.3048418152,"2":0.2658733631,"3":0.1545908767,"4":0.0674146299,"5":0.0235187608,"6":0.0068374391,"7":0.0017038279,"8":0.0003715062,"9":0.0000720035},"cerezo-osaka":{"0":0.133577707,"1":0.2689015279,"2":0.2706590542,"3":0.1816187117,"4":0.0914028811,"5":0.0368001142,"6":0.0123468793,"7":0.0035507365,"8":0.000893486,"9":0.0001998502}}