{"sanfrecce-hiroshima":{"0":0.6465633203,"1":0.281956011,"2":0.0614782726,"3":0.0089365666,"4":0.0009742737,"5":0.0000849731,"6":0.0000061759,"7":0.0000003847,"8":0.000000021,"9":0.000000001},"gamba-osaka":{"0":0.6856068089,"1":0.2587829622,"2":0.0488389414,"3":0.0061447688,"4":0.0005798372,"5":0.000043772,"6":0.0000027536,"7":0.0000001485,"8":0.000000007,"9":0.0000000003}}