{"omiya-ardija":{"0":0.0761115269,"1":0.1960294659,"2":0.2524423899,"3":0.2167264666,"4":0.1395477638,"5":0.0718826037,"6":0.0308562732,"7":0.0113531494,"8":0.0036550834,"9":0.0010459856},"kashiwa-reysol":{"0":0.2828529061,"1":0.3571946497,"2":0.2255377531,"3":0.0949384845,"4":0.0299727508,"5":0.0075700875,"6":0.0015932868,"7":0.0002874354,"8":0.0000453727,"9":0.0000063664}}