{"shimizu-s-pulse":{"0":0.0761115269,"1":0.1960294659,"2":0.2524423899,"3":0.2167264666,"4":0.1395477638,"5":0.0718826037,"6":0.0308562732,"7":0.0113531494,"8":0.0036550834,"9":0.0010459856},"avispa-fukuoka":{"0":0.3387732609,"1":0.3666963902,"2":0.1984605312,"3":0.0716061634,"4":0.0193770618,"5":0.0041948403,"6":0.0007567661,"7":0.0001170203,"8":0.0000158332,"9":0.0000019042}}