{"kashima-antlers":{"0":0.218711887,"1":0.3324420682,"2":0.2526559718,"3":0.128012359,"4":0.0486446964,"5":0.0147879877,"6":0.0037462902,"7":0.0008134802,"8":0.0001545612,"9":0.0000261037},"yokohama-fa-marinos":{"0":0.2753542111,"1":0.3551234917,"2":0.2290008455,"3":0.0984472322,"4":0.0317417743,"5":0.008187454,"6":0.0017598891,"7":0.0003242462,"8":0.0000522724,"9":0.0000074906}}