{"urawa-red-diamonds":{"0":0.7794311358,"1":0.1942271762,"2":0.0241998262,"3":0.0020101258,"4":0.0001252263,"5":0.0000062411,"6":0.0000002592,"7":0.0000000092,"8":0.0000000003,"9":0.0},"nagoya-grampus-eight":{"0":0.2668473702,"1":0.3525263052,"2":0.2328574491,"3":0.1025409845,"4":0.0338661708,"5":0.0089479735,"6":0.0019701625,"7":0.0003718199,"8":0.0000614004,"9":0.0000090127}}