{"ventforet-kofu":{"0":1.0,"1":0.0,"2":0.0,"3":0.0,"4":0.0,"5":0.0,"6":0.0,"7":0.0,"8":0.0,"9":0.0},"vissel-kobe":{"0":0.1211033324,"1":0.2556625906,"2":0.2698660679,"3":0.1899057515,"4":0.1002280355,"5":0.0423185039,"6":0.014889844,"7":0.0044905879,"8":0.0011850162,"9":0.0002779668}}