{"albirex-niigata":{"0":0.056238408,"1":0.1618628742,"2":0.2329332478,"3":0.2234726903,"4":0.1607972793,"5":0.0925599096,"6":0.0444002997,"7":0.0182558514,"8":0.006567897,"9":0.0021003809},"jubilo-iwata":{"0":0.4041850938,"1":0.3661441438,"2":0.1658417593,"3":0.0500777077,"4":0.0113411279,"5":0.0020547455,"6":0.0003102263,"7":0.0000401469,"8":0.000004546,"9":0.0000004576}}