{"kawasaki-frontale":{"0":0.4297960675,"1":0.3629389014,"2":0.1532408695,"3":0.043134467,"4":0.0091061652,"5":0.0015379301,"6":0.0002164494,"7":0.0000261114,"8":0.0000027562,"9":0.0000002586},"vegalta-sendai":{"0":0.7942928712,"1":0.1829280552,"2":0.0210644427,"3":0.0016170683,"4":0.0000931039,"5":0.0000042884,"6":0.0000001646,"7":0.0000000054,"8":0.0000000002,"9":0.0}}