{"kashiwa-reysol":{"0":0.0182021381,"1":0.0729217006,"2":0.1460700498,"3":0.1950627341,"4":0.1953658721,"5":0.156535585,"6":0.1045192332,"7":0.0598180924,"8":0.0299555265,"9":0.0133342573},"ventforet-kofu":{"0":1.0,"1":0.0,"2":0.0,"3":0.0,"4":0.0,"5":0.0,"6":0.0,"7":0.0,"8":0.0,"9":0.0}}