{"gamba-osaka":{"0":0.3111228068,"1":0.3632568988,"2":0.2120634868,"3":0.0825328165,"4":0.02409066,"5":0.0056254946,"6":0.0010946909,"7":0.0001825894,"8":0.0000266482,"9":0.0000034571},"montedio-yamagata":{"0":0.4734578882,"1":0.354000821,"2":0.1323418454,"3":0.0329836599,"4":0.0061654072,"5":0.0009219655,"6":0.0001148911,"7":0.0000122719,"8":0.0000011469,"9":0.0000000953}}