{"cerezo-osaka":{"0":0.0216861585,"1":0.0830814314,"2":0.15914585,"3":0.2032335517,"4":0.1946510537,"5":0.1491447939,"6":0.0952309663,"7":0.0521196505,"8":0.0249593259,"9":0.0106245779},"albirex-niigata":{"0":0.4589352466,"1":0.3574399517,"2":0.1391953658,"3":0.0361372584,"4":0.0070363412,"5":0.0010960455,"6":0.0001422751,"7":0.0000158301,"8":0.0000015411,"9":0.0000001334}}