{"nagoya-grampus-eight":{"0":0.2323618418,"1":0.339122688,"2":0.2474679075,"3":0.1203897928,"4":0.0439260055,"5":0.0128216448,"6":0.0031187785,"7":0.0006502472,"8":0.0001186262,"9":0.0000192367},"kawasaki-frontale":{"0":0.2336698274,"1":0.3397199799,"2":0.2469502931,"3":0.1196759113,"4":0.0434975908,"5":0.012647761,"6":0.0030646498,"7":0.0006365042,"8":0.0001156724,"9":0.0000186855}}