{"yokohama-fa-marinos":{"0":0.3346752586,"1":0.366333729,"2":0.2004934598,"3":0.0731530191,"4":0.0200182248,"5":0.0043823681,"6":0.0007994861,"7":0.0001250162,"8":0.0000171053,"9":0.0000020804},"shimizu-s-pulse":{"0":0.2686615461,"1":0.353102645,"2":0.2320419124,"3":0.101657785,"4":0.03340228,"5":0.0087801426,"6":0.0019232945,"7":0.0003611131,"8":0.0000593265,"9":0.0000086637}}