{"vegalta-sendai":{"0":0.254553756,"1":0.3482914567,"2":0.2382737162,"3":0.1086721341,"4":0.0371724783,"5":0.0101721985,"6":0.0023196736,"7":0.0004534111,"8":0.0000775471,"9":0.0000117893},"urawa-red-diamonds":{"0":0.3109045799,"1":0.3632202545,"2":0.2121695236,"3":0.0826237087,"4":0.0241316842,"5":0.0056384608,"6":0.0010978734,"7":0.0001832302,"8":0.0000267578,"9":0.0000034734}}