{"avispa-fukuoka":{"0":1.0,"1":0.0,"2":0.0,"3":0.0,"4":0.0,"5":0.0,"6":0.0,"7":0.0,"8":0.0,"9":0.0},"kashima-antlers":{"0":0.0966616578,"1":0.2258536813,"2":0.2638579065,"3":0.2055047156,"4":0.120042418,"5":0.0560967453,"6":0.0218453672,"7":0.0072917915,"8":0.0021296939,"9":0.0005529013}}