{"jubilo-iwata":{"0":0.3779577081,"1":0.3677426349,"2":0.1789018224,"3":0.0580222127,"4":0.0141135112,"5":0.002746413,"6":0.0004453643,"7":0.0000619039,"8":0.0000075289,"9":0.0000008139},"sanfrecce-hiroshima":{"0":0.5575881813,"1":0.3257065578,"2":0.0951282374,"3":0.0185225655,"4":0.0027049179,"5":0.0003160072,"6":0.0000307651,"7":0.0000025673,"8":0.0000001875,"9":0.0000000122}}