{"vissel-kobe":{"0":0.4165804513,"1":0.3647893682,"2":0.1597185882,"3":0.0466205609,"4":0.0102061228,"5":0.0017874507,"6":0.0002608712,"7":0.0000326341,"8":0.0000035721,"9":0.0000003476},"omiya-ardija":{"0":1.0,"1":0.0,"2":0.0,"3":0.0,"4":0.0,"5":0.0,"6":0.0,"7":0.0,"8":0.0,"9":0.0}}