{"kawasaki-frontale":{"0":0.1472310419,"1":0.2820581943,"2":0.2701768048,"3":0.1725306039,"4":0.0826314715,"5":0.0316602849,"6":0.0101088768,"7":0.0027665862,"8":0.0006625117,"9":0.0001410231},"jubilo-iwata":{"0":0.2625074732,"1":0.3510973738,"2":0.2347921079,"3":0.1046762485,"4":0.0350004854,"5":0.0093624599,"6":0.0020870105,"7":0.0003987608,"8":0.0000666666,"9":0.0000099072}}