{"albirex-niigata":{"0":0.3367226868,"1":0.3665211547,"2":0.1994783275,"3":0.0723770923,"4":0.0196955362,"5":0.0042877008,"6":0.0007778572,"7":0.0001209563,"8":0.0000164576,"9":0.0000019904},"vissel-kobe":{"0":0.2034707519,"1":0.3239728477,"2":0.2579201312,"3":0.1368896489,"4":0.0544900544,"5":0.0173521727,"6":0.0046047837,"7":0.0010474127,"8":0.0002084656,"9":0.0000368807}}