{"kashima-antlers":{"0":0.2966878438,"1":0.3604978999,"2":0.2190159431,"3":0.0887069122,"4":0.0269463817,"5":0.0065483735,"6":0.0013261272,"7":0.0002301919,"8":0.0000349626,"9":0.0000047202},"cerezo-osaka":{"0":0.11177656,"1":0.2449307672,"2":0.2683526882,"3":0.1960095802,"4":0.1073766648,"5":0.0470578964,"6":0.0171859626,"7":0.0053798284,"8":0.0014735709,"9":0.0003587741}}