{"urawa-red-diamonds":{"0":0.4840032212,"1":0.3512235765,"2":0.127435103,"3":0.0308250102,"4":0.0055921479,"5":0.0008116038,"6":0.0000981586,"7":0.0000101757,"8":0.000000923,"9":0.0000000744},"yokohama-fa-marinos":{"0":0.0917810422,"1":0.2192052076,"2":0.2617693256,"3":0.2083988806,"4":0.1244323413,"5":0.0594375844,"6":0.023659621,"7":0.008072492,"8":0.0024099916,"9":0.0006395447}}