{"gamba-osaka":{"0":0.1869707449,"1":0.3135131281,"2":0.2628498955,"3":0.1469158416,"4":0.0615872353,"5":0.0206539337,"6":0.0057720967,"7":0.0013826671,"8":0.0002898076,"9":0.0000539945},"nagoya-grampus-eight":{"0":0.1281825239,"1":0.2633253669,"2":0.2704746589,"3":0.1852120362,"4":0.0951202744,"5":0.0390811171,"6":0.0133807236,"7":0.0039268602,"8":0.0010083686,"9":0.0002301658}}