{"vegalta-sendai":{"0":0.3367226868,"1":0.3665211547,"2":0.1994783275,"3":0.0723770923,"4":0.0196955362,"5":0.0042877008,"6":0.0007778572,"7":0.0001209563,"8":0.0000164576,"9":0.0000019904},"avispa-fukuoka":{"0":1.0,"1":0.0,"2":0.0,"3":0.0,"4":0.0,"5":0.0,"6":0.0,"7":0.0,"8":0.0,"9":0.0}}