{"ventforet-kofu":{"0":0.6957034003,"1":0.2524233576,"2":0.045793618,"3":0.0055384612,"4":0.0005023825,"5":0.0000364561,"6":0.0000022046,"7":0.0000001143,"8":0.0000000052,"9":0.0000000002},"omiya-ardija":{"0":0.2034707519,"1":0.3239728477,"2":0.2579201312,"3":0.1368896489,"4":0.0544900544,"5":0.0173521727,"6":0.0046047837,"7":0.0010474127,"8":0.0002084656,"9":0.0000368807}}