{"montedio-yamagata":{"0":1.0,"1":0.0,"2":0.0,"3":0.0,"4":0.0,"5":0.0,"6":0.0,"7":0.0,"8":0.0,"9":0.0},"kashiwa-reysol":{"0":0.4510773236,"1":0.3591101023,"2":0.1429467398,"3":0.0379340863,"4":0.007549988,"5":0.001202134,"6":0.0001595065,"7":0.0000181408,"8":0.0000018053,"9":0.0000001597}}