{"shimizu-s-pulse":{"0":0.0788803597,"1":0.2003421525,"2":0.2544168042,"3":0.2153912177,"4":0.1367638927,"5":0.0694712163,"6":0.0294074323,"7":0.0106699533,"8":0.0033874741,"9":0.0009559539},"sanfrecce-hiroshima":{"0":0.5504124467,"1":0.328644325,"2":0.0981146893,"3":0.0195276809,"4":0.0029149329,"5":0.0003480939,"6":0.0000346404,"7":0.0000029548,"8":0.0000002205,"9":0.0000000146}}