{"sanfrecce-hiroshima":{"0":0.0324332409,"1":0.1111996831,"2":0.1906280281,"3":0.2178606036,"4":0.1867376602,"5":0.1280486813,"6":0.073170675,"7":0.035838698,"8":0.015359442,"9":0.005851216},"ventforet-kofu":{"0":0.8119363462,"1":0.1691534054,"2":0.0176201464,"3":0.0012236213,"4":0.0000637303,"5":0.0000026554,"6":0.0000000922,"7":0.0000000027,"8":0.0000000001,"9":0.0}}