{"cerezo-osaka":{"0":0.1800923121,"1":0.308729678,"2":0.2646254383,"3":0.1512145361,"4":0.0648062298,"5":0.0222192788,"6":0.0063483654,"7":0.0015547017,"8":0.0003331504,"9":0.0000634572},"vegalta-sendai":{"0":0.5352614285,"1":0.3345383928,"2":0.1045432478,"3":0.0217798433,"4":0.0034031005,"5":0.0004253876,"6":0.0000443112,"7":0.0000039564,"8":0.0000003091,"9":0.0000000215}}