{"kashima-antlers":{"0":0.0800461468,"1":0.2021286857,"2":0.255202825,"3":0.2148086393,"4":0.135606115,"5":0.0684852098,"6":0.0288225938,"7":0.0103973471,"8":0.0032818602,"9":0.0009207995},"gamba-osaka":{"0":0.0675316072,"1":0.1820084551,"2":0.2452709117,"3":0.2203480789,"4":0.1484683065,"5":0.0800291544,"6":0.0359485564,"7":0.0138410135,"8":0.0046629674,"9":0.0013963824}}