{"jubilo-iwata":{"0":0.4667764817,"1":0.3556392241,"2":0.1354816092,"3":0.0344080277,"4":0.00655391,"5":0.0009986911,"6":0.0001268179,"7":0.0000138033,"8":0.0000013146,"9":0.0000001113},"montedio-yamagata":{"0":0.5352614285,"1":0.3345383928,"2":0.1045432478,"3":0.0217798433,"4":0.0034031005,"5":0.0004253876,"6":0.0000443112,"7":0.0000039564,"8":0.0000003091,"9":0.0000000215}}