{"yokohama-fa-marinos":{"0":0.564718122,"1":0.3226960697,"2":0.0921988771,"3":0.0175616909,"4":0.002508813,"5":0.0002867215,"6":0.0000273068,"7":0.0000022291,"8":0.0000001592,"9":0.0000000101},"avispa-fukuoka":{"0":1.0,"1":0.0,"2":0.0,"3":0.0,"4":0.0,"5":0.0,"6":0.0,"7":0.0,"8":0.0,"9":0.0}}