{"vissel-kobe":{"0":0.601735976,"1":0.3056436704,"2":0.0776237893,"3":0.0131426522,"4":0.0016689082,"5":0.0001695399,"6":0.0000143526,"7":0.0000010415,"8":0.0000000661,"9":0.0000000037},"kawasaki-frontale":{"0":0.8119363462,"1":0.1691534054,"2":0.0176201464,"3":0.0012236213,"4":0.0000637303,"5":0.0000026554,"6":0.0000000922,"7":0.0000000027,"8":0.0000000001,"9":0.0}}