{"omiya-ardija":{"0":0.1690133154,"1":0.3004681163,"2":0.26708277,"3":0.1582712711,"4":0.0703427872,"5":0.0250107688,"6":0.0074105982,"7":0.0018820567,"8":0.0004182348,"9":0.0000826143},"albirex-niigata":{"0":0.1245144714,"1":0.2594051488,"2":0.2702136967,"3":0.1876484005,"4":0.0977335419,"5":0.0407223091,"6":0.0141396907,"7":0.0042082413,"8":0.0010958962,"9":0.0002536797}}