{"kashiwa-reysol":{"0":0.1488580808,"1":0.2835392015,"2":0.2700373348,"3":0.1714522761,"4":0.081643941,"5":0.0311024537,"6":0.0098737948,"7":0.0026867469,"8":0.0006397016,"9":0.0001353866},"urawa-red-diamonds":{"0":0.5940253206,"1":0.3093881878,"2":0.0805698406,"3":0.0139878195,"4":0.0018213307,"5":0.0001897219,"6":0.0000164689,"7":0.0000012254,"8":0.0000000798,"9":0.0000000046}}