{"nagoya-grampus-eight":{"0":0.201896518,"1":0.3230344288,"2":0.258427543,"3":0.137828023,"4":0.0551312092,"5":0.0176419869,"6":0.0047045299,"7":0.0010753211,"8":0.0002150642,"9":0.0000382336},"shimizu-s-pulse":{"0":0.513417119,"1":0.3422780794,"2":0.1140926931,"3":0.0253539318,"4":0.0042256553,"5":0.0005634207,"6":0.0000626023,"7":0.0000059621,"8":0.0000004968,"9":0.0000000368}}