{"kawasaki-frontale":{"0":0.5313252337,"1":0.3359999573,"2":0.1062399865,"3":0.0223947146,"4":0.0035404977,"5":0.0004477887,"6":0.0000471955,"7":0.0000042636,"8":0.000000337,"9":0.0000000237},"kashima-antlers":{"0":0.4501938897,"1":0.3592893543,"2":0.1433702712,"3":0.0381401683,"4":0.007609697,"5":0.0012146247,"6":0.0001615607,"7":0.0000184197,"8":0.0000018375,"9":0.0000001629}}