{"montedio-yamagata":{"0":0.5290170093,"1":0.3368434835,"2":0.1072399662,"3":0.0227611357,"4":0.0036232012,"5":0.0004614036,"6":0.0000489653,"7":0.000004454,"8":0.0000003545,"9":0.0000000251},"omiya-ardija":{"0":0.4584060113,"1":0.3575566888,"2":0.1394471086,"3":0.0362562482,"4":0.0070699684,"5":0.0011029151,"6":0.000143379,"7":0.0000159765,"8":0.0000015577,"9":0.000000135}}