{"shimizu-s-pulse":{"0":0.5504942458,"1":0.328611361,"2":0.0980804317,"3":0.0195160043,"4":0.0029124649,"5":0.0003477126,"6":0.0000345939,"7":0.0000029501,"8":0.0000002201,"9":0.0000000146},"vissel-kobe":{"0":0.1501931219,"1":0.284741127,"2":0.26991086,"3":0.1705686685,"4":0.0808424418,"5":0.0306527592,"6":0.0096854204,"7":0.0026231347,"8":0.0006216283,"9":0.0001309448}}