{"albirex-niigata":{"0":0.3030439147,"1":0.3617973267,"2":0.2159708532,"3":0.0859475844,"4":0.0256527229,"5":0.006125242,"6":0.0012187982,"7":0.0002078708,"8":0.0000310215,"9":0.0000041151},"kashiwa-reysol":{"0":0.5220457768,"1":0.3393297549,"2":0.1102821703,"3":0.0238944702,"4":0.0038828514,"5":0.0005047707,"6":0.0000546835,"7":0.0000050778,"8":0.0000004126,"9":0.0000000298}}