{"avispa-fukuoka":{"0":0.590382807,"1":0.3111223682,"2":0.0819782748,"3":0.0144004165,"4":0.0018971977,"5":0.0001999586,"6":0.0000175625,"7":0.0000013222,"8":0.0000000871,"9":0.0000000051},"gamba-osaka":{"0":0.0184926002,"1":0.0737925874,"2":0.1472304027,"3":0.1958353113,"4":0.1953645534,"5":0.1559159416,"6":0.1036940958,"7":0.0591113321,"8":0.0294846188,"9":0.0130727743}}