{"vegalta-sendai":{"0":0.2386748625,"1":0.3419382724,"2":0.2449394563,"3":0.1169710873,"4":0.0418947466,"5":0.0120041274,"6":0.0028662916,"7":0.0005866288,"8":0.0001050544,"9":0.000016723},"jubilo-iwata":{"0":0.353454682,"1":0.3675928692,"2":0.191148292,"3":0.0662647412,"4":0.0172288327,"5":0.0035835972,"6":0.0006211568,"7":0.0000922862,"8":0.0000119972,"9":0.0000013863}}