{"urawa-red-diamonds":{"0":0.6410531827,"1":0.2850397187,"2":0.0633704375,"3":0.0093924041,"4":0.0010440664,"5":0.0000928473,"6":0.0000068807,"7":0.0000004371,"8":0.0000000243,"9":0.0000000012},"cerezo-osaka":{"0":0.0612207417,"1":0.171006014,"2":0.2388329186,"3":0.2223748809,"4":0.1552882281,"5":0.0867523659,"6":0.0403871191,"7":0.0161160139,"8":0.0056270457,"9":0.0017464282}}