{"sanfrecce-hiroshima":{"0":0.38477288,"1":0.3674973629,"2":0.1754987407,"3":0.0558730685,"4":0.0133411204,"5":0.0025484263,"6":0.0004056679,"7":0.0000553506,"8":0.0000066082,"9":0.0000007013},"yokohama-fa-marinos":{"0":0.5742636505,"1":0.3185249048,"2":0.0883375736,"3":0.0163326358,"4":0.0022647922,"5":0.0002512409,"6":0.0000232258,"7":0.0000018404,"8":0.0000001276,"9":0.0000000079}}