{"ventforet-kofu":{"0":0.4952733222,"1":0.3480015725,"2":0.1222608699,"3":0.0286353501,"4":0.005030125,"5":0.0007068789,"6":0.0000827809,"7":0.0000083094,"8":0.0000007298,"9":0.000000057},"nagoya-grampus-eight":{"0":0.4501938897,"1":0.3592893543,"2":0.1433702712,"3":0.0381401683,"4":0.007609697,"5":0.0012146247,"6":0.0001615607,"7":0.0000184197,"8":0.0000018375,"9":0.0000001629}}