{"omiya-ardija":{"0":0.3516629934,"1":0.3675166529,"2":0.1920425133,"3":0.0669000559,"4":0.0174790105,"5":0.0036533997,"6":0.0006363504,"7":0.0000950055,"8":0.0000124111,"9":0.0000014412},"shimizu-s-pulse":{"0":0.6114646415,"1":0.3007783248,"2":0.0739761505,"3":0.0121295771,"4":0.0014916291,"5":0.0001467459,"6":0.0000120307,"7":0.0000008454,"8":0.000000052,"9":0.0000000028}}