{"cerezo-osaka":{"0":0.073068918,"1":0.1911740244,"2":0.2500892898,"3":0.2181072213,"4":0.1426613271,"5":0.0746504555,"6":0.0325519806,"7":0.012166778,"8":0.0039790721,"9":0.0011567393},"kawasaki-frontale":{"0":0.7094719462,"1":0.2435151234,"2":0.0417913743,"3":0.0047814114,"4":0.0004102861,"5":0.0000281649,"6":0.0000016112,"7":0.000000079,"8":0.0000000034,"9":0.0000000001}}