{"gamba-osaka":{"0":0.3862534697,"1":0.3674280425,"2":0.1747600695,"3":0.0554141734,"4":0.013178342,"5":0.0025072098,"6":0.000397502,"7":0.0000540183,"8":0.0000064232,"9":0.0000006789},"albirex-niigata":{"0":0.1810223788,"1":0.3093916138,"2":0.2643959585,"3":0.1506294283,"4":0.0643614925,"5":0.0220004909,"6":0.0062669668,"7":0.0015301557,"8":0.0003269053,"9":0.0000620806}}