{"urawa-red-diamonds":{"0":0.298808891,"1":0.3609465198,"2":0.2180028674,"3":0.0877789324,"4":0.0265081638,"5":0.006404113,"6":0.0012893092,"7":0.0002224889,"8":0.0000335945,"9":0.0000045089},"kashima-antlers":{"0":0.1090940558,"1":0.2417027758,"2":0.2677516727,"3":0.1977386151,"4":0.1095246937,"5":0.0485313747,"6":0.0179205731,"7":0.0056719762,"8":0.0015708147,"9":0.0003866901}}