{"montedio-yamagata":{"0":0.6402467441,"1":0.2854870728,"2":0.0636495769,"3":0.0094604836,"4":0.0010546113,"5":0.0000940506,"6":0.0000069896,"7":0.0000004452,"8":0.0000000248,"9":0.0000000012},"vegalta-sendai":{"0":0.685382791,"1":0.2589223877,"2":0.0489075621,"3":0.00615873,"4":0.0005816578,"5":0.0000439475,"6":0.0000027671,"7":0.0000001493,"8":0.0000000071,"9":0.0000000003}}