{"vissel-kobe":{"0":0.506884315,"1":0.3444139411,"2":0.1170098968,"3":0.0265016681,"4":0.0045017885,"5":0.0006117683,"6":0.00006928,"7":0.0000067248,"8":0.0000005712,"9":0.0000000431},"sanfrecce-hiroshima":{"0":0.8270386531,"1":0.1570578211,"2":0.0149129422,"3":0.0009440084,"4":0.0000448177,"5":0.0000017022,"6":0.0000000539,"7":0.0000000015,"8":0.0,"9":0.0}}