{"nagoya-grampus-eight":{"0":0.5600011096,"1":0.3246978911,"2":0.0941325996,"3":0.0181932119,"4":0.0026371812,"5":0.0003058162,"6":0.0000295529,"7":0.0000024479,"8":0.0000001774,"9":0.0000000114},"kashiwa-reysol":{"0":0.3631931426,"1":0.367849465,"2":0.1862827419,"3":0.0628903274,"4":0.0159241534,"5":0.0032256618,"6":0.0005445027,"7":0.0000787834,"8":0.0000099742,"9":0.0000011225}}