{"jubilo-iwata":{"0":0.0892867534,"1":0.2157080586,"2":0.2605647803,"3":0.2098330035,"4":0.1267340006,"5":0.0612353887,"6":0.0246564511,"7":0.0085096533,"8":0.0025698112,"9":0.0006898236},"avispa-fukuoka":{"0":0.6026550777,"1":0.3051907124,"2":0.0772758535,"3":0.0130444283,"4":0.0016514581,"5":0.0001672631,"6":0.0000141173,"7":0.0000010213,"8":0.0000000646,"9":0.0000000036}}