{"yokohama-fa-marinos":{"0":0.2569317087,"1":0.3491560492,"2":0.2372419256,"3":0.1074662392,"4":0.0365101759,"5":0.0099230639,"6":0.0022474829,"7":0.0004363151,"8":0.000074116,"9":0.0000111911},"ventforet-kofu":{"0":0.1810223788,"1":0.3093916138,"2":0.2643959585,"3":0.1506294283,"4":0.0643614925,"5":0.0220004909,"6":0.0062669668,"7":0.0015301557,"8":0.0003269053,"9":0.0000620806}}