{"kashiwa-reysol":{"0":0.2618965173,"1":0.3508904795,"2":0.2350625543,"3":0.1049793932,"4":0.0351630006,"5":0.0094223186,"6":0.0021040129,"7":0.0004027098,"8":0.0000674441,"9":0.0000100402},"vissel-kobe":{"0":0.2625774213,"1":0.3511209703,"2":0.2347611139,"3":0.1046415818,"4":0.0349819241,"5":0.0093556309,"6":0.0020850728,"7":0.0003983112,"8":0.0000665782,"9":0.0000098921}}