{"ventforet-kofu":{"0":0.0810948418,"1":0.2037212653,"2":0.2558877544,"3":0.2142749399,"4":0.1345719435,"5":0.0676126027,"6":0.0283086747,"7":0.0101593198,"8":0.003190199,"9":0.0008904682},"montedio-yamagata":{"0":0.5857373952,"1":0.3133013974,"2":0.0837899086,"3":0.014939286,"4":0.0019976952,"5":0.0002137069,"6":0.0000190514,"7":0.0000014558,"8":0.0000000973,"9":0.0000000058}}