{"vegalta-sendai":{"0":0.3660979462,"1":0.3678751207,"2":0.1848304611,"3":0.0619092321,"4":0.0155524406,"5":0.0031255876,"6":0.0005234601,"7":0.000075143,"8":0.0000094385,"9":0.0000010538},"yokohama-fa-marinos":{"0":0.2009596449,"1":0.3224701278,"2":0.2587260328,"3":0.1383883431,"4":0.0555162539,"5":0.0178168443,"6":0.00476497,"7":0.0010923021,"8":0.0002190955,"9":0.0000390635}}