{"sanfrecce-hiroshima":{"0":0.0929078824,"1":0.2207627663,"2":0.2622823692,"3":0.2077404698,"4":0.1234054626,"5":0.0586458987,"6":0.0232252107,"7":0.0078837871,"8":0.0023416294,"9":0.0006182284},"kashima-antlers":{"0":0.2333872519,"1":0.3395915631,"2":0.2470624013,"3":0.1198298913,"4":0.0435898059,"5":0.0126851233,"6":0.0030762612,"7":0.0006394475,"8":0.000116304,"9":0.0000188032}}