{"urawa-red-diamonds":{"0":0.5472154812,"1":0.3299231202,"2":0.0994574066,"3":0.0199880419,"4":0.0030127607,"5":0.0003632863,"6":0.000036505,"7":0.0000031442,"8":0.000000237,"9":0.0000000159},"albirex-niigata":{"0":0.1644362112,"1":0.2968456021,"2":0.2679376728,"3":0.1612299368,"4":0.0727643828,"5":0.0262713266,"6":0.007904309,"7":0.0020384451,"8":0.0004599834,"9":0.0000922641}}