{"nagoya-grampus-eight":{"0":0.1599286464,"1":0.2931536106,"2":0.2686793184,"3":0.1641655285,"4":0.075229983,"5":0.0275797259,"6":0.0084257328,"7":0.0022063714,"8":0.0005055424,"9":0.0001029637},"avispa-fukuoka":{"0":0.6878686993,"1":0.2573710976,"2":0.0481486379,"3":0.0060050548,"4":0.0005617088,"5":0.0000420335,"6":0.0000026212,"7":0.0000001401,"8":0.0000000066,"9":0.0000000003}}