{"shimizu-s-pulse":{"0":0.4785985162,"1":0.3526759939,"2":0.1299422716,"3":0.0319178589,"4":0.0058800133,"5":0.0008665884,"6":0.0001064305,"7":0.000011204,"8":0.000001032,"9":0.0000000845},"jubilo-iwata":{"0":0.079872347,"1":0.2018634258,"2":0.2550873,"3":0.2148962196,"4":0.1357781783,"5":0.0686311327,"6":0.0289088695,"7":0.0104374465,"8":0.0032973532,"9":0.0009259428}}