{"kawasaki-frontale":{"0":0.0929078824,"1":0.2207627663,"2":0.2622823692,"3":0.2077404698,"4":0.1234054626,"5":0.0586458987,"6":0.0232252107,"7":0.0078837871,"8":0.0023416294,"9":0.0006182284},"gamba-osaka":{"0":0.1436931858,"1":0.2787755441,"2":0.2704227188,"3":0.1748801103,"4":0.0848201284,"5":0.0329114805,"6":0.0106417896,"7":0.0029494098,"8":0.0007152595,"9":0.0001541841}}