{"cerezo-osaka":{"0":0.2245677172,"1":0.3354093978,"2":0.2504800457,"3":0.124703827,"4":0.0465637226,"5":0.0139093102,"6":0.0034624399,"7":0.0007387749,"8":0.0001379272,"9":0.0000228895},"omiya-ardija":{"0":0.0974817705,"1":0.2269463241,"2":0.2641757211,"3":0.205008275,"4":0.119319423,"5":0.0555572684,"6":0.0215570525,"7":0.0071695365,"8":0.0020864157,"9":0.000539707}}