{"gamba-osaka":{"0":0.0958797771,"1":0.2248054968,"2":0.2635462499,"3":0.2059754671,"4":0.1207356197,"5":0.0566168003,"6":0.0221245263,"7":0.0074106423,"8":0.0021719298,"9":0.0005658264},"shimizu-s-pulse":{"0":0.174324732,"1":0.3045166205,"2":0.2659702129,"3":0.1548687315,"4":0.0676325473,"5":0.0236285862,"6":0.0068792086,"7":0.0017166922,"8":0.0003748473,"9":0.0000727552}}