{"yokohama-fa-marinos":{"0":0.409342165,"1":0.3656260114,"2":0.1632892867,"3":0.048616875,"4":0.0108561954,"5":0.0019393592,"6":0.0002887072,"7":0.0000368392,"8":0.0000041131,"9":0.0000004082},"kashiwa-reysol":{"0":0.3356211946,"1":0.3664218739,"2":0.2000245989,"3":0.0727937623,"4":0.0198685506,"5":0.0043383861,"6":0.0007894215,"7":0.0001231241,"8":0.0000168029,"9":0.0000020383}}