{"montedio-yamagata":{"0":0.5117582606,"1":0.3428283494,"2":0.1148308549,"3":0.0256418414,"4":0.0042943861,"5":0.0005753643,"6":0.0000642397,"7":0.0000061478,"8":0.0000005148,"9":0.0000000383},"kashima-antlers":{"0":0.3177911861,"1":0.3643033454,"2":0.2088115299,"3":0.0797911147,"4":0.0228673507,"5":0.0052428467,"6":0.001001699,"7":0.0001640441,"8":0.0000235067,"9":0.0000029941}}