{"avispa-fukuoka":{"0":0.5117582606,"1":0.3428283494,"2":0.1148308549,"3":0.0256418414,"4":0.0042943861,"5":0.0005753643,"6":0.0000642397,"7":0.0000061478,"8":0.0000005148,"9":0.0000000383},"cerezo-osaka":{"0":0.2116666567,"1":0.3286638382,"2":0.255165174,"3":0.1320686132,"4":0.051267141,"5":0.0159209349,"6":0.0041201857,"7":0.0009139411,"8":0.0001773894,"9":0.0000306045}}