{"omiya-ardija":{"0":0.6892382445,"1":0.2565126152,"2":0.04773293,"3":0.0059215609,"4":0.0005509543,"5":0.0000410095,"6":0.0000025437,"7":0.0000001352,"8":0.0000000063,"9":0.0000000003},"urawa-red-diamonds":{"0":0.61555433,"1":0.2986867002,"2":0.0724661825,"3":0.0117209719,"4":0.0014218479,"5":0.0001379852,"6":0.0000111591,"7":0.0000007735,"8":0.0000000469,"9":0.0000000025}}