{"jubilo-iwata":{"0":0.0024075968,"1":0.0145157049,"2":0.0437585084,"3":0.0879418567,"4":0.1325531384,"5":0.1598359203,"6":0.1606118229,"7":0.1383355645,"8":0.1042553223,"9":0.069840944},"nagoya-grampus-eight":{"0":0.7474116008,"1":0.2176008458,"2":0.0316760725,"3":0.0030740492,"4":0.0002237441,"5":0.0000130281,"6":0.0000006322,"7":0.0000000263,"8":0.000000001,"9":0.0}}