{"vissel-kobe":{"0":0.7778562098,"1":0.1954080527,"2":0.0245445794,"3":0.0020553107,"4":0.0001290805,"5":0.0000064854,"6":0.0000002715,"7":0.0000000097,"8":0.0000000003,"9":0.0},"vegalta-sendai":{"0":0.8038404857,"1":0.1755221314,"2":0.0191630175,"3":0.0013947766,"4":0.0000761389,"5":0.0000033251,"6":0.000000121,"7":0.0000000038,"8":0.0000000001,"9":0.0}}