{"kawasaki-frontale":{"0":0.05998911,"1":0.168784894,"2":0.2374459334,"3":0.2226920113,"4":0.1566411284,"5":0.0881448524,"6":0.0413339454,"7":0.0166138382,"8":0.0058430708,"9":0.0018266687},"ventforet-kofu":{"0":0.558624101,"1":0.325274793,"2":0.0947002562,"3":0.0183806404,"4":0.0026756628,"5":0.0003115962,"6":0.0000302393,"7":0.0000025154,"8":0.0000001831,"9":0.0000000118}}