{"albirex-niigata":{"0":0.742498352,"1":0.2210674705,"2":0.0329097205,"3":0.0032661211,"4":0.0002431093,"5":0.0000144764,"6":0.0000007184,"7":0.0000000306,"8":0.0000000011,"9":0.0},"sanfrecce-hiroshima":{"0":0.4600724472,"1":0.3571870476,"2":0.1386548877,"3":0.0358825588,"4":0.0069645473,"5":0.0010814149,"6":0.0001399299,"7":0.0000155197,"8":0.0000015061,"9":0.0000001299}}