{"omiya-ardija":{"0":0.3451982589,"1":0.3671654208,"2":0.1952652465,"3":0.0692304056,"4":0.0184089942,"5":0.0039160951,"6":0.0006942169,"7":0.0001054849,"8":0.0000140247,"9":0.0000016575},"kawasaki-frontale":{"0":0.2376771342,"1":0.3415045139,"2":0.2453440323,"3":0.1175068786,"4":0.0422097077,"5":0.0121297371,"6":0.0029047528,"7":0.0005962387,"8":0.0001070876,"9":0.0000170964}}