{"shimizu-s-pulse":{"0":0.4121517648,"1":0.365316337,"2":0.1619015584,"3":0.0478345514,"4":0.0105997017,"5":0.001879038,"6":0.0002775852,"7":0.0000351488,"8":0.0000038943,"9":0.0000003835},"montedio-yamagata":{"0":0.3970535144,"1":0.3667520619,"2":0.1693815444,"3":0.052151686,"4":0.0120429222,"5":0.0022247714,"6":0.0003424977,"7":0.0000451942,"8":0.0000052182,"9":0.0000005355}}