{"nagoya-grampus-eight":{"0":0.3602017784,"1":0.3677987613,"2":0.1877779858,"3":0.0639127981,"4":0.0163151943,"5":0.0033318593,"6":0.0005670219,"7":0.0000827116,"8":0.000010557,"9":0.0000011977},"albirex-niigata":{"0":0.4546576657,"1":0.358365958,"2":0.1412339102,"3":0.0371073516,"4":0.0073121013,"5":0.001152695,"6":0.0001514277,"7":0.000017051,"8":0.00000168,"9":0.0000001471}}