{"sanfrecce-hiroshima":{"0":0.0835911035,"1":0.2074579205,"2":0.2574364196,"3":0.2129701289,"4":0.1321382845,"5":0.0655886394,"6":0.0271298463,"7":0.0096187637,"8":0.0029840028,"9":0.0008228614},"urawa-red-diamonds":{"0":0.540214242,"1":0.3326582438,"2":0.1024237224,"3":0.0210238167,"4":0.0032365613,"5":0.0003986081,"6":0.0000409098,"7":0.0000035988,"8":0.000000277,"9":0.000000019}}