{"kashima-antlers":{"0":0.0913385982,"1":0.2185898726,"2":0.2615626543,"3":0.2086556629,"4":0.1248377347,"5":0.0597518794,"6":0.0238328519,"7":0.0081480497,"8":0.0024374705,"9":0.0006481456},"ventforet-kofu":{"0":0.0851655819,"1":0.2097762755,"2":0.2583560445,"3":0.2121239103,"4":0.1306236711,"5":0.0643493453,"6":0.0264170997,"7":0.0092956411,"8":0.002862079,"9":0.0007833058}}