{"kashiwa-reysol":{"0":0.1422740716,"1":0.2774344396,"2":0.2704985786,"3":0.1758240761,"4":0.0857142371,"5":0.0334285525,"6":0.0108642796,"7":0.0030264779,"8":0.000737704,"9":0.0001598359},"jubilo-iwata":{"0":0.6633010524,"1":0.2723025373,"2":0.0558936787,"3":0.0076486087,"4":0.0007849888,"5":0.0000644517,"6":0.0000044099,"7":0.0000002586,"8":0.0000000133,"9":0.0000000006}}