{"vegalta-sendai":{"0":0.0586385097,"1":0.1663201366,"2":0.2358721937,"3":0.2230064377,"4":0.1581318376,"5":0.0897038788,"6":0.04240547,"7":0.0171824761,"8":0.0060919688,"9":0.0019198932},"gamba-osaka":{"0":0.254508498,"1":0.3482747867,"2":0.2382932751,"3":0.1086951781,"4":0.0371851925,"5":0.0101770001,"6":0.0023210702,"7":0.000453743,"8":0.0000776139,"9":0.000011801}}