{"cerezo-osaka":{"0":0.4121517648,"1":0.365316337,"2":0.1619015584,"3":0.0478345514,"4":0.0105997017,"5":0.001879038,"6":0.0002775852,"7":0.0000351488,"8":0.0000038943,"9":0.0000003835},"yokohama-fa-marinos":{"0":0.1089526271,"1":0.2415307712,"2":0.2677177916,"3":0.1978293576,"4":0.1096391124,"5":0.0486105201,"6":0.017960308,"7":0.005687881,"8":0.0015761418,"9":0.0003882286}}