{"vissel-kobe":{"0":0.2042595814,"1":0.3244384914,"2":0.257663151,"3":0.1364209265,"4":0.0541715097,"5":0.0172088112,"6":0.0045556417,"7":0.0010337165,"8":0.0002052397,"9":0.0000362217},"avispa-fukuoka":{"0":0.7200597728,"1":0.2364827885,"2":0.0388329632,"3":0.0042511875,"4":0.0003490449,"5":0.0000229267,"6":0.0000012549,"7":0.0000000589,"8":0.0000000024,"9":0.0000000001}}