{"nagoya-grampus-eight":{"0":0.2786033755,"1":0.3560456697,"2":0.2275071483,"3":0.0969154745,"4":0.0309636728,"5":0.0079141048,"6":0.0016856596,"7":0.0003077451,"8":0.000049161,"9":0.0000069807},"omiya-ardija":{"0":0.4681912069,"1":0.355300243,"2":0.1348148586,"3":0.0341026994,"4":0.0064699514,"5":0.0009819814,"6":0.0001242008,"7":0.0000134648,"8":0.0000012773,"9":0.0000001077}}