{"urawa-red-diamonds":{"0":0.1917571745,"1":0.3166918488,"2":0.2615123199,"3":0.1439647483,"4":0.0594403605,"5":0.0196334533,"6":0.0054041912,"7":0.0012750227,"8":0.0002632166,"9":0.000048301},"shimizu-s-pulse":{"0":0.2099005367,"1":0.3276802397,"2":0.2557743329,"3":0.1330982697,"4":0.0519456424,"5":0.0162186918,"6":0.0042198914,"7":0.000941109,"8":0.0001836482,"9":0.0000318552}}