{"kashima-antlers":{"0":0.5409617096,"1":0.3323705419,"2":0.1021053572,"3":0.0209114079,"4":0.0032120277,"5":0.0003946983,"6":0.0000404176,"7":0.0000035475,"8":0.0000002725,"9":0.0000000186},"jubilo-iwata":{"0":0.0796912875,"1":0.2015866836,"2":0.254966335,"3":0.2149871901,"4":0.1359576311,"5":0.0687835492,"6":0.0289990872,"7":0.0104794209,"8":0.0033135864,"9":0.0009313368}}