{"kawasaki-frontale":{"0":0.5087251149,"1":0.3438205755,"2":0.1161851309,"3":0.0261744751,"4":0.0044224881,"5":0.0005977855,"6":0.0000673353,"7":0.0000065012,"8":0.0000005492,"9":0.0000000412},"sanfrecce-hiroshima":{"0":0.4909325182,"1":0.3492732518,"2":0.1242449827,"3":0.0294646396,"4":0.0052406441,"5":0.0007456898,"6":0.00008842,"7":0.0000089866,"8":0.0000007992,"9":0.0000000632}}