{"montedio-yamagata":{"0":0.6425100108,"1":0.2842290048,"2":0.0628676019,"3":0.0092703074,"4":0.0010252331,"5":0.0000907071,"6":0.0000066877,"7":0.0000004226,"8":0.0000000234,"9":0.0000000011},"vissel-kobe":{"0":0.295340554,"1":0.3602050682,"2":0.2196577635,"3":0.0893001188,"4":0.0272281904,"5":0.0066416427,"6":0.0013500535,"7":0.0002352229,"8":0.0000358605,"9":0.0000048596}}