{"ventforet-kofu":{"0":0.5150149642,"1":0.3417429805,"2":0.1133833702,"3":0.0250788641,"4":0.0041603285,"5":0.000552125,"6":0.0000610613,"7":0.0000057883,"8":0.0000004801,"9":0.0000000354},"cerezo-osaka":{"0":0.3619116563,"1":0.3678307722,"2":0.186923348,"3":0.0633268352,"4":0.0160906386,"5":0.0032707607,"6":0.0005540424,"7":0.0000804434,"8":0.0000102199,"9":0.0000011541}}