{"avispa-fukuoka":{"0":0.8015672216,"1":0.1772958007,"2":0.0196077136,"3":0.0014456535,"4":0.0000799397,"5":0.0000035363,"6":0.0000001304,"7":0.0000000041,"8":0.0000000001,"9":0.0},"kashiwa-reysol":{"0":0.0437014572,"1":0.136801898,"2":0.2141205409,"3":0.2234257793,"4":0.1748515533,"5":0.1094701454,"6":0.0571137464,"7":0.0255410539,"8":0.0099941308,"9":0.0034761517}}