{"gamba-osaka":{"0":0.2509716601,"1":0.3469470513,"2":0.2398124481,"3":0.1105067954,"4":0.0381915699,"5":0.0105593218,"6":0.0024328946,"7":0.0004804672,"8":0.0000830257,"9":0.0000127529},"yokohama-fa-marinos":{"0":0.130980047,"1":0.2662444881,"2":0.270598954,"3":0.1833497585,"4":0.0931742348,"5":0.037879245,"6":0.0128329218,"7":0.003726516,"8":0.0009468659,"9":0.000213856}}