{"albirex-niigata":{"0":0.8015672216,"1":0.1772958007,"2":0.0196077136,"3":0.0014456535,"4":0.0000799397,"5":0.0000035363,"6":0.0000001304,"7":0.0000000041,"8":0.0000000001,"9":0.0},"vegalta-sendai":{"0":0.3619116563,"1":0.3678307722,"2":0.186923348,"3":0.0633268352,"4":0.0160906386,"5":0.0032707607,"6":0.0005540424,"7":0.0000804434,"8":0.0000102199,"9":0.0000011541}}