{"urawa-red-diamonds":{"0":0.1005162475,"1":0.2309296354,"2":0.2652730171,"3":0.2031492507,"4":0.1166805953,"5":0.0536132376,"6":0.0205288294,"7":0.0067376671,"8":0.0019349198,"9":0.0004939282},"avispa-fukuoka":{"0":0.3616967402,"1":0.3678271934,"2":0.1870307763,"3":0.0634002632,"4":0.016118711,"5":0.0032783819,"6":0.0005556579,"7":0.0000807251,"8":0.0000102617,"9":0.0000011595}}