{"sanfrecce-hiroshima":{"0":0.052138786,"1":0.1540099525,"2":0.227460853,"3":0.2239614553,"4":0.1653869208,"5":0.097705504,"6":0.0481011712,"7":0.0202976371,"8":0.0074945122,"9":0.0024597373},"montedio-yamagata":{"0":0.5813670992,"1":0.3153177487,"2":0.085509898,"3":0.0154594166,"4":0.0020961921,"5":0.0002273835,"6":0.0000205544,"7":0.0000015926,"8":0.000000108,"9":0.0000000065}}