{"jubilo-iwata":{"0":0.1898466835,"1":0.3154375664,"2":0.2620558244,"3":0.1451386104,"4":0.0602883459,"5":0.0200342811,"6":0.0055479548,"7":0.0013168772,"8":0.0002735053,"9":0.0000504933},"omiya-ardija":{"0":0.4004148128,"1":0.3664813541,"2":0.1677118061,"3":0.0511663137,"4":0.0117075464,"5":0.0021430763,"6":0.0003269099,"7":0.0000427437,"8":0.0000048902,"9":0.0000004973}}