{"cerezo-osaka":{"0":0.2283391907,"1":0.3372394201,"2":0.249038341,"3":0.122603491,"4":0.0452689813,"5":0.0133717606,"6":0.0032915103,"7":0.0006944725,"8":0.0001282103,"9":0.0000210396},"nagoya-grampus-eight":{"0":0.4679835965,"1":0.3553502563,"2":0.1349126397,"3":0.03414738,"4":0.0064822145,"5":0.0009844177,"6":0.0001245817,"7":0.0000135139,"8":0.0000012827,"9":0.0000001082}}