{"vegalta-sendai":{"0":0.1192218506,"1":0.2535573635,"2":0.2696289994,"3":0.1911462199,"4":0.1016309748,"5":0.043229126,"6":0.0153230625,"7":0.0046555168,"8":0.0012376512,"9":0.0002924665},"ventforet-kofu":{"0":0.4432774877,"1":0.3606325323,"2":0.1466979793,"3":0.0397825028,"4":0.0080913565,"5":0.0013165597,"6":0.0001785166,"7":0.0000207477,"8":0.0000021099,"9":0.0000001907}}