{"kashiwa-reysol":{"0":0.0172225026,"1":0.0699498566,"2":0.1420520164,"3":0.1923165761,"4":0.1952752926,"5":0.1586236223,"6":0.1073759905,"7":0.0623016736,"8":0.0316300804,"9":0.0142740876},"gamba-osaka":{"0":0.2951301059,"1":0.3601587733,"2":0.2197578955,"3":0.0893930423,"4":0.0272724536,"5":0.0066563277,"6":0.0013538294,"7":0.0002360187,"8":0.0000360028,"9":0.0000048817}}