{"yokohama-fa-marinos":{"0":0.139564172,"1":0.2748340618,"2":0.2706058454,"3":0.1776284524,"4":0.0874478535,"5":0.0344410008,"6":0.0113037131,"7":0.0031799457,"8":0.0007827559,"9":0.0001712697},"albirex-niigata":{"0":0.3616967402,"1":0.3678271934,"2":0.1870307763,"3":0.0634002632,"4":0.016118711,"5":0.0032783819,"6":0.0005556579,"7":0.0000807251,"8":0.0000102617,"9":0.0000011595}}