{"vissel-kobe":{"0":0.4548933388,"1":0.3583159838,"2":0.1411213721,"3":0.0370534064,"4":0.0072966708,"5":0.0011495063,"6":0.0001509095,"7":0.0000169815,"8":0.000001672,"9":0.0000001463},"kashima-antlers":{"0":0.6137696444,"1":0.2996028095,"2":0.0731233976,"3":0.0118980443,"4":0.0014519647,"5":0.0001417511,"6":0.0000115323,"7":0.0000008042,"8":0.0000000491,"9":0.0000000027}}