{"shimizu-s-pulse":{"0":0.4122382392,"1":0.3653065012,"2":0.1618588805,"3":0.0478106232,"4":0.0105918919,"5":0.0018772091,"6":0.0002772494,"7":0.0000350979,"8":0.0000038878,"9":0.0000003828},"kawasaki-frontale":{"0":0.1024924541,"1":0.2334743361,"2":0.2659233116,"3":0.2019214299,"4":0.1149925431,"5":0.052389823,"6":0.0198903735,"7":0.0064727995,"8":0.0018431022,"9":0.0004665027}}