{"albirex-niigata":{"0":0.7746024063,"1":0.1978376416,"2":0.0252644015,"3":0.0021508882,"4":0.0001373371,"5":0.0000070153,"6":0.0000002986,"7":0.0000000109,"8":0.0000000003,"9":0.0},"cerezo-osaka":{"0":0.2654534483,"1":0.3520750999,"2":0.233481382,"3":0.1032233479,"4":0.034226689,"5":0.0090790796,"6":0.0020069544,"7":0.0003802651,"8":0.0000630439,"9":0.0000092907}}