{"kashima-antlers":{"0":0.2419754706,"1":0.3433435732,"2":0.2435883459,"3":0.1152107041,"4":0.0408686619,"5":0.0115978635,"6":0.002742738,"7":0.0005559604,"8":0.0000986078,"9":0.0000155463},"kawasaki-frontale":{"0":0.0478600724,"1":0.1454694305,"2":0.221075253,"3":0.2239841379,"4":0.1701984732,"5":0.1034627561,"6":0.0524120541,"7":0.0227578656,"8":0.0086464917,"9":0.0029200871}}