{"shimizu-s-pulse":{"0":0.6211451576,"1":0.2957834084,"2":0.070424621,"3":0.0111785113,"4":0.0013307752,"5":0.0001267405,"6":0.0000100588,"7":0.0000006843,"8":0.0000000407,"9":0.0000000022},"vegalta-sendai":{"0":0.2774675521,"1":0.3557276309,"2":0.2280305326,"3":0.0974489456,"4":0.0312336364,"5":0.0080086247,"6":0.0017112446,"7":0.0003134148,"8":0.0000502267,"9":0.0000071548}}