{"avispa-fukuoka":{"0":0.653328198,"1":0.2781059221,"2":0.0591914632,"3":0.0083987887,"4":0.00089379,"5":0.0000760929,"6":0.0000053985,"7":0.0000003283,"8":0.0000000175,"9":0.0000000008},"jubilo-iwata":{"0":0.0957643625,"1":0.224650234,"2":0.2634995225,"3":0.2060447394,"4":0.1208382682,"5":0.0566940446,"6":0.0221660926,"7":0.0074283791,"8":0.0021782465,"9":0.0005677635}}