{"montedio-yamagata":{"0":0.6211451576,"1":0.2957834084,"2":0.070424621,"3":0.0111785113,"4":0.0013307752,"5":0.0001267405,"6":0.0000100588,"7":0.0000006843,"8":0.0000000407,"9":0.0000000022},"yokohama-fa-marinos":{"0":0.3651942017,"1":0.3678696171,"2":0.1852823163,"3":0.062213232,"4":0.0156672516,"5":0.003156406,"6":0.0005299216,"7":0.0000762577,"8":0.000009602,"9":0.0000010747}}