{"nagoya-grampus-eight":{"0":0.1190301593,"1":0.2533412175,"2":0.2696029848,"3":0.1912723879,"4":0.1017750037,"5":0.0433231435,"6":0.015368007,"7":0.0046727048,"8":0.0012431605,"9":0.0002939907},"urawa-red-diamonds":{"0":0.6663001478,"1":0.2705278796,"2":0.0549191936,"3":0.0074326728,"4":0.0007544442,"5":0.0000612631,"6":0.0000041456,"7":0.0000002405,"8":0.0000000122,"9":0.0000000006}}