{"omiya-ardija":{"0":0.5037302937,"1":0.3454150585,"2":0.1184280201,"3":0.0270692617,"4":0.0046404449,"5":0.0006364039,"6":0.0000727319,"7":0.0000071248,"8":0.0000006107,"9":0.0000000465},"vissel-kobe":{"0":0.1091115402,"1":0.2417240275,"2":0.2677558459,"3":0.1977273939,"4":0.1095105566,"5":0.0485216005,"6":0.0179156679,"7":0.0056700136,"8":0.0015701576,"9":0.0003865003}}