{"ventforet-kofu":{"0":0.7893965498,"1":0.1866816165,"2":0.0220738398,"3":0.0017400549,"4":0.0001028749,"5":0.0000048657,"6":0.0000001918,"7":0.0000000065,"8":0.0000000002,"9":0.0},"kashiwa-reysol":{"0":0.2511816372,"1":0.3470272619,"2":0.2397227796,"3":0.1103986485,"4":0.0381311121,"5":0.0105362284,"6":0.0024261052,"7":0.0004788366,"8":0.0000826938,"9":0.0000126942}}