{"gamba-osaka":{"0":0.2844656255,"1":0.3576139291,"2":0.2247858983,"3":0.0941959955,"4":0.0296044557,"5":0.007443406,"6":0.0015595708,"7":0.0002800862,"8":0.0000440135,"9":0.0000061479},"sanfrecce-hiroshima":{"0":0.5240575114,"1":0.3386217766,"2":0.1094008817,"3":0.0235632668,"4":0.0038063739,"5":0.0004919006,"6":0.0000529739,"7":0.0000048899,"8":0.000000395,"9":0.0000000284}}