{"vegalta-sendai":{"0":0.3052925657,"1":0.3622249675,"2":0.2148871964,"3":0.0849867924,"4":0.0252088829,"5":0.0059819909,"6":0.0011829235,"7":0.0002005029,"8":0.0000297367,"9":0.0000039202},"kashiwa-reysol":{"0":0.3553883444,"1":0.3676649361,"2":0.1901828061,"3":0.0655841704,"4":0.0169624301,"5":0.0035096766,"6":0.0006051526,"7":0.0000894367,"8":0.0000115658,"9":0.0000013295}}