{"yokohama-fa-marinos":{"0":0.3483268778,"1":0.3673503796,"2":0.1937064149,"3":0.0680951615,"4":0.0179535266,"5":0.0037868079,"6":0.0006656034,"7":0.0001002792,"8":0.0000132195,"9":0.0000015491},"omiya-ardija":{"0":0.3950709603,"1":0.3668984042,"2":0.1703674182,"3":0.0527394993,"4":0.0122446599,"5":0.0022742984,"6":0.0003520196,"7":0.0000467024,"8":0.0000054215,"9":0.0000005594}}