{"jubilo-iwata":{"0":0.0593170343,"1":0.1675622439,"2":0.2366698361,"3":0.222852953,"4":0.1573820289,"5":0.0889164005,"6":0.0418627121,"7":0.0168937498,"8":0.0059653071,"9":0.00187235},"gamba-osaka":{"0":0.1560810637,"1":0.2899018098,"2":0.2692288781,"3":0.166686757,"4":0.0774001525,"5":0.0287522955,"6":0.0089006553,"7":0.0023616996,"8":0.0005483216,"9":0.0001131602}}