{"kawasaki-frontale":{"0":0.1998537377,"1":0.3217983912,"2":0.259074976,"3":0.1390515408,"4":0.0559741372,"5":0.0180255696,"6":0.0048373704,"7":0.0011127123,"8":0.0002239569,"9":0.0000400676},"urawa-red-diamonds":{"0":0.5444001366,"1":0.3310338033,"2":0.1006459877,"3":0.0203999607,"4":0.0031011549,"5":0.0003771443,"6":0.0000382217,"7":0.0000033202,"8":0.0000002524,"9":0.0000000171}}