{"avispa-fukuoka":{"0":0.562111234,"1":0.3238072811,"2":0.0932654864,"3":0.0179086995,"4":0.0025791013,"5":0.0002971411,"6":0.0000285283,"7":0.0000023477,"8":0.0000001691,"9":0.0000000108},"nagoya-grampus-eight":{"0":0.1439647483,"1":0.2790305766,"2":0.270406692,"3":0.1746995616,"4":0.0846500966,"5":0.0328135402,"6":0.0105997952,"7":0.0029349119,"8":0.0007110509,"9":0.0001531277}}