{"vissel-kobe":{"0":0.3203588662,"1":0.3646688077,"2":0.2075537052,"3":0.0787537251,"4":0.0224116062,"5":0.0051022866,"6":0.0009680002,"7":0.0001574125,"8":0.0000223981,"9":0.0000028329},"ventforet-kofu":{"0":0.7089578414,"1":0.2438525835,"2":0.0419376718,"3":0.0048082829,"4":0.0004134633,"5":0.0000284429,"6":0.0000016305,"7":0.0000000801,"8":0.0000000034,"9":0.0000000001}}