{"montedio-yamagata":{"0":0.6691428661,"1":0.2688332921,"2":0.0540029212,"3":0.0072320296,"4":0.0007263809,"5":0.0000583658,"6":0.0000039082,"7":0.0000002243,"8":0.0000000113,"9":0.0000000005},"albirex-niigata":{"0":0.4511209018,"1":0.3591012153,"2":0.1429258569,"3":0.0379239421,"4":0.0075470532,"5":0.0012015209,"6":0.0001594058,"7":0.0000181272,"8":0.0000018037,"9":0.0000001595}}