{"cerezo-osaka":{"0":0.1665978025,"1":0.2985720401,"2":0.2675463356,"3":0.1598297497,"4":0.0716106301,"5":0.0256677238,"6":0.0076668325,"7":0.0019628983,"8":0.0004397316,"9":0.0000875639},"kashima-antlers":{"0":0.2150172467,"1":0.3304894717,"2":0.2539872792,"3":0.130129285,"4":0.0500033827,"5":0.0153714102,"6":0.0039377378,"7":0.0008646355,"8":0.0001661221,"9":0.0000283706}}