{"sanfrecce-hiroshima":{"0":0.1938810277,"1":0.3180638748,"2":0.2608935738,"3":0.1426662216,"4":0.058511361,"5":0.0191977012,"6":0.0052490053,"7":0.0012301498,"8":0.0002522592,"9":0.0000459815},"shimizu-s-pulse":{"0":0.2787157585,"1":0.3560768857,"2":0.2274552922,"3":0.0968628069,"4":0.0309370798,"5":0.0079048125,"6":0.0016831491,"7":0.0003071898,"8":0.0000490568,"9":0.0000069637}}