{"nagoya-grampus-eight":{"0":0.1833875059,"1":0.3110534235,"2":0.2637972303,"3":0.1491468956,"4":0.0632440202,"5":0.0214543176,"6":0.0060649706,"7":0.001469589,"8":0.0003115811,"9":0.0000587211},"jubilo-iwata":{"0":0.3065322121,"1":0.3624536292,"2":0.2142884632,"3":0.0844605429,"4":0.0249672213,"5":0.0059044104,"6":0.0011635944,"7":0.0001965531,"8":0.0000290513,"9":0.0000038168}}