{"kashima-antlers":{"0":0.1155640789,"1":0.2493792051,"2":0.2690714475,"3":0.1935457925,"4":0.1044145732,"5":0.0450638702,"6":0.0162074471,"7":0.0049963626,"8":0.0013477252,"9":0.0003231441},"montedio-yamagata":{"0":0.2274728703,"1":0.3368246065,"2":0.2493721896,"3":0.1230838202,"4":0.0455633009,"5":0.0134933373,"6":0.0033299854,"7":0.0007043986,"8":0.0001303775,"9":0.0000214504}}