{"kashiwa-reysol":{"0":0.273964138,"1":0.354717277,"2":0.2296365275,"3":0.0991079153,"4":0.0320801931,"5":0.0083072178,"6":0.0017926395,"7":0.0003315764,"8":0.0000536639,"9":0.0000077202},"yokohama-fa-marinos":{"0":0.213452575,"1":0.3296434782,"2":0.2545409038,"3":0.1310326176,"4":0.0505897479,"5":0.0156255603,"6":0.0040218645,"7":0.0008873041,"8":0.0001712875,"9":0.0000293918}}