{"kawasaki-frontale":{"0":0.2330265642,"1":0.3394271511,"2":0.2472052732,"3":0.1200266329,"4":0.0437077831,"5":0.012732976,"6":0.0030911481,"7":0.000643225,"8":0.0001171154,"9":0.0000189545},"cerezo-osaka":{"0":0.2413528455,"1":0.343081942,"2":0.2438446887,"3":0.1155413618,"4":0.0410603765,"5":0.0116734267,"6":0.0027656202,"7":0.0005616166,"8":0.0000997919,"9":0.0000157615}}