{"omiya-ardija":{"0":0.5924408314,"1":0.3101453071,"2":0.0811811968,"3":0.0141662345,"4":0.0018540211,"5":0.0001941176,"6":0.0000169369,"7":0.0000012666,"8":0.0000000829,"9":0.0000000048},"vegalta-sendai":{"0":0.3495701399,"1":0.367416063,"2":0.1930865196,"3":0.0676479298,"4":0.0177753569,"5":0.0037365615,"6":0.0006545528,"7":0.0000982812,"8":0.0000129123,"9":0.0000015079}}