{"urawa-red-diamonds":{"0":0.1439410764,"1":0.2790083661,"2":0.2704081082,"3":0.1747152986,"4":0.0846649046,"5":0.0328220648,"6":0.0106034484,"7":0.0029361725,"8":0.0007114167,"9":0.0001532195},"vissel-kobe":{"0":0.4539720593,"1":0.358510645,"2":0.1415614463,"3":0.0372646175,"4":0.0073571499,"5":0.0011620171,"6":0.0001529446,"7":0.0000172548,"8":0.0000017033,"9":0.0000001495}}