{"albirex-niigata":{"0":0.3361080543,"1":0.3664662011,"2":0.1997831871,"3":0.0726093734,"4":0.0197919098,"5":0.0043159132,"6":0.0007842896,"7":0.0001221612,"8":0.0000166494,"9":0.000002017},"shimizu-s-pulse":{"0":0.3582101284,"1":0.3677512393,"2":0.1887732413,"3":0.0646004379,"4":0.0165802759,"5":0.00340438,"6":0.0005825096,"7":0.0000854321,"8":0.0000109635,"9":0.0000012506}}