{"gamba-osaka":{"0":0.0197168427,"1":0.0774138854,"2":0.1519743744,"3":0.1988980862,"4":0.1952324965,"5":0.1533075694,"6":0.1003214596,"7":0.0562700495,"8":0.0276165107,"9":0.0120478011},"avispa-fukuoka":{"0":0.3419988351,"1":0.3669469484,"2":0.1968574876,"3":0.0704059458,"4":0.0188854788,"5":0.0040526271,"6":0.0007247097,"7":0.0001110822,"8":0.0000148982,"9":0.0000017761}}