{"ventforet-kofu":{"0":0.2199539841,"1":0.3330844383,"2":0.2522010308,"3":0.1273057772,"4":0.0481959596,"5":0.0145969842,"6":0.0036841253,"7":0.000797001,"8":0.000150866,"9":0.0000253847},"sanfrecce-hiroshima":{"0":0.2101486793,"1":0.3278193312,"2":0.2556892441,"3":0.1329532934,"4":0.0518497902,"5":0.0161765124,"6":0.0042057315,"7":0.0009372412,"8":0.000182755,"9":0.0000316763}}