{"avispa-fukuoka":{"0":0.5121739789,"1":0.3426909532,"2":0.1146457007,"3":0.0255694654,"4":0.0042770742,"5":0.0005723503,"6":0.0000638257,"7":0.0000061007,"8":0.0000005102,"9":0.0000000379},"kawasaki-frontale":{"0":0.0839012742,"1":0.2079169624,"2":0.2576210174,"3":0.212804791,"4":0.1318386584,"5":0.0653422576,"6":0.0269875991,"7":0.0095540514,"8":0.0029595042,"9":0.0008148878}}