{"vissel-kobe":{"0":0.4479796289,"1":0.3597310103,"2":0.144433353,"3":0.0386603561,"4":0.0077611392,"5":0.0012464506,"6":0.0001668182,"7":0.0000191366,"8":0.0000019209,"9":0.0000001714},"yokohama-fa-marinos":{"0":0.4468666954,"1":0.3599488662,"2":0.1449684969,"3":0.0389237974,"4":0.0078382305,"5":0.001262731,"6":0.0001695206,"7":0.0000195069,"8":0.0000019641,"9":0.0000001758}}