{"albirex-niigata":{"0":0.4480237248,"1":0.3597223216,"2":0.1444121611,"3":0.0386499457,"4":0.0077580982,"5":0.0012458095,"6":0.000166712,"7":0.0000191221,"8":0.0000019192,"9":0.0000001712},"urawa-red-diamonds":{"0":0.6200705123,"1":0.2963453877,"2":0.0708150017,"3":0.0112813509,"4":0.0013479017,"5":0.0001288384,"6":0.0000102625,"7":0.0000007007,"8":0.0000000419,"9":0.0000000022}}