{"jubilo-iwata":{"0":0.2702401031,"1":0.3535941616,"2":0.2313291581,"3":0.1008937839,"4":0.0330034778,"5":0.0086366434,"6":0.001883428,"7":0.0003520516,"8":0.00005758,"9":0.0000083711},"kashiwa-reysol":{"0":0.2651230218,"1":0.3519670708,"2":0.2336289359,"3":0.1033855801,"4":0.0343126745,"5":0.0091104359,"6":0.0020157771,"7":0.0003822954,"8":0.0000634401,"9":0.0000093578}}