{"cerezo-osaka":{"0":0.0692522253,"1":0.1849034416,"2":0.2468460945,"3":0.2196930241,"4":0.1466450936,"5":0.07830848,"6":0.0348472736,"7":0.0132917458,"8":0.0044361202,"9":0.001316049},"gamba-osaka":{"0":0.0544055619,"1":0.158390308,"2":0.2305599718,"3":0.2237422281,"4":0.1628445656,"5":0.0948175149,"6":0.0460068629,"7":0.0191341813,"8":0.0069631412,"9":0.0022524128}}