{"sanfrecce-hiroshima":{"0":0.2579279006,"1":0.3495116985,"2":0.2368073152,"3":0.1069639057,"4":0.0362360337,"5":0.00982051,"6":0.0022179216,"7":0.0004293501,"8":0.0000727252,"9":0.0000109498},"nagoya-grampus-eight":{"0":0.3052370269,"1":0.3622146053,"2":0.2149139991,"3":0.0850104263,"4":0.0252197598,"5":0.0059854897,"6":0.0011837968,"7":0.0002006818,"8":0.0000297678,"9":0.0000039249}}