{"vegalta-sendai":{"0":0.3227419293,"1":0.3649895758,"2":0.2063837673,"3":0.077799956,"4":0.0219960364,"5":0.0049750734,"6":0.0009377203,"7":0.0001514957,"8":0.0000214159,"9":0.000002691},"kashima-antlers":{"0":0.4357586837,"1":0.3619702132,"2":0.1503382952,"3":0.0416270035,"4":0.0086445411,"5":0.0014361464,"6":0.0001988265,"7":0.0000235941,"8":0.0000024499,"9":0.0000002261}}