{"shimizu-s-pulse":{"0":0.5121319705,"1":0.3427048524,"2":0.1146644055,"3":0.0255767722,"4":0.0042788209,"5":0.0005726542,"6":0.0000638675,"7":0.0000061055,"8":0.0000005107,"9":0.000000038},"omiya-ardija":{"0":0.2845097787,"1":0.3576252794,"2":0.2247652805,"3":0.0941757276,"4":0.0295944317,"5":0.0074399671,"6":0.0015586578,"7":0.0002798877,"8":0.0000439769,"9":0.000006142}}