{"montedio-yamagata":{"0":0.5700077834,"1":0.3204043751,"2":0.0900504928,"3":0.0168726186,"4":0.0023710469,"5":0.0002665556,"6":0.0000249721,"7":0.0000020053,"8":0.0000001409,"9":0.0000000088},"ventforet-kofu":{"0":0.4906618917,"1":0.3493512669,"2":0.124369051,"3":0.0295169214,"4":0.005254012,"5":0.0007481713,"6":0.000088783,"7":0.0000090305,"8":0.0000008037,"9":0.0000000636}}