{"kashima-antlers":{"0":0.1886905214,"1":0.3146691931,"2":0.2623785772,"3":0.1458516208,"4":0.0608072566,"5":0.0202810085,"6":0.0056369274,"7":0.0013429151,"8":0.0002799385,"9":0.000051871},"sanfrecce-hiroshima":{"0":0.199244661,"1":0.3214258221,"2":0.2592655648,"3":0.1394176167,"4":0.0562278831,"5":0.0181416089,"6":0.0048777397,"7":0.0011241251,"8":0.0002266829,"9":0.0000406322}}