{"ventforet-kofu":{"0":0.4217879433,"1":0.3641095367,"2":0.1571592512,"3":0.0452227105,"4":0.0097596555,"5":0.0016850096,"6":0.0002424315,"7":0.0000298971,"8":0.0000032261,"9":0.0000003094},"urawa-red-diamonds":{"0":0.2777349976,"1":0.3558029354,"2":0.2279074116,"3":0.0973231399,"4":0.0311698734,"5":0.0079862693,"6":0.0017051855,"7":0.0003120703,"8":0.0000499737,"9":0.0000071134}}