{"omiya-ardija":{"0":0.2739310374,"1":0.3547075183,"2":0.2296516393,"3":0.0991236868,"4":0.0320882925,"5":0.0083100905,"6":0.0017934268,"7":0.0003317529,"8":0.0000536975,"9":0.0000077257},"montedio-yamagata":{"0":0.2056478666,"1":0.3252506008,"2":0.257206542,"3":0.135598428,"4":0.053615278,"5":0.0169594771,"6":0.0044704898,"7":0.0010100688,"8":0.0001996893,"9":0.0000350919}}