{"yokohama-fa-marinos":{"0":0.2277035761,"1":0.3369353954,"2":0.2492834382,"3":0.122955782,"4":0.0454847435,"5":0.0134608514,"6":0.0033196941,"7":0.0007017409,"8":0.0001297967,"9":0.0000213402},"jubilo-iwata":{"0":0.3597154441,"1":0.3677881756,"2":0.1880210377,"3":0.0640802015,"4":0.0163795722,"5":0.0033494325,"6":0.0005707667,"7":0.000083368,"8":0.0000106549,"9":0.0000012104}}