{"shimizu-s-pulse":{"0":0.3899525929,"1":0.3672300958,"2":0.1729158181,"3":0.0542800105,"4":0.01277928,"5":0.0024069265,"6":0.0003777792,"7":0.0000508237,"8":0.0000059828,"9":0.000000626},"cerezo-osaka":{"0":0.2712235974,"1":0.3538957275,"2":0.2308836456,"3":0.1004198952,"4":0.0327572639,"5":0.0085484124,"6":0.0018590114,"7":0.0003465228,"8":0.0000565184,"9":0.000008194}}