{"nagoya-grampus-eight":{"0":0.222205589,"1":0.3342310364,"2":0.2513671826,"3":0.1260315044,"4":0.0473926427,"5":0.01425715,"6":0.003574154,"7":0.0007680103,"8":0.0001444005,"9":0.0000241334},"vegalta-sendai":{"0":0.5311897466,"1":0.3360497477,"2":0.1062985813,"3":0.0224161025,"4":0.0035453083,"5":0.0004485779,"6":0.0000472978,"7":0.0000042746,"8":0.000000338,"9":0.0000000238}}