{"kashiwa-reysol":{"0":0.0487337201,"1":0.1472432864,"2":0.2224392609,"3":0.2240248141,"4":0.1692162519,"5":0.102253458,"6":0.0514911617,"7":0.0222249395,"8":0.0083937598,"9":0.0028178636},"avispa-fukuoka":{"0":0.5439422837,"1":0.3312130567,"2":0.1008398246,"3":0.0204675309,"4":0.003115732,"5":0.0003794414,"6":0.0000385077,"7":0.0000033497,"8":0.000000255,"9":0.0000000172}}