{"vissel-kobe":{"0":0.3683194467,"1":0.3678791781,"2":0.1837197179,"3":0.0611667032,"4":0.015273397,"5":0.003051028,"6":0.0005078968,"7":0.00007247,"8":0.0000090479,"9":0.0000010041},"albirex-niigata":{"0":0.6045728106,"1":0.3042410911,"2":0.0765521041,"3":0.012841186,"4":0.0016155277,"5":0.0001625974,"6":0.0000136374,"7":0.0000009804,"8":0.0000000617,"9":0.0000000034}}