{"gamba-osaka":{"0":0.0620750114,"1":0.1725320168,"2":0.2397687587,"3":0.2221387029,"4":0.1543537311,"5":0.0858025152,"6":0.0397467534,"7":0.0157817991,"8":0.0054830148,"9":0.001693284},"kawasaki-frontale":{"0":0.1498818518,"1":0.2844619581,"2":0.2699413058,"3":0.1707745834,"4":0.0810286099,"5":0.0307569686,"6":0.0097289825,"7":0.0026378162,"8":0.0006257915,"9":0.0001319661}}