{"urawa-red-diamonds":{"0":0.1988410998,"1":0.3211779406,"2":0.2593912166,"3":0.1396604908,"4":0.0563966263,"5":0.0182189219,"6":0.0049046834,"7":0.0011317552,"8":0.0002285083,"9":0.0000410109},"sanfrecce-hiroshima":{"0":0.363132676,"1":0.3678486847,"2":0.1863129702,"3":0.0629108731,"4":0.0159319743,"5":0.0032277766,"6":0.0005449493,"7":0.0000788609,"8":0.0000099856,"9":0.0000011239}}