{"avispa-fukuoka":{"0":0.4333848996,"1":0.3623656967,"2":0.1514922396,"3":0.0422223532,"4":0.0088258338,"5":0.0014759072,"6":0.0002056748,"7":0.0000245672,"8":0.0000025677,"9":0.0000002385},"vissel-kobe":{"0":0.1652988882,"1":0.2975379988,"2":0.2677841989,"3":0.1606705194,"4":0.0723017337,"5":0.0260286241,"6":0.0078085872,"7":0.0020079224,"8":0.0004517825,"9":0.0000903565}}