{"yokohama-fa-marinos":{"0":0.2274908727,"1":0.3368332599,"2":0.2493652682,"3":0.1230738259,"4":0.0455571662,"5":0.0134907995,"6":0.0033291812,"7":0.0007041909,"8":0.0001303321,"9":0.0000214417},"cerezo-osaka":{"0":0.357517335,"1":0.367732116,"2":0.1891193739,"3":0.0648409282,"4":0.0166733815,"5":0.0034299528,"6":0.0005879919,"7":0.0000863988,"8":0.0000111084,"9":0.0000012695}}