{"jubilo-iwata":{"0":0.2453274843,"1":0.3447246844,"2":0.2421968912,"3":0.1134418987,"4":0.0398510412,"5":0.0111994281,"6":0.0026228338,"7":0.0005265006,"8":0.0000924773,"9":0.0000144384},"vegalta-sendai":{"0":0.4930509038,"1":0.3486574248,"2":0.1232753038,"3":0.0290577502,"4":0.0051369951,"5":0.0007265179,"6":0.0000856253,"7":0.0000086499,"8":0.0000007646,"9":0.0000000601}}