{"albirex-niigata":{"0":0.3826234961,"1":0.3675878513,"2":0.1765715251,"3":0.0565443124,"4":0.0135805841,"5":0.0026093838,"6":0.0004178075,"7":0.0000573413,"8":0.000006886,"9":0.000000735},"omiya-ardija":{"0":0.363132676,"1":0.3678486847,"2":0.1863129702,"3":0.0629108731,"4":0.0159319743,"5":0.0032277766,"6":0.0005449493,"7":0.0000788609,"8":0.0000099856,"9":0.0000011239}}