{"kawasaki-frontale":{"0":0.2787557427,"1":0.356087981,"2":0.2274368395,"3":0.0968440736,"4":0.0309276235,"5":0.007901509,"6":0.0016822567,"7":0.0003069925,"8":0.0000490198,"9":0.0000069576},"nagoya-grampus-eight":{"0":0.1826835241,"1":0.3105619909,"2":0.2639776923,"3":0.1495873589,"4":0.0635746276,"5":0.0216153734,"6":0.0061243558,"7":0.0014873435,"8":0.0003160605,"9":0.0000597003}}