{"gamba-osaka":{"0":0.0619258126,"1":0.1722663513,"2":0.2396068341,"3":0.2221808826,"4":0.1545167047,"5":0.0859674757,"6":0.0398576478,"7":0.0158395328,"8":0.0055078375,"9":0.0017024225},"kashiwa-reysol":{"0":0.1388965352,"1":0.2741853682,"2":0.2706245193,"3":0.1780732767,"4":0.0878803184,"5":0.0346956062,"6":0.0114150046,"7":0.0032190737,"8":0.0007943169,"9":0.0001742225}}