{"ventforet-kofu":{"0":0.3572478383,"1":0.3677243145,"2":0.1892540094,"3":0.0649346601,"4":0.0167097256,"5":0.0034399494,"6":0.0005901379,"7":0.0000867777,"8":0.0000111653,"9":0.000001277},"kashima-antlers":{"0":0.1251900773,"1":0.2601352256,"2":0.2702703643,"3":0.1872002523,"4":0.0972468843,"5":0.0404142896,"6":0.0139962908,"7":0.0041547431,"8":0.001079154,"9":0.0002491553}}