{"montedio-yamagata":{"0":0.4435684158,"1":0.3605781961,"2":0.1465575894,"3":0.0397123791,"4":0.0080705803,"5":0.0013121201,"6":0.0001777711,"7":0.0000206444,"8":0.0000020977,"9":0.0000001895},"shimizu-s-pulse":{"0":0.3951177613,"1":0.3668950641,"2":0.1703441369,"3":0.0527255662,"4":0.0122398636,"5":0.0022731175,"6":0.000351792,"7":0.0000466663,"8":0.0000054166,"9":0.0000005589}}