{"nagoya-grampus-eight":{"0":0.0667609519,"1":0.1806976574,"2":0.2445414755,"3":0.2206283288,"4":0.1492901952,"5":0.0808148709,"6":0.0364560855,"7":0.0140961982,"8":0.0047691613,"9":0.0014342653},"ventforet-kofu":{"0":0.4808833928,"1":0.3520693819,"2":0.1288803601,"3":0.0314524127,"4":0.0057568174,"5":0.0008429483,"6":0.000102858,"7":0.0000107579,"8":0.0000009845,"9":0.0000000801}}