{"cerezo-osaka":{"0":0.2236341657,"1":0.3349466742,"2":0.2508321441,"3":0.1252274255,"4":0.0468896485,"5":0.0140457356,"6":0.0035061521,"7":0.0007501882,"8":0.0001404487,"9":0.0000233729},"urawa-red-diamonds":{"0":0.2880498307,"1":0.3585130961,"2":0.2231066058,"3":0.0925611144,"4":0.028800895,"5":0.0071692443,"6":0.0014871663,"7":0.0002644228,"8":0.0000411383,"9":0.0000056891}}