{"sanfrecce-hiroshima":{"0":0.2610576994,"1":0.3506040996,"2":0.2354330765,"3":0.1053966256,"4":0.0353872813,"5":0.0095051216,"6":0.002127585,"7":0.0004081966,"8":0.0000685267,"9":0.0000102258},"albirex-niigata":{"0":0.3916823594,"1":0.3671254717,"2":0.1720541004,"3":0.0537556698,"4":0.0125963521,"5":0.0023613224,"6":0.0003688795,"7":0.0000493932,"8":0.0000057871,"9":0.0000006027}}