{"shimizu-s-pulse":{"0":0.3857237595,"1":0.3674534964,"2":0.175024313,"3":0.0555780263,"4":0.0132363768,"5":0.002521884,"6":0.0004004053,"7":0.0000544914,"8":0.0000064888,"9":0.0000006868},"yokohama-fa-marinos":{"0":0.2603124813,"1":0.3503474148,"2":0.2357614787,"3":0.1057682984,"4":0.0355876615,"5":0.0095792911,"6":0.0021487508,"7":0.0004131349,"8":0.0000695034,"9":0.0000103936}}