{"vegalta-sendai":{"0":0.2032138181,"1":0.3238205207,"2":0.2580034434,"3":0.1370425334,"4":0.0545942015,"5":0.0173991345,"6":0.0046209102,"7":0.0010519149,"8":0.0002095279,"9":0.000037098},"montedio-yamagata":{"0":0.5616915024,"1":0.3239850672,"2":0.0934376996,"3":0.0179650332,"4":0.002590569,"5":0.0002988493,"6":0.0000287295,"7":0.0000023673,"8":0.0000001707,"9":0.0000000109}}