{"vissel-kobe":{"0":0.1780000638,"1":0.307223014,"2":0.2651290632,"3":0.1525350575,"4":0.0658177856,"5":0.0227199227,"6":0.006535656,"7":0.0016114793,"8":0.0003476709,"9":0.0000666744},"gamba-osaka":{"0":0.3099300215,"1":0.3630547372,"2":0.2126427469,"3":0.0830305243,"4":0.0243156706,"5":0.0056967178,"6":0.0011121975,"7":0.0001861197,"8":0.0000272528,"9":0.0000035471}}