{"omiya-ardija":{"0":0.4805638187,"1":0.3521548799,"2":0.1290287102,"3":0.0315172083,"4":0.0057739151,"5":0.0008462195,"6":0.0001033509,"7":0.0000108193,"8":0.000000991,"9":0.0000000807},"jubilo-iwata":{"0":0.1328135814,"1":0.2681252239,"2":0.2706467778,"3":0.1821280302,"4":0.0919204165,"5":0.0371139487,"6":0.0124876609,"7":0.0036014571,"8":0.0009088316,"9":0.0002038619}}