{"kashiwa-reysol":{"0":0.0521988496,"1":0.1541272729,"2":0.2275454004,"3":0.2239573753,"4":0.1653194457,"5":0.0976275743,"6":0.0480440722,"7":0.0202656405,"8":0.0074797815,"9":0.0024539458},"kawasaki-frontale":{"0":0.210674462,"1":0.3281130808,"2":0.2555084104,"3":0.1326464393,"4":0.0516472564,"5":0.0160875127,"6":0.0041758924,"7":0.000929101,"8":0.0001808775,"9":0.0000313007}}