{"kashima-antlers":{"0":0.0788021269,"1":0.200221649,"2":0.2543631137,"3":0.2154298963,"4":0.1368418937,"5":0.0695379952,"6":0.0294472003,"7":0.0106885567,"8":0.003394706,"9":0.000958369},"avispa-fukuoka":{"0":0.3611987495,"1":0.3678184099,"2":0.1872796941,"3":0.0635706513,"4":0.0161839264,"5":0.0032961056,"6":0.0005594188,"7":0.0000813816,"8":0.0000103591,"9":0.0000011721}}