{"kashiwa-reysol":{"0":0.2246946808,"1":0.3354720284,"2":0.2504320116,"3":0.1246327306,"4":0.0465195647,"5":0.0138908608,"6":0.0034565388,"7":0.0007372366,"8":0.000137588,"9":0.0000228245},"nagoya-grampus-eight":{"0":0.1544239439,"1":0.2884722007,"2":0.2694407631,"3":0.1677765937,"4":0.0783539165,"5":0.0292738628,"6":0.0091141907,"7":0.0024322566,"8":0.0005679482,"9":0.0001178842}}