{"albirex-niigata":{"0":0.4257989984,"1":0.3635420236,"2":0.1551938866,"3":0.0441675531,"4":0.0094274304,"5":0.0016098052,"6":0.000229072,"7":0.0000279398,"8":0.0000029818,"9":0.0000002829},"kashima-antlers":{"0":0.3251192573,"1":0.3652920391,"2":0.2052143496,"3":0.0768570983,"4":0.0215884522,"5":0.0048511982,"6":0.000908438,"7":0.0001458125,"8":0.0000204787,"9":0.0000025566}}