{"urawa-red-diamonds":{"0":0.1279830548,"1":0.2631149114,"2":0.2704633698,"3":0.1853447075,"4":0.0952605725,"5":0.0391684307,"6":0.0134207847,"7":0.0039416028,"8":0.0010129217,"9":0.0002313803},"montedio-yamagata":{"0":0.3663960583,"1":0.3678764465,"2":0.184681408,"3":0.0618091985,"4":0.0155147332,"5":0.0031154838,"6":0.0005213453,"7":0.0000747788,"8":0.0000093851,"9":0.000001047}}