{"jubilo-iwata":{"0":0.0921190812,"1":0.2196739021,"2":0.2619252311,"3":0.2082020245,"4":0.1241234458,"5":0.0591987704,"6":0.0235282867,"7":0.0080153249,"8":0.0023892413,"9":0.0006330622},"shimizu-s-pulse":{"0":0.3324823762,"1":0.3661190943,"2":0.201579393,"3":0.0739909542,"4":0.0203691256,"5":0.0044859676,"6":0.000823301,"7":0.0001295133,"8":0.000017827,"9":0.0000021812}}