{"kawasaki-frontale":{"0":0.1422427084,"1":0.2774046412,"2":0.2705001043,"3":0.1758449465,"4":0.0857341034,"5":0.0334400806,"6":0.0108692549,"7":0.0030282062,"8":0.0007382087,"9":0.0001599633},"vissel-kobe":{"0":0.2321381975,"1":0.3390198249,"2":0.2475560741,"3":0.1205121458,"4":0.0439996595,"5":0.0128516177,"6":0.0031281317,"7":0.0006526277,"8":0.000119139,"9":0.0000193326}}