{"avispa-fukuoka":{"0":0.5653852432,"1":0.3224097668,"2":0.0919267517,"3":0.0174736801,"4":0.0024910825,"5":0.0002841069,"6":0.0000270019,"7":0.0000021997,"8":0.0000001568,"9":0.0000000099},"yokohama-fa-marinos":{"0":0.1648848649,"1":0.2972062612,"2":0.2678583075,"3":0.1609388995,"4":0.0725234069,"5":0.0261448019,"6":0.0078543684,"7":0.0020225087,"8":0.0004556985,"9":0.0000912667}}