{"ventforet-kofu":{"0":0.373299381,"1":0.36783971,"2":0.1812299446,"3":0.0595264584,"4":0.0146639643,"5":0.0028898995,"6":0.0004746056,"7":0.0000668092,"8":0.000008229,"9":0.000000901},"vegalta-sendai":{"0":0.2714578021,"1":0.3539670147,"2":0.2307773925,"3":0.1003072842,"4":0.0326988851,"5":0.0085275329,"6":0.0018532441,"7":0.0003452193,"8":0.0000562685,"9":0.0000081524}}