{"cerezo-osaka":{"0":0.1647363287,"1":0.2970869928,"2":0.2678846918,"3":0.1610352295,"4":0.0726030992,"5":0.0261866178,"6":0.0078708641,"7":0.0020277697,"8":0.0004571123,"9":0.0000915956},"sanfrecce-hiroshima":{"0":0.275603207,"1":0.3551955125,"2":0.2288867634,"3":0.0983292274,"4":0.0316815075,"5":0.0081661817,"6":0.0017540864,"7":0.0003229506,"8":0.0000520271,"9":0.0000074502}}