{"gamba-osaka":{"0":0.2004756754,"1":0.3221769119,"2":0.2588791941,"3":0.1386783361,"4":0.0557161835,"5":0.0179078763,"6":0.0047965123,"7":0.0011011849,"8":0.0002212091,"9":0.0000394996},"omiya-ardija":{"0":0.307333036,"1":0.3625986803,"2":0.2139011879,"3":0.0841218693,"4":0.0248122356,"5":0.0058548108,"6":0.0011512737,"7":0.0001940428,"8":0.000028617,"9":0.0000037514}}