{"kashima-antlers":{"0":0.2295599855,"1":0.3378183877,"2":0.2485652341,"3":0.1219287796,"4":0.0448573209,"5":0.0132023251,"6":0.0032380703,"7":0.0006807307,"8":0.0001252196,"9":0.0000204747},"nagoya-grampus-eight":{"0":0.18938189,"1":0.3151295182,"2":0.2621861395,"3":0.1454250137,"4":0.060496432,"5":0.0201330882,"6":0.005583542,"7":0.0013272795,"8":0.0002760724,"9":0.0000510424}}