{"montedio-yamagata":{"0":0.4037429991,"1":0.3661855108,"2":0.1660608712,"3":0.0502044494,"4":0.011383567,"5":0.0020649261,"6":0.00031214,"7":0.0000404434,"8":0.0000045852,"9":0.0000004621},"kawasaki-frontale":{"0":0.2713494444,"1":0.3539340579,"2":0.2308265595,"3":0.1003593737,"4":0.0327258827,"5":0.0085371868,"6":0.0018559102,"7":0.0003458218,"8":0.000056384,"9":0.0000081716}}