{"vegalta-sendai":{"0":0.3429070077,"1":0.3670119929,"2":0.1964057309,"3":0.0700707549,"4":0.0187491119,"5":0.0040134198,"6":0.0007159245,"7":0.0001094644,"8":0.0000146449,"9":0.0000017416},"albirex-niigata":{"0":0.6525435033,"1":0.27855612,"2":0.0594546659,"3":0.0084599525,"4":0.0009028408,"5":0.0000770805,"6":0.000005484,"7":0.0000003344,"8":0.0000000178,"9":0.0000000008}}