{"ventforet-kofu":{"0":0.1004630665,"1":0.2308606224,"2":0.2652548284,"3":0.2031821142,"4":0.1167263527,"5":0.0536466173,"6":0.0205463425,"7":0.0067449683,"8":0.0019374627,"9":0.0004946913},"avispa-fukuoka":{"0":0.340926981,"1":0.3668670774,"2":0.1973904384,"3":0.070803092,"4":0.019047571,"5":0.0040993685,"6":0.0007352128,"7":0.0001130218,"8":0.0000152027,"9":0.0000018177}}