{"omiya-ardija":{"0":0.4231533394,"1":0.3639206147,"2":0.1564896238,"3":0.0448614366,"4":0.0096454406,"5":0.0016590556,"6":0.0002378037,"7":0.0000292166,"8":0.0000031409,"9":0.0000003001},"cerezo-osaka":{"0":0.1057808135,"1":0.2376245515,"2":0.2668982475,"3":0.1998521731,"4":0.1122362871,"5":0.0504252075,"6":0.0188790811,"7":0.0060585294,"8":0.0017012245,"9":0.000424623}}