{"vissel-kobe":{"0":0.2885945382,"1":0.3586458287,"2":0.2228504241,"3":0.0923144925,"4":0.0286805564,"5":0.0071284522,"6":0.0014764599,"7":0.0002621207,"8":0.0000407182,"9":0.0000056224},"kashiwa-reysol":{"0":0.35222741,"1":0.3675416452,"2":0.1917608584,"3":0.066699429,"4":0.017399851,"5":0.0036312733,"6":0.0006315258,"7":0.0000941405,"8":0.0000122792,"9":0.0000014237}}