{"yokohama-fa-marinos":{"0":0.1357203051,"1":0.2710550412,"2":0.2706700198,"3":0.1801903636,"4":0.0899672057,"5":0.0359357645,"6":0.0119615731,"7":0.0034127378,"8":0.0008519725,"9":0.0001890583},"gamba-osaka":{"0":0.2236683849,"1":0.334963704,"2":0.2508192721,"3":0.1252082071,"4":0.0468776632,"5":0.0140407109,"6":0.0035045398,"7":0.0007497666,"8":0.0001403554,"9":0.000023355}}