{"sanfrecce-hiroshima":{"0":0.215139345,"1":0.3305550084,"2":0.2539438185,"3":0.1300589641,"4":0.0499579029,"5":0.0153517573,"6":0.0039312507,"7":0.0008628923,"8":0.0001657259,"9":0.0000282925},"jubilo-iwata":{"0":0.31470283,"1":0.3638362758,"2":0.2103203768,"3":0.0810523191,"4":0.0234266831,"5":0.0054168418,"6":0.001043759,"7":0.0001723882,"8":0.0000249128,"9":0.0000032003}}