{"shimizu-s-pulse":{"0":0.3192920593,"1":0.3645194757,"2":0.2080766563,"3":0.0791835056,"4":0.0225999435,"5":0.0051602408,"6":0.000981864,"7":0.0001601349,"8":0.0000228522,"9":0.0000028988},"urawa-red-diamonds":{"0":0.3693363876,"1":0.3678765599,"2":0.1832112512,"3":0.060829032,"4":0.0151471503,"5":0.003017456,"6":0.0005009216,"7":0.0000712774,"8":0.0000088745,"9":0.0000009822}}