{"jubilo-iwata":{"0":0.1579251055,"1":0.2914720033,"2":0.2689753742,"3":0.1654767321,"4":0.0763523862,"5":0.0281837177,"6":0.008669473,"7":0.0022858111,"8":0.0005273464,"9":0.0001081432},"albirex-niigata":{"0":0.5637004288,"1":0.3231313064,"2":0.0926146547,"3":0.0176965712,"4":0.0025360617,"5":0.0002907505,"6":0.0000277779,"7":0.0000022747,"8":0.000000163,"9":0.0000000104}}