{"avispa-fukuoka":{"0":0.3927561495,"1":0.3670566789,"2":0.1715194093,"3":0.0534320891,"4":0.012483958,"5":0.0023334174,"6":0.0003634556,"7":0.0000485248,"8":0.0000056687,"9":0.0000005886},"sanfrecce-hiroshima":{"0":0.1623128366,"1":0.2951220228,"2":0.2682998158,"3":0.1626102326,"4":0.0739156892,"5":0.0268791405,"6":0.0081454087,"7":0.0021157463,"8":0.0004808641,"9":0.0000971468}}