{"kashiwa-reysol":{"0":0.2532428946,"1":0.3478053598,"2":0.2388390176,"3":0.1093409953,"4":0.0375424,"5":0.0103121929,"6":0.0023604716,"7":0.0004631266,"8":0.0000795076,"9":0.0000121329},"omiya-ardija":{"0":0.4136228921,"1":0.365146541,"2":0.1611757944,"3":0.0474286965,"4":0.0104675205,"5":0.0018481467,"6":0.0002719242,"7":0.0000342935,"8":0.0000037843,"9":0.0000003712}}