{"gamba-osaka":{"0":0.0180858347,"1":0.0725716951,"2":0.1456015449,"3":0.1947481943,"4":0.1953629298,"5":0.1567836846,"6":0.1048523884,"7":0.0601047782,"8":0.0301472514,"9":0.0134410725},"ventforet-kofu":{"0":0.3357641991,"1":0.3664349673,"2":0.1999536961,"3":0.0727395657,"4":0.0198460113,"5":0.0043317736,"6":0.0007879107,"7":0.0001228405,"8":0.0000167577,"9":0.000002032}}