{"cerezo-osaka":{"0":0.0725224441,"1":0.1902886815,"2":0.249645353,"3":0.2183447514,"4":0.1432264707,"5":0.0751612183,"6":0.0328687423,"7":0.0123204216,"8":0.0040408814,"9":0.0011780782},"montedio-yamagata":{"0":0.2351883913,"1":0.3404042505,"2":0.2463451813,"3":0.1188507454,"4":0.0430052039,"5":0.0124488748,"6":0.003003018,"7":0.0006209248,"8":0.0001123384,"9":0.0000180661}}