{"yokohama-fa-marinos":{"0":0.3233260669,"1":0.3650655124,"2":0.2060966344,"3":0.077567489,"4":0.021895246,"5":0.0049443581,"6":0.0009304408,"7":0.0001500793,"8":0.0000211817,"9":0.0000026573},"vegalta-sendai":{"0":0.5161169399,"1":0.3413710529,"2":0.1128951472,"3":0.0248904413,"4":0.0041157708,"5":0.0005444522,"6":0.0000600188,"7":0.0000056711,"8":0.0000004689,"9":0.0000000345}}