{"nagoya-grampus-eight":{"0":0.1007414707,"1":0.2312215958,"2":0.2653496421,"3":0.2030099663,"4":0.116487004,"5":0.0534721416,"6":0.0204548564,"7":0.0067068486,"8":0.001924193,"9":0.0004907115},"vissel-kobe":{"0":0.3267953802,"1":0.3654948331,"2":0.204388558,"3":0.0761974887,"4":0.0213052189,"5":0.0047656411,"6":0.0008883322,"7":0.0001419328,"8":0.0000198426,"9":0.0000024658}}