{"kashima-antlers":{"0":0.1830522543,"1":0.3108197302,"2":0.263883406,"3":0.1493565673,"4":0.0634012514,"5":0.0215308573,"6":0.0060931739,"7":0.0014780156,"8":0.0003137058,"9":0.0000591853},"urawa-red-diamonds":{"0":0.3707850119,"1":0.3678679969,"2":0.1824869653,"3":0.0603504387,"4":0.0149689134,"5":0.0029702302,"6":0.0004911438,"7":0.0000696114,"8":0.000008633,"9":0.0000009517}}