{"kawasaki-frontale":{"0":0.1627995336,"1":0.2955195238,"2":0.2682187933,"3":0.1622934422,"4":0.0736502121,"5":0.0267384987,"6":0.0080894462,"7":0.0020977502,"8":0.0004759889,"9":0.0000960036},"shimizu-s-pulse":{"0":0.2078627985,"1":0.3265268975,"2":0.2564668031,"3":0.1342926041,"4":0.0527392921,"5":0.0165693886,"6":0.0043380787,"7":0.0009735126,"8":0.0001911586,"9":0.0000333652}}