{"gamba-osaka":{"0":0.1205555097,"1":0.2550526578,"2":0.2698004364,"3":0.1902673121,"4":0.1006345205,"5":0.0425813834,"6":0.0150145149,"7":0.0045379119,"8":0.0012000763,"9":0.0002821039},"urawa-red-diamonds":{"0":0.3250200227,"1":0.3652797622,"2":0.2052632074,"3":0.0768962837,"4":0.0216053276,"5":0.0048563094,"6":0.0009096422,"7":0.0001460455,"8":0.000020517,"9":0.000002562}}