{"albirex-niigata":{"0":0.4865331298,"1":0.3505229303,"2":0.1262671719,"3":0.0303230732,"4":0.0054615667,"5":0.0007869574,"6":0.000094494,"7":0.0000097255,"8":0.0000008758,"9":0.0000000701},"yokohama-fa-marinos":{"0":0.3507024809,"1":0.3674720382,"2":0.1925217331,"3":0.067242518,"4":0.0176144642,"5":0.0036913472,"6":0.0006446427,"7":0.0000964954,"8":0.0000126387,"9":0.0000014714}}