{"ventforet-kofu":{"0":0.1566629594,"1":0.2903996321,"2":0.2691508785,"3":0.1663046079,"4":0.077067989,"5":0.0285715471,"6":0.008826982,"7":0.0023374587,"8":0.0005416063,"9":0.0001115503},"kawasaki-frontale":{"0":0.1044177593,"1":0.2359168398,"2":0.2665100059,"3":0.2007136167,"4":0.1133708539,"5":0.0512290127,"6":0.0192907587,"7":0.0062263831,"8":0.0017584516,"9":0.0004414408}}