{"sanfrecce-hiroshima":{"0":0.127848339,"1":0.2629725997,"2":0.2704555599,"3":0.1854342999,"4":0.0953554428,"5":0.0392275236,"6":0.013447918,"7":0.003951595,"8":0.0010160097,"9":0.0002322046},"vissel-kobe":{"0":0.2788651278,"1":0.3561183051,"2":0.2273863502,"3":0.0967928383,"4":0.0309017676,"5":0.0078924785,"6":0.0016798181,"7":0.0003064533,"8":0.0000489186,"9":0.0000069412}}