{"shimizu-s-pulse":{"0":0.4045059806,"1":0.3661138154,"2":0.1656827491,"3":0.0499858645,"4":0.011310411,"5":0.0020473852,"6":0.0003088442,"7":0.0000399331,"8":0.0000045179,"9":0.0000004543},"nagoya-grampus-eight":{"0":0.252400315,"1":0.3474893321,"2":0.2392010405,"3":0.1097724592,"4":0.0377820037,"5":0.0104031908,"6":0.0023870796,"7":0.0004694836,"8":0.0000807945,"9":0.0000123592}}