{"kashima-antlers":{"0":0.1924313564,"1":0.3171299117,"2":0.2613175493,"3":0.1435518148,"4":0.059143914,"5":0.0194940207,"6":0.005354409,"7":0.0012605929,"8":0.0002596846,"9":0.0000475516},"kashiwa-reysol":{"0":0.245407395,"1":0.3447570481,"2":0.2421634895,"3":0.1133999647,"4":0.0398270772,"5":0.0111900993,"6":0.0026200417,"7":0.0005258183,"8":0.000092336,"9":0.000014413}}