{"montedio-yamagata":{"0":0.5486057417,"1":0.3293693008,"2":0.0988725856,"3":0.0197868839,"4":0.0029698888,"5":0.0003566095,"6":0.0000356833,"7":0.0000030605,"8":0.0000002297,"9":0.0000000153},"jubilo-iwata":{"0":0.3779577081,"1":0.3677426349,"2":0.1789018224,"3":0.0580222127,"4":0.0141135112,"5":0.002746413,"6":0.0004453643,"7":0.0000619039,"8":0.0000075289,"9":0.0000008139}}