{"omiya-ardija":{"0":0.2262920844,"1":0.336253904,"2":0.2498246641,"3":0.1237405466,"4":0.0459674075,"5":0.0136608581,"6":0.0033831769,"7":0.0007181657,"8":0.0001333929,"9":0.0000220236},"avispa-fukuoka":{"0":0.3744382102,"1":0.3678213188,"2":0.1806606789,"3":0.0591560435,"4":0.0145276666,"5":0.0028541881,"6":0.0004672917,"7":0.0000655763,"8":0.0000080522,"9":0.0000008789}}