{"vegalta-sendai":{"0":0.3528208451,"1":0.3675669471,"2":0.1914646803,"3":0.066488974,"4":0.017316968,"5":0.0036081457,"6":0.0006264913,"7":0.0000932393,"8":0.000012142,"9":0.0000014055},"cerezo-osaka":{"0":0.4396269145,"1":0.3612980743,"2":0.1484625874,"3":0.0406702783,"4":0.0083560019,"5":0.0013734407,"6":0.0001881222,"7":0.0000220863,"8":0.0000022689,"9":0.0000002072}}