{"urawa-red-diamonds":{"0":0.3927368891,"1":0.3670579387,"2":0.1715289983,"3":0.0534378802,"4":0.0124859662,"5":0.0023339152,"6":0.0003635522,"7":0.0000485402,"8":0.0000056708,"9":0.0000005889},"omiya-ardija":{"0":0.3975964178,"1":0.3667102588,"2":0.1691117021,"3":0.0519915785,"4":0.0119881897,"5":0.0022113842,"6":0.0003399332,"7":0.0000447895,"8":0.0000051638,"9":0.0000005292}}