{"jubilo-iwata":{"0":0.2071962082,"1":0.3261452865,"2":0.2566908651,"3":0.1346847616,"4":0.0530014528,"5":0.0166858015,"6":0.0043774896,"7":0.0009843655,"8":0.0001936849,"9":0.0000338752},"kashima-antlers":{"0":0.3109045799,"1":0.3632202545,"2":0.2121695236,"3":0.0826237087,"4":0.0241316842,"5":0.0056384608,"6":0.0010978734,"7":0.0001832302,"8":0.0000267578,"9":0.0000034734}}