{"kashiwa-reysol":{"0":0.0501377043,"1":0.1500612451,"2":0.2245653008,"3":0.2240399657,"4":0.1676368946,"5":0.1003468407,"6":0.0500560476,"7":0.0214024069,"8":0.0080071272,"9":0.0026627986},"montedio-yamagata":{"0":0.3158042068,"1":0.3640063049,"2":0.2097828134,"3":0.0806008545,"4":0.0232257983,"5":0.0053541636,"6":0.0010285642,"7":0.0001693653,"8":0.000024402,"9":0.0000031252}}