{"avispa-fukuoka":{"0":0.5295700563,"1":0.3366422918,"2":0.1070000383,"3":0.0226729449,"4":0.00360324,"5":0.0004581086,"6":0.0000485358,"7":0.0000044077,"8":0.0000003502,"9":0.0000000247},"vegalta-sendai":{"0":0.2099584697,"1":0.3277127392,"2":0.2557544822,"3":0.1330644135,"4":0.0519232488,"5":0.0162088342,"6":0.0042165811,"7":0.0009402045,"8":0.0001834393,"9":0.0000318134}}