{"yokohama-fa-marinos":{"0":0.1580829115,"1":0.2916053706,"2":0.2689528279,"3":0.1653733228,"4":0.0762633808,"5":0.0281356299,"6":0.0086499975,"7":0.0022794419,"8":0.0005255925,"9":0.0001077252},"sanfrecce-hiroshima":{"0":0.3578198742,"1":0.367740632,"2":0.1889682242,"3":0.0647358249,"4":0.0166326655,"5":0.0034187631,"6":0.0005855917,"7":0.0000859754,"8":0.0000110449,"9":0.0000012612}}