{"nagoya-grampus-eight":{"0":0.0801512403,"1":0.2022889003,"2":0.2552724016,"3":0.2147555596,"4":0.1355021639,"5":0.0683971542,"6":0.0287705781,"7":0.0103731905,"8":0.0032725341,"9":0.0009177058},"gamba-osaka":{"0":0.1681081472,"1":0.2997616684,"2":0.2672596757,"3":0.1588544986,"4":0.0708152613,"5":0.0252548151,"6":0.0075055112,"7":0.0019119194,"8":0.0004261543,"9":0.0000844329}}