{"cerezo-osaka":{"0":0.0352623565,"1":0.1179504412,"2":0.1972685313,"3":0.2199504192,"4":0.1839301987,"5":0.123047069,"6":0.0685974955,"7":0.0327792081,"8":0.0137055576,"9":0.0050938064},"ventforet-kofu":{"0":0.2847598679,"1":0.3576894394,"2":0.224648466,"3":0.0940609884,"4":0.029537714,"5":0.0074205178,"6":0.0015534966,"7":0.0002787659,"8":0.00004377,"9":0.0000061089}}