{"kawasaki-frontale":{"0":0.2525657506,"1":0.3475516039,"2":0.2391300426,"3":0.1096876485,"4":0.0377348454,"5":0.0103852609,"6":0.0023818313,"7":0.0004682285,"8":0.0000805402,"9":0.0000123144},"albirex-niigata":{"0":0.4739541153,"1":0.3538753591,"2":0.1321095922,"3":0.0328796451,"4":0.0061373537,"5":0.0009164846,"6":0.0001140481,"7":0.0000121648,"8":0.0000011353,"9":0.0000000942}}