{"vissel-kobe":{"0":0.2710547513,"1":0.3538442086,"2":0.2309602089,"3":0.1005011373,"4":0.0327994116,"5":0.0085634963,"6":0.0018631805,"7":0.0003474657,"8":0.0000566992,"9":0.0000082241},"shimizu-s-pulse":{"0":0.2979475707,"1":0.3607661647,"2":0.2184146447,"3":0.0881548986,"4":0.0266853197,"5":0.0064623185,"6":0.0013041365,"7":0.0002255854,"8":0.0000341434,"9":0.0000045936}}