{"montedio-yamagata":{"0":0.4479120955,"1":0.3597443088,"2":0.1444658104,"3":0.038676304,"4":0.0077657985,"5":0.0012474331,"6":0.000166981,"7":0.0000191589,"8":0.0000019235,"9":0.0000001716},"gamba-osaka":{"0":0.1840054378,"1":0.3114825593,"2":0.2636372759,"3":0.1487608453,"4":0.0629552167,"5":0.0213139918,"6":0.0060133519,"7":0.0014541917,"8":0.0003077051,"9":0.0000578756}}