{"yokohama-fa-marinos":{"0":0.2701303841,"1":0.3535602971,"2":0.2313787915,"3":0.1009467515,"4":0.0330310524,"5":0.0086465421,"6":0.0018861719,"7":0.0003526739,"8":0.0000576997,"9":0.0000083911},"urawa-red-diamonds":{"0":0.5080801911,"1":0.3440292203,"2":0.1164738426,"3":0.026288767,"4":0.0044501361,"5":0.0006026517,"6":0.0000680108,"7":0.0000065787,"8":0.0000005568,"9":0.0000000419}}