{"vegalta-sendai":{"0":0.1953899473,"1":0.3190244971,"2":0.2604448979,"3":0.1417478291,"4":0.0578599751,"5":0.0188942673,"6":0.0051416276,"7":0.0011992905,"8":0.0002447689,"9":0.0000444054},"kawasaki-frontale":{"0":0.4120133582,"1":0.3653320417,"2":0.1619698707,"3":0.0478728682,"4":0.0106122122,"5":0.0018819687,"6":0.0002781234,"7":0.0000352303,"8":0.0000039048,"9":0.0000003847}}