{"sanfrecce-hiroshima":{"0":0.2110906391,"1":0.3283446643,"2":0.2553647547,"3":0.1324038732,"4":0.051487486,"5":0.016017424,"6":0.0041524309,"7":0.0009227103,"8":0.0001794058,"9":0.0000310066},"kashiwa-reysol":{"0":0.279122868,"1":0.356189587,"2":0.2272673372,"3":0.0966721926,"4":0.0308409238,"5":0.0078712403,"6":0.0016740858,"7":0.0003051866,"8":0.0000486812,"9":0.0000069025}}