{"kashima-antlers":{"0":0.1613049965,"1":0.2942942426,"2":0.2684637894,"3":0.1632669979,"4":0.0744684581,"5":0.0271729196,"6":0.0082626432,"7":0.0021535497,"8":0.0004911327,"9":0.0000995612},"vissel-kobe":{"0":0.3132448067,"1":0.363605257,"2":0.2110310851,"3":0.0816528695,"4":0.0236950557,"5":0.0055009032,"6":0.0010642141,"7":0.0001764726,"8":0.0000256055,"9":0.0000033025}}