{"jubilo-iwata":{"0":0.1955638935,"1":0.3191344856,"2":0.2603926984,"3":0.1416421821,"4":0.0577853408,"5":0.0188596112,"6":0.0051293998,"7":0.0011957863,"8":0.0002439207,"9":0.0000442274},"cerezo-osaka":{"0":0.2966269119,"1":0.3604847887,"2":0.2190449984,"3":0.0887336772,"4":0.0269590684,"5":0.006552564,"6":0.0013272001,"7":0.0002304171,"8":0.0000350027,"9":0.0000047264}}