{"albirex-niigata":{"0":0.1027587072,"1":0.2338142531,"2":0.2660071657,"3":0.2017550578,"4":0.1147669366,"5":0.0522274876,"6":0.0198061578,"7":0.0064380529,"8":0.0018311204,"9":0.0004629422},"avispa-fukuoka":{"0":0.4409979609,"1":0.3610516576,"2":0.1477992089,"3":0.0403351444,"4":0.0082557472,"5":0.0013518209,"6":0.0001844593,"7":0.0000215742,"8":0.0000022079,"9":0.0000002008}}