{"omiya-ardija":{"0":0.5095352033,"1":0.3435573387,"2":0.115822856,"3":0.0260314315,"4":0.0043879644,"5":0.0005917226,"6":0.0000664954,"7":0.000006405,"8":0.0000005398,"9":0.0000000404},"nagoya-grampus-eight":{"0":0.1427431434,"1":0.2778792854,"2":0.2704749784,"3":0.1755119766,"4":0.0854176626,"5":0.0332566573,"6":0.0107901694,"7":0.0030007592,"8":0.0007302004,"9":0.000157943}}