{"shimizu-s-pulse":{"0":0.1840942007,"1":0.3115440319,"2":0.2636141808,"3":0.1487054353,"4":0.062913838,"5":0.0212939144,"6":0.0060059759,"7":0.0014519942,"8":0.0003071526,"9":0.0000577552},"ventforet-kofu":{"0":0.3624511753,"1":0.3678391942,"2":0.1866536543,"3":0.0631427849,"4":0.0160203585,"5":0.0032517018,"6":0.0005500067,"7":0.0000797404,"8":0.0000101157,"9":0.0000011407}}