{"nagoya-grampus-eight":{"0":0.137568115,"1":0.2728850795,"2":0.2706523478,"3":0.1789585894,"4":0.0887471797,"5":0.0352084219,"6":0.0116401161,"7":0.0032985364,"8":0.000817887,"9":0.0001802656},"cerezo-osaka":{"0":0.2399122806,"1":0.3424704429,"2":0.2444351827,"3":0.1163089346,"4":0.0415072253,"5":0.0118501627,"6":0.0028193155,"7":0.0005749317,"8":0.0001025881,"9":0.0000162714}}