{"ventforet-kofu":{"0":0.3007255114,"1":0.3613389493,"2":0.2170847357,"3":0.0869465867,"4":0.0261178276,"5":0.0062764136,"6":0.0012569118,"7":0.0002157502,"8":0.0000324045,"9":0.0000043262},"yokohama-fa-marinos":{"0":0.2258222588,"1":0.3360251142,"2":0.2500038702,"3":0.1240025075,"4":0.0461291515,"5":0.0137281006,"6":0.0034045851,"7":0.0007237209,"8":0.0001346127,"9":0.0000222561}}