{"vissel-kobe":{"0":0.1967041133,"1":0.3198516366,"2":0.2600481192,"3":0.1409508171,"4":0.0572984326,"5":0.0186340765,"6":0.0050500044,"7":0.0011730833,"8":0.0002384372,"9":0.0000430791},"montedio-yamagata":{"0":0.4582966648,"1":0.357580732,"2":0.1394991386,"3":0.0362808692,"4":0.0070769333,"5":0.0011043393,"6":0.000143608,"7":0.0000160069,"8":0.0000015612,"9":0.0000001353}}