{"avispa-fukuoka":{"0":0.3858541271,"1":0.3674472994,"2":0.1749592765,"3":0.0555376666,"4":0.0132220729,"5":0.0025182651,"6":0.0003996889,"7":0.0000543746,"8":0.0000064726,"9":0.0000006849},"shimizu-s-pulse":{"0":0.1956539173,"1":0.319191348,"2":0.2603656447,"3":0.141587524,"4":0.0577467516,"5":0.0188417014,"6":0.0051230835,"7":0.001193977,"8":0.0002434829,"9":0.0000441356}}