{"vegalta-sendai":{"0":0.2019557764,"1":0.3230699751,"2":0.2584085751,"3":0.1377926287,"4":0.0551069421,"5":0.0176309871,"6":0.0047007342,"7":0.0010742565,"8":0.0002148119,"9":0.0000381818},"sanfrecce-hiroshima":{"0":0.4706504886,"1":0.3547008097,"2":0.1336582745,"3":0.0335767194,"4":0.0063261857,"5":0.0009535327,"6":0.00011977,"7":0.0000128948,"8":0.0000012148,"9":0.0000001017}}