{"kawasaki-frontale":{"0":0.3652446848,"1":0.3678699835,"2":0.1852570761,"3":0.0621962211,"4":0.0156608185,"5":0.003154677,"6":0.0005295587,"7":0.000076195,"8":0.0000095928,"9":0.0000010735},"omiya-ardija":{"0":0.2868840222,"1":0.3582255515,"2":0.2236540481,"3":0.0930905738,"4":0.0290600204,"5":0.0072573173,"6":0.0015103412,"7":0.0002694184,"8":0.0000420521,"9":0.0000058344}}