{"urawa-red-diamonds":{"0":0.261082967,"1":0.3506127655,"2":0.2354219288,"3":0.10538404,"4":0.0353805058,"5":0.0095026168,"6":0.002126871,"7":0.0004080302,"8":0.0000684938,"9":0.0000102202},"jubilo-iwata":{"0":0.3117879098,"1":0.363367638,"2":0.2117401545,"3":0.0822562576,"4":0.0239660207,"5":0.005586154,"6":0.0010850472,"7":0.0001806498,"8":0.0000263169,"9":0.0000034078}}