{"gamba-osaka":{"0":0.1545942052,"1":0.2886199028,"2":0.2694196984,"3":0.1676645147,"4":0.0782553846,"5":0.0292198035,"6":0.0090919933,"7":0.0024249017,"8":0.0005658968,"9":0.0001173891},"kashima-antlers":{"0":0.2195565622,"1":0.3328796703,"2":0.2523469893,"3":0.1275315751,"4":0.0483391025,"5":0.0146578215,"6":0.0037038981,"7":0.0008022354,"8":0.0001520382,"9":0.0000256124}}