{"kashiwa-reysol":{"0":0.1717768213,"1":0.3025950391,"2":0.2665195368,"3":0.1564966469,"4":0.0689195269,"5":0.0242811653,"6":0.007128785,"7":0.0017939681,"8":0.0003950226,"9":0.0000773173},"albirex-niigata":{"0":0.4876418124,"1":0.3502117361,"2":0.1257565051,"3":0.030105023,"4":0.0054051622,"5":0.0007763695,"6":0.0000929281,"7":0.0000095341,"8":0.0000008559,"9":0.0000000683}}