{"cerezo-osaka":{"0":0.0556939916,"1":0.160837732,"2":0.2322402767,"3":0.2235609164,"4":0.1614044429,"5":0.0932234296,"6":0.0448697264,"7":0.0185112172,"8":0.0066822787,"9":0.0021441821},"vissel-kobe":{"0":0.2368470016,"1":0.3411404256,"2":0.2456792554,"3":0.1179539607,"4":0.0424734787,"5":0.0122352578,"6":0.0029371571,"7":0.0006043582,"8":0.0001088102,"9":0.0000174138}}