{"shimizu-s-pulse":{"0":0.2126622316,"1":0.3292117972,"2":0.2548181842,"3":0.1314904419,"4":0.0508884492,"5":0.0157555742,"6":0.0040650698,"7":0.0008989903,"8":0.0001739603,"9":0.0000299221},"kashiwa-reysol":{"0":0.4484545,"1":0.3596372126,"2":0.144205181,"3":0.0385483547,"4":0.0077284445,"5":0.0012395622,"6":0.0001656774,"7":0.0000189807,"8":0.0000019027,"9":0.0000001695}}