{"urawa-red-diamonds":{"0":0.4470500394,"1":0.3599131673,"2":0.1448803004,"3":0.0388803066,"4":0.0078254854,"5":0.0012600358,"6":0.0001690726,"7":0.0000194454,"8":0.0000019569,"9":0.0000001751},"vegalta-sendai":{"0":0.2781871252,"1":0.3559296552,"2":0.227699106,"3":0.0971107298,"4":0.0310623547,"5":0.007948616,"6":0.0016949911,"7":0.0003098108,"8":0.0000495489,"9":0.000007044}}