{"yokohama-fa-marinos":{"0":0.3901087016,"1":0.3672209682,"2":0.1728380306,"3":0.0542325329,"4":0.0127626756,"5":0.0024027775,"6":0.0003769677,"7":0.000050693,"8":0.0000059649,"9":0.0000006239},"nagoya-grampus-eight":{"0":0.2571238617,"1":0.3492249496,"2":0.237158202,"3":0.1073692145,"4":0.0364571459,"5":0.0099031998,"6":0.00224175,"7":0.0004349627,"8":0.0000738456,"9":0.0000111441}}