{"sanfrecce-hiroshima":{"0":0.1906223215,"1":0.3159490985,"2":0.2618366832,"3":0.1446613796,"4":0.0599426553,"5":0.0198705249,"6":0.0054891039,"7":0.001299711,"8":0.0002692776,"9":0.0000495908},"kawasaki-frontale":{"0":0.2153795334,"1":0.3306837281,"2":0.2538582155,"3":0.1299207029,"4":0.0498685526,"5":0.0153131717,"6":0.0039185221,"7":0.0008594738,"8":0.0001649495,"9":0.0000281395}}