{"albirex-niigata":{"0":0.1619074963,"1":0.2947898547,"2":0.2683663834,"3":0.1628742522,"4":0.0741375141,"5":0.0269968809,"6":0.008192339,"7":0.0021308626,"8":0.0004849657,"9":0.0000981102},"gamba-osaka":{"0":0.1376329413,"1":0.2729488297,"2":0.2706512806,"3":0.1789153808,"4":0.0887046795,"5":0.0351832029,"6":0.011629016,"7":0.0032946082,"8":0.0008167189,"9":0.0001799654}}