{"omiya-ardija":{"0":0.4738017935,"1":0.3539139262,"2":0.1321808706,"3":0.0329115476,"4":0.0061459534,"5":0.0009181639,"6":0.0001143062,"7":0.0000121976,"8":0.0000011389,"9":0.0000000945},"kashima-antlers":{"0":0.1450686668,"1":0.2800620368,"2":0.2703366144,"3":0.1739659443,"4":0.0839624051,"5":0.0324186921,"6":0.010430974,"7":0.0028767853,"8":0.0006942215,"9":0.0001489142}}