{"montedio-yamagata":{"0":0.3788653599,"1":0.3677170148,"2":0.1784483583,"3":0.0577324687,"4":0.0140084139,"5":0.0027192415,"6":0.000439871,"7":0.0000609897,"8":0.0000073994,"9":0.000000798},"avispa-fukuoka":{"0":0.3690166256,"1":0.3678776854,"2":0.1833711302,"3":0.0609350566,"4":0.0151867464,"5":0.0030279747,"6":0.0005031049,"7":0.0000716503,"8":0.0000089286,"9":0.000000989}}