{"jubilo-iwata":{"0":0.0955975522,"1":0.2244255845,"2":0.2634316559,"3":0.2061447598,"4":0.1209867751,"5":0.0568059058,"6":0.0222263337,"7":0.0074541029,"8":0.002187414,"9":0.0005705768},"ventforet-kofu":{"0":0.2933274134,"1":0.3597560531,"2":0.2206142552,"3":0.0901919494,"4":0.0276543363,"5":0.0067834198,"6":0.0013866054,"7":0.0002429463,"8":0.0000372457,"9":0.0000050756}}