{"kawasaki-frontale":{"0":0.3587791828,"1":0.3677659446,"2":0.1884889041,"3":0.0644034021,"4":0.0165041473,"5":0.0033835092,"6":0.0005780433,"7":0.000084646,"8":0.0000108458,"9":0.0000012353},"yokohama-fa-marinos":{"0":0.2762474289,"1":0.355380807,"2":0.2285913003,"3":0.0980243944,"4":0.0315260748,"5":0.0081113963,"6":0.0017391622,"7":0.0003196228,"8":0.0000513977,"9":0.0000073468}}