{"vissel-kobe":{"0":0.3153468108,"1":0.3639361598,"2":0.2100061327,"3":0.0807881174,"4":0.0233090332,"5":0.0053801083,"6":0.0010348479,"7":0.0001706142,"8":0.0000246129,"9":0.0000031561},"jubilo-iwata":{"0":0.2587141116,"1":0.3497896654,"2":0.2364633481,"3":0.106568643,"4":0.0360210444,"5":0.0097403184,"6":0.0021948698,"7":0.0004239333,"8":0.0000716464,"9":0.0000107631}}