{"gamba-osaka":{"0":0.2185641192,"1":0.332365179,"2":0.2527098515,"3":0.1280965899,"4":0.0486983479,"5":0.0148108804,"6":0.003753758,"7":0.0008154642,"8":0.0001550071,"9":0.0000261906},"vegalta-sendai":{"0":0.3184687996,"1":0.3644017995,"2":0.2084798757,"3":0.0795163628,"4":0.0227462673,"5":0.0052053958,"6":0.0009926957,"7":0.0001622676,"8":0.0000232089,"9":0.0000029507}}