{"ventforet-kofu":{"0":0.2586084474,"1":0.3497524467,"2":0.2365096253,"3":0.1066217041,"4":0.0360498683,"5":0.0097510578,"6":0.0021979537,"7":0.0004246573,"8":0.0000717904,"9":0.000010788},"albirex-niigata":{"0":0.3784116164,"1":0.3677300947,"2":0.1786750415,"3":0.0578771784,"4":0.0140608661,"5":0.0027327933,"6":0.000442609,"7":0.0000614451,"8":0.0000074638,"9":0.0000008059}}