{"kashiwa-reysol":{"0":0.1352982571,"1":0.2706335352,"2":0.2706705614,"3":0.1804717284,"4":0.0902482096,"5":0.0361042227,"6":0.0120363874,"7":0.0034394383,"8":0.0008599772,"9":0.0001911322},"cerezo-osaka":{"0":0.1763636715,"1":0.306027495,"2":0.2655105412,"3":0.1535719255,"4":0.0666197739,"5":0.0231198209,"6":0.0066862796,"7":0.00165744,"8":0.0003595002,"9":0.0000693119}}