{"nagoya-grampus-eight":{"0":0.0306573706,"1":0.1068373241,"2":0.1861577429,"3":0.216245933,"4":0.1883978991,"5":0.1313088959,"6":0.076266005,"7":0.0379682916,"8":0.0165393778,"9":0.0064041981},"montedio-yamagata":{"0":0.4769304455,"1":0.3531119644,"2":0.130719333,"3":0.032260861,"4":0.0059713613,"5":0.0008842208,"6":0.0001091106,"7":0.0000115405,"8":0.0000010681,"9":0.0000000879}}