{"sanfrecce-hiroshima":{"0":0.3721570612,"1":0.3678546674,"2":0.1818010061,"3":0.0598997535,"4":0.0148018177,"5":0.0029261397,"6":0.0004820519,"7":0.0000680684,"8":0.0000084102,"9":0.0000009237},"omiya-ardija":{"0":0.3678794412,"1":0.3678794412,"2":0.1839397206,"3":0.0613132402,"4":0.01532831,"5":0.003065662,"6":0.0005109437,"7":0.000072992,"8":0.000009124,"9":0.0000010138}}