{"kashima-antlers":{"0":0.114732406,"1":0.2484131863,"2":0.2689262487,"3":0.1940888038,"4":0.1050579776,"5":0.0454933142,"6":0.0164166625,"7":0.0050777975,"8":0.0013742759,"9":0.000330613},"shimizu-s-pulse":{"0":0.4437473101,"1":0.3605446894,"2":0.1464712801,"3":0.039669305,"4":0.0080578276,"5":0.001309397,"6":0.0001773142,"7":0.0000205811,"8":0.0000020903,"9":0.0000001887}}