{"avispa-fukuoka":{"0":0.5255221905,"1":0.3381014606,"2":0.1087609617,"3":0.0233242545,"4":0.0037514898,"5":0.0004827138,"6":0.00005176,"7":0.0000047572,"8":0.0000003826,"9":0.0000000273},"urawa-red-diamonds":{"0":0.2810477292,"1":0.3567144255,"2":0.2263764624,"3":0.0957746572,"4":0.0303900354,"5":0.0077143936,"6":0.001631891,"7":0.0002958923,"8":0.0000469445,"9":0.0000066204}}