{"vegalta-sendai":{"0":0.3302567829,"1":0.3658864689,"2":0.2026800282,"3":0.0748487073,"4":0.0207309362,"5":0.0045934978,"6":0.0008481777,"7":0.0001342405,"8":0.0000185904,"9":0.0000022884},"vissel-kobe":{"0":0.6045256015,"1":0.3042645412,"2":0.0765698845,"3":0.0128461616,"4":0.0016164044,"5":0.0001627109,"6":0.000013649,"7":0.0000009814,"8":0.0000000617,"9":0.0000000035}}