{"montedio-yamagata":{"0":0.4987868752,"1":0.3469443682,"2":0.1206631535,"3":0.0279768131,"4":0.0048650026,"5":0.0006767962,"6":0.0000784606,"7":0.0000077965,"8":0.0000006779,"9":0.0000000524},"sanfrecce-hiroshima":{"0":0.1776903794,"1":0.3069979225,"2":0.2652021024,"3":0.1527310121,"4":0.0659688267,"5":0.0227950358,"6":0.0065638787,"7":0.0016200709,"8":0.0003498771,"9":0.0000671652}}