{"omiya-ardija":{"0":0.2487883469,"1":0.3461025945,"2":0.2407407892,"3":0.1116357375,"4":0.038825591,"5":0.0108024656,"6":0.0025046466,"7":0.0004977637,"8":0.0000865582,"9":0.0000133795},"ventforet-kofu":{"0":0.207530822,"1":0.3263371145,"2":0.2565785441,"3":0.1344878171,"4":0.0528696964,"5":0.0166272595,"6":0.0043576595,"7":0.0009789018,"8":0.0001924124,"9":0.0000336182}}