{"jubilo-iwata":{"0":0.1860735558,"1":0.3129037517,"2":0.2630915431,"3":0.1474727392,"4":0.061998027,"5":0.0208513404,"6":0.0058439816,"7":0.0014039024,"8":0.0002951026,"9":0.0000551387},"kawasaki-frontale":{"0":0.1704974673,"1":0.3016159593,"2":0.2667845696,"3":0.1573170659,"4":0.0695748425,"5":0.024616064,"6":0.0072577791,"7":0.0018341806,"8":0.0004055912,"9":0.0000797228}}