{"urawa-red-diamonds":{"0":0.3277080222,"1":0.3656016359,"2":0.2039384866,"3":0.0758401171,"4":0.02115242,"5":0.0047196644,"6":0.0008775683,"7":0.0001398634,"8":0.0000195045,"9":0.0000024178},"kashiwa-reysol":{"0":0.2098402421,"1":0.3276463984,"2":0.2557949832,"3":0.1331335117,"4":0.0519689589,"5":0.0162289578,"6":0.0042233396,"7":0.0009420514,"8":0.0001838659,"9":0.0000318989}}