{"yokohama-fa-marinos":{"0":0.4825363313,"1":0.3516237725,"2":0.1281139568,"3":0.0311188401,"4":0.0056690674,"5":0.0008262088,"6":0.0001003429,"7":0.0000104457,"8":0.0000009515,"9":0.000000077},"kashima-antlers":{"0":0.33658837,"1":0.3665092414,"2":0.1995449576,"3":0.0724278055,"4":0.0197165607,"5":0.0042938511,"6":0.0007792585,"7":0.0001212186,"8":0.0000164993,"9":0.0000019962}}