{"cerezo-osaka":{"0":0.0440771826,"1":0.1376007231,"2":0.2147818652,"3":0.2235029419,"4":0.1744335991,"5":0.1089098166,"6":0.0566660141,"7":0.0252715288,"8":0.0098616235,"9":0.0034206827},"avispa-fukuoka":{"0":0.1808451048,"1":0.3092658158,"2":0.2644399608,"3":0.1507408607,"4":0.0644460287,"5":0.0220420162,"6":0.0062823948,"7":0.001534802,"8":0.0003280859,"9":0.0000623405}}