{"albirex-niigata":{"0":0.3189462705,"1":0.3644703078,"2":0.2082460551,"3":0.0793231868,"4":0.0226612983,"5":0.005179161,"6":0.0009863994,"7":0.0001610272,"8":0.0000230014,"9":0.0000029205},"nagoya-grampus-eight":{"0":0.211070381,"1":0.3283334106,"2":0.2553717579,"3":0.1324156739,"4":0.051495252,"5":0.0160208283,"6":0.0041535697,"7":0.0009230203,"8":0.0001794771,"9":0.0000310209}}