{"shimizu-s-pulse":{"0":0.1757063847,"1":0.3055430268,"2":0.26566064,"3":0.1539893882,"4":0.0669446131,"5":0.0232825458,"6":0.0067478287,"7":0.0016762965,"8":0.0003643726,"9":0.0000704025},"gamba-osaka":{"0":0.2125346967,"1":0.3291418634,"2":0.2548627776,"3":0.1315644157,"4":0.0509368089,"5":0.0157766581,"6":0.004072087,"7":0.0009008911,"8":0.0001743956,"9":0.0000300086}}