{"vegalta-sendai":{"0":0.3750845643,"1":0.3678093392,"2":0.180337613,"3":0.0589465813,"4":0.01445081,"5":0.0028341038,"6":0.0004631888,"7":0.0000648864,"8":0.0000079535,"9":0.0000008666},"consadole-sapporo":{"0":0.4629774533,"1":0.3565282527,"2":0.1372770899,"3":0.035237973,"4":0.0067839875,"5":0.0010448384,"6":0.000134101,"7":0.0000147526,"8":0.0000014201,"9":0.0000001215}}