{"sagan-tosu":{"0":0.4151450264,"1":0.3649653505,"2":0.1604255123,"3":0.0470114856,"4":0.0103322708,"5":0.0018166764,"6":0.0002661817,"7":0.0000334297,"8":0.0000036736,"9":0.0000003588},"kashiwa-reysol":{"0":0.0329270247,"1":0.1123951324,"2":0.1918282309,"3":0.218266096,"4":0.186260731,"5":0.1271587683,"6":0.0723419275,"7":0.0352766267,"8":0.0150519261,"9":0.0057087967}}