{"omiya-ardija":{"0":0.0959105184,"1":0.2248468284,"2":0.2635586644,"3":0.2059570066,"4":0.1207082928,"5":0.0565962467,"6":0.0221134706,"7":0.0074059265,"8":0.0021702509,"9":0.0005653117},"kawasaki-frontale":{"0":0.3591416279,"1":0.3677748401,"2":0.1883077907,"3":0.0642781401,"4":0.0164558219,"5":0.0033702789,"6":0.0005752159,"7":0.000084149,"8":0.0000107715,"9":0.0000012256}}