{"yokohama-fa-marinos":{"0":0.2095290089,"1":0.3274714385,"2":0.2559014228,"3":0.1333155211,"4":0.0520894764,"5":0.0162820565,"6":0.0042411856,"7":0.0009469314,"8":0.0001849941,"9":0.0000321251},"urawa-red-diamonds":{"0":0.1365334148,"1":0.27186341,"2":0.270665294,"3":0.1796483055,"4":0.0894282931,"5":0.0356136712,"6":0.0118189066,"7":0.0033619486,"8":0.0008367831,"9":0.0001851323}}