{"sanfrecce-hiroshima":{"0":0.167601939,"1":0.2993644696,"2":0.2673569477,"3":0.1591810758,"4":0.0710808577,"5":0.025392407,"6":0.0075591652,"7":0.0019288436,"8":0.0004306538,"9":0.0000854687},"albirex-niigata":{"0":0.505254858,"1":0.344933605,"2":0.1177417594,"3":0.0267937978,"4":0.0045729799,"5":0.0006243876,"6":0.0000710441,"7":0.0000069288,"8":0.0000005913,"9":0.0000000449}}