{"shimizu-s-pulse":{"0":0.3133457351,"1":0.363621467,"2":0.2109819227,"3":0.0816111914,"4":0.0236763883,"5":0.005495044,"6":0.0010627856,"7":0.0001761868,"8":0.000025557,"9":0.0000032953},"vissel-kobe":{"0":0.0780929286,"1":0.1991257045,"2":0.2538709132,"3":0.2157780709,"4":0.1375507397,"5":0.0701469095,"6":0.0298107503,"7":0.0108590162,"8":0.0034611156,"9":0.000980594}}