{"cerezo-osaka":{"0":0.4130647398,"1":0.3652115794,"2":0.1614510812,"3":0.0475823753,"4":0.0105175005,"5":0.0018598116,"6":0.000274059,"7":0.0000346156,"8":0.0000038257,"9":0.0000003758},"jubilo-iwata":{"0":0.4697696454,"1":0.3549169898,"2":0.134072168,"3":0.0337644139,"4":0.0063773619,"5":0.0009636357,"6":0.0001213399,"7":0.0000130963,"8":0.0000012368,"9":0.0000001038}}