{"kashima-antlers":{"0":0.5118051357,"1":0.3428128739,"2":0.1148099719,"3":0.025633673,"4":0.0042924311,"5":0.0005750238,"6":0.0000641929,"7":0.0000061424,"8":0.0000005143,"9":0.0000000383},"fc-tokyo":{"0":0.2780239336,"1":0.3558840015,"2":0.2277743159,"3":0.0971873583,"4":0.0311011228,"5":0.0079621865,"6":0.0016986636,"7":0.0003106244,"8":0.0000497018,"9":0.000007069}}