{"gamba-osaka":{"0":0.0952556951,"1":0.223964283,"2":0.2632913446,"3":0.2063493673,"4":0.1212916668,"5":0.0570359624,"6":0.0223504019,"7":0.0075071503,"8":0.0022063425,"9":0.0005763924},"ventforet-kofu":{"0":0.4205347891,"1":0.3642790388,"2":0.1577743644,"3":0.0455561944,"4":0.0098655136,"5":0.001709157,"6":0.0002467533,"7":0.0000305349,"8":0.0000033063,"9":0.0000003182}}