{"kawasaki-frontale":{"0":0.1103342293,"1":0.2432032399,"2":0.268039285,"3":0.1969410669,"4":0.1085263971,"5":0.0478436684,"6":0.0175764965,"7":0.0055346908,"8":0.0015249741,"9":0.0003734901},"sagan-tosu":{"0":0.2439689574,"1":0.3441704934,"2":0.2427631159,"3":0.1141564652,"4":0.0402605391,"5":0.0113592235,"6":0.0026707698,"7":0.0005382419,"8":0.0000949132,"9":0.0000148773}}