{"sanfrecce-hiroshima":{"0":0.1989491763,"1":0.3212444053,"2":0.2593576154,"3":0.1395954224,"4":0.0563513874,"5":0.0181981834,"6":0.0048974523,"7":0.0011297064,"8":0.000228018,"9":0.0000409091},"shimizu-s-pulse":{"0":0.5082407634,"1":0.3439773487,"2":0.1164019348,"3":0.0262602765,"4":0.0044432388,"5":0.0006014368,"6":0.0000678421,"7":0.0000065594,"8":0.0000005549,"9":0.0000000417}}