{"ventforet-kofu":{"0":0.7307195903,"1":0.2292453617,"2":0.0359600567,"3":0.0037605288,"4":0.0002949434,"5":0.0000185063,"6":0.0000009676,"7":0.0000000434,"8":0.0000000017,"9":0.0000000001},"kashima-antlers":{"0":0.2369277587,"1":0.3411759725,"2":0.2456467002,"3":0.1179104161,"4":0.0424477498,"5":0.0122249519,"6":0.0029339885,"7":0.0006035633,"8":0.0001086414,"9":0.0000173826}}