{"vissel-kobe":{"0":0.0371007666,"1":0.1222142899,"2":0.2012941246,"3":0.2210288427,"4":0.1820237528,"5":0.1199215312,"6":0.0658392721,"7":0.0309831868,"8":0.0127577828,"9":0.0046695153},"albirex-niigata":{"0":0.7408182207,"1":0.2222454662,"2":0.0333368199,"3":0.003333682,"4":0.0002500261,"5":0.0000150016,"6":0.0000007501,"7":0.0000000321,"8":0.0000000012,"9":0.0}}