{"jubilo-iwata":{"0":0.3901685434,"1":0.3672174526,"2":0.172808213,"3":0.0542143413,"4":0.0127563156,"5":0.0024011888,"6":0.0003766571,"7":0.000050643,"8":0.000005958,"9":0.0000006231},"vegalta-sendai":{"0":0.186373976,"1":0.3131082797,"2":0.263010955,"3":0.1472861348,"4":0.0618601766,"5":0.0207850193,"6":0.0058198054,"7":0.0013967533,"8":0.0002933182,"9":0.0000547527}}