{"fc-tokyo":{"0":0.4388799298,"1":0.3614305304,"2":0.1488243361,"3":0.0408537393,"4":0.008411064,"5":0.0013853517,"6":0.0001901463,"7":0.0000223702,"8":0.0000023028,"9":0.0000002107},"omiya-ardija":{"0":0.2369277587,"1":0.3411759725,"2":0.2456467002,"3":0.1179104161,"4":0.0424477498,"5":0.0122249519,"6":0.0029339885,"7":0.0006035633,"8":0.0001086414,"9":0.0000173826}}