{"yokohama-fa-marinos":{"0":0.1522314923,"1":0.2865533972,"2":0.269697315,"3":0.1692218447,"4":0.0796338093,"5":0.029979787,"6":0.0094054234,"7":0.0025291895,"8":0.0005951034,"9":0.0001244661},"consadole-sapporo":{"0":1.0,"1":0.0,"2":0.0,"3":0.0,"4":0.0,"5":0.0,"6":0.0,"7":0.0,"8":0.0,"9":0.0}}