{"urawa-red-diamonds":{"0":0.0395807748,"1":0.1278226196,"2":0.2063959358,"3":0.2221791544,"4":0.1793769938,"5":0.1158564348,"6":0.0623580223,"7":0.028768533,"8":0.0116131799,"9":0.0041670822},"cerezo-osaka":{"0":0.8443400185,"1":0.1428623311,"2":0.0120861532,"3":0.000681659,"4":0.0000288342,"5":0.0000009757,"6":0.0000000275,"7":0.0000000007,"8":0.0,"9":0.0}}