{"kashiwa-reysol":{"0":0.0924968807,"1":0.2201962573,"2":0.2620974424,"3":0.207981341,"4":0.1237790738,"5":0.0589332063,"6":0.0233825389,"7":0.0079520018,"8":0.0023662974,"9":0.0006259068},"gamba-osaka":{"0":0.152444851,"1":0.2867415055,"2":0.2696735587,"3":0.1690810408,"4":0.0795083466,"5":0.0299102828,"6":0.0093766363,"7":0.0025195723,"8":0.0005923994,"9":0.0001238083}}