{"kashima-antlers":{"0":0.4178105108,"1":0.3646346276,"2":0.159113292,"3":0.0462875031,"4":0.0100990916,"5":0.0017627505,"6":0.0002564001,"7":0.0000319668,"8":0.0000034873,"9":0.0000003382},"yokohama-fa-marinos":{"0":0.1431302821,"1":0.2782452684,"2":0.2704544008,"3":0.1752544517,"4":0.0851736636,"5":0.0331155204,"6":0.0107294286,"7":0.0029797156,"8":0.0007240709,"9":0.0001563993}}