{"urawa-red-diamonds":{"0":0.1353352832,"1":0.2706705665,"2":0.2706705665,"3":0.1804470443,"4":0.0902235222,"5":0.0360894089,"6":0.012029803,"7":0.0034370866,"8":0.0008592716,"9":0.0001909493},"ventforet-kofu":{"0":0.7633794943,"1":0.2061124635,"2":0.0278251826,"3":0.0025042664,"4":0.000169038,"5":0.0000091281,"6":0.0000004108,"7":0.0000000158,"8":0.0000000005,"9":0.0}}