{"sagan-tosu":{"0":0.1145363307,"1":0.2481845609,"2":0.2688909969,"3":0.1942166693,"4":0.1052102388,"5":0.0455952391,"6":0.016466441,"7":0.0050972179,"8":0.0013806217,"9":0.000332402},"sanfrecce-hiroshima":{"0":0.1323826318,"1":0.2676854688,"2":0.2706378821,"3":0.1824152391,"4":0.092213586,"5":0.037292259,"6":0.0125678569,"7":0.0036304208,"8":0.0009176156,"9":0.0002061636}}