{"consadole-sapporo":{"0":0.1222832634,"1":0.2569678955,"2":0.2699981072,"3":0.1891260326,"4":0.0993580749,"5":0.0417585117,"6":0.0146253278,"7":0.0043905549,"8":0.0011532973,"9":0.000269284},"cerezo-osaka":{"0":0.2950565532,"1":0.3601425576,"2":0.2197928844,"3":0.0894255363,"4":0.0272879394,"5":0.0066614676,"6":0.0013551515,"7":0.0002362974,"8":0.0000360527,"9":0.0000048895}}