{"gamba-osaka":{"0":0.2899033907,"1":0.3589605663,"2":0.2222338411,"3":0.0917238731,"4":0.028393298,"5":0.0070313592,"6":0.001451047,"7":0.000256671,"8":0.0000397265,"9":0.0000054655},"fc-tokyo":{"0":0.1590979396,"1":0.2924594478,"2":0.2688046395,"3":0.1647087252,"4":0.075693348,"5":0.0278284368,"6":0.0085258691,"7":0.0022389362,"8":0.0005144614,"9":0.0001050779}}