{"omiya-ardija":{"0":0.3713664241,"1":0.3678629673,"2":0.182196281,"3":0.0601591494,"4":0.0148979026,"5":0.0029514713,"6":0.0004872712,"7":0.0000689535,"8":0.0000085379,"9":0.0000009397},"jubilo-iwata":{"0":0.555306373,"1":0.3266508076,"2":0.096073767,"3":0.0188379935,"4":0.0027702932,"5":0.0003259168,"6":0.0000319526,"7":0.0000026851,"8":0.0000001974,"9":0.0000000129}}