{"albirex-niigata":{"0":1.0,"1":0.0,"2":0.0,"3":0.0,"4":0.0,"5":0.0,"6":0.0,"7":0.0,"8":0.0,"9":0.0},"shimizu-s-pulse":{"0":0.2936137367,"1":0.3598207558,"2":0.2204784043,"3":0.0900647076,"4":0.0275933541,"5":0.006763077,"6":0.0013813474,"7":0.0002418325,"8":0.0000370454,"9":0.0000050443}}