{"vegalta-sendai":{"0":0.4129478512,"1":0.3652251042,"2":0.161508743,"3":0.0476146058,"4":0.0105279936,"5":0.001862263,"6":0.0002745081,"7":0.0000346835,"8":0.0000038344,"9":0.0000003768},"vissel-kobe":{"0":0.4372693631,"1":0.3617117893,"2":0.1496050599,"3":0.0412513952,"4":0.0085308492,"5":0.0014113537,"6":0.00019458,"7":0.000022994,"8":0.0000023776,"9":0.0000002185}}