{"kawasaki-frontale":{"0":0.4832250812,"1":0.3514364227,"2":0.1277950628,"3":0.0309806213,"4":0.0056328402,"5":0.0008193222,"6":0.0000993118,"7":0.0000103181,"8":0.000000938,"9":0.0000000758},"kashiwa-reysol":{"0":0.115325121,"1":0.2491022614,"2":0.2690304424,"3":0.1937019185,"4":0.104599036,"5":0.0451867835,"6":0.0162672421,"7":0.0050196061,"8":0.0013552937,"9":0.0003252705}}