{"ventforet-kofu":{"0":1.0,"1":0.0,"2":0.0,"3":0.0,"4":0.0,"5":0.0,"6":0.0,"7":0.0,"8":0.0,"9":0.0},"omiya-ardija":{"0":0.0757251333,"1":0.1954196989,"2":0.2521544502,"3":0.216907054,"4":0.1399400348,"5":0.0722271147,"6":0.0310654257,"7":0.0114526915,"8":0.0036944166,"9":0.0010593309}}