{"consadole-sapporo":{"0":0.3284396861,"1":0.3656854237,"2":0.2035774524,"3":0.0755545184,"4":0.0210306391,"5":0.0046831114,"6":0.000869031,"7":0.0001382258,"8":0.0000192376,"9":0.0000023799},"sanfrecce-hiroshima":{"0":0.8240299628,"1":0.1594896702,"2":0.0154344842,"3":0.0009957732,"4":0.0000481826,"5":0.0000018651,"6":0.0000000602,"7":0.0000000017,"8":0.0,"9":0.0}}