{"kashiwa-reysol":{"0":0.3954088241,"1":0.3668741667,"2":0.1701993557,"3":0.052638976,"4":0.0122100717,"5":0.0022657865,"6":0.0003503794,"7":0.000046442,"8":0.0000053863,"9":0.0000005553},"vegalta-sendai":{"0":0.1268796691,"1":0.2619451233,"2":0.270394966,"3":0.1860782562,"4":0.0960403903,"5":0.039655387,"6":0.0136448643,"7":0.0040242918,"8":0.0010385269,"9":0.0002382284}}