{"yokohama-fa-marinos":{"0":0.031306876,"1":0.1084444364,"2":0.1878212919,"3":0.2168658215,"4":0.18780133,"5":0.1301056637,"6":0.0751125481,"7":0.037169096,"8":0.0160938354,"9":0.0061941909},"albirex-niigata":{"0":0.2751820004,"1":0.3550735489,"2":0.229079709,"3":0.0985289071,"4":0.0317835184,"5":0.0082021983,"6":0.0017639136,"7":0.0003251454,"8":0.0000524428,"9":0.0000075187}}