{"vissel-kobe":{"0":0.3716916294,"1":0.367859757,"2":0.1820336942,"3":0.0600523527,"4":0.0148583141,"5":0.0029410271,"6":0.0004851179,"7":0.0000685881,"8":0.0000084851,"9":0.0000009331},"jubilo-iwata":{"0":0.7725453889,"1":0.199366552,"2":0.0257247164,"3":0.0022128788,"4":0.0001427664,"5":0.0000073686,"6":0.0000003169,"7":0.0000000117,"8":0.0000000004,"9":0.0}}