{"fc-tokyo":{"0":0.2902207606,"1":0.3590359925,"2":0.2220841191,"3":0.09158108,"4":0.0283240454,"5":0.0070080112,"6":0.0014449508,"7":0.0002553669,"8":0.0000394897,"9":0.0000054281},"kawasaki-frontale":{"0":0.7725453889,"1":0.199366552,"2":0.0257247164,"3":0.0022128788,"4":0.0001427664,"5":0.0000073686,"6":0.0000003169,"7":0.0000000117,"8":0.0000000004,"9":0.0}}