{"gamba-osaka":{"0":0.0846579886,"1":0.2090320707,"2":0.2580642848,"3":0.2123985883,"4":0.1311102397,"5":0.0647457974,"6":0.0266443611,"7":0.0093983637,"8":0.0029007295,"9":0.0007958106},"urawa-red-diamonds":{"0":0.1857224947,"1":0.3126641324,"2":0.2631852967,"3":0.1476909633,"4":0.0621594964,"5":0.0209291234,"6":0.0058723691,"7":0.0014123062,"8":0.0002972025,"9":0.0000555934}}