{"shimizu-s-pulse":{"0":1.0,"1":0.0,"2":0.0,"3":0.0,"4":0.0,"5":0.0,"6":0.0,"7":0.0,"8":0.0,"9":0.0},"kashima-antlers":{"0":0.3562017253,"1":0.3676921035,"2":0.1897765696,"3":0.0652994648,"4":0.0168514748,"5":0.0034790141,"6":0.0005985401,"7":0.000088264,"8":0.0000113889,"9":0.0000013063}}