{"omiya-ardija":{"0":0.3499377491,"1":0.3674346366,"2":0.1929031842,"3":0.0675161145,"4":0.01772298,"5":0.0037218258,"6":0.0006513195,"7":0.0000976979,"8":0.0000128229,"9":0.000001496},"kashima-antlers":{"0":0.0806913991,"1":0.2031101999,"2":0.255626707,"3":0.2144813124,"4":0.1349689766,"5":0.0679467108,"6":0.0285050413,"7":0.0102501005,"8":0.0032250958,"9":0.000901996}}