{"cerezo-osaka":{"0":0.5915553644,"1":0.3105665663,"2":0.0815237237,"3":0.0142666516,"4":0.001872498,"5":0.0001966123,"6":0.0000172036,"7":0.0000012903,"8":0.0000000847,"9":0.0000000049},"yokohama-fa-marinos":{"0":1.0,"1":0.0,"2":0.0,"3":0.0,"4":0.0,"5":0.0,"6":0.0,"7":0.0,"8":0.0,"9":0.0}}