{"ventforet-kofu":{"0":0.5944334451,"1":0.3091924879,"2":0.0804126983,"3":0.0139421284,"4":0.0018129874,"5":0.0001886038,"6":0.0000163503,"7":0.0000012149,"8":0.000000079,"9":0.0000000046},"consadole-sapporo":{"0":1.0,"1":0.0,"2":0.0,"3":0.0,"4":0.0,"5":0.0,"6":0.0,"7":0.0,"8":0.0,"9":0.0}}