{"fc-tokyo":{"0":0.2070075527,"1":0.3260368955,"2":0.2567540552,"3":0.134795879,"4":0.0530758773,"5":0.0167189014,"6":0.0043887116,"7":0.0009874601,"8":0.0001944062,"9":0.0000340211},"sagan-tosu":{"0":0.7636148188,"1":0.2059406403,"2":0.027770249,"3":0.0024964693,"4":0.0001683193,"5":0.0000090789,"6":0.0000004081,"7":0.0000000157,"8":0.0000000005,"9":0.0}}