{"vegalta-sendai":{"0":0.4549808267,"1":0.358297401,"2":0.1410796017,"3":0.0370333954,"4":0.0072909497,"5":0.0011483246,"6":0.0001507176,"7":0.0000169557,"8":0.0000016691,"9":0.000000146},"kawasaki-frontale":{"0":0.5234780002,"1":0.3388265138,"2":0.1096544711,"3":0.0236583277,"4":0.0038282739,"5":0.0004955779,"6":0.0000534613,"7":0.0000049433,"8":0.0000004,"9":0.0000000288}}