{"albirex-niigata":{"0":0.6456485264,"1":0.2824712303,"2":0.0617905816,"3":0.0090111265,"4":0.000985592,"5":0.0000862393,"6":0.0000062883,"7":0.000000393,"8":0.0000000215,"9":0.000000001},"gamba-osaka":{"0":0.0215880267,"1":0.08280339,"2":0.1588010219,"3":0.20303327,"4":0.194689437,"5":0.149350801,"6":0.0954753979,"7":0.0523152865,"8":0.0250826716,"9":0.0106897231}}