{"vissel-kobe":{"0":0.1396312863,"1":0.2748990949,"2":0.2706037965,"3":0.1775837415,"4":0.0874044977,"5":0.034415521,"6":0.0112925928,"7":0.0031760417,"8":0.000781604,"9":0.0001709759},"urawa-red-diamonds":{"0":0.6495296137,"1":0.2802764771,"2":0.0604706098,"3":0.0086978274,"4":0.000938293,"5":0.000080976,"6":0.0000058236,"7":0.000000359,"8":0.0000000194,"9":0.0000000009}}