{"sanfrecce-hiroshima":{"0":0.2691463487,"1":0.3532545827,"2":0.2318233199,"3":0.1014227025,"4":0.0332793242,"5":0.0087358226,"6":0.0019109612,"7":0.0003583052,"8":0.0000587845,"9":0.0000085727},"kashiwa-reysol":{"0":0.1001215969,"1":0.2304168257,"2":0.2651371693,"3":0.203392897,"4":0.1170205709,"5":0.053861523,"6":0.0206592143,"7":0.0067920705,"8":0.0019538833,"9":0.0004996231}}