{"jubilo-iwata":{"0":1.0,"1":0.0,"2":0.0,"3":0.0,"4":0.0,"5":0.0,"6":0.0,"7":0.0,"8":0.0,"9":0.0},"shimizu-s-pulse":{"0":0.2740292167,"1":0.3547364518,"2":0.229606813,"3":0.0990769124,"4":0.0320642747,"5":0.0083015725,"6":0.0017910927,"7":0.0003312295,"8":0.0000535979,"9":0.0000077093}}