{"yokohama-fa-marinos":{"0":0.3682475046,"1":0.3678792571,"2":0.1837556889,"3":0.0611906444,"4":0.0152823634,"5":0.0030534162,"6":0.0005083938,"7":0.0000725551,"8":0.0000090603,"9":0.0000010057},"jubilo-iwata":{"0":0.4354128253,"1":0.3620286413,"2":0.1505062891,"3":0.0417133535,"4":0.0086707533,"5":0.0014418781,"6":0.0001998108,"7":0.0000237335,"8":0.0000024667,"9":0.0000002279}}