{"urawa-red-diamonds":{"0":0.502493767,"1":0.3458021623,"2":0.1189856902,"3":0.0272942085,"4":0.0046957778,"5":0.0006463006,"6":0.0000741277,"7":0.0000072875,"8":0.0000006269,"9":0.0000000479},"vegalta-sendai":{"0":0.5795782788,"1":0.3161336066,"2":0.0862182563,"3":0.0156760466,"4":0.0021376427,"5":0.0002331974,"6":0.0000211998,"7":0.0000016519,"8":0.0000001126,"9":0.0000000068}}