{"kashiwa-reysol":{"0":0.4771139155,"1":0.3530642975,"2":0.1306337901,"3":0.0322230016,"4":0.0059612553,"5":0.0008822658,"6":0.0001088128,"7":0.0000115031,"8":0.000001064,"9":0.0000000875},"shimizu-s-pulse":{"0":0.0825474481,"1":0.2059048705,"2":0.2568027037,"3":0.2135213492,"4":0.1331509537,"5":0.066425869,"6":0.0276152489,"7":0.0098404258,"8":0.0030682226,"9":0.0008503688}}