{"gamba-osaka":{"0":0.144354403,"1":0.2793956187,"2":0.2703828568,"3":0.1744405528,"4":0.0844067191,"5":0.0326735687,"6":0.0105398609,"7":0.0029142472,"8":0.0007050598,"9":0.0001516258},"sanfrecce-hiroshima":{"0":0.7357843677,"1":0.2257520219,"2":0.0346324125,"3":0.0035419513,"4":0.0002716838,"5":0.0000166715,"6":0.0000008525,"7":0.0000000374,"8":0.0000000014,"9":0.0}}