{"kashima-antlers":{"0":0.6907343306,"1":0.2555717023,"2":0.0472807649,"3":0.0058312943,"4":0.0005393947,"5":0.0000399152,"6":0.0000024614,"7":0.0000001301,"8":0.000000006,"9":0.0000000002},"cerezo-osaka":{"0":0.5360137284,"1":0.334255752,"2":0.1042201923,"3":0.0216637478,"4":0.0033773539,"5":0.0004212205,"6":0.0000437785,"7":0.0000039,"8":0.000000304,"9":0.0000000211}}