{"sagan-tosu":{"0":0.177876344,"1":0.307133154,"2":0.2651582896,"3":0.1526133267,"4":0.065878086,"5":0.022749899,"6":0.0065469154,"7":0.0016149058,"8":0.0003485505,"9":0.0000668701},"albirex-niigata":{"0":0.2501316774,"1":0.3466244218,"2":0.2401704796,"3":0.1109401716,"4":0.0384343291,"5":0.0106522111,"6":0.0024602485,"7":0.0004870476,"8":0.0000843669,"9":0.0000129903}}