{"omiya-ardija":{"0":0.6414654208,"1":0.2848106468,"2":0.0632279636,"3":0.0093577386,"4":0.001038709,"5":0.0000922374,"6":0.0000068256,"7":0.0000004329,"8":0.000000024,"9":0.0000000012},"vissel-kobe":{"0":0.2643881267,"1":0.3517253281,"2":0.2339566227,"3":0.1037470567,"4":0.0345046391,"5":0.0091805601,"6":0.0020355399,"7":0.0003868506,"8":0.0000643302,"9":0.000009509}}