{"consadole-sapporo":{"0":0.3295589611,"1":0.3658104468,"2":0.203024798,"3":0.0751191752,"4":0.0208455711,"5":0.0046277168,"6":0.0008561276,"7":0.0001357574,"8":0.0000188363,"9":0.0000023231},"fc-tokyo":{"0":0.5744701645,"1":0.3184329001,"2":0.0882548113,"3":0.0163067566,"4":0.0022597378,"5":0.0002505177,"6":0.000023144,"7":0.0000018327,"8":0.000000127,"9":0.0000000078}}