{"kawasaki-frontale":{"0":0.1037003281,"1":0.2350108685,"2":0.2662966904,"3":0.2011649582,"4":0.1139725216,"5":0.0516580454,"6":0.0195116742,"7":0.0063169045,"8":0.0017894606,"9":0.0004505961},"ventforet-kofu":{"0":0.3536930464,"1":0.3676023235,"2":0.1910292973,"3":0.0661805618,"4":0.017195792,"5":0.0035744062,"6":0.0006191621,"7":0.0000919302,"8":0.0000119432,"9":0.0000013792}}