{"fc-tokyo":{"0":0.1380692373,"1":0.2733770899,"2":0.270643319,"3":0.1786245905,"4":0.0884191723,"5":0.0350139922,"6":0.0115546174,"7":0.0032683061,"8":0.0008089058,"9":0.0001779593},"urawa-red-diamonds":{"0":0.3004499103,"1":0.3612832736,"2":0.2172169125,"3":0.087065913,"4":0.0261736291,"5":0.0062946229,"6":0.0012615203,"7":0.0002167065,"8":0.000032573,"9":0.000004352}}