{"vegalta-sendai":{"0":0.5488116361,"1":0.3292869817,"2":0.0987860945,"3":0.0197572189,"4":0.0029635828,"5":0.0003556299,"6":0.000035563,"7":0.0000030483,"8":0.0000002286,"9":0.0000000152},"kashima-antlers":{"0":0.2857673332,"1":0.3579456802,"2":0.2241773203,"3":0.093599809,"4":0.0293102495,"5":0.0073426707,"6":0.0015328771,"7":0.0002742924,"8":0.0000429466,"9":0.0000059771}}