{"vissel-kobe":{"0":0.3736726994,"1":0.3678340635,"2":0.1810433281,"3":0.059404842,"4":0.0146191603,"5":0.0028781472,"6":0.000472196,"7":0.0000664026,"8":0.0000081706,"9":0.0000008937},"kashiwa-reysol":{"0":0.1239807626,"1":0.2588258188,"2":0.2701661253,"3":0.1880022006,"4":0.0981197052,"5":0.0409675058,"6":0.0142541579,"7":0.0042510559,"8":0.0011093284,"9":0.0002573184}}