{"consadole-sapporo":{"0":0.3916056267,"1":0.367130275,"2":0.1720923164,"3":0.0537788489,"4":0.0126044177,"5":0.0023633283,"6":0.00036927,"7":0.0000494558,"8":0.0000057956,"9":0.0000006037},"kawasaki-frontale":{"0":0.3521090209,"1":0.367536478,"2":0.1918199402,"3":0.066741474,"4":0.0174164285,"5":0.0036359039,"6":0.0006325348,"7":0.0000943213,"8":0.0000123067,"9":0.0000014273}}