{"sanfrecce-hiroshima":{"0":0.2450605392,"1":0.3446163833,"2":0.2423083945,"3":0.1135820599,"4":0.0399311929,"5":0.011230648,"6":0.0026321831,"7":0.0005287868,"8":0.0000929508,"9":0.0000145236},"yokohama-fa-marinos":{"0":0.4570964661,"1":0.3578429165,"2":0.1400706004,"3":0.0365519286,"4":0.0071537682,"5":0.001120081,"6":0.0001461446,"7":0.0000163444,"8":0.0000015994,"9":0.0000001391}}