{"ventforet-kofu":{"0":0.3246524674,"1":0.3652340258,"2":0.2054441395,"3":0.0770415523,"4":0.0216679366,"5":0.0048752857,"6":0.0009141161,"7":0.0001469115,"8":0.0000206594,"9":0.0000025824},"albirex-niigata":{"0":0.7160390184,"1":0.2391717958,"2":0.0399441556,"3":0.0044473905,"4":0.00037138,"5":0.0000248097,"6":0.0000013812,"7":0.0000000659,"8":0.0000000028,"9":0.0000000001}}