{"cerezo-osaka":{"0":0.2691463487,"1":0.3532545827,"2":0.2318233199,"3":0.1014227025,"4":0.0332793242,"5":0.0087358226,"6":0.0019109612,"7":0.0003583052,"8":0.0000587845,"9":0.0000085727},"gamba-osaka":{"0":1.0,"1":0.0,"2":0.0,"3":0.0,"4":0.0,"5":0.0,"6":0.0,"7":0.0,"8":0.0,"9":0.0}}