{"jubilo-iwata":{"0":0.3499377491,"1":0.3674346366,"2":0.1929031842,"3":0.0675161145,"4":0.01772298,"5":0.0037218258,"6":0.0006513195,"7":0.0000976979,"8":0.0000128229,"9":0.000001496},"sagan-tosu":{"0":0.2628734676,"1":0.351220633,"2":0.2346298662,"3":0.1044949507,"4":0.0349034681,"5":0.0093267824,"6":0.0020768918,"7":0.0003964141,"8":0.0000662052,"9":0.0000098284}}