{"shimizu-s-pulse":{"0":0.3678794412,"1":0.3678794412,"2":0.1839397206,"3":0.0613132402,"4":0.01532831,"5":0.003065662,"6":0.0005109437,"7":0.000072992,"8":0.000009124,"9":0.0000010138},"omiya-ardija":{"0":0.3284396861,"1":0.3656854237,"2":0.2035774524,"3":0.0755545184,"4":0.0210306391,"5":0.0046831114,"6":0.000869031,"7":0.0001382258,"8":0.0000192376,"9":0.0000023799}}