{"albirex-niigata":{"0":0.5239193884,"1":0.3386706327,"2":0.1094613026,"3":0.0235858985,"4":0.0038115841,"5":0.0004927749,"6":0.0000530897,"7":0.0000049026,"8":0.0000003961,"9":0.0000000285},"fc-tokyo":{"0":0.291512245,"1":0.3593393515,"2":0.2214740062,"3":0.0910016956,"4":0.0280438394,"5":0.0069137782,"6":0.0014204049,"7":0.0002501279,"8":0.0000385407,"9":0.0000052787}}