{"sagan-tosu":{"0":1.0,"1":0.0,"2":0.0,"3":0.0,"4":0.0,"5":0.0,"6":0.0,"7":0.0,"8":0.0,"9":0.0},"vissel-kobe":{"0":0.2142007576,"1":0.3300494346,"2":0.2542769469,"3":0.1306001645,"4":0.0503085411,"5":0.0155034984,"6":0.0039814058,"7":0.000876388,"8":0.0001687969,"9":0.0000288988}}