{"gamba-osaka":{"0":0.2118823443,"1":0.3287829481,"2":0.2550902184,"3":0.1319432164,"4":0.0511848684,"5":0.0158849592,"6":0.0041081791,"7":0.0009106801,"8":0.0001766405,"9":0.0000304553},"omiya-ardija":{"0":0.6174588471,"1":0.2977033727,"2":0.0717677773,"3":0.0115341071,"4":0.0013902718,"5":0.0001340619,"6":0.0000107728,"7":0.000000742,"8":0.0000000447,"9":0.0000000024}}