{"urawa-red-diamonds":{"0":0.0029742689,"1":0.0173035739,"2":0.0503339941,"3":0.0976103158,"4":0.1419682747,"5":0.165187385,"6":0.1601700112,"7":0.1331186007,"8":0.0968064591,"9":0.062577384},"consadole-sapporo":{"0":1.0,"1":0.0,"2":0.0,"3":0.0,"4":0.0,"5":0.0,"6":0.0,"7":0.0,"8":0.0,"9":0.0}}