{"ventforet-kofu":{"0":0.5376428711,"1":0.333640062,"2":0.1035219632,"3":0.021413889,"4":0.0033221547,"5":0.0004123198,"6":0.0000426449,"7":0.0000037805,"8":0.0000002933,"9":0.0000000202},"cerezo-osaka":{"0":0.5181835569,"1":0.3406672097,"2":0.1119816966,"3":0.0245398834,"4":0.0040332878,"5":0.0005303174,"6":0.0000581074,"7":0.0000054573,"8":0.0000004485,"9":0.0000000328}}