{"sanfrecce-hiroshima":{"0":0.2119506384,"1":0.3288206166,"2":0.2550664596,"3":0.1319035274,"4":0.0511588447,"5":0.0158735855,"6":0.004104385,"7":0.0009096501,"8":0.0001764041,"9":0.0000304082},"vegalta-sendai":{"0":0.6107489385,"1":0.3011415558,"2":0.0742418291,"3":0.0122021224,"4":0.001504123,"5":0.0001483274,"6":0.0000121893,"7":0.0000008586,"8":0.0000000529,"9":0.0000000029}}