{"kawasaki-frontale":{"0":0.3941457624,"1":0.366963296,"2":0.1708277413,"3":0.0530155059,"4":0.012339816,"5":0.0022977588,"6":0.0003565488,"7":0.0000474227,"8":0.000005519,"9":0.0000005709},"shimizu-s-pulse":{"0":0.2354095369,"1":0.3405030801,"2":0.2462566919,"3":0.118730905,"4":0.0429339433,"5":0.0124201765,"6":0.0029941497,"7":0.0006186891,"8":0.0001118612,"9":0.0000179777}}