{"kashima-antlers":{"0":0.8832807758,"1":0.1096258757,"2":0.0068029515,"3":0.000281443,"4":0.0000087326,"5":0.0000002168,"6":0.0000000045,"7":0.0000000001,"8":0.0,"9":0.0},"jubilo-iwata":{"0":0.5909992125,"1":0.3108304769,"2":0.0817391828,"3":0.0143299848,"4":0.0018841802,"5":0.0001981934,"6":0.000017373,"7":0.0000013053,"8":0.0000000858,"9":0.000000005}}