{"kashiwa-reysol":{"0":0.6278709918,"1":0.2922240691,"2":0.068003545,"3":0.0105500827,"4":0.0012275564,"5":0.000114266,"6":0.0000088636,"7":0.0000005893,"8":0.0000000343,"9":0.0000000018},"yokohama-fa-marinos":{"0":0.2685141986,"1":0.3530562928,"2":0.2321082955,"3":0.1017293123,"4":0.0334397344,"5":0.0087936569,"6":0.0019270588,"7":0.0003619709,"8":0.0000594922,"9":0.0000086915}}