{"yokohama-fa-marinos":{"0":0.0438562414,"1":0.1371313724,"2":0.2143938093,"3":0.2234582534,"4":0.1746794527,"5":0.1092388783,"6":0.0569287169,"7":0.0254295555,"8":0.0099392633,"9":0.0034531632},"gamba-osaka":{"0":0.1198602772,"1":0.2542750166,"2":0.2697131426,"3":0.1907257223,"4":0.1011527491,"5":0.0429176664,"6":0.0151744606,"7":0.0045987906,"8":0.0012195007,"9":0.0002874537}}