{"vissel-kobe":{"0":0.137340214,"1":0.272660719,"2":0.2706558607,"3":0.1791104961,"4":0.0888967536,"5":0.0352972404,"6":0.011679234,"7":0.0033123878,"8":0.000822008,"9":0.0001813253},"ventforet-kofu":{"0":0.3143831364,"1":0.3637862007,"2":0.2104763019,"3":0.0811837164,"4":0.0234852894,"5":0.005435167,"6":0.0010482108,"7":0.0001732757,"8":0.0000250631,"9":0.0000032224}}