{"shimizu-s-pulse":{"0":0.137340214,"1":0.272660719,"2":0.2706558607,"3":0.1791104961,"4":0.0888967536,"5":0.0352972404,"6":0.011679234,"7":0.0033123878,"8":0.000822008,"9":0.0001813253},"vegalta-sendai":{"0":0.2004595382,"1":0.3221671149,"2":0.2588842888,"3":0.1386880119,"4":0.0557228619,"5":0.0179109199,"6":0.0047975678,"7":0.0011014824,"8":0.0002212799,"9":0.0000395143}}