{"omiya-ardija":{"0":0.8199356546,"1":0.1627813432,"2":0.0161584422,"3":0.0010693087,"4":0.0000530723,"5":0.0000021073,"6":0.0000000697,"7":0.000000002,"8":0.0,"9":0.0},"urawa-red-diamonds":{"0":0.115325121,"1":0.2491022614,"2":0.2690304424,"3":0.1937019185,"4":0.104599036,"5":0.0451867835,"6":0.0162672421,"7":0.0050196061,"8":0.0013552937,"9":0.0003252705}}