{"cerezo-osaka":{"0":0.3705944063,"1":0.3678694474,"2":0.1825822625,"3":0.0604132486,"4":0.0149922584,"5":0.0029764042,"6":0.0004924198,"7":0.0000698284,"8":0.0000086644,"9":0.0000009556},"kawasaki-frontale":{"0":0.6174588471,"1":0.2977033727,"2":0.0717677773,"3":0.0115341071,"4":0.0013902718,"5":0.0001340619,"6":0.0000107728,"7":0.000000742,"8":0.0000000447,"9":0.0000000024}}