{"kashima-antlers":{"0":0.8006327382,"1":0.1780230441,"2":0.0197919737,"3":0.0014669345,"4":0.0000815443,"5":0.0000036263,"6":0.0000001344,"7":0.0000000043,"8":0.0000000001,"9":0.0},"sagan-tosu":{"0":0.329276603,"1":0.3657792664,"2":0.2031642554,"3":0.0752288214,"4":0.0208921184,"5":0.0046416318,"6":0.000859365,"7":0.000136376,"8":0.0000189368,"9":0.0000023373}}