{"fc-tokyo":{"0":0.3038635671,"1":0.3619551315,"2":0.215576218,"3":0.0855964395,"4":0.0254901162,"5":0.0060726453,"6":0.0012055987,"7":0.0002051544,"8":0.0000305469,"9":0.000004043},"sanfrecce-hiroshima":{"0":0.560698793,"1":0.3244043016,"2":0.0938455301,"3":0.0180987808,"4":0.0026178594,"5":0.0003029237,"6":0.0000292105,"7":0.0000024143,"8":0.0000001746,"9":0.0000000112}}