{"jubilo-iwata":{"0":0.0508975151,"1":0.1515698059,"2":0.2256829831,"3":0.2240235494,"4":0.166782238,"5":0.0993335388,"6":0.0493015726,"7":0.0209738833,"8":0.0078073738,"9":0.0025833222},"consadole-sapporo":{"0":0.6799647736,"1":0.262272127,"2":0.0505810531,"3":0.0065032782,"4":0.0006271018,"5":0.0000483764,"6":0.0000031099,"7":0.0000001714,"8":0.0000000083,"9":0.0000000004}}