{"albirex-niigata":{"0":0.7278596347,"1":0.2312024722,"2":0.0367203926,"3":0.0038880416,"4":0.0003087562,"5":0.0000196151,"6":0.0000010384,"7":0.0000000471,"8":0.0000000019,"9":0.0000000001},"kashiwa-reysol":{"0":0.0155186262,"1":0.0646461629,"2":0.1346487221,"3":0.1869693684,"4":0.1947152423,"5":0.1622256133,"6":0.1126309258,"7":0.0670268938,"8":0.0349018611,"9":0.0161545757}}