{"sagan-tosu":{"0":0.2360801127,"1":0.3408014902,"2":0.2459878013,"3":0.1183680238,"4":0.0427185484,"5":0.0123335632,"6":0.0029674226,"7":0.0006119606,"8":0.0001104271,"9":0.0000177123},"yokohama-fa-marinos":{"0":0.8508581071,"1":0.1374220086,"2":0.0110975075,"3":0.0005974524,"4":0.0000241236,"5":0.0000007792,"6":0.000000021,"7":0.0000000005,"8":0.0,"9":0.0}}