{"urawa-red-diamonds":{"0":0.0875337249,"1":0.2132086189,"2":0.2596594354,"3":0.2108201902,"4":0.1283753251,"5":0.0625375552,"6":0.025387445,"7":0.0088338557,"8":0.0026896122,"9":0.000727908},"kashima-antlers":{"0":0.1557202925,"1":0.2895920747,"2":0.2692763041,"3":0.1669238314,"4":0.0776068068,"5":0.0288649807,"6":0.0089466713,"7":0.0023768671,"8":0.0005525307,"9":0.0001141709}}