{"sanfrecce-hiroshima":{"0":0.8583637891,"1":0.1310955605,"2":0.0100109337,"3":0.0005096475,"4":0.0000194593,"5":0.0000005944,"6":0.0000000151,"7":0.0000000003,"8":0.0,"9":0.0},"vissel-kobe":{"0":0.186373976,"1":0.3131082797,"2":0.263010955,"3":0.1472861348,"4":0.0618601766,"5":0.0207850193,"6":0.0058198054,"7":0.0013967533,"8":0.0002933182,"9":0.0000547527}}