{"gamba-osaka":{"0":0.1823391631,"1":0.3103206135,"2":0.2640652768,"3":0.1498030689,"4":0.0637369661,"5":0.0216946202,"6":0.0061536313,"7":0.001496112,"8":0.0003182766,"9":0.0000601856},"shimizu-s-pulse":{"0":0.4515128187,"1":0.3590211019,"2":0.1427380866,"3":0.0378328019,"4":0.0075207024,"5":0.0011960196,"6":0.0001585028,"7":0.0000180048,"8":0.0000017896,"9":0.0000001581}}