{"kashiwa-reysol":{"0":0.4887475938,"1":0.3498988455,"2":0.1252478822,"3":0.0298886992,"4":0.0053493979,"5":0.0007659365,"6":0.0000913902,"7":0.0000093467,"8":0.0000008364,"9":0.0000000665},"cerezo-osaka":{"0":0.2836540265,"1":0.3574040734,"2":0.2251645662,"3":0.0945691178,"4":0.0297892721,"5":0.0075068966,"6":0.0015764483,"7":0.0002837607,"8":0.0000446923,"9":0.0000062569}}