{"kawasaki-frontale":{"0":0.19700458,"1":0.3200395158,"2":0.2599566256,"3":0.1407689652,"4":0.057170792,"5":0.0185751139,"6":0.0050292997,"7":0.0011671771,"8":0.000237014,"9":0.0000427818},"albirex-niigata":{"0":0.355100818,"1":0.3676548874,"2":0.1903263937,"3":0.0656850349,"4":0.0170018083,"5":0.0035205765,"6":0.0006075069,"7":0.0000898549,"8":0.000011629,"9":0.0000013378}}