{"consadole-sapporo":{"0":0.0570608884,"1":0.163401635,"2":0.2339614319,"3":0.2233268214,"4":0.1598817017,"5":0.0915686109,"6":0.0437032007,"7":0.0178785821,"8":0.0063997197,"9":0.0020362745},"omiya-ardija":{"0":0.810584246,"1":0.1702226917,"2":0.0178733826,"3":0.0012511368,"4":0.0000656847,"5":0.0000027588,"6":0.0000000966,"7":0.0000000029,"8":0.0000000001,"9":0.0}}