{"vegalta-sendai":{"0":0.6180445787,"1":0.2973997696,"2":0.071553595,"3":0.01147707,"4":0.0013806763,"5":0.0001328748,"6":0.0000106564,"7":0.0000007325,"8":0.0000000441,"9":0.0000000024},"fc-tokyo":{"0":0.1160811984,"1":0.2499768381,"2":0.2691582292,"3":0.1932076398,"4":0.1040164892,"5":0.044799181,"6":0.016078914,"7":0.0049464834,"8":0.0013315101,"9":0.0003185956}}