{"ventforet-kofu":{"0":0.6109480409,"1":0.3010405922,"2":0.0741678769,"3":0.0121819097,"4":0.0015006388,"5":0.000147886,"6":0.000012145,"7":0.0000008549,"8":0.0000000527,"9":0.0000000029},"jubilo-iwata":{"0":0.4373897115,"1":0.3616909772,"2":0.1495466852,"3":0.0412215814,"4":0.0085218477,"5":0.0014093955,"6":0.0001942454,"7":0.0000229468,"8":0.0000023719,"9":0.0000002179}}