{"yokohama-fa-marinos":{"0":0.1186498041,"1":0.2529114245,"2":0.269550334,"3":0.1915226057,"4":0.1020613886,"5":0.0435103814,"6":0.0154576355,"7":0.0047070243,"8":0.0012541743,"9":0.0002970413},"ventforet-kofu":{"0":0.4173682273,"1":0.364690684,"2":0.1593308814,"3":0.0464070528,"4":0.010137463,"5":0.0017715955,"6":0.0002579993,"7":0.0000322052,"8":0.0000035176,"9":0.0000003415}}