{"consadole-sapporo":{"0":0.2511816372,"1":0.3470272619,"2":0.2397227796,"3":0.1103986485,"4":0.0381311121,"5":0.0105362284,"6":0.0024261052,"7":0.0004788366,"8":0.0000826938,"9":0.0000126942},"gamba-osaka":{"0":0.2074602479,"1":0.3262967006,"2":0.2566022597,"3":0.13452934,"4":0.0528974589,"5":0.016639589,"6":0.004361834,"7":0.0009800515,"8":0.00019268,"9":0.0000336722}}