{"fc-tokyo":{"0":0.320830573,"1":0.364733704,"2":0.207322316,"3":0.078564246,"4":0.0223287857,"5":0.0050768608,"6":0.0009619315,"7":0.0001562235,"8":0.0000222002,"9":0.0000028042},"kashiwa-reysol":{"0":0.284150166,"1":0.357532636,"2":0.2249331535,"3":0.0943408955,"4":0.0296761652,"5":0.0074680214,"6":0.0015661093,"7":0.0002815087,"8":0.0000442761,"9":0.0000061901}}