{"shimizu-s-pulse":{"0":0.3444558086,"1":0.367117375,"2":0.1956349169,"3":0.0695018784,"4":0.0185185926,"5":0.0039473842,"6":0.0007011801,"7":0.0001067586,"8":0.0000142228,"9":0.0000016843},"sagan-tosu":{"0":0.1228136174,"1":0.2575508869,"2":0.2700533572,"3":0.1887751623,"4":0.0989695026,"5":0.0415095389,"6":0.0145081884,"7":0.0043464198,"8":0.0011393528,"9":0.0002654803}}