{"cerezo-osaka":{"0":0.331123733,"1":0.3659788627,"2":0.2022514768,"3":0.074513702,"4":0.0205893124,"5":0.0045513217,"6":0.0008384014,"7":0.0001323792,"8":0.0000182892,"9":0.000002246},"sanfrecce-hiroshima":{"0":0.8396607972,"1":0.1467368383,"2":0.0128216655,"3":0.0007468931,"4":0.0000326313,"5":0.0000011405,"6":0.0000000332,"7":0.0000000008,"8":0.0,"9":0.0}}