{"omiya-ardija":{"0":0.5317515301,"1":0.3358430717,"2":0.1060557068,"3":0.0223275172,"4":0.0035253975,"5":0.0004453134,"6":0.0000468751,"7":0.0000042293,"8":0.0000003339,"9":0.0000000234},"vegalta-sendai":{"0":0.141241858,"1":0.2764500831,"2":0.2705453241,"3":0.1765111241,"4":0.0863704918,"5":0.0338102741,"6":0.011029371,"7":0.0030839406,"8":0.0007545175,"9":0.0001640892}}