{"jubilo-iwata":{"0":0.1905396943,"1":0.3158947564,"2":0.261860127,"3":0.1447121755,"4":0.0599793885,"5":0.0198879025,"6":0.0054953415,"7":0.0013015282,"8":0.0002697246,"9":0.0000496861},"kawasaki-frontale":{"0":0.3354665566,"1":0.3664076468,"2":0.2001012634,"3":0.0728524017,"4":0.0198929495,"5":0.0043455472,"6":0.0007910584,"7":0.0001234314,"8":0.000016852,"9":0.0000020451}}