{"albirex-niigata":{"0":0.6227038648,"1":0.2949649886,"2":0.0698601289,"3":0.0110305467,"4":0.0013062489,"5":0.0001237499,"6":0.0000097697,"7":0.0000006611,"8":0.0000000391,"9":0.0000000021},"urawa-red-diamonds":{"0":0.0637728846,"1":0.1755302213,"2":0.2415670765,"3":0.2216319294,"4":0.1525064368,"5":0.0839525725,"6":0.0385122238,"7":0.015143156,"8":0.0052100543,"9":0.0015933661}}