{"kashima-antlers":{"0":0.8273944902,"1":0.1567694823,"2":0.0148518457,"3":0.0009380113,"4":0.0000444321,"5":0.0000016837,"6":0.0000000532,"7":0.0000000014,"8":0.0,"9":0.0},"vissel-kobe":{"0":0.284150166,"1":0.357532636,"2":0.2249331535,"3":0.0943408955,"4":0.0296761652,"5":0.0074680214,"6":0.0015661093,"7":0.0002815087,"8":0.0000442761,"9":0.0000061901}}