{"kashima-antlers":{"0":0.5922600163,"1":0.3102314371,"2":0.0812510907,"3":0.0141866984,"4":0.0018577819,"5":0.0001946248,"6":0.0000169911,"7":0.0000012714,"8":0.0000000832,"9":0.0000000048},"kawasaki-frontale":{"0":0.2800667608,"1":0.3564486047,"2":0.2268309303,"3":0.0962313037,"4":0.0306190512,"5":0.0077939403,"6":0.0016532601,"7":0.0003005927,"8":0.0000478216,"9":0.0000067626}}