{"albirex-niigata":{"0":0.3507719269,"1":0.367475352,"2":0.1924870891,"3":0.0672177137,"4":0.0176046393,"5":0.0036885911,"6":0.0006440397,"7":0.0000963869,"8":0.0000126221,"9":0.0000014692},"consadole-sapporo":{"0":0.144354403,"1":0.2793956187,"2":0.2703828568,"3":0.1744405528,"4":0.0844067191,"5":0.0326735687,"6":0.0105398609,"7":0.0029142472,"8":0.0007050598,"9":0.0001516258}}