{"gamba-osaka":{"0":0.0709696722,"1":0.1877504555,"2":0.2483471634,"3":0.2190010259,"4":0.1448419484,"5":0.0766359515,"6":0.0337901021,"7":0.0127702578,"8":0.0042229688,"9":0.0012413195},"sagan-tosu":{"0":0.5340637082,"1":0.3349861969,"2":0.1050583951,"3":0.0219656143,"4":0.0034444288,"5":0.0004320968,"6":0.0000451714,"7":0.0000040476,"8":0.0000003174,"9":0.0000000221}}