{"yokohama-fa-marinos":{"0":0.0709696722,"1":0.1877504555,"2":0.2483471634,"3":0.2190010259,"4":0.1448419484,"5":0.0766359515,"6":0.0337901021,"7":0.0127702578,"8":0.0042229688,"9":0.0012413195},"vegalta-sendai":{"0":0.3649246022,"1":0.3678675425,"2":0.1854171081,"3":0.0623041358,"4":0.0157016471,"5":0.0031656547,"6":0.000531864,"7":0.0000765933,"8":0.0000096514,"9":0.000001081}}