{"jubilo-iwata":{"0":0.3961644303,"1":0.3668189169,"2":0.1698235727,"3":0.0524146829,"4":0.0121330285,"5":0.0022468571,"6":0.0003467372,"7":0.0000458647,"8":0.0000053084,"9":0.0000005461},"kashiwa-reysol":{"0":0.1261993508,"1":0.2612190863,"2":0.2703477103,"3":0.1865302302,"4":0.0965243799,"5":0.0399590175,"6":0.0137851449,"7":0.0040762525,"8":0.0010546756,"9":0.0002425628}}