{"omiya-ardija":{"0":0.5299775484,"1":0.3364936815,"2":0.106823391,"3":0.0226081251,"4":0.0035885913,"5":0.0004556941,"6":0.0000482216,"7":0.0000043738,"8":0.0000003471,"9":0.0000000245},"cerezo-osaka":{"0":0.4230710895,"1":0.36393212,"2":0.1565299441,"3":0.0448831381,"4":0.0096522878,"5":0.0016606086,"6":0.0002380801,"7":0.0000292572,"8":0.0000031459,"9":0.0000003007}}