{"vissel-kobe":{"0":0.4521909224,"1":0.3588816844,"2":0.1424133668,"3":0.0376754939,"4":0.0074752964,"5":0.001186555,"6":0.0001569517,"7":0.000017795,"8":0.0000017654,"9":0.0000001557},"fc-tokyo":{"0":0.2058422539,"1":0.3253635626,"2":0.2571421705,"3":0.1354835092,"4":0.0535378383,"5":0.016924865,"6":0.004458701,"7":0.0010068035,"8":0.0001989249,"9":0.0000349366}}