{"urawa-red-diamonds":{"0":0.0673122729,"1":0.1816362919,"2":0.2450648382,"3":0.2204286905,"4":0.1487018944,"5":0.080251816,"6":0.0360920866,"7":0.0139130492,"8":0.0046928936,"9":0.0014070404},"shimizu-s-pulse":{"0":0.2982934876,"1":0.3608388963,"2":0.2182493324,"3":0.0880037631,"4":0.0266140413,"5":0.0064388809,"6":0.0012981615,"7":0.0002243367,"8":0.0000339219,"9":0.0000045594}}