{"ventforet-kofu":{"0":0.3858213068,"1":0.3674488636,"2":0.1749756494,"3":0.0555478252,"4":0.0132256727,"5":0.0025191757,"6":0.0003998692,"7":0.000054404,"8":0.0000064767,"9":0.0000006854},"sanfrecce-hiroshima":{"0":0.6504391513,"1":0.2797587747,"2":0.0601631774,"3":0.0086255451,"4":0.000927478,"5":0.0000797831,"6":0.0000057192,"7":0.0000003514,"8":0.0000000189,"9":0.0000000009}}