{"gamba-osaka":{"0":0.2793867268,"1":0.3562623146,"2":0.2271454307,"3":0.0965487967,"4":0.0307787508,"5":0.0078495562,"6":0.0016682378,"7":0.0003038953,"8":0.0000484393,"9":0.0000068631},"kashima-antlers":{"0":0.3155139665,"1":0.3639618713,"2":0.2099245323,"3":0.0807196445,"4":0.0232785835,"5":0.0053706128,"6":0.0010325472,"7":0.0001701567,"8":0.0000245356,"9":0.0000031448}}