{"shimizu-s-pulse":{"0":0.466567329,"1":0.3556889755,"2":0.1355802683,"3":0.0344533388,"4":0.006566401,"5":0.001001183,"6":0.0001272091,"7":0.000013854,"8":0.0000013202,"9":0.0000001118},"yokohama-fa-marinos":{"0":0.751351005,"1":0.2147979932,"2":0.0307034779,"3":0.0029258608,"4":0.000209113,"5":0.0000119563,"6":0.0000005697,"7":0.0000000233,"8":0.0000000008,"9":0.0}}