{"sanfrecce-hiroshima":{"0":0.6432791767,"1":0.2837996368,"2":0.0626028611,"3":0.0092063031,"4":0.0010154011,"5":0.0000895942,"6":0.0000065878,"7":0.0000004152,"8":0.0000000229,"9":0.0000000011},"jubilo-iwata":{"0":0.3038635671,"1":0.3619551315,"2":0.215576218,"3":0.0855964395,"4":0.0254901162,"5":0.0060726453,"6":0.0012055987,"7":0.0002051544,"8":0.0000305469,"9":0.000004043}}