{"fc-tokyo":{"0":0.1587577876,"1":0.2921739565,"2":0.2688549083,"3":0.1649313365,"4":0.0758839013,"5":0.0279309759,"6":0.0085672477,"7":0.0022524219,"8":0.0005181628,"9":0.0001059571},"ventforet-kofu":{"0":0.5296912481,"1":0.3365981265,"2":0.1069474898,"3":0.0226536527,"4":0.0035988782,"5":0.0004573893,"6":0.0000484422,"7":0.0000043976,"8":0.0000003493,"9":0.0000000247}}