{"vissel-kobe":{"0":0.4544204563,"1":0.3584161345,"2":0.141347208,"3":0.0371617073,"4":0.0073276606,"5":0.0011559127,"6":0.000151951,"7":0.0000171212,"8":0.000001688,"9":0.0000001479},"cerezo-osaka":{"0":0.2906549084,"1":0.3591386102,"2":0.2218791729,"3":0.0913860108,"4":0.0282295636,"5":0.0069761948,"6":0.0014366527,"7":0.0002535935,"8":0.0000391681,"9":0.0000053774}}