{"kashiwa-reysol":{"0":0.2471778752,"1":0.3454674303,"2":0.241420769,"3":0.1124736759,"4":0.0392996256,"5":0.0109854012,"6":0.0025589523,"7":0.0005109303,"8":0.0000892625,"9":0.0000138619},"omiya-ardija":{"0":0.8264728304,"1":0.1575159983,"2":0.0150103481,"3":0.0009535986,"4":0.0000454362,"5":0.0000017319,"6":0.000000055,"7":0.0000000015,"8":0.0,"9":0.0}}