{"sagan-tosu":{"0":0.1082264582,"1":0.240644713,"2":0.2675402986,"3":0.1982945742,"4":0.1102284545,"5":0.0490192421,"6":0.0181659544,"7":0.005770362,"8":0.0016038212,"9":0.0003962382},"consadole-sapporo":{"0":0.7278596347,"1":0.2312024722,"2":0.0367203926,"3":0.0038880416,"4":0.0003087562,"5":0.0000196151,"6":0.0000010384,"7":0.0000000471,"8":0.0000000019,"9":0.0000000001}}