{"kawasaki-frontale":{"0":0.13636299,"1":0.2716943809,"2":0.270666684,"3":0.1797619163,"4":0.0895409792,"5":0.0356809145,"6":0.0118486499,"7":0.0033725234,"8":0.0008399417,"9":0.0001859477},"urawa-red-diamonds":{"0":0.364452778,"1":0.3678634323,"2":0.1856530023,"3":0.0624634656,"4":0.0157620042,"5":0.0031819019,"6":0.0005352798,"7":0.0000771842,"8":0.0000097383,"9":0.0000010922}}