{"vegalta-sendai":{"0":0.5910695443,"1":0.3107971313,"2":0.0817119218,"3":0.0143219644,"4":0.0018826995,"5":0.0001979928,"6":0.0000173515,"7":0.0000013034,"8":0.0000000857,"9":0.000000005},"albirex-niigata":{"0":0.2661016052,"1":0.3522858131,"2":0.2331915548,"3":0.1029056506,"4":0.0340586078,"5":0.009017882,"6":0.0019897612,"7":0.0003763142,"8":0.0000622742,"9":0.0000091604}}