{"sanfrecce-hiroshima":{"0":0.7134996122,"1":0.2408584797,"2":0.0406537062,"3":0.0045745364,"4":0.0003860604,"5":0.0000260647,"6":0.0000014665,"7":0.0000000707,"8":0.000000003,"9":0.0000000001},"kashima-antlers":{"0":0.1301055979,"1":0.2653385099,"2":0.270566855,"3":0.1839321477,"4":0.0937782132,"5":0.0382504239,"6":0.0130013756,"7":0.0037878744,"8":0.0009656281,"9":0.0002188123}}