{"shimizu-s-pulse":{"0":0.5187191422,"1":0.3404834552,"2":0.1117454262,"3":0.0244496271,"4":0.0040121392,"5":0.0005267078,"6":0.0000576212,"7":0.0000054032,"8":0.0000004433,"9":0.0000000323},"fc-tokyo":{"0":0.1206402227,"1":0.2551471377,"2":0.2698107663,"3":0.1902114214,"4":0.1005715562,"5":0.0425406123,"6":0.0149951583,"7":0.0045305569,"8":0.0011977334,"9":0.0002814597}}