{"omiya-ardija":{"0":0.433485903,"1":0.3623491334,"2":0.151443096,"3":0.0421968928,"4":0.0088180535,"5":0.0014741951,"6":0.000205379,"7":0.0000245251,"8":0.0000025626,"9":0.000000238},"sagan-tosu":{"0":0.2875652699,"1":0.3583941541,"2":0.2233342882,"3":0.0927809112,"4":0.0289083381,"5":0.0072057237,"6":0.0014967554,"7":0.0002664878,"8":0.0000415156,"9":0.000005749}}