{"vegalta-sendai":{"0":0.4965097258,"1":0.3476323803,"2":0.1216977891,"3":0.0284023252,"4":0.0049714877,"5":0.0006961596,"6":0.0000812363,"7":0.0000081254,"8":0.0000007111,"9":0.0000000553},"ventforet-kofu":{"0":0.2976949949,"1":0.3607128051,"2":0.2185352962,"3":0.0882653735,"4":0.0267374754,"5":0.006479484,"6":0.0013085165,"7":0.0002265016,"8":0.0000343061,"9":0.0000046187}}