{"cerezo-osaka":{"0":0.067166069,"1":0.1813878185,"2":0.2449267999,"3":0.2204820508,"4":0.1488577447,"5":0.0804006605,"6":0.0361881642,"7":0.013961327,"8":0.0047129724,"9":0.0014141992},"albirex-niigata":{"0":0.6355897503,"1":0.2880505272,"2":0.0652725333,"3":0.0098605469,"4":0.0011172048,"5":0.0001012639,"6":0.0000076488,"7":0.0000004952,"8":0.0000000281,"9":0.0000000014}}