{"kashiwa-reysol":{"0":0.2936794648,"1":0.3598355695,"2":0.2204472096,"3":0.0900355169,"4":0.0275793726,"5":0.0067584155,"6":0.0013801432,"7":0.0002415776,"8":0.0000369996,"9":0.0000050372},"urawa-red-diamonds":{"0":0.1011462551,"1":0.2317450595,"2":0.2654857195,"3":0.2027592085,"4":0.1161398532,"5":0.0532196415,"6":0.0203226984,"7":0.0066518739,"8":0.0019050865,"9":0.0004849901}}