{"jubilo-iwata":{"0":0.3989377969,"1":0.3666037974,"2":0.168445238,"3":0.051597571,"4":0.011853894,"5":0.0021786266,"6":0.0003336747,"7":0.0000438043,"8":0.0000050317,"9":0.0000005138},"gamba-osaka":{"0":0.0730039756,"1":0.1910690257,"2":0.2500368802,"3":0.2181356231,"4":0.1427283948,"5":0.0747109322,"6":0.0325894239,"7":0.0121849127,"8":0.0039863572,"9":0.001159251}}