{"yokohama-fa-marinos":{"0":0.3461285899,"1":0.3672233711,"2":0.1948018861,"3":0.0688913576,"4":0.0182724841,"5":0.0038772198,"6":0.0006855861,"7":0.0001039099,"8":0.0000137803,"9":0.0000016245},"kawasaki-frontale":{"0":0.378648449,"1":0.3677233354,"2":0.1785567216,"3":0.0578016129,"4":0.0140334669,"5":0.0027257121,"6":0.0004411779,"7":0.0000612069,"8":0.0000074301,"9":0.0000008017}}