{"consadole-sapporo":{"0":0.6316152285,"1":0.290211335,"2":0.06667241,"3":0.0102114327,"4":0.0011729742,"5":0.0001077904,"6":0.0000082545,"7":0.0000005418,"8":0.0000000311,"9":0.0000000016},"vissel-kobe":{"0":0.3473330141,"1":0.3672946816,"2":0.1942017857,"3":0.0684542693,"4":0.0180971057,"5":0.0038274338,"6":0.0006745669,"7":0.000101905,"8":0.0000134702,"9":0.0000015827}}