{"sagan-tosu":{"0":0.1502648804,"1":0.2848053935,"2":0.2699037591,"3":0.170521207,"4":0.0807995843,"5":0.0306287901,"6":0.0096754085,"7":0.0026197629,"8":0.0006206728,"9":0.0001307106},"vegalta-sendai":{"0":0.560515588,"1":0.3244814795,"2":0.0939208764,"3":0.0181235429,"4":0.0026229217,"5":0.0003036809,"6":0.0000293001,"7":0.0000024231,"8":0.0000001753,"9":0.0000000113}}