{"vissel-kobe":{"0":0.3603872498,"1":0.3678026253,"2":0.1876852903,"3":0.0638490425,"4":0.0162907022,"5":0.0033251804,"6":0.0005656,"7":0.0000824625,"8":0.0000105199,"9":0.0000011929},"gamba-osaka":{"0":0.1197167398,"1":0.2541139637,"2":0.2696945584,"3":0.1908203017,"4":0.101260073,"5":0.0429874695,"6":0.015207726,"7":0.0046114753,"8":0.0012235552,"9":0.0002885723}}