{"albirex-niigata":{"0":0.2792298044,"1":0.356219092,"2":0.2272179393,"3":0.096622169,"4":0.0308157123,"5":0.0078624451,"6":0.0016717133,"7":0.0003046626,"8":0.000048583,"9":0.0000068865},"omiya-ardija":{"0":0.3631018537,"1":0.3678482831,"2":0.1863283787,"3":0.0629213479,"4":0.0159359623,"5":0.0032288551,"6":0.0005451771,"7":0.0000789005,"8":0.0000099915,"9":0.0000011247}}