{"ventforet-kofu":{"0":0.6767004431,"1":0.2642695104,"2":0.0516021342,"3":0.006717335,"4":0.0006558245,"5":0.0000512234,"6":0.000003334,"7":0.000000186,"8":0.0000000091,"9":0.0000000004},"kashiwa-reysol":{"0":0.2752388408,"1":0.3550900451,"2":0.2290536825,"3":0.0985019438,"4":0.0317697346,"5":0.0081973289,"6":0.0017625843,"7":0.0003248483,"8":0.0000523865,"9":0.0000075094}}