{"kashima-antlers":{"0":0.4438381596,"1":0.3605276459,"2":0.1464274541,"3":0.0396474437,"4":0.0080513579,"5":0.001308016,"6":0.0001770825,"7":0.000020549,"8":0.0000020865,"9":0.0000001883},"consadole-sapporo":{"0":0.4829907533,"1":0.3515002735,"2":0.1279035275,"3":0.0310275953,"4":0.0056451434,"5":0.0008216594,"6":0.0000996615,"7":0.0000103613,"8":0.0000009426,"9":0.0000000762}}