{"kawasaki-frontale":{"0":0.1006308613,"1":0.231078274,"2":0.2653120924,"3":0.2030783917,"4":0.1165820397,"5":0.0535413812,"6":0.0204911459,"7":0.0067219632,"8":0.0019294524,"9":0.0004922883},"sanfrecce-hiroshima":{"0":0.4446545829,"1":0.3603736489,"2":0.1460337662,"3":0.0394513878,"4":0.0079934184,"5":0.0012956652,"6":0.0001750136,"7":0.000020263,"8":0.0000020528,"9":0.0000001849}}