{"urawa-red-diamonds":{"0":0.2284421564,"1":0.3372885036,"2":0.2489985572,"3":0.1225464863,"4":0.0452341215,"5":0.013357385,"6":0.003286968,"7":0.0006933024,"8":0.0001279552,"9":0.0000209914},"jubilo-iwata":{"0":0.3876863005,"1":0.3673555541,"2":0.1740454886,"3":0.0549727764,"4":0.0130224841,"5":0.0024679138,"6":0.0003897489,"7":0.0000527586,"8":0.000006249,"9":0.0000006579}}