{"cerezo-osaka":{"0":0.1054589916,"1":0.2372229472,"2":0.2668085755,"3":0.2000560143,"4":0.1125031554,"5":0.0506136645,"6":0.0189753421,"7":0.0060976804,"8":0.0017145405,"9":0.0004285271},"shimizu-s-pulse":{"0":0.452070306,"1":0.3589065575,"2":0.1424711104,"3":0.0377034391,"4":0.0074833557,"5":0.0011882335,"6":0.0001572266,"7":0.0000178321,"8":0.0000017697,"9":0.0000001561}}