{"fc-tokyo":{"0":0.2414471823,"1":0.3431216861,"2":0.2438058924,"3":0.1154912199,"4":0.0410312741,"5":0.011661946,"6":0.0027621407,"7":0.0005607558,"8":0.0000996116,"9":0.0000157287},"yokohama-fa-marinos":{"0":0.5753696265,"1":0.3180313125,"2":0.0878947298,"3":0.0161943876,"4":0.002237832,"5":0.000247389,"6":0.0000227904,"7":0.0000017996,"8":0.0000001243,"9":0.0000000076}}