{"yokohama-fa-marinos":{"0":0.4856717852,"1":0.350762956,"2":0.1266644008,"3":0.0304932817,"4":0.0055057314,"5":0.0007952723,"6":0.0000957272,"7":0.0000098766,"8":0.0000008916,"9":0.0000000716},"vissel-kobe":{"0":0.4171818217,"1":0.3647141693,"2":0.1594226047,"3":0.0464575075,"4":0.010153673,"5":0.0017753355,"6":0.0002586762,"7":0.0000323062,"8":0.0000035304,"9":0.0000003429}}