{"shimizu-s-pulse":{"0":0.4176899479,"1":0.3646499546,"2":0.1591725992,"3":0.0463200686,"4":0.0101095388,"5":0.0017651576,"6":0.0002568351,"7":0.0000320316,"8":0.0000034955,"9":0.0000003391},"ventforet-kofu":{"0":0.311721795,"1":0.3633566935,"2":0.211772306,"3":0.0822837181,"4":0.0239783841,"5":0.0055900527,"6":0.0010860021,"7":0.0001808417,"8":0.0000263496,"9":0.0000034127}}