{"jubilo-iwata":{"0":0.3858213068,"1":0.3674488636,"2":0.1749756494,"3":0.0555478252,"4":0.0132256727,"5":0.0025191757,"6":0.0003998692,"7":0.000054404,"8":0.0000064767,"9":0.0000006854},"fc-tokyo":{"0":0.2234236881,"1":0.3348418112,"2":0.2509112608,"3":0.125345678,"4":0.0469634333,"5":0.014076682,"6":0.0035160862,"7":0.0007527867,"8":0.0001410238,"9":0.0000234834}}