{"gamba-osaka":{"0":0.1888756028,"1":0.3147926714,"2":0.2623272262,"3":0.1457373479,"4":0.0607238949,"5":0.0202412983,"6":0.0056225829,"7":0.0013387102,"8":0.000278898,"9":0.0000516478},"kawasaki-frontale":{"0":0.5583205128,"1":0.3254015258,"2":0.094825598,"3":0.0184221509,"4":0.0026842091,"5":0.0003128833,"6":0.0000303925,"7":0.0000025305,"8":0.0000001844,"9":0.0000000119}}