{"kashima-antlers":{"0":0.2563757567,"1":0.348955891,"2":0.2374838703,"3":0.1077473115,"4":0.0366640157,"5":0.0099807598,"6":0.0022641539,"7":0.0004402521,"8":0.000074904,"9":0.0000113281},"albirex-niigata":{"0":0.4310852613,"1":0.3627364286,"2":0.1526121727,"3":0.0428051397,"4":0.0090045896,"5":0.0015153813,"6":0.0002125194,"7":0.0000255463,"8":0.000002687,"9":0.0000002512}}