{"kashiwa-reysol":{"0":0.1353352832,"1":0.2706705665,"2":0.2706705665,"3":0.1804470443,"4":0.0902235222,"5":0.0360894089,"6":0.012029803,"7":0.0034370866,"8":0.0008592716,"9":0.0001909493},"consadole-sapporo":{"0":0.6273456159,"1":0.2925047043,"2":0.0681912808,"3":0.0105982359,"4":0.0012353772,"5":0.0001152008,"6":0.0000089522,"7":0.0000005963,"8":0.0000000348,"9":0.0000000018}}