{"sagan-tosu":{"0":0.3189065573,"1":0.3644646369,"2":0.2082655068,"3":0.0793392407,"4":0.0226683545,"5":0.0051813382,"6":0.0009869216,"7":0.00016113,"8":0.0000230186,"9":0.000002923},"urawa-red-diamonds":{"0":0.4206697903,"1":0.3642609578,"2":0.1577080746,"3":0.0455201805,"4":0.0098540619,"5":0.0017065404,"6":0.0002462842,"7":0.0000304656,"8":0.0000032975,"9":0.0000003173}}