{"sanfrecce-hiroshima":{"0":0.2635971381,"1":0.3514628508,"2":0.2343085672,"3":0.104137141,"4":0.0347123803,"5":0.0092566348,"6":0.0020570299,"7":0.0003918152,"8":0.0000653025,"9":0.0000096745},"omiya-ardija":{"0":0.4171818217,"1":0.3647141693,"2":0.1594226047,"3":0.0464575075,"4":0.010153673,"5":0.0017753355,"6":0.0002586762,"7":0.0000323062,"8":0.0000035304,"9":0.0000003429}}