{"vegalta-sendai":{"0":0.459425824,"1":0.3573311965,"2":0.138962132,"3":0.0360272194,"4":0.0070052927,"5":0.0010897122,"6":0.000141259,"7":0.0000156954,"8":0.0000015259,"9":0.0000001319},"cerezo-osaka":{"0":0.1923278329,"1":0.317062799,"2":0.2613475569,"3":0.1436151781,"4":0.0591893405,"5":0.0195153636,"6":0.0053620215,"7":0.0012627973,"8":0.0002602237,"9":0.0000476659}}