{"kashiwa-reysol":{"0":0.5039968882,"1":0.3453312012,"2":0.1183079115,"3":0.0270209428,"4":0.0046285874,"5":0.0006342879,"6":0.0000724341,"7":0.0000070901,"8":0.0000006073,"9":0.0000000462},"kashima-antlers":{"0":0.1392740819,"1":0.2745525958,"2":0.2706143413,"3":0.1778217188,"4":0.0876354987,"5":0.0345513729,"6":0.0113519196,"7":0.0031968813,"8":0.0007877561,"9":0.0001725459}}