{"urawa-red-diamonds":{"0":0.0225765414,"1":0.0855841442,"2":0.1622180657,"3":0.2049811218,"4":0.1942628591,"5":0.1472840351,"6":0.0930551311,"7":0.0503939252,"8":0.023879438,"9":0.0100581358},"sanfrecce-hiroshima":{"0":0.2993663936,"1":0.3610619333,"2":0.2177360626,"3":0.0875362158,"4":0.0263940743,"5":0.0063667103,"6":0.0012798011,"7":0.0002205074,"8":0.0000332439,"9":0.000004455}}