{"vegalta-sendai":{"0":0.3727405839,"1":0.3678474642,"2":0.1815092893,"3":0.0597088473,"4":0.0147312561,"5":0.0029075746,"6":0.0004782343,"7":0.0000674223,"8":0.0000083172,"9":0.000000912},"gamba-osaka":{"0":0.0714815831,"1":0.1885909644,"2":0.2487812268,"3":0.2187877841,"4":0.1443077973,"5":0.076145898,"6":0.0334828164,"7":0.0126197474,"8":0.0041618593,"9":0.0012200331}}