{"cerezo-osaka":{"0":0.2042554549,"1":0.3244360635,"2":0.2576645,"3":0.1364233758,"4":0.0541731713,"5":0.017209558,"6":0.0045558973,"7":0.0010337877,"8":0.0002052565,"9":0.0000362251},"fc-tokyo":{"0":0.5316177297,"1":0.3358923497,"2":0.1061135326,"3":0.0223485924,"4":0.0035301311,"5":0.000446089,"6":0.0000469754,"7":0.0000042401,"8":0.0000003349,"9":0.0000000235}}