{"albirex-niigata":{"0":0.6628563949,"1":0.2725645022,"2":0.0560388407,"3":0.0076809994,"4":0.0007896008,"5":0.0000649363,"6":0.0000044503,"7":0.0000002614,"8":0.0000000134,"9":0.0000000006},"jubilo-iwata":{"0":0.0827656332,"1":0.2062306343,"2":0.2569368039,"3":0.2134067729,"4":0.1329386741,"5":0.0662497851,"6":0.0275128993,"7":0.0097935795,"8":0.0030503846,"9":0.0008445303}}