{"ventforet-kofu":{"0":0.441511812,"1":0.3609582049,"2":0.1475507814,"3":0.0402100719,"4":0.0082184412,"5":0.0013437981,"6":0.0001831038,"7":0.0000213852,"8":0.0000021854,"9":0.0000001985},"sagan-tosu":{"0":0.5452246447,"1":0.3307100304,"2":0.1002973043,"3":0.0202786899,"4":0.0030750472,"5":0.0003730385,"6":0.0000377115,"7":0.0000032677,"8":0.0000002478,"9":0.0000000167}}