{"kawasaki-frontale":{"0":0.3830999111,"1":0.3675688336,"2":0.1763336972,"3":0.0563950113,"4":0.0135271818,"5":0.0025957565,"6":0.0004150872,"7":0.0000568942,"8":0.0000068235,"9":0.0000007274},"vissel-kobe":{"0":0.425279094,"1":0.3636177224,"2":0.1554483279,"3":0.0443032726,"4":0.0094699312,"5":0.0016193765,"6":0.0002307637,"7":0.0000281865,"8":0.0000030125,"9":0.0000002862}}