{"omiya-ardija":{"0":0.6189506532,"1":0.2969290296,"2":0.0712228415,"3":0.0113892382,"4":0.001365939,"5":0.0001310563,"6":0.0000104786,"7":0.0000007181,"8":0.0000000431,"9":0.0000000023},"yokohama-fa-marinos":{"0":0.4150158857,"1":0.36498094,"2":0.1604891416,"3":0.0470467756,"4":0.0103436862,"5":0.0018193271,"6":0.0002666644,"7":0.0000335021,"8":0.0000036829,"9":0.0000003599}}