{"consadole-sapporo":{"0":0.3340297906,"1":0.3662720484,"2":0.2008132466,"3":0.0733989215,"4":0.0201209399,"5":0.0044126231,"6":0.0008064253,"7":0.0001263237,"8":0.0000173146,"9":0.0000021095},"shimizu-s-pulse":{"0":0.2177603717,"1":0.3319452074,"2":0.2530020037,"3":0.1285553809,"4":0.0489911712,"5":0.0149360367,"6":0.0037946496,"7":0.0008263446,"8":0.0001574558,"9":0.0000266688}}