{"sagan-tosu":{"0":0.3619300392,"1":0.3678310724,"2":0.1869141591,"3":0.0633205575,"4":0.0160882395,"5":0.0032701095,"6":0.0005539044,"7":0.0000804194,"8":0.0000102163,"9":0.0000011537},"kawasaki-frontale":{"0":0.5388132498,"1":0.3331947014,"2":0.1030215099,"3":0.0212356948,"4":0.0032829654,"5":0.0004060281,"6":0.000041847,"7":0.0000036968,"8":0.0000002858,"9":0.0000000196}}