{"cerezo-osaka":{"0":0.3582335796,"1":0.3677518631,"2":0.188761524,"3":0.0645923089,"4":0.0165771324,"5":0.0034035175,"6":0.0005823249,"7":0.0000853996,"8":0.0000109586,"9":0.00000125},"kashiwa-reysol":{"0":0.4160357325,"1":0.3648567337,"2":0.159986782,"3":0.0467686228,"4":0.010253835,"5":0.0017984901,"6":0.0002628745,"7":0.0000329338,"8":0.0000036103,"9":0.0000003518}}