{"jubilo-iwata":{"0":0.189561176,"1":0.3152484774,"2":0.2621359622,"3":0.1453145008,"4":0.0604160832,"5":0.0200949146,"6":0.0055697861,"7":0.0013232566,"8":0.0002750792,"9":0.0000508298},"ventforet-kofu":{"0":0.5659800614,"1":0.3221538296,"2":0.0916844046,"3":0.0173954786,"4":0.0024753611,"5":0.0002817933,"6":0.0000267326,"7":0.0000021737,"8":0.0000001547,"9":0.0000000098}}