{"fc-tokyo":{"0":0.4666255044,"1":0.3556751467,"2":0.1355528242,"3":0.0344407312,"4":0.0065629247,"5":0.0010004893,"6":0.0001271002,"7":0.0000138399,"8":0.0000013186,"9":0.0000001117},"kashima-antlers":{"0":0.1790235182,"1":0.3079630759,"2":0.2648849076,"3":0.1518883696,"4":0.0653210399,"5":0.0224735483,"6":0.006443309,"7":0.0015834322,"8":0.0003404851,"9":0.0000650795}}