{"urawa-red-diamonds":{"0":0.0089691536,"1":0.042280267,"2":0.0996538274,"3":0.1565881838,"4":0.1845377639,"5":0.1739808738,"6":0.1366899282,"7":0.0920501994,"8":0.0542401654,"9":0.0284095761},"albirex-niigata":{"0":0.3618903037,"1":0.3678304224,"2":0.1869340215,"3":0.0633341276,"4":0.0160934257,"5":0.0032715171,"6":0.0005542027,"7":0.0000804714,"8":0.000010224,"9":0.0000011546}}