{"shimizu-s-pulse":{"0":0.5001062103,"1":0.3465409881,"2":0.1200651521,"3":0.02773244,"4":0.0048041931,"5":0.0006657985,"6":0.0000768925,"7":0.0000076116,"8":0.0000006593,"9":0.0000000508},"gamba-osaka":{"0":0.07021102,"1":0.1864980219,"2":0.2476926854,"3":0.2193112318,"4":0.1456363649,"5":0.0773693188,"6":0.0342520422,"7":0.0129974267,"8":0.0043155518,"9":0.0012736872}}