{"yokohama-fa-marinos":{"0":0.0992828324,"1":0.2293217597,"2":0.2648417062,"3":0.2039089223,"4":0.1177463206,"5":0.0543936807,"6":0.0209395963,"7":0.0069094165,"8":0.0019949063,"9":0.0005119778},"sanfrecce-hiroshima":{"0":0.54490552,"1":0.3308354943,"2":0.1004322036,"3":0.020325565,"4":0.0030851304,"5":0.000374623,"6":0.0000379083,"7":0.000003288,"8":0.0000002495,"9":0.0000000168}}