{"omiya-ardija":{"0":0.3732498493,"1":0.3678404312,"2":0.1812547052,"3":0.0595426085,"4":0.014669918,"5":0.0028914621,"6":0.0004749261,"7":0.0000668633,"8":0.0000082368,"9":0.0000009019},"consadole-sapporo":{"0":0.4967897019,"1":0.3475483511,"2":0.1215704109,"3":0.0283497529,"4":0.0049582901,"5":0.0006937525,"6":0.0000808902,"7":0.0000080843,"8":0.000000707,"9":0.000000055}}