{"vissel-kobe":{"0":0.3224544225,"1":0.3649518124,"2":0.2065250406,"3":0.0779145647,"4":0.022045799,"5":0.0049902583,"6":0.0009413236,"7":0.0001521977,"8":0.000021532,"9":0.0000027078},"vegalta-sendai":{"0":0.2164261383,"1":0.3312414929,"2":0.2534835383,"3":0.1293193547,"4":0.0494810105,"5":0.0151461962,"6":0.0038635572,"7":0.0008447425,"8":0.0001616104,"9":0.0000274829}}