{"kawasaki-frontale":{"0":0.3224057465,"1":0.3649453936,"2":0.2065489554,"3":0.0779339809,"4":0.0220542342,"5":0.0049928336,"6":0.000941935,"7":0.0001523169,"8":0.0000215518,"9":0.0000027106},"jubilo-iwata":{"0":0.4444377523,"1":0.3604146947,"2":0.1461382966,"3":0.039503387,"4":0.0080087712,"5":0.001298935,"6":0.0001755609,"7":0.0000203386,"8":0.0000020617,"9":0.0000001858}}