{"kashima-antlers":{"0":0.3560617628,"1":0.3676875611,"2":0.1898464771,"3":0.0653483894,"4":0.0168705211,"5":0.0034842723,"6":0.0005996729,"7":0.0000884647,"8":0.0000114191,"9":0.0000013102},"ventforet-kofu":{"0":0.5765796125,"1":0.3174888659,"2":0.0874113286,"3":0.016044112,"4":0.0022086399,"5":0.0002432339,"6":0.0000223225,"7":0.000001756,"8":0.0000001209,"9":0.0000000074}}