{"consadole-sapporo":{"0":0.2351110394,"1":0.340369633,"2":0.246376111,"3":0.1188926825,"4":0.0430301559,"5":0.0124589287,"6":0.0030061264,"7":0.0006217087,"8":0.0001125058,"9":0.0000180971},"urawa-red-diamonds":{"0":0.251929255,"1":0.3473114256,"2":0.2394029752,"3":0.110014203,"4":0.0379165866,"5":0.0104544141,"6":0.002402088,"7":0.0004730765,"8":0.0000815233,"9":0.0000124876}}