{"yokohama-fa-marinos":{"0":0.2470781286,"1":0.3454277463,"2":0.2414627482,"3":0.1125257199,"4":0.0393291649,"5":0.0109968332,"6":0.002562355,"7":0.0005117575,"8":0.0000894329,"9":0.0000138924},"shimizu-s-pulse":{"0":0.4404511323,"1":0.3611504503,"2":0.148063699,"3":0.0404685618,"4":0.0082956077,"5":0.0013604063,"6":0.0001859122,"7":0.0000217771,"8":0.000002232,"9":0.0000002034}}