{"vissel-kobe":{"0":0.2041921213,"1":0.3243987892,"2":0.2576851981,"3":0.1364609723,"4":0.0541986805,"5":0.0172210233,"6":0.0045598226,"7":0.0010348804,"8":0.0002055135,"9":0.0000362776},"omiya-ardija":{"0":0.3711476436,"1":0.3678649668,"2":0.1823056621,"3":0.0602310765,"4":0.0149245882,"5":0.002958517,"6":0.000488725,"7":0.0000692003,"8":0.0000085735,"9":0.0000009442}}