{"vegalta-sendai":{"0":0.5162681939,"1":0.3413198195,"2":0.1128281972,"3":0.0248646604,"4":0.0041096863,"5":0.0005434065,"6":0.000059877,"7":0.0000056552,"8":0.0000004674,"9":0.0000000343},"kashiwa-reysol":{"0":0.0817815424,"1":0.2047567506,"2":0.2563251175,"3":0.2139207153,"4":0.1338985218,"5":0.067048445,"6":0.02797824,"7":0.0100070319,"8":0.0031318303,"9":0.0008712417}}