{"sanfrecce-hiroshima":{"0":0.48615318,"1":0.3506289968,"2":0.1264423421,"3":0.0303980675,"4":0.0054810111,"5":0.0007906156,"6":0.0000950361,"7":0.0000097919,"8":0.0000008828,"9":0.0000000707},"sagan-tosu":{"0":0.3035406139,"1":0.3618932187,"2":0.21573176,"3":0.0857346677,"4":0.025554072,"5":0.0060933166,"6":0.0012107825,"7":0.0002062205,"8":0.000030733,"9":0.0000040712}}