{"fc-tokyo":{"0":0.134103291,"1":0.2694329496,"2":0.2706649247,"3":0.1812683553,"4":0.0910486,"5":0.0365859669,"6":0.0122510851,"7":0.0035163151,"8":0.0008830983,"9":0.0001971414},"albirex-niigata":{"0":0.5347660455,"1":0.3347239322,"2":0.1047561936,"3":0.0218565392,"4":0.0034201436,"5":0.0004281513,"6":0.0000446652,"7":0.0000039939,"8":0.0000003125,"9":0.0000000217}}