{"gamba-osaka":{"0":0.2393509099,"1":0.3422298098,"2":0.2446642939,"3":0.1166090056,"4":0.0416826051,"5":0.0119197625,"6":0.0028405282,"7":0.0005802081,"8":0.0001036995,"9":0.0000164747},"cerezo-osaka":{"0":0.415395564,"1":0.3649349918,"2":0.1603020828,"3":0.0469430782,"4":0.0103101557,"5":0.0018115439,"6":0.0002652475,"7":0.0000332895,"8":0.0000036557,"9":0.0000003568}}