{"cerezo-osaka":{"0":0.0361984708,"1":0.1201332552,"2":0.1993454238,"3":0.2205251046,"4":0.1829662834,"5":0.1214434463,"6":0.0671731715,"7":0.0318471692,"8":0.0132115529,"9":0.0048717431},"consadole-sapporo":{"0":0.6297174861,"1":0.2912342586,"2":0.0673455917,"3":0.0103820861,"4":0.0012003872,"5":0.000111032,"6":0.0000085584,"7":0.0000005654,"8":0.0000000327,"9":0.0000000017}}