{"kashima-antlers":{"0":0.2036622047,"1":0.3240861423,"2":0.2578579266,"3":0.1367757963,"4":0.0544125753,"5":0.0173172648,"6":0.0045928056,"7":0.001044071,"8":0.0002076778,"9":0.0000367196},"vegalta-sendai":{"0":0.3376806445,"1":0.3666045683,"2":0.1990029806,"3":0.0720161717,"4":0.0195461732,"5":0.0042440788,"6":0.000767934,"7":0.0001191016,"8":0.0000161629,"9":0.0000019497}}