{"urawa-red-diamonds":{"0":0.0099425202,"1":0.0458443121,"2":0.1056925657,"3":0.1624471744,"4":0.1872583301,"5":0.1726871881,"6":0.1327082259,"7":0.0874155671,"8":0.0503834344,"9":0.0258127476},"omiya-ardija":{"0":0.2379781488,"1":0.3416358192,"2":0.2452221634,"3":0.1173450519,"4":0.0421144474,"5":0.0120917015,"6":0.0028930936,"7":0.0005933224,"8":0.00010647,"9":0.0000169829}}