{"ventforet-kofu":{"0":0.5945025733,"1":0.3091593125,"2":0.0803860949,"3":0.0139343999,"4":0.0018115773,"5":0.000188415,"6":0.0000163302,"7":0.0000012132,"8":0.0000000789,"9":0.0000000046},"gamba-osaka":{"0":0.407695273,"1":0.3657985757,"2":0.1641036907,"3":0.0490798727,"4":0.0110090481,"5":0.0019755412,"6":0.0002954209,"7":0.000037866,"8":0.0000042468,"9":0.0000004234}}