{"sagan-tosu":{"0":0.2675960681,"1":0.3527656466,"2":0.2325213564,"3":0.1021758244,"4":0.0336740007,"5":0.0088783297,"6":0.0019506825,"7":0.0003673627,"8":0.0000605357,"9":0.000008867},"shimizu-s-pulse":{"0":0.3407240673,"1":0.3668515779,"2":0.1974913033,"3":0.0708784646,"4":0.0190783974,"5":0.0041082746,"6":0.0007372178,"7":0.0001133928,"8":0.000015261,"9":0.0000018257}}