{"jubilo-iwata":{"0":0.1648414001,"1":0.2971713746,"2":0.2678660393,"3":0.1609670853,"4":0.0725467176,"5":0.0261570307,"6":0.0078591915,"7":0.0020240466,"8":0.0004561117,"9":0.0000913628},"sanfrecce-hiroshima":{"0":0.407695273,"1":0.3657985757,"2":0.1641036907,"3":0.0490798727,"4":0.0110090481,"5":0.0019755412,"6":0.0002954209,"7":0.000037866,"8":0.0000042468,"9":0.0000004234}}