{"albirex-niigata":{"0":0.6448255201,"1":0.2829336466,"2":0.0620721776,"3":0.0090785838,"4":0.0009958651,"5":0.0000873922,"6":0.0000063909,"7":0.0000004006,"8":0.000000022,"9":0.0000000011},"yokohama-fa-marinos":{"0":0.1867264946,"1":0.3133476592,"2":0.2629159717,"3":0.1470673359,"4":0.0616988038,"5":0.02070748,"6":0.0057915727,"7":0.001388414,"8":0.000291239,"9":0.0000543035}}