{"kawasaki-frontale":{"0":0.1350491622,"1":0.2703841428,"2":0.2706702636,"3":0.1806377914,"4":0.0904144713,"5":0.0362040592,"6":0.0120807901,"7":0.0034553069,"8":0.0008647408,"9":0.000192368},"fc-tokyo":{"0":0.2993077516,"1":0.3610498422,"2":0.2177641371,"3":0.087561723,"4":0.0264060537,"5":0.0063706346,"6":0.001280798,"7":0.000220715,"8":0.0000332806,"9":0.0000044606}}