{"kashiwa-reysol":{"0":0.2895563393,"1":0.3588776882,"2":0.2223974709,"3":0.0918802082,"4":0.0284692064,"5":0.0070569776,"6":0.0014577427,"7":0.0002581049,"8":0.0000399871,"9":0.0000055067},"vissel-kobe":{"0":0.3023065578,"1":0.361653472,"2":0.2163254988,"3":0.0862643848,"4":0.025799816,"5":0.0061729346,"6":0.0012307944,"7":0.0002103452,"8":0.0000314548,"9":0.0000041811}}