{"ventforet-kofu":{"0":0.4692916609,"1":0.3550336076,"2":0.1342969341,"3":0.0338665901,"4":0.0064052799,"5":0.0009691583,"6":0.0001221997,"7":0.0000132068,"8":0.0000012489,"9":0.000000105},"urawa-red-diamonds":{"0":0.4727117518,"1":0.3541884887,"2":0.1326913125,"3":0.0331405169,"4":0.0062077945,"5":0.0009302622,"6":0.0001161695,"7":0.0000124346,"8":0.0000011646,"9":0.000000097}}