{"omiya-ardija":{"0":0.5138894439,"1":0.3421204206,"2":0.1138828434,"3":0.0252723919,"4":0.0042062556,"5":0.0005600605,"6":0.0000621431,"7":0.0000059102,"8":0.0000004918,"9":0.0000000364},"fc-tokyo":{"0":0.2119449789,"1":0.3288174959,"2":0.2550684289,"3":0.1319068161,"4":0.0511610008,"5":0.0158745277,"6":0.0041046993,"7":0.0009097354,"8":0.0001764237,"9":0.0000304121}}