{"kashiwa-reysol":{"0":0.211525449,"1":0.3285857396,"2":0.2552141806,"3":0.1321507501,"4":0.0513210729,"5":0.0159445332,"6":0.0041280661,"7":0.0009160827,"8":0.0001778815,"9":0.0000307025},"sagan-tosu":{"0":0.3885234364,"1":0.3673107505,"2":0.1736281197,"3":0.0547161115,"4":0.0129321774,"5":0.0024452207,"6":0.000385286,"7":0.0000520357,"8":0.0000061493,"9":0.000000646}}