{"consadole-sapporo":{"0":0.4707549813,"1":0.3546750552,"2":0.133609202,"3":0.033554505,"4":0.0063201381,"5":0.0009523406,"6":0.000119585,"7":0.0000128711,"8":0.0000012122,"9":0.0000001015},"yokohama-fa-marinos":{"0":0.4876028832,"1":0.3502227058,"2":0.1257744241,"3":0.0301126597,"4":0.0054071343,"5":0.0007767391,"6":0.0000929827,"7":0.0000095407,"8":0.0000008566,"9":0.0000000684}}