{"shimizu-s-pulse":{"0":0.4395912186,"1":0.3613044328,"2":0.1484798691,"3":0.0406790313,"4":0.008358626,"5":0.0013740077,"6":0.0001882185,"7":0.0000220998,"8":0.0000022705,"9":0.0000002074},"cerezo-osaka":{"0":0.1415295268,"1":0.2767251705,"2":0.2705330178,"3":0.176319616,"4":0.0861870962,"5":0.0337034108,"6":0.0109830817,"7":0.0030678052,"8":0.0007497896,"9":0.0001628915}}