{"sanfrecce-hiroshima":{"0":0.5822126382,"1":0.3149301926,"2":0.0851759475,"3":0.0153577781,"4":0.0020768306,"5":0.0002246796,"6":0.0000202556,"7":0.0000015652,"8":0.0000001058,"9":0.0000000064},"gamba-osaka":{"0":0.1438066321,"1":0.2788821473,"2":0.2704160821,"3":0.1748046817,"4":0.0847490555,"5":0.0328705265,"6":0.0106242237,"7":0.0029433436,"8":0.000713498,"9":0.0001537418}}