{"vegalta-sendai":{"0":0.5138894439,"1":0.3421204206,"2":0.1138828434,"3":0.0252723919,"4":0.0042062556,"5":0.0005600605,"6":0.0000621431,"7":0.0000059102,"8":0.0000004918,"9":0.0000000364},"jubilo-iwata":{"0":0.0735378266,"1":0.1919304446,"2":0.250464946,"3":0.2179007759,"4":0.1421778243,"5":0.0742155548,"6":0.0322832142,"7":0.0120368211,"8":0.0039269457,"9":0.0011387948}}