{"vissel-kobe":{"0":0.4487172682,"1":0.3595850939,"2":0.1440789657,"3":0.0384864829,"4":0.0077104039,"5":0.0012357654,"6":0.0001650493,"7":0.0000188949,"8":0.0000018927,"9":0.0000001685},"kashima-antlers":{"0":0.1291186139,"1":0.2643088769,"2":0.270523282,"3":0.1845891998,"4":0.0944646217,"5":0.038674266,"6":0.0131945239,"7":0.0038585006,"8":0.0009873053,"9":0.0002245597}}