{"albirex-niigata":{"0":0.6545565074,"1":0.2773993202,"2":0.0587805499,"3":0.0083036806,"4":0.0008797695,"5":0.0000745688,"6":0.000005267,"7":0.0000003189,"8":0.0000000169,"9":0.0000000008},"kawasaki-frontale":{"0":0.0713910096,"1":0.1884425191,"2":0.2487048664,"3":0.2188257401,"4":0.1444021941,"5":0.076232325,"6":0.0335369291,"7":0.012646217,"8":0.004172593,"9":0.0012237674}}