{"consadole-sapporo":{"0":0.2871469441,"1":0.3582908138,"2":0.2235306868,"3":0.0929709722,"4":0.0290013928,"5":0.0072373625,"6":0.0015050833,"7":0.0002682835,"8":0.0000418442,"9":0.0000058013},"ventforet-kofu":{"0":0.6697546137,"1":0.2684670393,"2":0.0538066851,"3":0.0071893602,"4":0.0007204528,"5":0.0000577578,"6":0.0000038586,"7":0.000000221,"8":0.0000000111,"9":0.0000000005}}