{"vegalta-sendai":{"0":0.2485452748,"1":0.3460073974,"2":0.2408436837,"3":0.1117619265,"4":0.0388967899,"5":0.0108298796,"6":0.0025127672,"7":0.0004997285,"8":0.0000869609,"9":0.0000134512},"sanfrecce-hiroshima":{"0":0.1652735279,"1":0.2975177086,"2":0.2677887622,"3":0.1606869532,"4":0.0723152926,"5":0.0260357245,"6":0.0078113831,"7":0.0020088126,"8":0.0004520214,"9":0.000090412}}