{"shimizu-s-pulse":{"0":0.5358609372,"1":0.3343132414,"2":0.1042857723,"3":0.02168729,"4":0.0033825699,"5":0.0004220639,"6":0.0000438863,"7":0.0000039114,"8":0.000000305,"9":0.0000000211},"kashiwa-reysol":{"0":0.1460143123,"1":0.2809389299,"2":0.270270363,"3":0.1733379543,"4":0.0833777502,"5":0.0320846026,"6":0.0102887333,"7":0.0028280063,"8":0.0006801534,"9":0.0001454055}}