{"yokohama-fa-marinos":{"0":0.2284354076,"1":0.3372852879,"2":0.2490011654,"3":0.122550222,"4":0.0452364055,"5":0.0133583267,"6":0.0032872656,"7":0.0006933791,"8":0.0001279719,"9":0.0000209945},"sagan-tosu":{"0":0.5846937837,"1":0.3137858678,"2":0.0841992626,"3":0.0150623223,"4":0.0020208629,"5":0.0002169061,"6":0.0000194011,"7":0.0000014874,"8":0.0000000998,"9":0.0000000059}}