{"cerezo-osaka":{"0":0.0841629903,"1":0.2083034009,"2":0.2577754586,"3":0.2126647533,"4":0.1315863161,"5":0.0651352265,"6":0.0268682809,"7":0.0094998565,"8":0.0029390181,"9":0.00080823},"urawa-red-diamonds":{"0":0.3868382068,"1":0.3673991009,"2":0.1744684173,"3":0.05523372,"4":0.0131145391,"5":0.0024911034,"6":0.0003943204,"7":0.0000535008,"8":0.0000063515,"9":0.0000006703}}