{"gamba-osaka":{"0":0.375443525,"1":0.367802205,"2":0.1801582035,"3":0.0588304943,"4":0.0144082825,"5":0.0028230068,"6":0.0004609251,"7":0.0000645063,"8":0.0000078992,"9":0.0000008598},"jubilo-iwata":{"0":0.4200924811,"1":0.3643379746,"2":0.157991592,"3":0.045674337,"4":0.0099031143,"5":0.0017177554,"6":0.0002482959,"7":0.0000307632,"8":0.000003335,"9":0.0000003214}}