{"kawasaki-frontale":{"0":0.2456785406,"1":0.3448666678,"2":0.2420500754,"3":0.1132577592,"4":0.0397458666,"5":0.0111585037,"6":0.0026105902,"7":0.0005235096,"8":0.0000918584,"9":0.0000143272},"kashima-antlers":{"0":0.1326218857,"1":0.2679297842,"2":0.2706429972,"3":0.1822557905,"4":0.0920507094,"5":0.0371931474,"6":0.0125232623,"7":0.0036143086,"8":0.0009127273,"9":0.0002048822}}