{"fc-tokyo":{"0":0.2491868559,"1":0.3462581534,"2":0.2405718962,"3":0.1114290723,"4":0.0387091292,"5":0.0107576714,"6":0.0024913911,"7":0.0004945597,"8":0.0000859021,"9":0.0000132628},"vissel-kobe":{"0":0.3790670434,"1":0.3677110265,"2":0.1783476055,"3":0.0576682342,"4":0.0139851551,"5":0.0027132381,"6":0.0004386592,"7":0.0000607883,"8":0.0000073709,"9":0.0000007945}}