{"omiya-ardija":{"0":0.3304247465,"1":0.3659045469,"2":0.2025970192,"3":0.0747837153,"4":0.0207034293,"5":0.0045852976,"6":0.000846275,"7":0.0001338778,"8":0.0000185316,"9":0.0000022802},"albirex-niigata":{"0":0.3851683783,"1":0.3674794027,"2":0.1753013993,"3":0.0557502096,"4":0.0132974661,"5":0.0025373552,"6":0.0004034711,"7":0.0000549916,"8":0.0000065583,"9":0.0000006952}}