{"albirex-niigata":{"0":0.5070927406,"1":0.3443470921,"2":0.1169164044,"3":0.0264644713,"4":0.00449275,"5":0.0006101706,"6":0.0000690572,"7":0.0000066992,"8":0.0000005686,"9":0.0000000429},"vegalta-sendai":{"0":0.1294250848,"1":0.2646293958,"2":0.2705376521,"3":0.1843852128,"4":0.0942509475,"5":0.0385420977,"6":0.013134203,"7":0.0038364126,"8":0.0009805166,"9":0.0002227574}}