{"gamba-osaka":{"0":0.3641556323,"1":0.3678605304,"2":0.185801561,"3":0.0625639651,"4":0.0158001218,"5":0.0031921743,"6":0.0005374419,"7":0.0000775585,"8":0.0000097935,"9":0.0000010992},"kashiwa-reysol":{"0":0.3191433105,"1":0.364498371,"2":0.2081495335,"3":0.0792435701,"4":0.0226263181,"5":0.0051683716,"6":0.0009838125,"7":0.0001605181,"8":0.0000229163,"9":0.0000029081}}