{"jubilo-iwata":{"0":0.2002270615,"1":0.3220258335,"2":0.2589575972,"3":0.1388274483,"4":0.055819159,"5":0.017954827,"6":0.0048128011,"7":0.0011057777,"8":0.0002223032,"9":0.0000397257},"cerezo-osaka":{"0":0.2118930804,"1":0.3287888712,"2":0.2550864842,"3":0.1319369766,"4":0.0511807766,"5":0.0158831706,"6":0.0041075824,"7":0.0009105181,"8":0.0001766033,"9":0.0000304479}}