{"sanfrecce-hiroshima":{"0":0.4477979318,"1":0.3597667664,"2":0.1445206833,"3":0.0387032746,"4":0.0077736804,"5":0.0012490955,"6":0.0001672566,"7":0.0000191966,"8":0.0000019278,"9":0.0000001721},"ventforet-kofu":{"0":0.4861024829,"1":0.3506431268,"2":0.1264657214,"3":0.0304080844,"4":0.00548361,"5":0.0007911049,"6":0.0000951087,"7":0.0000098008,"8":0.0000008837,"9":0.0000000708}}