{"urawa-red-diamonds":{"0":0.0793175369,"1":0.2010141187,"2":0.2547146414,"3":0.2151741014,"4":0.1363287177,"5":0.0690994656,"6":0.0291864169,"7":0.0105667172,"8":0.0033473987,"9":0.0009425888},"fc-tokyo":{"0":0.1570127022,"1":0.2906978029,"2":0.2691031089,"3":0.1660750615,"4":0.0768690285,"5":0.0284635031,"6":0.0087830238,"7":0.0023230202,"8":0.0005376132,"9":0.0001105947}}