{"kashima-antlers":{"0":0.2892209096,"1":0.3587971902,"2":0.2225555266,"3":0.0920314944,"4":0.028542751,"5":0.0070818247,"6":0.0014642434,"7":0.0002594983,"8":0.0000402406,"9":0.0000055468},"shimizu-s-pulse":{"0":0.3086614592,"1":0.3628346949,"2":0.2132579431,"3":0.0835622961,"4":0.0245570829,"5":0.0057734203,"6":0.0011311191,"7":0.0001899489,"8":0.0000279109,"9":0.0000036455}}