{"sagan-tosu":{"0":0.1052281374,"1":0.2369342574,"2":0.2667434952,"3":0.2002020673,"4":0.1126949724,"5":0.0507493533,"6":0.0190447483,"7":0.0061259461,"8":0.0017241663,"9":0.0004313528},"omiya-ardija":{"0":0.4492922857,"1":0.3594705055,"2":0.1438028745,"3":0.0383513462,"4":0.0076710519,"5":0.0012274935,"6":0.0001636825,"7":0.0000187085,"8":0.000001871,"9":0.0000001663}}