{"vissel-kobe":{"0":0.4839552581,"1":0.3512367321,"2":0.1274572803,"3":0.030834585,"4":0.0055946488,"5":0.0008120776,"6":0.0000982293,"7":0.0000101845,"8":0.0000009239,"9":0.0000000745},"yokohama-fa-marinos":{"0":0.3169523018,"1":0.3641794575,"2":0.2092218238,"3":0.0801322364,"4":0.0230180647,"5":0.0052895696,"6":0.0010129561,"7":0.0001662701,"8":0.0000238806,"9":0.0000030488}}