{"kawasaki-frontale":{"0":0.0334807805,"1":0.1137269701,"2":0.1931529604,"3":0.2186996106,"4":0.1857188193,"5":0.1261693324,"6":0.0714283224,"7":0.0346609376,"8":0.0147169636,"9":0.0055544825},"consadole-sapporo":{"0":0.499264299,"1":0.3467988007,"2":0.1204466336,"3":0.0278882001,"4":0.0048429231,"5":0.0006727979,"6":0.0000778898,"7":0.0000077291,"8":0.0000006711,"9":0.0000000518}}