{"sagan-tosu":{"0":0.1963886697,"1":0.3196538986,"2":0.2601438643,"3":0.1411418838,"4":0.0574327346,"5":0.0186961881,"6":0.0050718383,"7":0.001179318,"8":0.000239941,"9":0.0000433936},"gamba-osaka":{"0":0.465333931,"1":0.3559804572,"2":0.1361625249,"3":0.0347214438,"4":0.0066404761,"5":0.0010159928,"6":0.0001295391,"7":0.0000141568,"8":0.0000013537,"9":0.0000001151}}