{"ventforet-kofu":{"0":0.6533740236,"1":0.2780796017,"2":0.059176109,"3":0.0083952265,"4":0.0008932637,"5":0.0000760356,"6":0.0000053935,"7":0.0000003279,"8":0.0000000174,"9":0.0000000008},"kawasaki-frontale":{"0":0.4773914493,"1":0.352992058,"2":0.1305044248,"3":0.0321657943,"4":0.0059459957,"5":0.0008793158,"6":0.0001083637,"7":0.0000114466,"8":0.000001058,"9":0.0000000869}}