{"shimizu-s-pulse":{"0":0.2683379672,"1":0.3530007483,"2":0.232187658,"3":0.1018149088,"4":0.0334845823,"5":0.0088098473,"6":0.0019315708,"7":0.0003629996,"8":0.0000596911,"9":0.0000087249},"urawa-red-diamonds":{"0":0.1008918333,"1":0.231416233,"2":0.265400435,"3":0.2029168827,"4":0.1163579327,"5":0.0533781845,"6":0.0204056463,"7":0.0066863656,"8":0.0019170699,"9":0.0004885772}}