{"yokohama-fa-marinos":{"0":0.2484161529,"1":0.3459567313,"2":0.2408983042,"3":0.111829,"4":0.0389346615,"5":0.0108444705,"6":0.0025170918,"7":0.0005007754,"8":0.0000871756,"9":0.0000134895},"fc-tokyo":{"0":0.5126398033,"1":0.3425365959,"2":0.1144383627,"3":0.0254885444,"4":0.0042577455,"5":0.0005689896,"6":0.0000633648,"7":0.0000060485,"8":0.0000005052,"9":0.0000000375}}