{"kashiwa-reysol":{"0":0.1423153563,"1":0.2774736541,"2":0.2704965603,"3":0.175796604,"4":0.0856880932,"5":0.0334133841,"6":0.0108577341,"7":0.0030242045,"8":0.0007370402,"9":0.0001596683},"albirex-niigata":{"0":0.537699973,"1":0.3336183923,"2":0.103497524,"3":0.0214051697,"4":0.0033202337,"5":0.0004120108,"6":0.0000426057,"7":0.0000037764,"8":0.0000002929,"9":0.0000000202}}