{"jubilo-iwata":{"0":0.2161214213,"1":0.3310796241,"2":0.2535929036,"3":0.1294942486,"4":0.049593542,"5":0.0151946171,"6":0.0038794767,"7":0.000849004,"8":0.0001625752,"9":0.0000276724},"vissel-kobe":{"0":0.3771923536,"1":0.3677625447,"2":0.1792842406,"3":0.0582673782,"4":0.0142026734,"5":0.0027695213,"6":0.0004500472,"7":0.0000626851,"8":0.0000076398,"9":0.0000008276}}