{"consadole-sapporo":{"0":0.2484161529,"1":0.3459567313,"2":0.2408983042,"3":0.111829,"4":0.0389346615,"5":0.0108444705,"6":0.0025170918,"7":0.0005007754,"8":0.0000871756,"9":0.0000134895},"vegalta-sendai":{"0":0.3771923536,"1":0.3677625447,"2":0.1792842406,"3":0.0582673782,"4":0.0142026734,"5":0.0027695213,"6":0.0004500472,"7":0.0000626851,"8":0.0000076398,"9":0.0000008276}}