{"omiya-ardija":{"0":0.3320351286,"1":0.366073546,"2":0.2018006975,"3":0.0741627322,"4":0.020441372,"5":0.0045073818,"6":0.0008282423,"7":0.0001304499,"8":0.0000179779,"9":0.0000022023},"sanfrecce-hiroshima":{"0":0.2421538967,"1":0.3434182535,"2":0.2435147616,"3":0.1151160691,"4":0.040813879,"5":0.0115763002,"6":0.0027362164,"7":0.0005543503,"8":0.0000982712,"9":0.0000154852}}