{"cerezo-osaka":{"0":0.1327427333,"1":0.2680530244,"2":0.2706454134,"3":0.1821752493,"4":0.0919685494,"5":0.0371431975,"6":0.0125008054,"7":0.0036062008,"8":0.0009102693,"9":0.0002042384},"kashima-antlers":{"0":0.2231301601,"1":0.3346952402,"2":0.2510214302,"3":0.1255107151,"4":0.0470665182,"5":0.0141199554,"6":0.0035299889,"7":0.0007564262,"8":0.0001418299,"9":0.0000236383}}