{"consadole-sapporo":{"0":0.5728434234,"1":0.3191556216,"2":0.0889076375,"3":0.0165114184,"4":0.0022998047,"5":0.000256264,"6":0.0000237959,"7":0.000001894,"8":0.0000001319,"9":0.0000000082},"jubilo-iwata":{"0":0.2737733936,"1":0.3546609872,"2":0.229723594,"3":0.0991988247,"4":0.0321268921,"5":0.0083237857,"6":0.001797181,"7":0.0003325952,"8":0.0000538577,"9":0.0000077523}}