{"fc-tokyo":{"0":0.3026823332,"1":0.3617270084,"2":0.2161448063,"3":0.0861028275,"4":0.0257247573,"5":0.0061485845,"6":0.0012246663,"7":0.0002090805,"8":0.0000312333,"9":0.0000041473},"cerezo-osaka":{"0":0.2369277587,"1":0.3411759725,"2":0.2456467002,"3":0.1179104161,"4":0.0424477498,"5":0.0122249519,"6":0.0029339885,"7":0.0006035633,"8":0.0001086414,"9":0.0000173826}}