{"gamba-osaka":{"0":0.1672422886,"1":0.2990813394,"2":0.2674253275,"3":0.1594132796,"4":0.0712701578,"5":0.0254906512,"6":0.0075975383,"7":0.0019409666,"8":0.0004338817,"9":0.0000862129},"vissel-kobe":{"0":0.5120046932,"1":0.3427469434,"2":0.1147210844,"3":0.0255989196,"4":0.0042841167,"5":0.000573576,"6":0.000063994,"7":0.0000061199,"8":0.0000005121,"9":0.0000000381}}