{"ventforet-kofu":{"0":0.4516692139,"1":0.3589890375,"2":0.1426631759,"3":0.0377964778,"4":0.0075102092,"5":0.0011938307,"6":0.0001581438,"7":0.0000179562,"8":0.000001784,"9":0.0000001575},"shimizu-s-pulse":{"0":0.4442268227,"1":0.3604545218,"2":0.1462400013,"3":0.0395540199,"4":0.0080237306,"5":0.0013021231,"6":0.0001760948,"7":0.0000204124,"8":0.0000020704,"9":0.0000001867}}