{"urawa-red-diamonds":{"0":0.2250509245,"1":0.3356473788,"2":0.2502970453,"3":0.1244333882,"4":0.0463958776,"5":0.0138392275,"6":0.0034400365,"7":0.0007329384,"8":0.0001366407,"9":0.0000226433},"kashiwa-reysol":{"0":0.1026907681,"1":0.233727583,"2":0.2659858527,"3":0.2017975312,"4":0.114824463,"5":0.0522688547,"6":0.0198276069,"7":0.0064468984,"8":0.0018341692,"9":0.0004638478}}