{"vegalta-sendai":{"0":0.3680735557,"1":0.36787939,"2":0.1838426633,"3":0.0612485609,"4":0.0153040628,"5":0.0030591979,"6":0.0005095974,"7":0.0000727612,"8":0.0000090904,"9":0.0000010095},"sagan-tosu":{"0":0.3605830199,"1":0.3678066004,"2":0.1875874456,"3":0.0637817986,"4":0.0162648858,"5":0.0033181442,"6":0.0005641028,"7":0.0000822005,"8":0.0000104809,"9":0.0000011879}}