{"kawasaki-frontale":{"0":0.296536663,"1":0.3604653462,"2":0.2190880286,"3":0.0887733311,"4":0.0269778694,"5":0.0065587755,"6":0.0013287909,"7":0.0002307511,"8":0.0000350622,"9":0.0000047357},"yokohama-fa-marinos":{"0":0.3802439917,"1":0.3676739424,"2":0.177759716,"3":0.0572944539,"4":0.0138501056,"5":0.0026784502,"6":0.0004316511,"7":0.0000596259,"8":0.0000072069,"9":0.0000007743}}