{"kashima-antlers":{"0":0.104052766,"1":0.2354565448,"2":0.2664022622,"3":0.2009434206,"4":0.1136765637,"5":0.0514467648,"6":0.0194027799,"7":0.0062722456,"8":0.0017741495,"9":0.0004460719},"omiya-ardija":{"0":0.4412331678,"1":0.3610089554,"2":0.1476854818,"3":0.0402778587,"4":0.0082386529,"5":0.0013481432,"6":0.0001838377,"7":0.0000214875,"8":0.0000021976,"9":0.0000001998}}