{"albirex-niigata":{"0":0.5257880244,"1":0.3380065871,"2":0.1086449744,"3":0.023281066,"4":0.0037415999,"5":0.0004810628,"6":0.0000515424,"7":0.0000047335,"8":0.0000003804,"9":0.0000000272},"sanfrecce-hiroshima":{"0":0.1142436892,"1":0.2478427141,"2":0.2688376548,"3":0.194407395,"4":0.105437895,"5":0.045747847,"6":0.0165410604,"7":0.0051263617,"8":0.0013901549,"9":0.0003350924}}