{"sanfrecce-hiroshima":{"0":0.4793000007,"1":0.3524909148,"2":0.1296159449,"3":0.0317744231,"4":0.0058419546,"5":0.0008592681,"6":0.0001053217,"7":0.0000110652,"8":0.0000010172,"9":0.0000000831},"cerezo-osaka":{"0":0.0848487308,"1":0.2093120821,"2":0.2581744435,"3":0.2122955752,"4":0.1309272056,"5":0.0645964783,"6":0.0265586832,"7":0.0093596034,"8":0.0028861334,"9":0.0007910844}}