{"sagan-tosu":{"0":0.2095515067,"1":0.3274841011,"2":0.2558937375,"3":0.1333023591,"4":0.0520807556,"5":0.0162782122,"6":0.0042398929,"7":0.0009465777,"8":0.0001849123,"9":0.0000321087},"ventforet-kofu":{"0":0.7466706055,"1":0.2181257408,"2":0.0318606615,"3":0.0031024972,"4":0.000226584,"5":0.0000132384,"6":0.0000006446,"7":0.0000000269,"8":0.000000001,"9":0.0}}