{"shimizu-s-pulse":{"0":0.3724463279,"1":0.3678512109,"2":0.1816563934,"3":0.0598050594,"4":0.0147668012,"5":0.0029169227,"6":0.0004801558,"7":0.0000677474,"8":0.0000083639,"9":0.0000009179},"kawasaki-frontale":{"0":0.1050463913,"1":0.2367066225,"2":0.2666918131,"3":0.2003169505,"4":0.1128462106,"5":0.050856474,"6":0.0190995998,"7":0.0061483063,"8":0.0017317882,"9":0.0004335923}}