{"fc-tokyo":{"0":0.1793920189,"1":0.3082281052,"2":0.2647959631,"3":0.1516558698,"4":0.0651430895,"5":0.0223855344,"6":0.006410403,"7":0.0015734626,"8":0.0003379368,"9":0.0000645152},"vegalta-sendai":{"0":0.2990473065,"1":0.3609960034,"2":0.2178887949,"3":0.087675074,"4":0.0264593181,"5":0.0063880917,"6":0.0012852345,"7":0.0002216393,"8":0.0000334441,"9":0.0000044858}}