{"vissel-kobe":{"0":0.1978986991,"1":0.3205958925,"2":0.2596826729,"3":0.1402286434,"4":0.0567926006,"5":0.0184008026,"6":0.0049682167,"7":0.0011497873,"8":0.0002328319,"9":0.0000419097},"consadole-sapporo":{"0":0.4218460871,"1":0.3641015817,"2":0.1571307236,"3":0.0452072819,"4":0.009754768,"5":0.0016838968,"6":0.0002422327,"7":0.0000298678,"8":0.0000032224,"9":0.000000309}}