{"jubilo-iwata":{"0":0.1759453215,"1":0.3057194246,"2":0.2656062855,"3":0.1538375674,"4":0.0668263472,"5":0.0232232517,"6":0.006725384,"7":0.0016694152,"8":0.0003625932,"9":0.0000700039},"urawa-red-diamonds":{"0":0.2388103489,"1":0.3419968525,"2":0.2448843773,"3":0.1168984603,"4":0.0418521493,"5":0.0119871717,"6":0.0028611093,"7":0.0005853362,"8":0.0001047814,"9":0.0000166729}}