{"yokohama-fa-marinos":{"0":0.5639851979,"1":0.3230097042,"2":0.0924982335,"3":0.0176587537,"4":0.0025284125,"5":0.0002896182,"6":0.0000276454,"7":0.0000022619,"8":0.0000001619,"9":0.0000000103},"kashiwa-reysol":{"0":0.4295541573,"1":0.3629764638,"2":0.1533589083,"3":0.0431964734,"4":0.0091253355,"5":0.0015421953,"6":0.0002171944,"7":0.0000262187,"8":0.0000027694,"9":0.00000026}}