{"omiya-ardija":{"0":0.4161858446,"1":0.3648382404,"2":0.1599128651,"3":0.0467277853,"4":0.0102406672,"5":0.0017954417,"6":0.000262321,"7":0.000032851,"8":0.0000035997,"9":0.0000003506},"gamba-osaka":{"0":0.180841535,"1":0.3092632809,"2":0.2644408456,"3":0.150743105,"4":0.0644477321,"5":0.0220428532,"6":0.0062827059,"7":0.0015348957,"8":0.0003281097,"9":0.0000623457}}