{"albirex-niigata":{"0":0.6565350347,"1":0.2762563003,"2":0.0581214554,"3":0.0081521002,"4":0.0008575586,"5":0.0000721686,"6":0.0000050612,"7":0.0000003042,"8":0.000000016,"9":0.0000000007},"kashima-antlers":{"0":0.0335928302,"1":0.1139953417,"2":0.1934183256,"3":0.2187846634,"4":0.1856083005,"5":0.1259702236,"6":0.0712454544,"7":0.0345381945,"8":0.0146504227,"9":0.0055239299}}