{"vissel-kobe":{"0":0.4677879146,"1":0.3553973117,"2":0.135004823,"3":0.0341895331,"4":0.0064937912,"5":0.0009867189,"6":0.0001249417,"7":0.0000135605,"8":0.0000012878,"9":0.0000001087},"kawasaki-frontale":{"0":0.1972624599,"1":0.3202004004,"2":0.2598778715,"3":0.1406129995,"4":0.0570614636,"5":0.0185246636,"6":0.0050116012,"7":0.0011621332,"8":0.0002357997,"9":0.0000425283}}