{"jubilo-iwata":{"0":0.0851607795,"1":0.2097692486,"2":0.258353305,"3":0.2121265172,"4":0.1306282669,"5":0.0643530826,"6":0.0264192387,"7":0.0092966066,"8":0.0028624418,"9":0.0007834231},"omiya-ardija":{"0":0.3604212013,"1":0.3678033223,"2":0.1876683217,"3":0.0638373769,"4":0.0162862224,"5":0.0033239591,"6":0.00056534,"7":0.000082417,"8":0.0000105131,"9":0.0000011921}}