{"cerezo-osaka":{"0":0.0273237224,"1":0.0983654008,"2":0.1770577215,"3":0.2124692658,"4":0.1912223392,"5":0.1376800842,"6":0.0826080505,"7":0.0424841403,"8":0.0191178631,"9":0.0076471452},"vegalta-sendai":{"0":0.4514996312,"1":0.3590238031,"2":0.1427444037,"3":0.037835866,"4":0.0075215878,"5":0.0011962043,"6":0.0001585331,"7":0.0000180089,"8":0.00000179,"9":0.0000001582}}