{"kashima-antlers":{"0":0.2329007557,"1":0.3393696727,"2":0.2472550472,"3":0.1200953087,"4":0.0437490053,"5":0.0127497101,"6":0.0030963582,"7":0.000644548,"8":0.0001173998,"9":0.0000190076},"gamba-osaka":{"0":0.3183581369,"1":0.3643858193,"2":0.2085340532,"3":0.079561185,"4":0.0227660017,"5":0.0052114944,"6":0.0009941606,"7":0.0001625564,"8":0.0000232573,"9":0.0000029578}}