{"kashiwa-reysol":{"0":0.2625948688,"1":0.3511268532,"2":0.2347533818,"3":0.1046329359,"4":0.0349772957,"5":0.0093539282,"6":0.0020845897,"7":0.0003981992,"8":0.0000665561,"9":0.0000098883},"fc-tokyo":{"0":0.3634737523,"1":0.3678529542,"2":0.1861424587,"3":0.0627950463,"4":0.0158879033,"5":0.0032158648,"6":0.000542435,"7":0.0000784243,"8":0.0000099212,"9":0.0000011156}}