{"consadole-sapporo":{"0":0.2309129947,"1":0.3384524751,"2":0.2480373139,"3":0.1211839448,"4":0.0444052598,"5":0.0130170847,"6":0.0031798878,"7":0.0006658296,"8":0.0001219895,"9":0.0000198669},"albirex-niigata":{"0":0.648084014,"1":0.2810966808,"2":0.060960726,"3":0.0088135989,"4":0.0009556915,"5":0.0000829034,"6":0.000005993,"7":0.0000003713,"8":0.0000000201,"9":0.000000001}}