{"urawa-red-diamonds":{"0":0.0583422603,"1":0.1657753654,"2":0.2355194298,"3":0.2230705457,"4":0.1584597555,"5":0.0900504153,"6":0.0426453038,"7":0.0173105121,"8":0.006148323,"9":0.0019411134},"sagan-tosu":{"0":0.2905020696,"1":0.3591025584,"2":0.2219513403,"3":0.0914546487,"4":0.028262792,"5":0.0069873794,"6":0.0014395685,"7":0.0002542164,"8":0.000039281,"9":0.0000053952}}