{"ventforet-kofu":{"0":0.6642538429,"1":0.2717402084,"2":0.0555832245,"3":0.0075795306,"4":0.0007751793,"5":0.0000634238,"6":0.0000043243,"7":0.0000002527,"8":0.0000000129,"9":0.0000000006},"yokohama-fa-marinos":{"0":0.5217313861,"1":0.339439697,"2":0.1104201424,"3":0.0239465369,"4":0.0038949187,"5":0.0005068087,"6":0.0000549552,"7":0.0000051077,"8":0.0000004154,"9":0.00000003}}