{"shimizu-s-pulse":{"0":0.3352572462,"1":0.3663882762,"2":0.2002050223,"3":0.0729318296,"4":0.0199260177,"5":0.0043552582,"6":0.0007932792,"7":0.0001238487,"8":0.0000169186,"9":0.0000020544},"sanfrecce-hiroshima":{"0":0.1662794566,"1":0.2983195508,"2":0.2676053802,"3":0.1600356381,"4":0.0717794018,"5":0.0257556758,"6":0.0077013138,"7":0.0019738307,"8":0.0004426526,"9":0.0000882396}}