{"sagan-tosu":{"0":0.2689315825,"1":0.3531873825,"2":0.2319201896,"3":0.1015267947,"4":0.033333741,"5":0.0087554289,"6":0.0019164149,"7":0.0003595463,"8":0.0000590239,"9":0.0000086129},"kashima-antlers":{"0":0.226548437,"1":0.3363783279,"2":0.2497266832,"3":0.123597769,"4":0.0458793839,"5":0.0136243098,"6":0.0033715546,"7":0.0007151532,"8":0.0001327321,"9":0.0000218978}}