{"fc-tokyo":{"0":0.5442946935,"1":0.3310751194,"2":0.1006906148,"3":0.0204155076,"4":0.0031045069,"5":0.0003776722,"6":0.0000382874,"7":0.000003327,"8":0.000000253,"9":0.0000000171},"jubilo-iwata":{"0":0.1469997805,"1":0.2818462344,"2":0.2701953009,"3":0.172683995,"4":0.0827728,"5":0.0317404583,"6":0.0101427914,"7":0.0027781456,"8":0.0006658257,"9":0.0001418449}}