{"gamba-osaka":{"0":0.3222022717,"1":0.364918482,"2":0.2066489131,"3":0.0780151831,"4":0.0220895263,"5":0.0050036124,"6":0.000944495,"7":0.000152816,"8":0.0000216345,"9":0.0000027225},"yokohama-fa-marinos":{"0":0.4290308655,"1":0.3630572513,"2":0.1536143181,"3":0.0433308312,"4":0.0091669235,"5":0.0015514586,"6":0.0002188142,"7":0.0000264523,"8":0.0000027981,"9":0.0000002631}}