{"vegalta-sendai":{"0":0.1753446426,"1":0.3052753481,"2":0.2657424737,"3":0.1542193799,"4":0.0671240566,"5":0.0233726214,"6":0.0067819629,"7":0.0016867729,"8":0.0003670843,"9":0.0000710105},"urawa-red-diamonds":{"0":0.1725031233,"1":0.3031466278,"2":0.2663658378,"3":0.1560317748,"4":0.0685502173,"5":0.0240932069,"6":0.0070566591,"7":0.0017715641,"8":0.000389155,"9":0.0000759864}}