{"albirex-niigata":{"0":0.4675118521,"1":0.355463557,"2":0.135134906,"3":0.0342490671,"4":0.0065101532,"5":0.0009899737,"6":0.0001254512,"7":0.0000136263,"8":0.0000012951,"9":0.0000001094},"vissel-kobe":{"0":0.1724673786,"1":0.3031195532,"2":0.2663734564,"3":0.1560546381,"4":0.0685683469,"5":0.0241024208,"6":0.0070601902,"7":0.0017726596,"8":0.0003894416,"9":0.0000760513}}