{"kawasaki-frontale":{"0":0.1133459885,"1":0.2467893874,"2":0.2686685367,"3":0.1949915902,"4":0.1061392991,"5":0.0462196377,"6":0.0167724155,"7":0.0052169647,"8":0.0014198689,"9":0.0003434995},"cerezo-osaka":{"0":0.2294924304,"1":0.3377865194,"2":0.2485914949,"3":0.1219660501,"4":0.044880007,"5":0.0132116439,"6":0.0032410039,"7":0.0006814837,"8":0.0001253832,"9":0.0000205055}}