{"sanfrecce-hiroshima":{"0":0.3035112538,"1":0.3618875731,"2":0.2157458973,"3":0.0857472424,"4":0.0255598936,"5":0.0060951993,"6":0.0012112549,"7":0.0002063176,"8":0.00003075,"9":0.0000040738},"consadole-sapporo":{"0":0.394706935,"1":0.3669241952,"2":0.1705485172,"3":0.0528479672,"4":0.0122820225,"5":0.0022835024,"6":0.0003537951,"7":0.0000469846,"8":0.0000054597,"9":0.0000005639}}