{"kashiwa-reysol":{"0":0.1776350628,"1":0.3069576593,"2":0.2652151076,"3":0.1527660274,"4":0.065995842,"5":0.0228084803,"6":0.0065689337,"7":0.0016216108,"8":0.0003502728,"9":0.0000672533},"ventforet-kofu":{"0":0.70113135,"1":0.2489437212,"2":0.0441949831,"3":0.0052306241,"4":0.0004642964,"5":0.0000329706,"6":0.0000019511,"7":0.000000099,"8":0.0000000044,"9":0.0000000002}}