{"omiya-ardija":{"0":0.3405698666,"1":0.3668397186,"2":0.1975679476,"3":0.0709357828,"4":0.0191018534,"5":0.0041150549,"6":0.0007387449,"7":0.0001136754,"8":0.0000153055,"9":0.0000018318},"shimizu-s-pulse":{"0":0.2445330506,"1":0.344401523,"2":0.2425283795,"3":0.1138593782,"4":0.0400900238,"5":0.0112925964,"6":0.0026507578,"7":0.0005333343,"8":0.0000938938,"9":0.0000146934}}