{"sagan-tosu":{"0":0.1505388222,"1":0.2850504193,"2":0.2698763693,"3":0.1703400516,"4":0.0806361814,"5":0.0305374746,"6":0.0096372925,"7":0.0026069348,"8":0.00061704,"9":0.0001298207},"cerezo-osaka":{"0":0.2885576652,"1":0.358636876,"2":0.2228677737,"3":0.0923311719,"4":0.0286886878,"5":0.0071312064,"6":0.0014771823,"7":0.0002622759,"8":0.0000407465,"9":0.0000056269}}