{"urawa-red-diamonds":{"0":0.0872733897,"1":0.21283446,"2":0.2595207286,"3":0.2109652374,"4":0.1286207415,"5":0.0627337294,"6":0.0254982255,"7":0.0088832528,"8":0.0027079593,"9":0.0007337696},"vissel-kobe":{"0":0.1907915696,"1":0.3160602974,"2":0.261788589,"3":0.1445573643,"4":0.0598674821,"5":0.0198349793,"6":0.0054763509,"7":0.001295997,"8":0.0002683643,"9":0.0000493961}}