{"kawasaki-frontale":{"0":0.0545252758,"1":0.1586189841,"2":0.2307185223,"3":0.2237270519,"4":0.1627105832,"5":0.0946679757,"6":0.0458996246,"7":0.0190751687,"8":0.006936425,"9":0.0022420768},"vegalta-sendai":{"0":0.3092863084,"1":0.3629437302,"2":0.2129550319,"3":0.0833000487,"4":0.0244378991,"5":0.0057355156,"6":0.0011217597,"7":0.0001880531,"8":0.0000275847,"9":0.0000035967}}