{"ventforet-kofu":{"0":0.4948600789,"1":0.3481242798,"2":0.1224492734,"3":0.0287135475,"4":0.0050498532,"5":0.0007104944,"6":0.0000833031,"7":0.0000083717,"8":0.0000007362,"9":0.0000000575},"fc-tokyo":{"0":0.3651777684,"1":0.3678694964,"2":0.1852905326,"3":0.0622187702,"4":0.0156693463,"5":0.003156969,"6":0.0005300398,"7":0.0000762781,"8":0.000009605,"9":0.0000010751}}