{"yokohama-fa-marinos":{"0":0.155974224,"1":0.2898101711,"2":0.2692429976,"3":0.1667569534,"4":0.0774612945,"5":0.0287856165,"6":0.0089142554,"7":0.0023661802,"8":0.0005495644,"9":0.0001134585},"omiya-ardija":{"0":0.5967036656,"1":0.3080987851,"2":0.0795410409,"3":0.0136899321,"4":0.0017671466,"5":0.0001824878,"6":0.0000157041,"7":0.0000011584,"8":0.0000000748,"9":0.0000000043}}