{"gamba-osaka":{"0":0.1295263469,"1":0.2647351399,"2":0.2705422333,"3":0.1843178054,"4":0.0941804528,"5":0.0384985387,"6":0.0131143409,"7":0.0038291458,"8":0.000978285,"9":0.0002221654},"albirex-niigata":{"0":0.4994822251,"1":0.3467322028,"2":0.1203478466,"3":0.0278478204,"4":0.0048328727,"5":0.0006709799,"6":0.0000776305,"7":0.0000076985,"8":0.000000668,"9":0.0000000515}}