{"shimizu-s-pulse":{"0":0.653242764,"1":0.2781549834,"2":0.0592200932,"3":0.0084054326,"4":0.0008947719,"5":0.0000761999,"6":0.0000054077,"7":0.0000003289,"8":0.0000000175,"9":0.0000000008},"jubilo-iwata":{"0":0.068421258,"1":0.1835107207,"2":0.2460944565,"3":0.2200143268,"4":0.1475235506,"5":0.0791337484,"6":0.0353737314,"7":0.0135535549,"8":0.0045439508,"9":0.0013541335}}