{"consadole-sapporo":{"0":0.5694696138,"1":0.3206397826,"2":0.0902680913,"3":0.0169418119,"4":0.0023847712,"5":0.000268549,"6":0.0000252011,"7":0.0000020271,"8":0.0000001427,"9":0.0000000089},"kashiwa-reysol":{"0":0.2954890478,"1":0.360237644,"2":0.2195870898,"3":0.0892345942,"4":0.0271969978,"5":0.0066312999,"6":0.0013473956,"7":0.0002346631,"8":0.0000357604,"9":0.000004844}}