{"kashima-antlers":{"0":0.1495247639,"1":0.2841409003,"2":0.2699755182,"3":0.1710108854,"4":0.081242708,"5":0.030876994,"6":0.0097792239,"7":0.0026547705,"8":0.0006306053,"9":0.0001331483},"sanfrecce-hiroshima":{"0":0.3760976147,"1":0.367788323,"2":0.1798313061,"3":0.0586194044,"4":0.014331075,"5":0.0028028904,"6":0.0004568275,"7":0.0000638192,"8":0.0000078012,"9":0.0000008476}}