{"yokohama-fa-marinos":{"0":0.3639361425,"1":0.3678582311,"2":0.1859112938,"3":0.0626382779,"4":0.0158283305,"5":0.003199782,"6":0.0005390443,"7":0.0000778362,"8":0.0000098344,"9":0.0000011045},"kashima-antlers":{"0":0.3999708393,"1":0.3665187327,"2":0.1679322194,"3":0.0512956597,"4":0.0117513693,"5":0.0021537055,"6":0.0003289296,"7":0.0000430599,"8":0.0000049323,"9":0.0000005022}}