{"vegalta-sendai":{"0":0.198788238,"1":0.3211454104,"2":0.2594076382,"3":0.1396923233,"4":0.0564187662,"5":0.0182290743,"6":0.0049082243,"7":0.0011327587,"8":0.0002287486,"9":0.0000410608},"shimizu-s-pulse":{"0":0.3011942119,"1":0.3614330543,"2":0.2168598326,"3":0.086743933,"4":0.0260231799,"5":0.0062455632,"6":0.0012491126,"7":0.0002141336,"8":0.00003212,"9":0.0000042827}}