{"cerezo-osaka":{"0":0.1035429688,"1":0.2348114929,"2":0.2662490646,"3":0.2012637557,"4":0.1141049061,"5":0.0517527045,"6":0.0195605263,"7":0.0063369639,"8":0.001796346,"9":0.000452633},"ventforet-kofu":{"0":0.6233000389,"1":0.2946509275,"2":0.0696447647,"3":0.0109743266,"4":0.0012969659,"5":0.0001226222,"6":0.0000096611,"7":0.0000006524,"8":0.0000000386,"9":0.000000002}}