{"fc-tokyo":{"0":0.27722964,"1":0.3556604254,"2":0.2281399965,"3":0.0975609585,"4":0.0312904602,"5":0.0080285632,"6":0.0017166528,"7":0.0003146156,"8":0.0000504529,"9":0.0000071918},"consadole-sapporo":{"0":0.4493289641,"1":0.3594631713,"2":0.1437852685,"3":0.0383427383,"4":0.0076685477,"5":0.0012269676,"6":0.0001635957,"7":0.0000186966,"8":0.0000018697,"9":0.0000001662}}