{"vissel-kobe":{"0":0.3336709337,"1":0.3662372169,"2":0.2009909846,"3":0.0735359016,"4":0.0201782514,"5":0.0044295297,"6":0.0008103086,"7":0.0001270564,"8":0.0000174321,"9":0.0000021259},"sagan-tosu":{"0":0.638904684,"1":0.2862292984,"2":0.0641153629,"3":0.0095745609,"4":0.0010723508,"5":0.0000960826,"6":0.0000071742,"7":0.0000004591,"8":0.0000000257,"9":0.0000000013}}