{"omiya-ardija":{"0":0.4932017474,"1":0.3486132261,"2":0.1232063573,"3":0.0290289359,"4":0.0051296812,"5":0.0007251697,"6":0.0000854295,"7":0.0000086264,"8":0.0000007622,"9":0.0000000599},"kashiwa-reysol":{"0":0.2494667218,"1":0.3463670188,"2":0.240453137,"3":0.1112840965,"4":0.0386275376,"5":0.0107263245,"6":0.0024821247,"7":0.0004923222,"8":0.0000854444,"9":0.0000131815}}