{"urawa-red-diamonds":{"0":0.1562914012,"1":0.2900820073,"2":0.2692008975,"3":0.1665485883,"4":0.0772799214,"5":0.0286868178,"6":0.008873947,"7":0.0023529056,"8":0.0005458838,"9":0.0001125754},"gamba-osaka":{"0":0.1115870911,"1":0.244704901,"2":0.268312795,"3":0.1961321729,"4":0.1075270076,"5":0.0471602683,"6":0.0172366843,"7":0.0053998836,"8":0.0014802093,"9":0.0003606694}}