{"jubilo-iwata":{"0":0.1547337182,"1":0.2887407908,"2":0.2694023167,"3":0.1675726939,"4":0.0781747391,"5":0.0291755879,"6":0.009073849,"7":0.0024188932,"8":0.0005642218,"9":0.0001169851},"albirex-niigata":{"0":0.5159124586,"1":0.3414402453,"2":0.1129856812,"3":0.024925326,"4":0.0041240085,"5":0.0005458688,"6":0.000060211,"7":0.0000056927,"8":0.0000004709,"9":0.0000000346}}