{"sanfrecce-hiroshima":{"0":0.5265260108,"1":0.3377425029,"2":0.1083232318,"3":0.0231614765,"4":0.0037142586,"5":0.0004765056,"6":0.0000509428,"7":0.0000046682,"8":0.0000003743,"9":0.0000000267},"kawasaki-frontale":{"0":0.166626583,"1":0.2985948368,"2":0.2675409738,"3":0.1598111417,"4":0.0715953915,"5":0.0256597883,"6":0.0076637234,"7":0.0019619132,"8":0.0004394686,"9":0.0000875031}}