{"jubilo-iwata":{"0":0.3435765553,"1":0.3670584062,"2":0.1960725659,"3":0.069824403,"4":0.0186491436,"5":0.0039847451,"6":0.000709514,"7":0.0001082866,"8":0.0000144609,"9":0.0000017166},"yokohama-fa-marinos":{"0":0.247293987,"1":0.3455135746,"2":0.2413718822,"3":0.1124131145,"4":0.0392652663,"5":0.0109721087,"6":0.0025549971,"7":0.0005099692,"8":0.0000890647,"9":0.0000138266}}