{"kashiwa-reysol":{"0":0.3503155836,"1":0.3674533244,"2":0.1927147291,"3":0.0673808333,"4":0.0176692905,"5":0.0037067375,"6":0.0006480124,"7":0.000097102,"8":0.0000127315,"9":0.0000014838},"kawasaki-frontale":{"0":0.251822134,"1":0.3472708461,"2":0.2394488495,"3":0.1100692292,"4":0.0379472544,"5":0.0104660976,"6":0.0024055144,"7":0.0004738974,"8":0.00008169,"9":0.000012517}}