{"fc-tokyo":{"0":0.4597932177,"1":0.3572494066,"2":0.1387875392,"3":0.0359449742,"4":0.0069821173,"5":0.0010849909,"6":0.0001405024,"7":0.0000155953,"8":0.0000015147,"9":0.0000001308},"shimizu-s-pulse":{"0":0.4277597604,"1":0.3632508288,"2":0.1542351301,"3":0.0436584925,"4":0.0092686275,"5":0.0015741717,"6":0.0002227961,"7":0.0000270281,"8":0.000002869,"9":0.0000002707}}