{"sanfrecce-hiroshima":{"0":0.4226752695,"1":0.3639872645,"2":0.1567240128,"3":0.0449876842,"4":0.0096852982,"5":0.001668101,"6":0.0002394145,"7":0.0000294532,"8":0.0000031705,"9":0.0000003034},"urawa-red-diamonds":{"0":0.177742509,"1":0.3070358502,"2":0.2651898351,"3":0.152698018,"4":0.0659433779,"5":0.0227823735,"6":0.0065591188,"7":0.0016186213,"8":0.0003495047,"9":0.0000670824}}