{"albirex-niigata":{"0":0.5887474224,"1":0.3118936639,"2":0.0826140836,"3":0.0145884909,"4":0.0019320925,"5":0.0002047083,"6":0.0000180743,"7":0.0000013679,"8":0.0000000906,"9":0.0000000053},"sagan-tosu":{"0":0.2551673238,"1":0.34851666,"2":0.2380082616,"3":0.1083600663,"4":0.0370005138,"5":0.0101073251,"6":0.0023008244,"7":0.0004489355,"8":0.0000766465,"9":0.0000116318}}