{"consadole-sapporo":{"0":0.290514431,"1":0.3591054772,"2":0.2219455042,"3":0.0914490959,"4":0.0282601032,"5":0.0069864742,"6":0.0014393325,"7":0.000254166,"8":0.0000392719,"9":0.0000053938},"kashima-antlers":{"0":0.2672293251,"1":0.3526486694,"2":0.2326860722,"3":0.1023545772,"4":0.0337680057,"5":0.0089123769,"6":0.0019602002,"7":0.0003695392,"8":0.0000609577,"9":0.0000089381}}