{"ventforet-kofu":{"0":0.3936181112,"1":0.3669993324,"2":0.1710903363,"3":0.0531733995,"4":0.0123943751,"5":0.0023112389,"6":0.0003591565,"7":0.0000478383,"8":0.0000055754,"9":0.0000005776},"vissel-kobe":{"0":0.4566349665,"1":0.3579428931,"2":0.140290521,"3":0.0366565555,"4":0.0071835024,"5":0.0011261878,"6":0.000147131,"7":0.000016476,"8":0.0000016144,"9":0.0000001406}}