{"gamba-osaka":{"0":0.3548815444,"1":0.3676470675,"2":0.1904358911,"3":0.0657620343,"4":0.0170318938,"5":0.0035289104,"6":0.0006093083,"7":0.0000901751,"8":0.0000116774,"9":0.0000013442},"vegalta-sendai":{"0":0.2954206995,"1":0.3602226593,"2":0.2196196213,"3":0.0892647493,"4":0.027211351,"5":0.0066360585,"6":0.0013486183,"7":0.0002349206,"8":0.0000358064,"9":0.0000048512}}