{"cerezo-osaka":{"0":0.0429910816,"1":0.1352827272,"2":0.2128513125,"3":0.2232641825,"4":0.1756398443,"5":0.1105393783,"6":0.05797353,"7":0.0260612765,"8":0.0102510812,"9":0.003584191},"omiya-ardija":{"0":0.3223046494,"1":0.3649320385,"2":0.2065986218,"3":0.0779743186,"4":0.0220717628,"5":0.0049981863,"6":0.0009432061,"7":0.0001525647,"8":0.0000215928,"9":0.0000027165}}