{"kawasaki-frontale":{"0":0.0271552955,"1":0.0979269705,"2":0.1765712983,"3":0.2122494835,"4":0.1913526307,"5":0.1380105287,"6":0.0829485418,"7":0.0427325198,"8":0.0192626619,"9":0.0077182986},"gamba-osaka":{"0":0.2380576779,"1":0.3416704469,"2":0.2451899374,"3":0.1173023225,"4":0.0420893135,"5":0.0120816725,"6":0.0028900212,"7":0.0005925544,"8":0.0001063074,"9":0.000016953}}