{"yokohama-fa-marinos":{"0":0.1548548309,"1":0.2888456331,"2":0.2693871391,"3":0.167492996,"4":0.0781047969,"5":0.0291372628,"6":0.00905813,"7":0.0024136904,"8":0.0005627722,"9":0.0001166356},"cerezo-osaka":{"0":0.2792156309,"1":0.3562151837,"2":0.2272244872,"3":0.0966287981,"4":0.0308190528,"5":0.0078636103,"6":0.0016720276,"7":0.000304732,"8":0.000048596,"9":0.0000068886}}