{"albirex-niigata":{"0":0.5370007836,"1":0.3338833117,"2":0.1037969303,"3":0.0215121119,"4":0.0033438197,"5":0.0004158078,"6":0.0000430885,"7":0.0000038272,"8":0.0000002974,"9":0.0000000205},"ventforet-kofu":{"0":0.6003104325,"1":0.3063434383,"2":0.0781648103,"3":0.0132960523,"4":0.0016962717,"5":0.0001731243,"6":0.0000147245,"7":0.0000010734,"8":0.0000000685,"9":0.0000000039}}