{"shimizu-s-pulse":{"0":0.2883698416,"1":0.3585912,"2":0.2229561316,"3":0.0924161675,"4":0.0287301406,"5":0.0071452518,"6":0.0014808671,"7":0.0002630679,"8":0.000040891,"9":0.0000056498},"consadole-sapporo":{"0":0.2457727335,"1":0.3449046783,"2":0.2420106483,"3":0.1132083878,"4":0.0397176917,"5":0.0111475488,"6":0.0026073151,"7":0.0005227101,"8":0.000091693,"9":0.0000142975}}