{"sagan-tosu":{"0":0.1705802159,"1":0.3016795758,"2":0.2667676493,"3":0.1572639414,"4":0.0695322709,"5":0.0245942542,"6":0.0072493598,"7":0.0018315504,"8":0.0004048985,"9":0.0000795648},"fc-tokyo":{"0":0.384109276,"1":0.3675265848,"2":0.1758298992,"3":0.0560796683,"4":0.0134146519,"5":0.0025671034,"6":0.0004093795,"7":0.000055958,"8":0.0000066928,"9":0.0000007115}}