{"kashima-antlers":{"0":0.1257430258,"1":0.2607300416,"2":0.2703138173,"3":0.1868332456,"4":0.0968503812,"5":0.0401641423,"6":0.0138801581,"7":0.0041115307,"8":0.001065665,"9":0.0002455192},"urawa-red-diamonds":{"0":0.4620906778,"1":0.356731293,"2":0.137697233,"3":0.0354338188,"4":0.0068386751,"5":0.0010558834,"6":0.000135856,"7":0.0000149829,"8":0.0000014458,"9":0.000000124}}