{"vissel-kobe":{"0":0.3132947974,"1":0.36361329,"2":0.2110067352,"3":0.081632224,"4":0.0236858079,"5":0.0054980004,"6":0.0010635063,"7":0.000176331,"8":0.0000255815,"9":0.0000032989},"sanfrecce-hiroshima":{"0":0.3934082159,"1":0.3670134708,"2":0.1711948077,"3":0.0532363061,"4":0.0124161372,"5":0.0023166215,"6":0.0003601989,"7":0.0000480046,"8":0.000005598,"9":0.0000005803}}