{"kashiwa-reysol":{"0":0.4168355026,"1":0.364757581,"2":0.1595930434,"3":0.0465513551,"4":0.0101838492,"5":0.0017823032,"6":0.0002599381,"7":0.0000324946,"8":0.0000035544,"9":0.0000003456},"jubilo-iwata":{"0":0.1640896845,"1":0.2965662022,"2":0.2679982978,"3":0.1614548727,"4":0.072951049,"5":0.026369501,"6":0.0079431184,"7":0.0020508475,"8":0.0004633229,"9":0.0000930426}}