{"vegalta-sendai":{"0":0.1073766842,"1":0.2396016446,"2":0.267325018,"3":0.1988374368,"4":0.1109220712,"5":0.0495025729,"6":0.0184101076,"7":0.0058686484,"8":0.0016369217,"9":0.0004058497},"omiya-ardija":{"0":0.2598805856,"1":0.3501976755,"2":0.235951469,"3":0.1059841334,"4":0.0357042804,"5":0.0096225395,"6":0.002161115,"7":0.0004160248,"8":0.0000700759,"9":0.0000104922}}