{"cerezo-osaka":{"0":0.0658345378,"1":0.1791101472,"2":0.2436444904,"3":0.2209539348,"4":0.1502824091,"5":0.0817719856,"6":0.0370782897,"7":0.0144107987,"8":0.0049007716,"9":0.0014814546},"vissel-kobe":{"0":0.3094834447,"1":0.3629778682,"2":0.2128594195,"3":0.0832174382,"4":0.0244004072,"5":0.0057236068,"6":0.0011188227,"7":0.0001874589,"8":0.0000274827,"9":0.0000035815}}