{"vegalta-sendai":{"0":0.2530809701,"1":0.3477448444,"2":0.2389086717,"3":0.1094238191,"4":0.0375883348,"5":0.0103296187,"6":0.0023655615,"7":0.0004643414,"8":0.0000797533,"9":0.0000121761},"yokohama-fa-marinos":{"0":0.2360172774,"1":0.3407736091,"2":0.2460130333,"3":0.1184019946,"4":0.0427386879,"5":0.0123416532,"6":0.0029699165,"7":0.0006125878,"8":0.0001105606,"9":0.000017737}}