{"shimizu-s-pulse":{"0":0.3458456628,"1":0.3672060125,"2":0.1949428172,"3":0.068994335,"4":0.0183139023,"5":0.0038890035,"6":0.0006881998,"7":0.0001043864,"8":0.0000138542,"9":0.0000016344},"albirex-niigata":{"0":0.202029443,"1":0.3231141401,"2":0.2583849808,"3":0.1377486364,"4":0.0550767892,"5":0.0176173226,"6":0.0046960202,"7":0.0010729345,"8":0.0002144986,"9":0.0000381174}}