{"sagan-tosu":{"0":0.4552295396,"1":0.3582444816,"2":0.1409608751,"3":0.0369765516,"4":0.0072747067,"5":0.0011449712,"6":0.0001501732,"7":0.0000168828,"8":0.0000016607,"9":0.0000001452},"jubilo-iwata":{"0":0.1946867083,"1":0.31857825,"2":0.2606549318,"3":0.1421754174,"4":0.0581626707,"5":0.0190350559,"6":0.0051913789,"7":0.0012135691,"8":0.00024823,"9":0.0000451327}}