{"gamba-osaka":{"0":0.4031700093,"1":0.3662384054,"2":0.1663449246,"3":0.0503690739,"4":0.0114387782,"5":0.0020781902,"6":0.0003146369,"7":0.0000408307,"8":0.0000046363,"9":0.000000468},"consadole-sapporo":{"0":0.3375732178,"1":0.3665953496,"2":0.1990562984,"3":0.0720565786,"4":0.019562872,"5":0.0042489496,"6":0.0007690406,"7":0.0001193082,"8":0.0000161957,"9":0.0000019542}}