{"urawa-red-diamonds":{"0":0.231302883,"1":0.3386337227,"2":0.2478844981,"3":0.1209698863,"4":0.0442758024,"5":0.0129641962,"6":0.0031633227,"7":0.0006615987,"8":0.0001210748,"9":0.0000196952},"kawasaki-frontale":{"0":0.0468900942,"1":0.1434812891,"2":0.219522702,"3":0.2239094122,"4":0.1712878364,"5":0.1048264032,"6":0.0534605718,"7":0.0233695164,"8":0.0089386905,"9":0.003039104}}