{"sanfrecce-hiroshima":{"0":0.4962063757,"1":0.3477232465,"2":0.1218358551,"3":0.0284593677,"4":0.0049858205,"5":0.0006987761,"6":0.0000816128,"7":0.0000081702,"8":0.0000007157,"9":0.0000000557},"fc-tokyo":{"0":0.3197322049,"1":0.3645815187,"2":0.2078609564,"3":0.0790059744,"4":0.0225220651,"5":0.0051362538,"6":0.0009761206,"7":0.0001590061,"8":0.0000226638,"9":0.0000028714}}