{"kashima-antlers":{"0":0.217247601,"1":0.3316757268,"2":0.2531875777,"3":0.1288486401,"4":0.0491788702,"5":0.0150164489,"6":0.0038209794,"7":0.0008333652,"8":0.0001590392,"9":0.0000269787},"kashiwa-reysol":{"0":0.895289324,"1":0.0990264712,"2":0.0054765771,"3":0.0002019184,"4":0.0000055835,"5":0.0000001235,"6":0.0000000023,"7":0.0,"8":0.0,"9":0.0}}