{"omiya-ardija":{"0":0.3294469164,"1":0.3657981028,"2":0.2030801404,"3":0.0751626705,"4":0.0208640307,"5":0.0046332337,"6":0.0008574108,"7":0.0001360025,"8":0.0000188761,"9":0.0000023288},"ventforet-kofu":{"0":0.6962886691,"1":0.2520501969,"2":0.0456199451,"3":0.0055046691,"4":0.0004981601,"5":0.0000360659,"6":0.0000021759,"7":0.0000001125,"8":0.0000000051,"9":0.0000000002}}