{"jubilo-iwata":{"0":0.1611039727,"1":0.2941283815,"2":0.2684958768,"3":0.1633981177,"4":0.0745792036,"5":0.0272319299,"6":0.0082862466,"7":0.0021611778,"8":0.0004932092,"9":0.0001000505},"kashima-antlers":{"0":0.2105373658,"1":0.3280366131,"2":0.2555556329,"3":0.132726407,"4":0.0516999926,"5":0.0161106703,"6":0.0041836515,"7":0.0009312163,"8":0.0001813651,"9":0.0000313982}}