{"ventforet-kofu":{"0":0.3379974592,"1":0.3666315564,"2":0.1988457228,"3":0.0718971054,"4":0.0194970013,"5":0.0042297454,"6":0.0007646794,"7":0.0001184944,"8":0.0000160666,"9":0.0000019364},"vegalta-sendai":{"0":0.3650997901,"1":0.3678689133,"2":0.1853295195,"3":0.0622450544,"4":0.015679289,"5":0.0031596419,"6":0.0005306011,"7":0.0000763751,"8":0.0000096193,"9":0.0000010769}}