{"kashiwa-reysol":{"0":0.2097178261,"1":0.3275776373,"2":0.2558368796,"3":0.1332050819,"4":0.0520163293,"5":0.0162498215,"6":0.0042303495,"7":0.0009439676,"8":0.0001843088,"9":0.0000319877},"sanfrecce-hiroshima":{"0":0.3461141839,"1":0.3672224929,"2":0.1948090624,"3":0.0688965981,"4":0.0182745909,"5":0.003877819,"6":0.000685719,"7":0.0001039341,"8":0.0000137841,"9":0.000001625}}