{"consadole-sapporo":{"0":0.3379974592,"1":0.3666315564,"2":0.1988457228,"3":0.0718971054,"4":0.0194970013,"5":0.0042297454,"6":0.0007646794,"7":0.0001184944,"8":0.0000160666,"9":0.0000019364},"sagan-tosu":{"0":0.5300530007,"1":0.33646613,"2":0.106790695,"3":0.0225961378,"4":0.0035858843,"5":0.0004552483,"6":0.0000481636,"7":0.0000043676,"8":0.0000003466,"9":0.0000000244}}