{"albirex-niigata":{"0":0.4331021748,"1":0.3624119348,"2":0.151629821,"3":0.0422936819,"4":0.0088476438,"5":0.0014807091,"6":0.000206505,"7":0.0000246857,"8":0.0000025821,"9":0.0000002401},"cerezo-osaka":{"0":0.0634977142,"1":0.1750474107,"2":0.2412810946,"3":0.2217173294,"4":0.1528048879,"5":0.0842490168,"6":0.0387089321,"7":0.0152444145,"8":0.0052531326,"9":0.0016090645}}