{"fc-tokyo":{"0":0.3918794705,"1":0.367113064,"2":0.1719559354,"3":0.0536961618,"4":0.012575654,"5":0.0023561769,"6":0.0003678781,"7":0.0000492327,"8":0.0000057651,"9":0.0000006001},"gamba-osaka":{"0":0.2903752993,"1":0.3590725946,"2":0.2220111843,"3":0.0915116083,"4":0.0282903803,"5":0.0069966697,"6":0.0014419915,"7":0.0002547342,"8":0.0000393749,"9":0.00000541}}