{"vissel-kobe":{"0":0.4687995232,"1":0.3551531699,"2":0.1345284795,"3":0.0339720311,"4":0.0064341333,"5":0.0009748742,"6":0.0001230909,"7":0.0000133216,"8":0.0000012615,"9":0.0000001062},"shimizu-s-pulse":{"0":0.6682894933,"1":0.2693432714,"2":0.0542772246,"3":0.0072918525,"4":0.0007347158,"5":0.0000592231,"6":0.0000039781,"7":0.000000229,"8":0.0000000115,"9":0.0000000005}}