{"urawa-red-diamonds":{"0":0.2039490528,"1":0.3242555515,"2":0.2577645281,"3":0.1366053239,"4":0.0542966908,"5":0.0172650995,"6":0.0045749206,"7":0.0010390854,"8":0.0002065033,"9":0.0000364796},"yokohama-fa-marinos":{"0":0.1017535268,"1":0.232527342,"2":0.2656859495,"3":0.2023820028,"4":0.1156209289,"5":0.0528434308,"6":0.0201263172,"7":0.0065703852,"8":0.001876832,"9":0.0004765489}}