{"kawasaki-frontale":{"0":0.0326080042,"1":0.1116236383,"2":0.1910548794,"3":0.2180061946,"4":0.1865695647,"5":0.1277328932,"6":0.0728758199,"7":0.035638332,"8":0.0152496311,"9":0.0058002777},"omiya-ardija":{"0":0.3755467941,"1":0.367800089,"2":0.1801065907,"3":0.0587971291,"4":0.0143960684,"5":0.0028198218,"6":0.0004602758,"7":0.0000643973,"8":0.0000078836,"9":0.0000008579}}