{"fc-tokyo":{"0":0.22573984,"1":0.3359848782,"2":0.2500352582,"3":0.1240485002,"4":0.0461575815,"5":0.0137399312,"6":0.003408355,"7":0.0007247001,"8":0.0001348279,"9":0.0000222971},"yokohama-fa-marinos":{"0":0.5763613864,"1":0.3175868864,"2":0.0874984279,"3":0.0160711398,"4":0.0022138815,"5":0.0002439788,"6":0.0000224062,"7":0.0000017638,"8":0.0000001215,"9":0.0000000074}}