{"kawasaki-frontale":{"0":0.4037429991,"1":0.3661855108,"2":0.1660608712,"3":0.0502044494,"4":0.011383567,"5":0.0020649261,"6":0.00031214,"7":0.0000404434,"8":0.0000045852,"9":0.0000004621},"albirex-niigata":{"0":0.4796522688,"1":0.3523975853,"2":0.1294521742,"3":0.0317025733,"4":0.0058229216,"5":0.000855613,"6":0.0001047689,"7":0.0000109962,"8":0.0000010099,"9":0.0000000824}}