{"vissel-kobe":{"0":0.0759844718,"1":0.1958291775,"2":0.2523480511,"3":0.2167860094,"4":0.13967665,"5":0.0719956666,"6":0.0309248539,"7":0.0113857637,"8":0.0036679612,"9":0.0010503518},"kyoto-sanga":{"0":0.4084504721,"1":0.3657202689,"2":0.1637301511,"3":0.0488671528,"4":0.0109387242,"5":0.0019588731,"6":0.0002923241,"7":0.0000373918,"8":0.000004185,"9":0.0000004164}}