{"gamba-osaka":{"0":0.3511605938,"1":0.3674936447,"2":0.1922931862,"3":0.0670790184,"4":0.0175497432,"5":0.0036732021,"6":0.0006406748,"7":0.0000957819,"8":0.0000125296,"9":0.0000014569},"nagoya-grampus-eight":{"0":0.3425188551,"1":0.3669844876,"2":0.1965988326,"3":0.0702138688,"4":0.0188072863,"5":0.0040301328,"6":0.0007196666,"7":0.000110153,"8":0.0000147526,"9":0.0000017563}}