{"jubilo-iwata":{"0":0.3838289994,"1":0.3675385826,"2":0.1759697807,"3":0.0561670986,"4":0.0134458156,"5":0.00257503,"6":0.0004109568,"7":0.0000562164,"8":0.0000067288,"9":0.0000007159},"vegalta-sendai":{"0":0.5233792263,"1":0.338861346,"2":0.1096977163,"3":0.0236745582,"4":0.0038320171,"5":0.0004962071,"6":0.0000535448,"7":0.0000049525,"8":0.0000004008,"9":0.0000000288}}