{"sanfrecce-hiroshima":{"0":0.0433029341,"1":0.1359510722,"2":0.2134115669,"3":0.2233376863,"4":0.1752941142,"5":0.1100683973,"6":0.0575939288,"7":0.0258311641,"8":0.0101372301,"9":0.0035362431},"shimizu-s-pulse":{"0":0.5257880244,"1":0.3380065871,"2":0.1086449744,"3":0.023281066,"4":0.0037415999,"5":0.0004810628,"6":0.0000515424,"7":0.0000047335,"8":0.0000003804,"9":0.0000000272}}