{"shonan-bellmare":{"0":0.2884435689,"1":0.358609144,"2":0.2229214516,"3":0.0923827969,"4":0.0287138623,"5":0.0071397353,"6":0.0014794196,"7":0.0002627567,"8":0.0000408342,"9":0.0000056408},"montedio-yamagata":{"0":0.2953506936,"1":0.3602072949,"2":0.2196529382,"3":0.0892956435,"4":0.0272260595,"5":0.006640936,"6":0.0013498719,"7":0.0002351847,"8":0.0000358537,"9":0.0000048585}}