{"kashima-antlers":{"0":0.685294246,"1":0.2589774767,"2":0.0489346976,"3":0.0061642545,"4":0.0005823787,"5":0.000044017,"6":0.0000027724,"7":0.0000001497,"8":0.0000000071,"9":0.0000000003},"urawa-red-diamonds":{"0":0.2521954188,"1":0.3474120566,"2":0.2392889165,"3":0.1098775637,"4":0.0378404875,"5":0.0104254404,"6":0.002393596,"7":0.0004710429,"8":0.0000811107,"9":0.0000124149}}