{"omiya-ardija":{"0":0.378412627,"1":0.3677300661,"2":0.1786745366,"3":0.0578768558,"4":0.0140607491,"5":0.002732763,"6":0.0004426029,"7":0.000061444,"8":0.0000074637,"9":0.0000008059},"cerezo-osaka":{"0":0.2156111239,"1":0.3308075864,"2":0.253775541,"3":0.1297874814,"4":0.0497825468,"5":0.0152760617,"6":0.0039062897,"7":0.0008561911,"8":0.0001642045,"9":0.0000279928}}