{"urawa-red-diamonds":{"0":0.2933827019,"1":0.3597685688,"2":0.2205880276,"3":0.0901673689,"4":0.0276425511,"5":0.006779487,"6":0.0013855886,"7":0.0002427308,"8":0.0000372069,"9":0.0000050696},"fc-tokyo":{"0":0.0710125996,"1":0.1878210796,"2":0.2483837951,"3":0.2189832643,"4":0.1447970972,"5":0.0765947094,"6":0.0337641984,"7":0.0127575514,"8":0.0042178027,"9":0.0012395175}}