{"yokohama-fa-marinos":{"0":0.0971576852,"1":0.2265153704,"2":0.2640512324,"3":0.2052047747,"4":0.119604629,"5":0.0557697248,"6":0.021670442,"7":0.0072175574,"8":0.0021033947,"9":0.0005448774},"shonan-bellmare":{"0":0.3986047533,"1":0.3666306516,"2":0.1686106771,"3":0.0516951875,"4":0.0118871138,"5":0.0021867177,"6":0.0003352183,"7":0.000044047,"8":0.0000050642,"9":0.0000005176}}