{"cerezo-osaka":{"0":0.2970025369,"1":0.3605654156,"2":0.2188658391,"3":0.0885687746,"4":0.0268809463,"5":0.0065267723,"6":0.0013205995,"7":0.0002290324,"8":0.0000347561,"9":0.0000046883},"gamba-osaka":{"0":0.1309875418,"1":0.2662522278,"2":0.2705992029,"3":0.1833447661,"4":0.093169075,"5":0.0378760811,"6":0.0128314887,"7":0.003725995,"8":0.0009467069,"9":0.0002138141}}