{"albirex-niigata":{"0":0.6700519716,"1":0.2682888094,"2":0.0537114197,"3":0.0071686841,"4":0.0007175853,"5":0.0000574642,"6":0.0000038348,"7":0.0000002193,"8":0.000000011,"9":0.0000000005},"jubilo-iwata":{"0":0.2304452584,"1":0.3382341696,"2":0.2482202373,"3":0.1214410839,"4":0.0445610429,"5":0.0130808223,"6":0.0031998786,"7":0.0006709423,"8":0.0001230963,"9":0.0000200748}}