{"shimizu-s-pulse":{"0":0.5920524796,"1":0.3103302277,"2":0.0813313461,"3":0.0142102128,"4":0.0018621063,"5":0.0001952083,"6":0.0000170534,"7":0.000001277,"8":0.0000000837,"9":0.0000000049},"montedio-yamagata":{"0":0.4571262359,"1":0.3578364513,"2":0.1400564175,"3":0.0365451871,"4":0.0071518538,"5":0.0011196881,"6":0.0001460812,"7":0.000016336,"8":0.0000015985,"9":0.000000139}}