{"vegalta-sendai":{"0":0.4211088195,"1":0.3642018581,"2":0.1574925379,"3":0.0454032088,"4":0.0098169002,"5":0.0016980567,"6":0.0002447647,"7":0.0000302412,"8":0.0000032693,"9":0.0000003142},"omiya-ardija":{"0":0.0743566833,"1":0.193244225,"2":0.251109442,"3":0.2175345795,"4":0.1413366606,"5":0.0734634527,"6":0.0318204707,"7":0.0118139485,"8":0.0038378819,"9":0.0011082446}}