{"kyoto-sanga":{"0":0.7689158659,"1":0.2020508845,"2":0.0265468315,"3":0.0023252699,"4":0.000152755,"5":0.000008028,"6":0.0000003516,"7":0.0000000132,"8":0.0000000004,"9":0.0},"kashima-antlers":{"0":0.3991702158,"1":0.3665848921,"2":0.1683297974,"3":0.0515295298,"4":0.0118307594,"5":0.0021729966,"6":0.0003326015,"7":0.0000436358,"8":0.0000050092,"9":0.0000005111}}