{"vissel-kobe":{"0":0.1507743693,"1":0.2852607045,"2":0.2698524621,"3":0.1701843264,"4":0.0804959442,"5":0.0304591952,"6":0.0096046513,"7":0.00259596,"8":0.0006139351,"9":0.0001290608},"sanfrecce-hiroshima":{"0":0.45672516,"1":0.3579233907,"2":0.1402475327,"3":0.0366360902,"4":0.007177683,"5":0.0011249919,"6":0.0001469377,"7":0.0000164502,"8":0.0000016114,"9":0.0000001403}}