{"nagoya-grampus-eight":{"0":0.1009429271,"1":0.2314823204,"2":0.2654176286,"3":0.2028852353,"4":0.1163141054,"5":0.0533463013,"6":0.0203889564,"7":0.0066794221,"8":0.0019146563,"9":0.0004878544},"kawasaki-frontale":{"0":0.0866189592,"1":0.2118904647,"2":0.2591671006,"3":0.2113280121,"4":0.1292395773,"5":0.0632301158,"6":0.0257793035,"7":0.0090088964,"8":0.0027547365,"9":0.0007487486}}