{"yokohama-fa-marinos":{"0":0.0813681036,"1":0.2041340144,"2":0.2560628426,"3":0.214134424,"4":0.134303608,"5":0.0673874244,"6":0.0281766131,"7":0.0100983852,"8":0.0031668182,"9":0.0008827583},"kawasaki-frontale":{"0":0.2039146483,"1":0.3242352539,"2":0.2577757429,"3":0.1366257634,"4":0.0543105773,"5":0.0172713476,"6":0.0045770619,"7":0.0010396821,"8":0.0002066438,"9":0.0000365083}}