{"montedio-yamagata":{"0":0.8778152324,"1":0.114396134,"2":0.0074540034,"3":0.0003237998,"4":0.0000105493,"5":0.000000275,"6":0.000000006,"7":0.0000000001,"8":0.0,"9":0.0},"urawa-red-diamonds":{"0":1.0,"1":0.0,"2":0.0,"3":0.0,"4":0.0,"5":0.0,"6":0.0,"7":0.0,"8":0.0,"9":0.0}}