{"shonan-bellmare":{"0":0.2918314272,"1":0.359413442,"2":0.2213230143,"3":0.0908589216,"4":0.0279749838,"5":0.0068906802,"6":0.0014144028,"7":0.0002488498,"8":0.0000383098,"9":0.0000052424},"sanfrecce-hiroshima":{"0":0.3758765088,"1":0.367793143,"2":0.1799418065,"3":0.0586906967,"4":0.0143571328,"5":0.0028096755,"6":0.0004582087,"7":0.0000640507,"8":0.0000078342,"9":0.0000008517}}