{"gamba-osaka":{"0":0.2907242322,"1":0.3591549359,"2":0.2218464334,"3":0.0913548909,"4":0.028214504,"5":0.0069711274,"6":0.001435332,"7":0.0002533115,"8":0.000039117,"9":0.0000053694},"albirex-niigata":{"0":0.4424569151,"1":0.3607847605,"2":0.1470941452,"3":0.0399807862,"4":0.0081502051,"5":0.0013291553,"6":0.0001806349,"7":0.0000210417,"8":0.0000021447,"9":0.0000001943}}