{"shimizu-s-pulse":{"0":0.5044883527,"1":0.3451762413,"2":0.1180866089,"3":0.0269320336,"4":0.0046067952,"5":0.0006304036,"6":0.0000718881,"7":0.0000070267,"8":0.000000601,"9":0.0000000457},"vissel-kobe":{"0":1.0,"1":0.0,"2":0.0,"3":0.0,"4":0.0,"5":0.0,"6":0.0,"7":0.0,"8":0.0,"9":0.0}}