{"omiya-ardija":{"0":0.7736939111,"1":0.1985135693,"2":0.0254672013,"3":0.0021781159,"4":0.0001397147,"5":0.0000071696,"6":0.0000003066,"7":0.0000000112,"8":0.0000000004,"9":0.0},"kashima-antlers":{"0":0.3995810285,"1":0.3665511451,"2":0.1681257772,"3":0.0514094278,"4":0.0117899646,"5":0.0021630782,"6":0.0003307126,"7":0.0000433393,"8":0.0000049696,"9":0.0000005065}}