{"fc-tokyo":{"0":0.0248539933,"1":0.0918289648,"2":0.1696419297,"3":0.2089274293,"4":0.1929829676,"5":0.142604256,"6":0.0878141998,"7":0.0463500513,"8":0.0214064053,"9":0.0087878927},"cerezo-osaka":{"0":1.0,"1":0.0,"2":0.0,"3":0.0,"4":0.0,"5":0.0,"6":0.0,"7":0.0,"8":0.0,"9":0.0}}