{"kyoto-sanga":{"0":1.0,"1":0.0,"2":0.0,"3":0.0,"4":0.0,"5":0.0,"6":0.0,"7":0.0,"8":0.0,"9":0.0},"vegalta-sendai":{"0":0.3090681277,"1":0.3629058016,"2":0.2130608254,"3":0.0833915489,"4":0.0244794547,"5":0.0057487235,"6":0.001125019,"7":0.0001887129,"8":0.0000276982,"9":0.0000036137}}