{"nagoya-grampus-eight":{"0":0.0819105354,"1":0.2049506161,"2":0.2564063027,"3":0.2138537674,"4":0.1337723566,"5":0.0669431027,"6":0.0279166982,"7":0.0099787347,"8":0.0031210085,"9":0.0008676846},"jubilo-iwata":{"0":0.0532193443,"1":0.1561100767,"2":0.2289614459,"3":0.2238734137,"4":0.1641738367,"5":0.0963153176,"6":0.0470874886,"7":0.0197319,"8":0.00723503,"9":0.0023580838}}