{"kawasaki-frontale":{"0":0.0059072259,"1":0.0303133961,"2":0.0777777926,"3":0.1330409611,"4":0.1706775488,"5":0.1751690632,"6":0.1498156462,"7":0.1098272594,"8":0.0704484065,"9":0.0401679511},"shimizu-s-pulse":{"0":0.7197037121,"1":0.2367218234,"2":0.0389307577,"3":0.004268312,"4":0.0003509787,"5":0.0000230885,"6":0.0000012657,"7":0.0000000595,"8":0.0000000024,"9":0.0000000001}}