{"vissel-kobe":{"0":0.4016072324,"1":0.3663785278,"2":0.1671200302,"3":0.0508201262,"4":0.0115905551,"5":0.0021147679,"6":0.0003215437,"7":0.0000419054,"8":0.0000047787,"9":0.0000004844},"yokohama-fa-marinos":{"0":0.6449682315,"1":0.2828535377,"2":0.0620233059,"3":0.0090668608,"4":0.0009940775,"5":0.0000871914,"6":0.000006373,"7":0.0000003993,"8":0.0000000219,"9":0.0000000011}}