{"gamba-osaka":{"0":0.2883472651,"1":0.3585857015,"2":0.2229667503,"3":0.0924263879,"4":0.028735127,"5":0.0071469418,"6":0.0014813106,"7":0.0002631632,"8":0.0000409084,"9":0.0000056526},"vegalta-sendai":{"0":0.4913381407,"1":0.3491560414,"2":0.1240591063,"3":0.0293864061,"4":0.0052206619,"5":0.0007419842,"6":0.0000878785,"7":0.0000089212,"8":0.0000007925,"9":0.0000000626}}