{"jubilo-iwata":{"0":1.0,"1":0.0,"2":0.0,"3":0.0,"4":0.0,"5":0.0,"6":0.0,"7":0.0,"8":0.0,"9":0.0},"kyoto-sanga":{"0":0.4159840197,"1":0.3648630919,"2":0.1600122476,"3":0.0467826973,"4":0.0102583746,"5":0.0017995414,"6":0.0002630655,"7":0.0000329624,"8":0.000003614,"9":0.0000003522}}