{"cerezo-osaka":{"0":0.5784700989,"1":0.3166362646,"2":0.0866583461,"3":0.0158113474,"4":0.0021636581,"5":0.0002368636,"6":0.0000216086,"7":0.0000016897,"8":0.0000001156,"9":0.000000007},"urawa-red-diamonds":{"0":0.5179734332,"1":0.34073915,"2":0.1120744433,"3":0.0245753599,"4":0.0040416104,"5":0.0005317396,"6":0.0000582992,"7":0.0000054787,"8":0.0000004505,"9":0.0000000329}}