{"shonan-bellmare":{"0":0.633724887,"1":0.2890674923,"2":0.0659276737,"3":0.0100240907,"4":0.0011430981,"5":0.0001042826,"6":0.0000079279,"7":0.0000005166,"8":0.0000000295,"9":0.0000000015},"albirex-niigata":{"0":0.2318076399,"1":0.3388673933,"2":0.2476862071,"3":0.1206931451,"4":0.0441087398,"5":0.0128960492,"6":0.0031420093,"7":0.0006561626,"8":0.0001199012,"9":0.0000194753}}