{"kashima-antlers":{"0":0.0777399525,"1":0.1985778435,"2":0.2536222282,"3":0.2159496867,"4":0.1379047122,"5":0.0704523723,"6":0.0299937585,"7":0.0109450908,"8":0.0034947483,"9":0.0009918818},"montedio-yamagata":{"0":0.693876112,"1":0.2535852457,"2":0.0463378662,"3":0.0056449074,"4":0.0005157496,"5":0.0000376974,"6":0.0000022962,"7":0.0000001199,"8":0.0000000055,"9":0.0000000002}}