{"omiya-ardija":{"0":0.3765203372,"1":0.3677787461,"2":0.1796200534,"3":0.0584832845,"4":0.0142813727,"5":0.002789961,"6":0.0004541979,"7":0.000063379,"8":0.0000077384,"9":0.0000008399},"fc-tokyo":{"0":0.2154675297,"1":0.3307308192,"2":0.2538268178,"3":0.1298700729,"4":0.0498358565,"5":0.0152990603,"6":0.0039138695,"7":0.0008582249,"8":0.000164666,"9":0.0000280837}}