{"sanfrecce-hiroshima":{"0":0.7989852838,"1":0.1793024861,"2":0.0201188821,"3":0.0015049779,"4":0.0000844341,"5":0.0000037896,"6":0.0000001417,"7":0.0000000045,"8":0.0000000001,"9":0.0},"nagoya-grampus-eight":{"0":0.2763581271,"1":0.3554124952,"2":0.2285404867,"3":0.0979720836,"4":0.031499438,"5":0.0081020189,"6":0.0017366106,"7":0.0003190545,"8":0.0000512903,"9":0.0000073291}}