{"montedio-yamagata":{"0":0.5440940867,"1":0.3311536672,"2":0.1007755404,"3":0.0204451096,"4":0.0031108926,"5":0.0003786784,"6":0.0000384127,"7":0.0000033399,"8":0.0000002541,"9":0.0000000172},"sanfrecce-hiroshima":{"0":0.6938110932,"1":0.2536264996,"2":0.046357288,"3":0.0056487214,"4":0.0005162304,"5":0.0000377422,"6":0.0000022995,"7":0.0000001201,"8":0.0000000055,"9":0.0000000002}}