{"jubilo-iwata":{"0":0.5800268688,"1":0.3159295285,"2":0.0860403822,"3":0.0156215162,"4":0.0021271852,"5":0.0002317274,"6":0.0000210362,"7":0.0000016369,"8":0.0000001114,"9":0.0000000067},"gamba-osaka":{"0":0.1064585044,"1":0.2384670498,"2":0.2670830958,"3":0.1994220449,"4":0.1116763451,"5":0.0500310026,"6":0.018678241,"7":0.0059770371,"8":0.0016735704,"9":0.0004165331}}