{"kawasaki-frontale":{"0":0.1702967516,"1":0.3014614837,"2":0.2668254835,"3":0.157445959,"4":0.0696782117,"5":0.024669052,"6":0.0072782451,"7":0.0018405775,"8":0.0004072767,"9":0.0000801074},"fc-tokyo":{"0":0.4639400211,"1":0.3563059362,"2":0.1368214795,"3":0.0350262988,"4":0.0067250494,"5":0.0010329676,"6":0.0001322199,"7":0.0000145064,"8":0.0000013926,"9":0.0000001188}}