{"yokohama-fa-marinos":{"0":0.0389279349,"1":0.126361757,"2":0.2050878588,"3":0.2219080142,"4":0.1800807482,"5":0.1169099764,"6":0.0632491383,"7":0.029329919,"8":0.0119007729,"9":0.0042922692},"shimizu-s-pulse":{"0":0.7782817556,"1":0.1950892934,"2":0.0244511914,"3":0.0020430329,"4":0.0001280301,"5":0.0000064186,"6":0.0000002682,"7":0.0000000096,"8":0.0000000003,"9":0.0}}