{"nagoya-grampus-eight":{"0":0.2894397406,"1":0.3588497504,"2":0.2224524232,"3":0.091932776,"4":0.0284947513,"5":0.007065605,"6":0.0014599991,"7":0.0002585884,"8":0.000040075,"9":0.0000055206},"vissel-kobe":{"0":1.0,"1":0.0,"2":0.0,"3":0.0,"4":0.0,"5":0.0,"6":0.0,"7":0.0,"8":0.0,"9":0.0}}