{"cerezo-osaka":{"0":0.0715463297,"1":0.1886970104,"2":0.2488356979,"3":0.218760592,"4":0.1442403472,"5":0.0760841889,"6":0.033444201,"7":0.0126008675,"8":0.0041542069,"9":0.0012173719},"kyoto-sanga":{"0":0.0815395854,"1":0.2043925606,"2":0.2561720093,"3":0.2140459456,"4":0.1341354592,"5":0.0672465769,"6":0.0280941255,"7":0.0100603725,"8":0.0031522501,"9":0.00087796}}