{"albirex-niigata":{"0":0.5821616072,"1":0.3149536177,"2":0.0851960865,"3":0.0153638986,"4":0.0020779949,"5":0.000224842,"6":0.0000202735,"7":0.0000015669,"8":0.000000106,"9":0.0000000064},"omiya-ardija":{"0":0.2855513708,"1":0.3578910514,"2":0.2242783922,"3":0.0936985283,"4":0.0293588722,"5":0.0073592906,"6":0.001537274,"7":0.0002752453,"8":0.0000431218,"9":0.0000060051}}