{"urawa-red-diamonds":{"0":0.1314962456,"1":0.2667765558,"2":0.2706150674,"3":0.1830058729,"4":0.0928195255,"5":0.0376620233,"6":0.012734641,"7":0.0036908209,"8":0.0009359816,"9":0.0002109886},"shonan-bellmare":{"0":1.0,"1":0.0,"2":0.0,"3":0.0,"4":0.0,"5":0.0,"6":0.0,"7":0.0,"8":0.0,"9":0.0}}