{"vegalta-sendai":{"0":0.6646394018,"1":0.2715122663,"2":0.0554578246,"3":0.0075517038,"4":0.0007712378,"5":0.0000630118,"6":0.0000042902,"7":0.0000002504,"8":0.0000000128,"9":0.0000000006},"kashima-antlers":{"0":0.4259925874,"1":0.3635136746,"2":0.1550991678,"3":0.0441170966,"4":0.0094116473,"5":0.0016062545,"6":0.0002284451,"7":0.0000278485,"8":0.0000029705,"9":0.0000002816}}