{"sanfrecce-hiroshima":{"0":0.0767910896,"1":0.1970971299,"2":0.2529413167,"3":0.2164053488,"4":0.1388600988,"5":0.0712815174,"6":0.0304926491,"7":0.011180638,"8":0.0035871214,"9":0.0010229939},"kawasaki-frontale":{"0":0.1469899144,"1":0.2818371836,"2":0.2701960826,"3":0.1726905397,"4":0.0827788348,"5":0.0317438836,"6":0.0101442411,"7":0.0027786399,"8":0.0006659675,"9":0.00014188}}