{"shonan-bellmare":{"0":0.1690133154,"1":0.3004681163,"2":0.26708277,"3":0.1582712711,"4":0.0703427872,"5":0.0250107688,"6":0.0074105982,"7":0.0018820567,"8":0.0004182348,"9":0.0000826143},"jubilo-iwata":{"0":0.1369135195,"1":0.2722396358,"2":0.2706614351,"3":0.1793949222,"4":0.0891774758,"5":0.035464202,"6":0.0117528708,"7":0.0033384966,"8":0.0008297858,"9":0.0001833279}}