{"fc-tokyo":{"0":0.670320046,"1":0.2681280184,"2":0.0536256037,"3":0.0071500805,"4":0.000715008,"5":0.0000572006,"6":0.0000038134,"7":0.0000002179,"8":0.0000000109,"9":0.0000000005},"kashima-antlers":{"0":0.8373306607,"1":0.1486565303,"2":0.0131959601,"3":0.0007809203,"4":0.0000346604,"5":0.0000012307,"6":0.0000000364,"7":0.0000000009,"8":0.0,"9":0.0}}