{"yokohama-fa-marinos":{"0":0.114558844,"1":0.2482108287,"2":0.2688950644,"3":0.1942019909,"4":0.1051927451,"5":0.0455835229,"6":0.0164607166,"7":0.0050949837,"8":0.0013798914,"9":0.0003321961},"cerezo-osaka":{"0":1.0,"1":0.0,"2":0.0,"3":0.0,"4":0.0,"5":0.0,"6":0.0,"7":0.0,"8":0.0,"9":0.0}}