{"vissel-kobe":{"0":0.1786020597,"1":0.307659029,"2":0.2649859645,"3":0.1521545061,"4":0.0655251508,"5":0.0225746605,"6":0.0064811665,"7":0.0015949179,"8":0.0003434247,"9":0.0000657313},"montedio-yamagata":{"0":0.6006705059,"1":0.3061670054,"2":0.078027999,"3":0.0132571843,"4":0.0016893257,"5":0.0001722128,"6":0.0000146297,"7":0.0000010653,"8":0.0000000679,"9":0.0000000038}}