{"kyoto-sanga":{"0":0.6065306597,"1":0.3032653299,"2":0.0758163325,"3":0.0126360554,"4":0.0015795069,"5":0.0001579507,"6":0.0000131626,"7":0.0000009402,"8":0.0000000588,"9":0.0000000033},"nagoya-grampus-eight":{"0":0.5277511386,"1":0.3373018147,"2":0.1077899277,"3":0.0229639411,"4":0.0036692384,"5":0.0004690244,"6":0.0000499613,"7":0.0000045617,"8":0.0000003644,"9":0.0000000259}}