{"omiya-ardija":{"0":0.201896518,"1":0.3230344288,"2":0.258427543,"3":0.137828023,"4":0.0551312092,"5":0.0176419869,"6":0.0047045299,"7":0.0010753211,"8":0.0002150642,"9":0.0000382336},"gamba-osaka":{"0":0.0775740947,"1":0.1983198594,"2":0.2535045159,"3":0.2160299353,"4":0.1380713065,"5":0.0705964593,"6":0.0300802305,"7":0.0109858233,"8":0.003510687,"9":0.0009972386}}