{"shimizu-s-pulse":{"0":0.3907851668,"1":0.3671806937,"2":0.172500997,"3":0.0540271579,"4":0.0126909431,"5":0.0023848752,"6":0.0003734704,"7":0.0000501303,"8":0.0000058878,"9":0.0000006147},"vegalta-sendai":{"0":0.3370989941,"1":0.366554246,"2":0.1992916289,"3":0.0722351535,"4":0.0196367408,"5":0.0042705145,"6":0.0007739444,"7":0.0001202244,"8":0.0000163412,"9":0.0000019743}}