{"albirex-niigata":{"0":0.7659283384,"1":0.2042475569,"2":0.0272330076,"3":0.0024207118,"4":0.0001613808,"5":0.000008607,"6":0.0000003825,"7":0.0000000146,"8":0.0000000005,"9":0.0},"urawa-red-diamonds":{"0":0.4264867783,"1":0.3634409067,"2":0.1548574298,"3":0.0439884873,"4":0.0093714603,"5":0.0015972228,"6":0.0002268519,"7":0.0000276168,"8":0.0000029418,"9":0.0000002785}}