{"gamba-osaka":{"0":0.1461565571,"1":0.2810703021,"2":0.2702599058,"3":0.1732435294,"4":0.0832901584,"5":0.0320346763,"6":0.0102675245,"7":0.0028207485,"8":0.0006780645,"9":0.0001448856},"shimizu-s-pulse":{"0":0.5705427217,"1":0.3201698775,"2":0.0898344213,"3":0.0168040444,"4":0.0023574698,"5":0.000264587,"6":0.0000247463,"7":0.0000019838,"8":0.0000001392,"9":0.0000000087}}