{"fc-tokyo":{"0":0.3266450672,"1":0.3654769983,"2":0.2044626564,"3":0.0762564686,"4":0.0213304807,"5":0.0047732544,"6":0.0008901174,"7":0.0001422765,"8":0.0000198988,"9":0.0000024738},"kyoto-sanga":{"0":0.6241400658,"1":0.2942074384,"2":0.0693418205,"3":0.01089546,"4":0.0012839768,"5":0.0001210483,"6":0.00000951,"7":0.0000006404,"8":0.0000000377,"9":0.000000002}}