{"cerezo-osaka":{"0":0.027021806,"1":0.0975787437,"2":0.1761838428,"3":0.2120731441,"4":0.1914549218,"5":0.1382729991,"6":0.0832198605,"7":0.0429308804,"8":0.0193785224,"9":0.0077753331},"shonan-bellmare":{"0":0.4310962275,"1":0.3627346898,"2":0.1526068274,"3":0.0428023464,"4":0.0090037298,"5":0.0015151908,"6":0.0002124863,"7":0.0000255416,"8":0.0000026864,"9":0.0000002512}}