{"jubilo-iwata":{"0":0.5110291367,"1":0.3430685114,"2":0.115155864,"3":0.0257691444,"4":0.0043248914,"5":0.0005806847,"6":0.0000649717,"7":0.0000062311,"8":0.0000005229,"9":0.000000039},"omiya-ardija":{"0":0.1326286687,"1":0.2679367045,"2":0.2706431358,"3":0.1822512699,"4":0.0920460959,"5":0.0371903418,"6":0.0125220006,"7":0.003613853,"8":0.0009125891,"9":0.000204846}}