{"montedio-yamagata":{"0":0.7559951791,"1":0.211467183,"2":0.0295758298,"3":0.0027576531,"4":0.0001928429,"5":0.0000107884,"6":0.000000503,"7":0.0000000201,"8":0.0000000007,"9":0.0},"yokohama-fa-marinos":{"0":0.8594048609,"1":0.1302128577,"2":0.0098646104,"3":0.0004982126,"4":0.0000188717,"5":0.0000005719,"6":0.0000000144,"7":0.0000000003,"8":0.0,"9":0.0}}