{"kashima-antlers":{"0":0.027021806,"1":0.0975787437,"2":0.1761838428,"3":0.2120731441,"4":0.1914549218,"5":0.1382729991,"6":0.0832198605,"7":0.0429308804,"8":0.0193785224,"9":0.0077753331},"sanfrecce-hiroshima":{"0":0.6242543316,"1":0.2941470248,"2":0.0693006583,"3":0.0108847636,"4":0.0012822181,"5":0.0001208356,"6":0.0000094896,"7":0.0000006388,"8":0.0000000376,"9":0.000000002}}