{"nagoya-grampus-eight":{"0":0.2469420961,"1":0.345373561,"2":0.2415199727,"3":0.1125967239,"4":0.0393694839,"5":0.011012443,"6":0.002567003,"7":0.0005128877,"8":0.0000896657,"9":0.0000139341},"albirex-niigata":{"0":0.6034750961,"1":0.3047854021,"2":0.0769660106,"3":0.0129572408,"4":0.0016360153,"5":0.0001652541,"6":0.0000139103,"7":0.0000010036,"8":0.0000000634,"9":0.0000000036}}