{"urawa-red-diamonds":{"0":0.2101360712,"1":0.3278122711,"2":0.2556935714,"3":0.1329606571,"4":0.0518546563,"5":0.0161786528,"6":0.0042064497,"7":0.0009374374,"8":0.0001828003,"9":0.0000316854},"kawasaki-frontale":{"0":0.0785149663,"1":0.1997786637,"2":0.2541650105,"3":0.2155714109,"4":0.1371285324,"5":0.0697837782,"6":0.0295937421,"7":0.0107571816,"8":0.0034214104,"9":0.0009672958}}