{"vegalta-sendai":{"0":0.1124423441,"1":0.2457219059,"2":0.2684898447,"3":0.1955782668,"4":0.1068500147,"5":0.0467001812,"6":0.0170090986,"7":0.0053100333,"8":0.0014505117,"9":0.0003522027},"vissel-kobe":{"0":1.0,"1":0.0,"2":0.0,"3":0.0,"4":0.0,"5":0.0,"6":0.0,"7":0.0,"8":0.0,"9":0.0}}