{"kawasaki-frontale":{"0":0.169337406,"1":0.3007198762,"2":0.2670185108,"3":0.1580626817,"4":0.0701743802,"5":0.024924004,"6":0.0073769322,"7":0.0018714877,"8":0.000415438,"9":0.0000819734},"vissel-kobe":{"0":0.874030049,"1":0.1176798628,"2":0.0079222391,"3":0.0003555515,"4":0.0000119679,"5":0.0000003223,"6":0.0000000072,"7":0.0000000001,"8":0.0,"9":0.0}}