{"shimizu-s-pulse":{"0":0.3728459161,"1":0.3678460666,"2":0.1814566325,"3":0.0596744353,"4":0.0147185509,"5":0.0029042351,"6":0.0004775482,"7":0.0000673063,"8":0.0000083005,"9":0.0000009099},"omiya-ardija":{"0":0.4310620344,"1":0.3627401106,"2":0.1526234943,"3":0.0428110564,"4":0.009006411,"5":0.0015157849,"6":0.0002125897,"7":0.0000255564,"8":0.0000026882,"9":0.0000002514}}