{"albirex-niigata":{"0":0.6663692517,"1":0.2704868293,"2":0.0548968343,"3":0.007427749,"4":0.0007537519,"5":0.0000611913,"6":0.0000041397,"7":0.0000002401,"8":0.0000000122,"9":0.0000000005},"sanfrecce-hiroshima":{"0":0.3642904021,"1":0.3678618766,"2":0.1857341828,"3":0.0625183687,"4":0.0157828235,"5":0.0031875114,"6":0.0005364603,"7":0.0000773885,"8":0.0000097684,"9":0.000001096}}