{"gamba-osaka":{"0":0.2512702933,"1":0.3470610756,"2":0.2396848999,"3":0.1103530095,"4":0.0381056129,"5":0.0105264931,"6":0.0024232444,"7":0.0004781498,"8":0.0000825541,"9":0.0000126695},"fc-tokyo":{"0":0.3078617147,"1":0.3626932946,"2":0.2136453149,"3":0.083898841,"4":0.0247104021,"5":0.0058222876,"6":0.0011432106,"7":0.0001924031,"8":0.0000283339,"9":0.0000037089}}