{"shonan-bellmare":{"0":0.1930458437,"1":0.3175271291,"2":0.2611386907,"3":0.1431760407,"4":0.0588749754,"5":0.0193678367,"6":0.0053094587,"7":0.001247592,"8":0.0002565092,"9":0.0000468793},"vegalta-sendai":{"0":0.2762613981,"1":0.3553848082,"2":0.2285848888,"3":0.0980177921,"4":0.0315227123,"5":0.0081102124,"6":0.00173884,"7":0.000319551,"8":0.0000513841,"9":0.0000073445}}