{"yokohama-fa-marinos":{"0":0.4197066628,"1":0.364389003,"2":0.1581811266,"3":0.0457775776,"4":0.0099360145,"5":0.001725288,"6":0.000249649,"7":0.0000309636,"8":0.0000033603,"9":0.0000003242},"kashima-antlers":{"0":0.510072394,"1":0.3433820691,"2":0.1155828533,"3":0.025936893,"4":0.004365196,"5":0.0005877323,"6":0.0000659438,"7":0.0000063419,"8":0.0000005337,"9":0.0000000399}}