{"kyoto-sanga":{"0":0.3528052477,"1":0.3675662949,"2":0.1914724653,"3":0.0664944991,"4":0.0173191419,"5":0.0036087518,"6":0.0006266231,"7":0.0000932629,"8":0.0000121456,"9":0.000001406},"montedio-yamagata":{"0":0.510072394,"1":0.3433820691,"2":0.1155828533,"3":0.025936893,"4":0.004365196,"5":0.0005877323,"6":0.0000659438,"7":0.0000063419,"8":0.0000005337,"9":0.0000000399}}