{"urawa-red-diamonds":{"0":0.169337406,"1":0.3007198762,"2":0.2670185108,"3":0.1580626817,"4":0.0701743802,"5":0.024924004,"6":0.0073769322,"7":0.0018714877,"8":0.000415438,"9":0.0000819734},"jubilo-iwata":{"0":0.2529773455,"1":0.3477060629,"2":0.238953227,"3":0.1094768461,"4":0.0376177589,"5":0.0103407859,"6":0.0023688247,"7":0.0004651205,"8":0.0000799109,"9":0.0000122038}}