{"cerezo-osaka":{"0":0.5572019228,"1":0.3258670556,"2":0.0952880218,"3":0.0185756879,"4":0.0027158937,"5":0.0003176659,"6":0.0000309633,"7":0.0000025869,"8":0.0000001891,"9":0.0000000123},"nagoya-grampus-eight":{"0":0.2908488809,"1":0.359184249,"2":0.2217875557,"3":0.091298955,"4":0.0281874444,"5":0.0069620251,"6":0.0014329605,"7":0.0002528052,"8":0.0000390253,"9":0.0000053549}}