{"yokohama-fa-marinos":{"0":0.2277624555,"1":0.3369636329,"2":0.2492607695,"3":0.1229231192,"4":0.0454647153,"5":0.0134525733,"6":0.0033170729,"7":0.0007010643,"8":0.0001296489,"9":0.0000213121},"jubilo-iwata":{"0":0.4208896409,"1":0.36423142,"2":0.1576001336,"3":0.045461577,"4":0.0098354373,"5":0.0017022872,"6":0.0002455222,"7":0.000030353,"8":0.0000032834,"9":0.0000003157}}