{"sanfrecce-hiroshima":{"0":0.3061862678,"1":0.3623903225,"2":0.2144556429,"3":0.0846071577,"4":0.0250344467,"5":0.0059259622,"6":0.0011689569,"7":0.0001976475,"8":0.000029241,"9":0.0000038454},"fc-tokyo":{"0":0.4208896409,"1":0.36423142,"2":0.1576001336,"3":0.045461577,"4":0.0098354373,"5":0.0017022872,"6":0.0002455222,"7":0.000030353,"8":0.0000032834,"9":0.0000003157}}