{"kawasaki-frontale":{"0":0.0422401723,"1":0.1336641067,"2":0.211482251,"3":0.2230703196,"4":0.1764700131,"5":0.1116837617,"6":0.0589017099,"7":0.0266268004,"8":0.0105321762,"9":0.0037030939},"shonan-bellmare":{"0":0.6303131866,"1":0.2909137784,"2":0.0671339489,"3":0.0103282998,"4":0.0011917269,"5":0.0001100056,"6":0.000008462,"7":0.0000005579,"8":0.0000000322,"9":0.0000000017}}