{"vissel-kobe":{"0":0.4218887191,"1":0.3640957438,"2":0.1571098073,"3":0.045195972,"4":0.0097511857,"5":0.0016830814,"6":0.000242087,"7":0.0000298463,"8":0.0000032197,"9":0.0000003087},"albirex-niigata":{"0":0.3972947132,"1":0.3667335814,"2":0.169261653,"3":0.0520805086,"4":0.0120185789,"5":0.0022188146,"6":0.0003413561,"7":0.000045014,"8":0.0000051939,"9":0.0000005327}}