{"kashima-antlers":{"0":0.0201257855,"1":0.0786063557,"2":0.1535085215,"3":0.1998554778,"4":0.1951465542,"5":0.1524388645,"6":0.0992314362,"7":0.055367646,"8":0.0270315466,"9":0.0117309506},"gamba-osaka":{"0":0.4357139928,"1":0.3619777786,"2":0.1503600003,"3":0.0416381539,"4":0.0086479243,"5":0.0014368859,"6":0.0001989534,"7":0.0000236121,"8":0.000002452,"9":0.0000002263}}