{"omiya-ardija":{"0":0.1932374343,"1":0.317650577,"2":0.261082666,"3":0.1430589951,"4":0.0587913678,"5":0.0193286689,"6":0.0052955257,"7":0.0012435677,"8":0.0002555276,"9":0.0000466717},"kyoto-sanga":{"0":0.1988141887,"1":0.3211613818,"2":0.2593995776,"3":0.1396766956,"4":0.0564078963,"5":0.0182240896,"6":0.0049064857,"7":0.0011322659,"8":0.0002286306,"9":0.0000410363}}