{"nagoya-grampus-eight":{"0":0.1208140206,"1":0.2553407872,"2":0.2698317517,"3":0.1900967331,"4":0.1004425008,"5":0.0424571041,"6":0.0149555357,"7":0.0045155098,"8":0.0011929429,"9":0.0002801431},"montedio-yamagata":{"0":0.5524421299,"1":0.3278228023,"2":0.0972661062,"3":0.0192394496,"4":0.0028542041,"5":0.0003387407,"6":0.0000335018,"7":0.00000284,"8":0.0000002107,"9":0.0000000139}}