{"vegalta-sendai":{"0":0.2914529443,"1":0.3593255478,"2":0.22150205,"3":0.0910282397,"4":0.0280566492,"5":0.0069180779,"6":0.0014215229,"7":0.0002503661,"8":0.0000385838,"9":0.0000052855},"cerezo-osaka":{"0":1.0,"1":0.0,"2":0.0,"3":0.0,"4":0.0,"5":0.0,"6":0.0,"7":0.0,"8":0.0,"9":0.0}}