{"shimizu-s-pulse":{"0":0.2576471197,"1":0.3494118472,"2":0.2369299512,"3":0.1071053204,"4":0.0363131052,"5":0.009849308,"6":0.0022262134,"7":0.0004313016,"8":0.0000731145,"9":0.0000110173},"urawa-red-diamonds":{"0":0.4458858472,"1":0.3601385689,"2":0.1454405759,"3":0.0391570781,"4":0.0079067177,"5":0.001277239,"6":0.000171936,"7":0.0000198388,"8":0.000002003,"9":0.0000001798}}