{"montedio-yamagata":{"0":0.7153600296,"1":0.2396236663,"2":0.0401332889,"3":0.0044811402,"4":0.0003752611,"5":0.0000251402,"6":0.0000014035,"7":0.0000000672,"8":0.0000000028,"9":0.0000000001},"omiya-ardija":{"0":0.760572218,"1":0.208156607,"2":0.0284845883,"3":0.002598594,"4":0.0001777985,"5":0.0000097321,"6":0.0000004439,"7":0.0000000174,"8":0.0000000006,"9":0.0}}