{"shonan-bellmare":{"0":0.3840220851,"1":0.3675303391,"2":0.1758734138,"3":0.0561068559,"4":0.0134243398,"5":0.0025695669,"6":0.0004098696,"7":0.0000560383,"8":0.000006704,"9":0.0000007129},"vissel-kobe":{"0":0.8721079165,"1":0.1193410833,"2":0.0081654425,"3":0.0003724588,"4":0.000012742,"5":0.0000003487,"6":0.000000008,"7":0.0000000002,"8":0.0,"9":0.0}}