{"kyoto-sanga":{"0":0.3690096383,"1":0.3678777069,"2":0.1833746238,"3":0.060937375,"4":0.0151876126,"5":0.003028205,"6":0.0005031527,"7":0.0000716585,"8":0.0000089298,"9":0.0000009892},"shimizu-s-pulse":{"0":0.4501179524,"1":0.3593046813,"2":0.143406693,"3":0.0381579212,"4":0.0076148483,"5":0.0012157039,"6":0.0001617384,"7":0.0000184439,"8":0.0000018403,"9":0.0000001632}}