{"jubilo-iwata":{"0":0.549822649,"1":0.3288816458,"2":0.0983618419,"3":0.0196120237,"4":0.0029327796,"5":0.000350854,"6":0.0000349778,"7":0.0000029889,"8":0.0000002235,"9":0.0000000149},"sanfrecce-hiroshima":{"0":0.0889951921,"1":0.2152947598,"2":0.2604176277,"3":0.2099984253,"4":0.1270056266,"5":0.0614497148,"6":0.0247762478,"7":0.0085625754,"8":0.0025892938,"9":0.0006959944}}