{"cerezo-osaka":{"0":0.440284997,"1":0.3611803306,"2":0.1481440795,"3":0.0405091611,"4":0.0083077508,"5":0.0013630245,"6":0.0001863557,"7":0.0000218391,"8":0.0000022394,"9":0.0000002041},"kashima-antlers":{"0":0.1576514933,"1":0.2912403902,"2":0.2690141499,"3":0.1656560818,"4":0.0765069536,"5":0.028267306,"6":0.0087033547,"7":0.0022969004,"8":0.0005304027,"9":0.0001088721}}