{"gamba-osaka":{"0":0.0853496335,"1":0.2100453733,"2":0.2584607398,"3":0.2120238847,"4":0.1304476486,"5":0.0642063098,"6":0.0263352787,"7":0.0092587283,"8":0.0028482153,"9":0.0007788284},"kawasaki-frontale":{"0":0.2672558413,"1":0.352657144,"2":0.2326741683,"3":0.1023416455,"4":0.0337612007,"5":0.0089099109,"6":0.0019595105,"7":0.0003693814,"8":0.0000609271,"9":0.0000089329}}