{"albirex-niigata":{"0":0.6819342142,"1":0.2610594783,"2":0.049969667,"3":0.0063764974,"4":0.000610266,"5":0.0000467247,"6":0.0000029812,"7":0.000000163,"8":0.0000000078,"9":0.0000000003},"yokohama-fa-marinos":{"0":0.3836998254,"1":0.3675440433,"2":0.1760342523,"3":0.0562074279,"4":0.0134601998,"5":0.0025786909,"6":0.0004116857,"7":0.0000563359,"8":0.0000067455,"9":0.0000007179}}