{"urawa-red-diamonds":{"0":0.6984471917,"1":0.2506696976,"2":0.044982139,"3":0.0053812988,"4":0.0004828313,"5":0.0000346572,"6":0.0000020731,"7":0.0000001063,"8":0.0000000048,"9":0.0000000002},"nagoya-grampus-eight":{"0":0.4903090864,"1":0.349452748,"2":0.1245308586,"3":0.0295851821,"4":0.0052714825,"5":0.0007514175,"6":0.0000892583,"7":0.000009088,"8":0.0000008097,"9":0.0000000641}}