{"fc-tokyo":{"0":0.3840220851,"1":0.3675303391,"2":0.1758734138,"3":0.0561068559,"4":0.0134243398,"5":0.0025695669,"6":0.0004098696,"7":0.0000560383,"8":0.000006704,"9":0.0000007129},"vegalta-sendai":{"0":0.598602268,"1":0.3071774796,"2":0.0788152744,"3":0.0134815601,"4":0.0017295422,"5":0.0001775057,"6":0.0000151814,"7":0.0000011129,"8":0.0000000714,"9":0.0000000041}}