{"kawasaki-frontale":{"0":0.1232433071,"1":0.2580215433,"2":0.2700962769,"3":0.1884907177,"4":0.0986557953,"5":0.0413090514,"6":0.014414069,"7":0.0043110314,"8":0.0011281941,"9":0.0002624424},"omiya-ardija":{"0":0.6641944488,"1":0.2717753023,"2":0.0556025537,"3":0.0075838237,"4":0.0007757879,"5":0.0000634874,"6":0.0000043296,"7":0.0000002531,"8":0.0000000129,"9":0.0000000006}}