{"sanfrecce-hiroshima":{"0":0.5067494586,"1":0.3444571483,"2":0.1170704033,"3":0.0265257559,"4":0.0045076448,"5":0.000612804,"6":0.0000694244,"7":0.0000067415,"8":0.0000005728,"9":0.0000000433},"cerezo-osaka":{"0":0.766137637,"1":0.2040940426,"2":0.0271846573,"3":0.0024139381,"4":0.0001607643,"5":0.0000085653,"6":0.0000003803,"7":0.0000000145,"8":0.0000000005,"9":0.0}}