{"vegalta-sendai":{"0":0.5441000427,"1":0.3311513362,"2":0.1007730186,"3":0.0204442303,"4":0.0031107028,"5":0.0003786485,"6":0.000038409,"7":0.0000033395,"8":0.0000002541,"9":0.0000000172},"nagoya-grampus-eight":{"0":0.4362703812,"1":0.3618832655,"2":0.1500898336,"3":0.0414994932,"4":0.0086058857,"5":0.0014277045,"6":0.0001973785,"7":0.0000233892,"8":0.0000024251,"9":0.0000002235}}