{"shimizu-s-pulse":{"0":0.2131558465,"1":0.3294817505,"2":0.2546451943,"3":0.1312043837,"4":0.050701694,"5":0.0156742432,"6":0.0040380291,"7":0.0008916728,"8":0.0001722859,"9":0.0000295897},"albirex-niigata":{"0":0.6261362531,"1":0.293149026,"2":0.0686243218,"3":0.0107096781,"4":0.0012535337,"5":0.0001173777,"6":0.0000091591,"7":0.0000006126,"8":0.0000000359,"9":0.0000000019}}