{"vissel-kobe":{"0":0.3938414471,"1":0.3669841658,"2":0.1709791833,"3":0.0531065258,"4":0.0123712564,"5":0.0023055243,"6":0.0003580506,"7":0.000047662,"8":0.0000055515,"9":0.0000005748},"jubilo-iwata":{"0":0.3666826766,"1":0.3678774924,"2":0.1845381007,"3":0.0617131361,"4":0.0154785563,"5":0.0031057985,"6":0.0005193198,"7":0.0000744303,"8":0.0000093341,"9":0.0000010405}}