{"urawa-red-diamonds":{"0":0.3259275572,"1":0.3653909113,"2":0.2048162469,"3":0.0765384755,"4":0.0214514412,"5":0.0048097569,"6":0.0008986872,"7":0.0001439286,"8":0.0000201694,"9":0.0000025124},"yokohama-fa-marinos":{"0":0.495453927,"1":0.3479478359,"2":0.1221785618,"3":0.028601224,"4":0.0050215234,"5":0.000705304,"6":0.0000825536,"7":0.0000082823,"8":0.0000007271,"9":0.0000000567}}