{"montedio-yamagata":{"0":0.6021882815,"1":0.3054209374,"2":0.0774524778,"3":0.0130942481,"4":0.001660302,"5":0.0001684161,"6":0.0000142364,"7":0.0000010315,"8":0.0000000654,"9":0.0000000037},"fc-tokyo":{"0":0.7584353667,"1":0.2097056313,"2":0.0289915619,"3":0.0026720334,"4":0.0001847028,"5":0.000010214,"6":0.0000004707,"7":0.0000000186,"8":0.0000000006,"9":0.0}}