{"kashima-antlers":{"0":0.0379592588,"1":0.1241739154,"2":0.2031014531,"3":0.2214646564,"4":0.1811161119,"5":0.1184949203,"6":0.0646042567,"7":0.0301908781,"8":0.0123452079,"9":0.0044871289},"shonan-bellmare":{"0":0.6529664638,"1":0.2783135747,"2":0.059312729,"3":0.0084269451,"4":0.0008979532,"5":0.0000765468,"6":0.0000054378,"7":0.0000003311,"8":0.0000000176,"9":0.0000000008}}