{"gamba-osaka":{"0":0.103747501,"1":0.2350705905,"2":0.2663109086,"3":0.2011353268,"4":0.1139328648,"5":0.0516297078,"6":0.0194970574,"7":0.0063109056,"8":0.0017874025,"9":0.0004499875},"kyoto-sanga":{"0":0.1817872862,"1":0.3099324223,"2":0.2642046879,"3":0.1501491122,"4":0.0639979823,"5":0.0218222628,"6":0.0062008616,"7":0.0015102801,"8":0.000321863,"9":0.0000609722}}