{"nagoya-grampus-eight":{"0":0.3224430641,"1":0.3649503153,"2":0.2065306211,"3":0.0779190951,"4":0.0220477671,"5":0.0049908591,"6":0.0009414663,"7":0.0001522255,"8":0.0000215366,"9":0.0000027084},"kashima-antlers":{"0":0.3780484779,"1":0.3677401708,"2":0.1788564709,"3":0.0579931878,"4":0.0141029696,"5":0.0027436843,"6":0.000444812,"7":0.0000618119,"8":0.0000075158,"9":0.0000008123}}