{"fc-tokyo":{"0":0.5722553709,"1":0.319415743,"2":0.0891441322,"3":0.0165858581,"4":0.0023144318,"5":0.0002583693,"6":0.0000240357,"7":0.0000019166,"8":0.0000001337,"9":0.0000000083},"shimizu-s-pulse":{"0":0.6568318009,"1":0.2760843401,"2":0.0580228932,"3":0.0081295354,"4":0.0008542664,"5":0.0000718143,"6":0.0000050309,"7":0.0000003021,"8":0.0000000159,"9":0.0000000007}}