{"yokohama-fa-marinos":{"0":0.0566655841,"1":0.162663559,"2":0.2334700494,"3":0.2233987924,"4":0.1603214863,"5":0.0920433945,"6":0.0440364476,"7":0.018058644,"8":0.0064798664,"9":0.0020667809},"kyoto-sanga":{"0":0.4547016929,"1":0.3583566313,"2":0.1412128844,"3":0.0370972694,"4":0.0073092165,"5":0.0011520987,"6":0.0001513308,"7":0.000017038,"8":0.0000016785,"9":0.000000147}}