{"shonan-bellmare":{"0":0.1680510201,"1":0.2997169197,"2":0.2672707131,"3":0.158891339,"4":0.0708451854,"5":0.0252703027,"6":0.0075115455,"7":0.0019138212,"8":0.0004266596,"9":0.0000845491},"gamba-osaka":{"0":0.1805026529,"1":0.3090223114,"2":0.2645246133,"3":0.1509562438,"4":0.0646096423,"5":0.0221224682,"6":0.0063123137,"7":0.0015438204,"8":0.0003303795,"9":0.0000628459}}