{"cerezo-osaka":{"0":0.1662741001,"1":0.2983152972,"2":0.2676063696,"3":0.1600391034,"4":0.0717822449,"5":0.0257571585,"6":0.0077018954,"7":0.0019740152,"8":0.0004427019,"9":0.000088251},"vissel-kobe":{"0":0.532330386,"1":0.335629494,"2":0.1058056803,"3":0.0222365082,"4":0.0035049793,"5":0.0004419716,"6":0.0000464432,"7":0.0000041831,"8":0.0000003297,"9":0.0000000231}}