{"jubilo-iwata":{"0":0.0890063451,"1":0.2153105871,"2":0.2604232815,"3":0.2099921064,"4":0.1269952262,"5":0.0614414999,"6":0.0247716524,"7":0.0085605438,"8":0.0025885454,"9":0.0006957572},"kawasaki-frontale":{"0":0.0555536442,"1":0.1605725956,"2":0.2320600099,"3":0.2235825609,"4":0.161561103,"5":0.0933954415,"6":0.0449917933,"7":0.0185777938,"8":0.0067121712,"9":0.0021556557}}