{"albirex-niigata":{"0":0.3483659397,"1":0.3673525108,"2":0.1936869421,"3":0.0680810764,"4":0.0179479044,"5":0.0037852195,"6":0.0006652535,"7":0.0001002159,"8":0.0000132097,"9":0.0000015477},"montedio-yamagata":{"0":0.3393098291,"1":0.3667401918,"2":0.198194035,"3":0.0714054552,"4":0.0192944973,"5":0.0041708592,"6":0.0007513397,"7":0.0001160113,"8":0.0000156737,"9":0.0000018823}}