{"omiya-ardija":{"0":0.4390472906,"1":0.3614009642,"2":0.1487432672,"3":0.0408125817,"4":0.0083987003,"5":0.0013826749,"6":0.000189691,"7":0.0000223063,"8":0.0000022952,"9":0.0000002099},"sanfrecce-hiroshima":{"0":0.2017269283,"1":0.3229326037,"2":0.258481769,"3":0.1379293473,"4":0.0552007157,"5":0.0176735064,"6":0.0047154103,"7":0.0010783742,"8":0.0002157881,"9":0.0000383825}}