{"vegalta-sendai":{"0":0.2619483733,"1":0.3509080954,"2":0.2350396184,"3":0.1049536387,"4":0.0351491794,"5":0.0094172233,"6":0.0021025644,"7":0.0004023731,"8":0.0000673778,"9":0.0000100289},"urawa-red-diamonds":{"0":0.2660606449,"1":0.3522725438,"2":0.2332098856,"3":0.1029257066,"4":0.0340692068,"5":0.0090217372,"6":0.0019908433,"7":0.0003765626,"8":0.0000623226,"9":0.0000091686}}