{"shimizu-s-pulse":{"0":0.1718230136,"1":0.3026302111,"2":0.266509831,"3":0.1564670621,"4":0.0688959806,"5":0.0242691648,"6":0.0071241742,"7":0.0017925341,"8":0.0003946466,"9":0.0000772319},"jubilo-iwata":{"0":0.7910651109,"1":0.1854058854,"2":0.0217272522,"3":0.0016974416,"4":0.0000994595,"5":0.0000046622,"6":0.0000001821,"7":0.0000000061,"8":0.0000000002,"9":0.0}}