{"montedio-yamagata":{"0":0.4981897783,"1":0.347125781,"2":0.1209341431,"3":0.02808793,"4":0.0048927362,"5":0.0006818265,"6":0.0000791798,"7":0.0000078815,"8":0.0000006865,"9":0.0000000531},"vegalta-sendai":{"0":0.4950358969,"1":0.348072115,"2":0.1223691029,"3":0.0286802585,"4":0.0050414517,"5":0.0007089541,"6":0.0000830806,"7":0.0000083451,"8":0.0000007335,"9":0.0000000573}}