{"fc-tokyo":{"0":0.3799399992,"1":0.3676838702,"2":0.1779115501,"3":0.0573908226,"4":0.0138848764,"5":0.0026873954,"6":0.0004334509,"7":0.0000599241,"8":0.0000072489,"9":0.0000007794},"vissel-kobe":{"0":0.6872892788,"1":0.2577334795,"2":0.0483250274,"3":0.0060406284,"4":0.0005663089,"5":0.0000424732,"6":0.0000026546,"7":0.0000001422,"8":0.0000000067,"9":0.0000000003}}