{"kyoto-sanga":{"0":0.1334226822,"1":0.2687443865,"2":0.2706569233,"3":0.1817220471,"4":0.0915076419,"5":0.0368635448,"6":0.0123752955,"7":0.0035609615,"8":0.0008965758,"9":0.000200657},"shonan-bellmare":{"0":0.2563544992,"1":0.3489482139,"2":0.2374931127,"3":0.1077580691,"4":0.0366699101,"5":0.0099829725,"6":0.0022647938,"7":0.0004404034,"8":0.0000749343,"9":0.0000113333}}