{"albirex-niigata":{"0":0.4755773181,"1":0.3534613358,"2":0.1313507932,"3":0.0325410997,"4":0.0060463463,"5":0.0008987601,"6":0.0001113303,"7":0.0000118205,"8":0.0000010982,"9":0.0000000907},"cerezo-osaka":{"0":0.3068948801,"1":0.3625195772,"2":0.2141131253,"3":0.0843070431,"4":0.0248969237,"5":0.0058818982,"6":0.0011579987,"7":0.0001954123,"8":0.0000288538,"9":0.0000037871}}