{"omiya-ardija":{"0":0.5595372583,"1":0.3248926016,"2":0.0943236585,"3":0.018256192,"4":0.0026500924,"5":0.0003077527,"6":0.0000297825,"7":0.0000024704,"8":0.0000001793,"9":0.0000000116},"nagoya-grampus-eight":{"0":0.2691463487,"1":0.3532545827,"2":0.2318233199,"3":0.1014227025,"4":0.0332793242,"5":0.0087358226,"6":0.0019109612,"7":0.0003583052,"8":0.0000587845,"9":0.0000085727}}