{"gamba-osaka":{"0":0.2309899111,"1":0.3384882833,"2":0.2480071909,"3":0.1211416954,"4":0.0443796921,"5":0.0130066337,"6":0.0031766128,"7":0.0006649927,"8":0.0001218085,"9":0.0000198329},"urawa-red-diamonds":{"0":0.1978058899,"1":0.3205383291,"2":0.2597112261,"3":0.1402846708,"4":0.056831743,"5":0.0184188165,"6":0.0049745204,"7":0.0011515795,"8":0.0002332624,"9":0.0000419994}}