{"sanfrecce-hiroshima":{"0":0.5109870442,"1":0.3430823443,"2":0.1151746373,"3":0.0257765078,"4":0.004326658,"5":0.0005809932,"6":0.0000650142,"7":0.0000062359,"8":0.0000005234,"9":0.000000039},"yokohama-fa-marinos":{"0":0.1297960321,"1":0.2650163759,"2":0.2705540315,"3":0.1841382662,"4":0.0939929658,"5":0.0383827991,"6":0.0130616093,"7":0.0038098681,"8":0.0009723693,"9":0.0002205972}}