{"kashima-antlers":{"0":0.0511545812,"1":0.1520776196,"2":0.2260560229,"3":0.2240142266,"4":0.1664931542,"5":0.098993607,"6":0.0490497356,"7":0.0208314453,"8":0.0077412339,"9":0.0025571044},"kawasaki-frontale":{"0":0.5386172886,"1":0.3332694473,"2":0.1031052353,"3":0.0212654548,"4":0.0032895,"5":0.0004070756,"6":0.0000419797,"7":0.0000037107,"8":0.000000287,"9":0.0000000197}}