{"urawa-red-diamonds":{"0":0.3154212746,"1":0.3639476246,"2":0.2099697834,"3":0.080757609,"4":0.0232954641,"5":0.0053758763,"6":0.0010338224,"7":0.0001704103,"8":0.0000245784,"9":0.0000031511},"sanfrecce-hiroshima":{"0":0.376809063,"1":0.3677719322,"2":0.1794757709,"3":0.0583904489,"4":0.0142475131,"5":0.0027811621,"6":0.0004524101,"7":0.00006308,"8":0.0000076959,"9":0.0000008346}}