{"vissel-kobe":{"0":0.3454307939,"1":0.3671801402,"2":0.1951494449,"3":0.069145544,"4":0.0183747881,"5":0.0039063438,"6":0.0006920498,"7":0.000105089,"8":0.0000139632,"9":0.0000016492},"omiya-ardija":{"0":0.6137944136,"1":0.2995901305,"2":0.073114258,"3":0.0118955737,"4":0.0014515432,"5":0.0001416983,"6":0.000011527,"7":0.0000008038,"8":0.000000049,"9":0.0000000027}}