{"shonan-bellmare":{"0":0.4020772233,"1":0.3663370257,"2":0.1668868672,"3":0.0506841597,"4":0.0115447253,"5":0.0021037055,"6":0.0003194516,"7":0.0000415794,"8":0.0000047354,"9":0.0000004794},"fc-tokyo":{"0":0.2850467603,"1":0.3577627706,"2":0.2245143918,"3":0.0939294904,"4":0.0294727738,"5":0.0073982677,"6":0.0015475968,"7":0.0002774846,"8":0.0000435339,"9":0.0000060711}}