{"vegalta-sendai":{"0":0.3972947132,"1":0.3667335814,"2":0.169261653,"3":0.0520805086,"4":0.0120185789,"5":0.0022188146,"6":0.0003413561,"7":0.000045014,"8":0.0000051939,"9":0.0000005327},"albirex-niigata":{"0":0.3692245199,"1":0.3678769852,"2":0.1832671842,"3":0.0608661086,"4":0.0151609924,"5":0.0030211321,"6":0.0005016843,"7":0.0000714076,"8":0.0000088934,"9":0.0000009845}}