{"nagoya-grampus-eight":{"0":0.2602392585,"1":0.3503220787,"2":0.2357937068,"3":0.1058048685,"4":0.0356074077,"5":0.0095866098,"6":0.0021508419,"7":0.0004136234,"8":0.0000696001,"9":0.0000104103},"shimizu-s-pulse":{"0":0.118240275,"1":0.2524473024,"2":0.269492102,"3":0.1917918244,"4":0.1023706362,"5":0.0437130089,"6":0.0155548116,"7":0.0047442986,"8":0.0012661563,"9":0.0003003656}}