{"kawasaki-frontale":{"0":0.0976283554,"1":0.2271408918,"2":0.2642315573,"3":0.204919262,"4":0.1191906382,"5":0.0554614851,"6":0.0215059978,"7":0.0071479402,"8":0.0020787884,"9":0.000537387},"kyoto-sanga":{"0":0.4881165029,"1":0.3500777251,"2":0.1255380764,"3":0.0300120183,"4":0.0053811636,"5":0.0007718754,"6":0.000092265,"7":0.0000094532,"8":0.0000008475,"9":0.0000000675}}