{"yokohama-fa-marinos":{"0":0.1180952548,"1":0.2522826102,"2":0.2694710957,"3":0.1918871099,"4":0.1024803686,"5":0.043785019,"6":0.0155893914,"7":0.0047575788,"8":0.0012704304,"9":0.0003015527},"gamba-osaka":{"0":0.1527684173,"1":0.2870262088,"2":0.2696370297,"3":0.1688675705,"4":0.0793184537,"5":0.0298052117,"6":0.0093331648,"7":0.0025050643,"8":0.0005883244,"9":0.0001228181}}