{"cerezo-osaka":{"0":0.1103518223,"1":0.2432244246,"2":0.2680432435,"3":0.1969297299,"4":0.1085123002,"5":0.0478339935,"6":0.0175716711,"7":0.0055327711,"8":0.0015243349,"9":0.0003733065},"montedio-yamagata":{"0":0.2851104603,"1":0.3577790135,"2":0.2244846127,"3":0.0939003117,"4":0.0294583728,"5":0.0073933363,"6":0.0015462899,"7":0.0002772009,"8":0.0000434817,"9":0.0000060627}}