{"jubilo-iwata":{"0":0.2054777379,"1":0.3251515852,"2":0.2572627927,"3":0.1356990555,"4":0.0536831428,"5":0.0169898298,"6":0.0044808342,"7":0.0010129358,"8":0.0002003609,"9":0.0000352283},"kashima-antlers":{"0":0.087157216,"1":0.2126672425,"2":0.259458471,"3":0.2110298305,"4":0.1287303971,"5":0.0628215077,"6":0.0255478498,"7":0.0089054027,"8":0.0027161943,"9":0.000736403}}