{"omiya-ardija":{"0":0.4196383523,"1":0.3643980008,"2":0.1582146892,"3":0.0457958749,"4":0.0099418494,"5":0.0017266249,"6":0.0002498892,"7":0.0000309992,"8":0.0000033648,"9":0.0000003247},"yokohama-fa-marinos":{"0":0.3886582155,"1":0.3673033685,"2":0.1735609324,"3":0.0546748725,"4":0.0129176896,"5":0.0024415853,"6":0.000384572,"7":0.0000519202,"8":0.0000061334,"9":0.000000644}}