{"montedio-yamagata":{"0":0.1760963468,"1":0.3058307533,"2":0.265571806,"3":0.1537416438,"4":0.066751701,"5":0.0231858564,"6":0.0067112389,"7":0.0016650814,"8":0.0003614734,"9":0.0000697533},"kawasaki-frontale":{"0":0.2422990874,"1":0.3434789261,"2":0.2434548432,"3":0.1150391017,"4":0.040769352,"5":0.0115587833,"6":0.0027309213,"7":0.0005530437,"8":0.0000979981,"9":0.0000154356}}