{"vegalta-sendai":{"0":0.4268377343,"1":0.3633888819,"2":0.1546858078,"3":0.0438973238,"4":0.0093430115,"5":0.0015908371,"6":0.0002257269,"7":0.0000274533,"8":0.0000029215,"9":0.0000002764},"sanfrecce-hiroshima":{"0":0.2615683632,"1":0.3507787652,"2":0.2352076157,"3":0.1051424772,"4":0.0352505822,"5":0.0094546263,"6":0.0021132029,"7":0.0004048473,"8":0.0000678655,"9":0.0000101124}}