{"vissel-kobe":{"0":0.1705229197,"1":0.3016355312,"2":0.2667793684,"3":0.1573007246,"4":0.0695617453,"5":0.0246093534,"6":0.0072551883,"7":0.0018333711,"8":0.000405378,"9":0.0000796741},"gamba-osaka":{"0":0.1768239397,"1":0.3063652874,"2":0.2654043607,"3":0.1532799299,"4":0.0663932297,"5":0.0230065917,"6":0.0066435396,"7":0.0016443717,"8":0.0003561299,"9":0.000068559}}