{"shimizu-s-pulse":{"0":0.3485219544,"1":0.3673609789,"2":0.1936091646,"3":0.0680248416,"4":0.017925465,"5":0.0037788818,"6":0.0006638576,"7":0.0000999631,"8":0.0000131708,"9":0.0000015425},"cerezo-osaka":{"0":0.498892699,"1":0.3469121417,"2":0.1206151486,"3":0.0279571536,"4":0.0048601012,"5":0.0006759081,"6":0.0000783337,"7":0.0000077815,"8":0.0000006764,"9":0.0000000523}}