{"nagoya-grampus-eight":{"0":0.0813819849,"1":0.2041549569,"2":0.2560716998,"3":0.2141272703,"4":0.1342899896,"5":0.0673760098,"6":0.0281699248,"7":0.0100953016,"8":0.0031656359,"9":0.0008823687},"shonan-bellmare":{"0":0.3068738029,"1":0.3625157562,"2":0.2141233175,"3":0.0843159584,"4":0.0249010042,"5":0.0058832043,"6":0.0011583232,"7":0.0001954784,"8":0.0000288653,"9":0.0000037888}}