{"kyoto-sanga":{"0":0.3459948672,"1":0.3672151956,"2":0.1948684976,"3":0.0689400145,"4":0.0182920495,"5":0.0038827851,"6":0.0006868202,"7":0.0001041348,"8":0.0000138152,"9":0.0000016292},"urawa-red-diamonds":{"0":0.1146637994,"1":0.2483332286,"2":0.2689139586,"3":0.1941335507,"4":0.1051112288,"5":0.045528948,"6":0.0164340601,"7":0.005084583,"8":0.0013764925,"9":0.0003312378}}