{"kashima-antlers":{"0":0.2732693617,"1":0.3545116044,"2":0.2299534731,"3":0.0994393397,"4":0.0322505967,"5":0.0083677224,"6":0.0018092373,"7":0.0003353027,"8":0.0000543734,"9":0.0000078376},"albirex-niigata":{"0":0.5848359836,"1":0.3137199647,"2":0.0841434342,"3":0.0150455147,"4":0.0020176932,"5":0.0002164677,"6":0.0000193531,"7":0.0000014831,"8":0.0000000994,"9":0.0000000059}}