{"fc-tokyo":{"0":0.5089565293,"1":0.3437455093,"2":0.1160815987,"3":0.0261335536,"4":0.0044126026,"5":0.0005960479,"6":0.0000670944,"7":0.0000064736,"8":0.0000005465,"9":0.000000041},"jubilo-iwata":{"0":0.816676867,"1":0.1653866811,"2":0.0167463751,"3":0.001130446,"4":0.0000572322,"5":0.000002318,"6":0.0000000782,"7":0.0000000023,"8":0.0000000001,"9":0.0}}