{"kashima-antlers":{"0":0.1321052136,"1":0.2674016401,"2":0.2706313975,"3":0.18260011,"4":0.0924028045,"5":0.0374075493,"6":0.0126197897,"7":0.0036492044,"8":0.0009233201,"9":0.0002076605},"vissel-kobe":{"0":0.6077996299,"1":0.3026295182,"2":0.0753411328,"3":0.012504368,"4":0.0015565125,"5":0.0001550006,"6":0.0000128627,"7":0.0000009149,"8":0.0000000569,"9":0.0000000032}}