{"sanfrecce-hiroshima":{"0":0.2412174706,"1":0.3430248442,"2":0.2439003349,"3":0.1156133428,"4":0.0411021731,"5":0.0116899215,"6":0.0027706213,"7":0.0005628542,"8":0.0001000513,"9":0.0000158087},"kyoto-sanga":{"0":0.2192942068,"1":0.3327441,"2":0.2524431394,"3":0.1276807786,"4":0.0484338214,"5":0.014698125,"6":0.0037170114,"7":0.0008057106,"8":0.0001528172,"9":0.000025764}}