{"gamba-osaka":{"0":0.0873518603,"1":0.2129473212,"2":0.2595626552,"3":0.2109215606,"4":0.1285467223,"5":0.0626745213,"6":0.0254647723,"7":0.0088683287,"8":0.0027024136,"9":0.000731997},"montedio-yamagata":{"0":0.2970446448,"1":0.3605744243,"2":0.2188457488,"3":0.088550303,"4":0.0268722018,"5":0.0065238871,"6":0.0013198616,"7":0.0002288777,"8":0.0000347286,"9":0.000004684}}