{"urawa-red-diamonds":{"0":0.2452041116,"1":0.3446746676,"2":0.2422484388,"3":0.1135066612,"4":0.0398880656,"5":0.011213846,"6":0.0026271505,"7":0.000527556,"8":0.0000926958,"9":0.0000144777},"omiya-ardija":{"0":0.6283135166,"1":0.2919873485,"2":0.0678455973,"3":0.010509645,"4":0.0012210001,"5":0.0001134837,"6":0.0000087896,"7":0.0000005835,"8":0.0000000339,"9":0.0000000018}}