{"kawasaki-frontale":{"0":0.1088827125,"1":0.2414456737,"2":0.2677009602,"3":0.1978741994,"4":0.1096957182,"5":0.0486497002,"6":0.0179799887,"7":0.0056957625,"8":0.0015787828,"9":0.0003889917},"vegalta-sendai":{"0":0.6727599906,"1":0.2666596164,"2":0.052847488,"3":0.0069823271,"4":0.0006918904,"5":0.0000548485,"6":0.0000036233,"7":0.0000002052,"8":0.0000000102,"9":0.0000000004}}