{"shonan-bellmare":{"0":0.3264746467,"1":0.3654566941,"2":0.2045466571,"3":0.0763233795,"4":0.0213591547,"5":0.0047819003,"6":0.0008921456,"7":0.0001426672,"8":0.0000199628,"9":0.0000024829},"shimizu-s-pulse":{"0":0.1049432805,"1":0.2365773376,"2":0.266662317,"3":0.2003820879,"4":0.1129321016,"5":0.0509173637,"6":0.0191308014,"7":0.0061610343,"8":0.0017361296,"9":0.0004348687}}