{"yokohama-fa-marinos":{"0":0.4495664638,"1":0.3594156086,"2":0.1436712812,"3":0.0382870351,"4":0.0076523491,"5":0.0012235671,"6":0.0001630345,"7":0.0000186202,"8":0.0000018608,"9":0.0000001653},"nagoya-grampus-eight":{"0":0.400552819,"1":0.3664696348,"2":0.1676433006,"3":0.0511261572,"4":0.0116939535,"5":0.0021397822,"6":0.0003262846,"7":0.0000426458,"8":0.0000048771,"9":0.0000004958}}