{"jubilo-iwata":{"0":0.2071433894,"1":0.326114957,"2":0.2567085667,"3":0.1347158659,"4":0.0530222796,"5":0.0166950618,"6":0.0043806285,"7":0.0009852309,"8":0.0001938865,"9":0.000033916},"cerezo-osaka":{"0":0.1434384825,"1":0.278535878,"2":0.2704373121,"3":0.1750494773,"4":0.0849799144,"5":0.0330036328,"6":0.0106813454,"7":0.00296308,"8":0.0007192318,"9":0.0001551822}}