{"albirex-niigata":{"0":0.3634628091,"1":0.3678528222,"2":0.1861479296,"3":0.0627987601,"4":0.0158893156,"5":0.0032162463,"6":0.0005425155,"7":0.0000784383,"8":0.0000099232,"9":0.0000011159},"fc-tokyo":{"0":0.2650703492,"1":0.351949812,"2":0.2336524447,"3":0.1034114582,"4":0.0343263999,"5":0.0091154443,"6":0.0020171871,"7":0.0003826201,"8":0.0000635035,"9":0.0000093686}}