{"vissel-kobe":{"0":0.2403422706,"1":0.3426538708,"2":0.2442593117,"3":0.116079454,"4":0.0413733653,"5":0.0117971289,"6":0.0028031772,"7":0.0005709236,"8":0.0001017451,"9":0.0000161175},"urawa-red-diamonds":{"0":0.1451268547,"1":0.2801161718,"2":0.2703327026,"3":0.1739272903,"4":0.0839263119,"5":0.0323980248,"6":0.0104221587,"7":0.002873757,"8":0.0006933467,"9":0.0001486957}}