{"sanfrecce-hiroshima":{"0":0.2160894013,"1":0.3310625898,"2":0.2536043826,"3":0.1295126356,"4":0.0496053813,"5":0.0151997145,"6":0.0038811535,"7":0.0008494531,"8":0.000162677,"9":0.0000276924},"gamba-osaka":{"0":0.102993847,"1":0.2341138749,"2":0.2660804892,"3":0.2016079476,"4":0.1145680523,"5":0.0520846078,"6":0.0197321324,"7":0.0064075478,"8":0.0018206134,"9":0.0004598234}}