{"montedio-yamagata":{"0":0.5571228355,"1":0.3258998848,"2":0.0953207517,"3":0.0185865785,"4":0.0027181455,"5":0.0003180065,"6":0.000031004,"7":0.0000025909,"8":0.0000001895,"9":0.0000000123},"jubilo-iwata":{"0":0.7743570721,"1":0.1980202773,"2":0.0253190883,"3":0.0021582175,"4":0.000137976,"5":0.0000070567,"6":0.0000003008,"7":0.000000011,"8":0.0000000004,"9":0.0}}