{"cerezo-osaka":{"0":0.0541397487,"1":0.1578816117,"2":0.2302061231,"3":0.2237746732,"4":0.1631421779,"5":0.0951506078,"6":0.0462461551,"7":0.0192660599,"8":0.0070229283,"9":0.0022755744},"kawasaki-frontale":{"0":0.2583061872,"1":0.3496457413,"2":0.2366419205,"3":0.1067735938,"4":0.0361324411,"5":0.009781844,"6":0.0022067997,"7":0.000426735,"8":0.0000722041,"9":0.0000108596}}