{"shimizu-s-pulse":{"0":0.1815614459,"1":0.3097730831,"2":0.2642613979,"3":0.1502908424,"4":0.0641050987,"5":0.0218747256,"6":0.0062203011,"7":0.0015161194,"8":0.000323343,"9":0.0000612973},"kashima-antlers":{"0":0.2711051248,"1":0.3538595897,"2":0.2309373704,"3":0.1004768946,"4":0.032786832,"5":0.0085589934,"6":0.0018619357,"7":0.0003471841,"8":0.0000566452,"9":0.0000082151}}