{"vegalta-sendai":{"0":0.2617003376,"1":0.350823743,"2":0.2351492929,"3":0.1050768675,"4":0.0352153347,"5":0.0094416199,"6":0.0021095021,"7":0.0004039863,"8":0.0000676957,"9":0.0000100833},"yokohama-fa-marinos":{"0":0.3349002168,"1":0.3663549333,"2":0.2003819801,"3":0.0730674623,"4":0.019982538,"5":0.0043718702,"6":0.0007970813,"7":0.0001245636,"8":0.0000170329,"9":0.0000020703}}