{"fc-tokyo":{"0":0.6491914264,"1":0.2804686462,"2":0.060585105,"3":0.0087248135,"4":0.0009423402,"5":0.0000814234,"6":0.0000058629,"7":0.0000003618,"8":0.0000000195,"9":0.0000000009},"nagoya-grampus-eight":{"0":0.3809551873,"1":0.3676497672,"2":0.1774045292,"3":0.0570694717,"4":0.0137690591,"5":0.0026576309,"6":0.0004274682,"7":0.000058934,"8":0.0000071095,"9":0.0000007624}}