{"omiya-ardija":{"0":0.302912045,"1":0.3617717314,"2":0.2160343041,"3":0.0860041779,"4":0.0256789726,"5":0.0061337451,"6":0.001220935,"7":0.0002083112,"8":0.0000310986,"9":0.0000041268},"shonan-bellmare":{"0":0.46432686,"1":0.3562160283,"2":0.1366385081,"3":0.0349414969,"4":0.0067014868,"5":0.0010282313,"6":0.0001314708,"7":0.0000144086,"8":0.0000013817,"9":0.0000001178}}