{"kyoto-sanga":{"0":0.4813253106,"1":0.3519508026,"2":0.1286753104,"3":0.0313629734,"4":0.005733245,"5":0.0008384434,"6":0.00010218,"7":0.0000106736,"8":0.0000009756,"9":0.0000000793},"albirex-niigata":{"0":0.0959315878,"1":0.2248751506,"2":0.2635671655,"3":0.2059443519,"4":0.1206895669,"5":0.0565821648,"6":0.022105897,"7":0.0074026964,"8":0.0021691011,"9":0.0005649592}}