{"montedio-yamagata":{"0":0.5054331728,"1":0.3448769929,"2":0.1176615887,"3":0.0267617146,"4":0.0045651434,"5":0.0006229955,"6":0.0000708491,"7":0.0000069062,"8":0.000000589,"9":0.0000000447},"albirex-niigata":{"0":0.4140995247,"1":0.3650904054,"2":0.1609407838,"3":0.0472977569,"4":0.0104250043,"5":0.0018382388,"6":0.0002701135,"7":0.0000340208,"8":0.0000037493,"9":0.0000003673}}