{"kyoto-sanga":{"0":0.5886049697,"1":0.3119606339,"2":0.082669568,"3":0.014604957,"4":0.0019351568,"5":0.0002051266,"6":0.0000181195,"7":0.0000013719,"8":0.0000000909,"9":0.0000000054},"cerezo-osaka":{"0":0.0743450295,"1":0.193225591,"2":0.2511003714,"3":0.217539841,"4":0.1413486034,"5":0.0734740913,"6":0.0318269982,"7":0.0118170846,"8":0.0038391322,"9":0.0011086725}}