{"shimizu-s-pulse":{"0":0.1723908722,"1":0.303061579,"2":0.2663897441,"3":0.1561035791,"4":0.0686071666,"5":0.0241221545,"6":0.0070677545,"7":0.0017750068,"8":0.0003900557,"9":0.0000761905},"yokohama-fa-marinos":{"0":0.4828098502,"1":0.351549489,"2":0.1279872844,"3":0.0310638957,"4":0.0056546571,"5":0.0008234678,"6":0.0000999323,"7":0.0000103948,"8":0.0000009461,"9":0.0000000765}}