{"vegalta-sendai":{"0":0.3067382418,"1":0.3624911465,"2":0.2141888643,"3":0.0843733151,"4":0.0249272633,"5":0.0058916112,"6":0.0011604123,"7":0.0001959042,"8":0.000028939,"9":0.0000037999},"gamba-osaka":{"0":0.1125455598,"1":0.2458442016,"2":0.2685106883,"3":0.1955113286,"4":0.1067685979,"5":0.0466450045,"6":0.0169818692,"7":0.0052993067,"8":0.0014469738,"9":0.0003511962}}