{"vissel-kobe":{"0":0.1155072338,"1":0.2493133685,"2":0.2690617448,"3":0.1935829406,"4":0.1044584253,"5":0.0450930752,"6":0.0162216485,"7":0.0050018807,"8":0.0013495212,"9":0.0003236485},"shonan-bellmare":{"0":0.4719479736,"1":0.3543793738,"2":0.1330493482,"3":0.0333016542,"4":0.0062514409,"5":0.0009388245,"6":0.0001174918,"7":0.0000126033,"8":0.000001183,"9":0.0000000987}}