{"nagoya-grampus-eight":{"0":0.1723908722,"1":0.303061579,"2":0.2663897441,"3":0.1561035791,"4":0.0686071666,"5":0.0241221545,"6":0.0070677545,"7":0.0017750068,"8":0.0003900557,"9":0.0000761905},"urawa-red-diamonds":{"0":0.1261067539,"1":0.2611199836,"2":0.270340976,"3":0.1865917276,"4":0.0965904429,"5":0.0400005457,"6":0.0138043648,"7":0.0040833833,"8":0.0010568952,"9":0.0002431595}}