{"kawasaki-frontale":{"0":0.3079623395,"1":0.3627111999,"2":0.2135965955,"3":0.0838564412,"4":0.0246910632,"5":0.0058161171,"6":0.0011416822,"7":0.0001920926,"8":0.0000282803,"9":0.0000037009},"sanfrecce-hiroshima":{"0":0.5068768626,"1":0.3444163297,"2":0.1170132402,"3":0.0265029989,"4":0.004502112,"5":0.0006118255,"6":0.0000692879,"7":0.0000067258,"8":0.0000005713,"9":0.0000000431}}