{"kashima-antlers":{"0":0.1924119874,"1":0.3171173593,"2":0.2613231664,"3":0.1435636687,"4":0.0591524106,"5":0.0194980121,"6":0.0053558324,"7":0.0012610051,"8":0.0002597854,"9":0.000047573},"fc-tokyo":{"0":0.4946246351,"1":0.3481940375,"2":0.1225566613,"3":0.0287581705,"4":0.0050611225,"5":0.0007125616,"6":0.000083602,"7":0.0000084075,"8":0.0000007398,"9":0.0000000579}}