{"omiya-ardija":{"0":0.456035243,"1":0.3580721167,"2":0.1405764606,"3":0.0367928514,"4":0.0072223005,"5":0.0011341687,"6":0.0001484221,"7":0.0000166484,"8":0.000001634,"9":0.0000001426},"jubilo-iwata":{"0":0.7620105549,"1":0.2071105611,"2":0.0281457942,"3":0.0025499608,"4":0.0001732666,"5":0.0000094186,"6":0.0000004267,"7":0.0000000166,"8":0.0000000006,"9":0.0}}