{"albirex-niigata":{"0":0.2029945817,"1":0.3236902864,"2":0.2580743796,"3":0.1371730699,"4":0.054683221,"5":0.0174393103,"6":0.0046347176,"7":0.0010557728,"8":0.0002104387,"9":0.0000372845},"shimizu-s-pulse":{"0":0.1098777956,"1":0.2426526383,"2":0.2679354028,"3":0.1972349736,"4":0.1088927623,"5":0.0480954608,"6":0.0177022276,"7":0.0055847657,"8":0.0015416651,"9":0.000378288}}