{"sanfrecce-hiroshima":{"0":0.3285069039,"1":0.3656930395,"2":0.2035442749,"3":0.0755283209,"4":0.0210194831,"5":0.0046797669,"6":0.0008682507,"7":0.0001380764,"8":0.0000192133,"9":0.0000023765},"omiya-ardija":{"0":0.4592663289,"1":0.3573666122,"2":0.1390379475,"3":0.0360629676,"4":0.0070153742,"5":0.0010917676,"6":0.0001415886,"7":0.0000157391,"8":0.0000015309,"9":0.0000001324}}