{"jubilo-iwata":{"0":0.0965480379,"1":0.2257017571,"2":0.2638131455,"3":0.20557328,"4":0.1201429141,"5":0.0561719687,"6":0.0218856718,"7":0.0073089221,"8":0.0021357717,"9":0.0005547583},"vissel-kobe":{"0":0.2879409081,"1":0.3584864306,"2":0.2231578031,"3":0.0926104883,"4":0.0288250145,"5":0.0071774286,"6":0.0014893164,"7":0.0002648856,"8":0.0000412228,"9":0.0000057025}}