{"gamba-osaka":{"0":0.2047627917,"1":0.3247339427,"2":0.2574982806,"3":0.1361224391,"4":0.053969249,"5":0.0171179997,"6":0.0045245814,"7":0.0010250782,"8":0.0002032093,"9":0.0000358078},"kashima-antlers":{"0":0.1409734543,"1":0.2761928901,"2":0.2705563005,"3":0.1766898289,"4":0.086541957,"5":0.0339103179,"6":0.0110727568,"7":0.0030990806,"8":0.0007589585,"9":0.0001652155}}