{"urawa-red-diamonds":{"0":0.1679412658,"1":0.2996308927,"2":0.2672918756,"3":0.1589621287,"4":0.0709027116,"5":0.0253000865,"6":0.0075231535,"7":0.0019174809,"8":0.000427632,"9":0.0000847729},"vegalta-sendai":{"0":0.4375647377,"1":0.3616606505,"2":0.1494617995,"3":0.0411782509,"4":0.0085087712,"5":0.001406552,"6":0.0001937597,"7":0.0000228783,"8":0.0000023637,"9":0.0000002171}}