{"cerezo-osaka":{"0":0.2342703226,"1":0.3399917414,"2":0.2467115402,"3":0.1193491423,"4":0.043302244,"5":0.0125687327,"6":0.0030401242,"7":0.0006302958,"8":0.0001143419,"9":0.000018438},"fc-tokyo":{"0":0.3306593239,"1":0.3659296517,"2":0.202481074,"3":0.0746930184,"4":0.0206650684,"5":0.0045738685,"6":0.0008436246,"7":0.000133373,"8":0.0000184499,"9":0.0000022687}}