{"yokohama-fa-marinos":{"0":0.1426820481,"1":0.2778214329,"2":0.2704781351,"3":0.1755526222,"4":0.0854562324,"5":0.0332789909,"6":0.01079979,"7":0.0030040951,"8":0.0007311729,"9":0.0001581882},"montedio-yamagata":{"0":0.4796522688,"1":0.3523975853,"2":0.1294521742,"3":0.0317025733,"4":0.0058229216,"5":0.000855613,"6":0.0001047689,"7":0.0000109962,"8":0.0000010099,"9":0.0000000824}}