{"shonan-bellmare":{"0":0.1662422311,"1":0.2982899864,"2":0.267612253,"3":0.1600597208,"4":0.0717991626,"5":0.0257659815,"6":0.0077053568,"7":0.0019751134,"8":0.0004429955,"9":0.000088319},"kyoto-sanga":{"0":0.1901389801,"1":0.315630707,"2":0.2619734868,"3":0.1449586627,"4":0.060157845,"5":0.0199724045,"6":0.0055256986,"7":0.00131038,"8":0.0002719038,"9":0.0000501512}}