{"kawasaki-frontale":{"0":0.4734879157,"1":0.3539932438,"2":0.1323277876,"3":0.0329773589,"4":0.0061637065,"5":0.000921633,"6":0.0001148399,"7":0.0000122654,"8":0.0000011462,"9":0.0000000952},"nagoya-grampus-eight":{"0":0.4781753476,"1":0.3527871453,"2":0.1301392581,"3":0.0320046175,"4":0.0059030739,"5":0.0008710313,"6":0.0001071046,"7":0.0000112885,"8":0.000001041,"9":0.0000000853}}