{"kashima-antlers":{"0":0.3348685896,"1":0.3663519613,"2":0.200397654,"3":0.0730794864,"4":0.0199875518,"5":0.0043733447,"6":0.000797419,"7":0.0001246271,"8":0.000017043,"9":0.0000020717},"cerezo-osaka":{"0":0.4513594983,"1":0.3590524833,"2":0.1428115352,"3":0.0378684371,"4":0.0075310016,"5":0.001198169,"6":0.0001588555,"7":0.0000180526,"8":0.0000017951,"9":0.0000001587}}