{"nagoya-grampus-eight":{"0":0.1541461782,"1":0.2882308352,"2":0.2694747782,"3":0.1679594899,"4":0.0785149276,"5":0.029362289,"6":0.0091505318,"7":0.0024443083,"8":0.0005713124,"9":0.0001186968},"gamba-osaka":{"0":0.0697051772,"1":0.1856583932,"2":0.2472487722,"3":0.2195141097,"4":0.1461678978,"5":0.0778630745,"6":0.0345644658,"7":0.0131516839,"8":0.004378657,"9":0.0012958298}}