{"omiya-ardija":{"0":0.2659412502,"1":0.3522338294,"2":0.2332633063,"3":0.1029841836,"4":0.0341001192,"5":0.0090329842,"6":0.0019940009,"7":0.0003772877,"8":0.0000624637,"9":0.0000091924},"vegalta-sendai":{"0":0.4819311984,"1":0.351787566,"2":0.1283943559,"3":0.0312406543,"4":0.0057010595,"5":0.0008323021,"6":0.000101257,"7":0.000010559,"8":0.0000009634,"9":0.0000000781}}