{"albirex-niigata":{"0":0.0994905805,"1":0.2295936473,"2":0.2649157469,"3":0.2037813438,"4":0.1175661599,"5":0.0542613045,"6":0.0208697325,"7":0.0068801316,"8":0.0019846533,"9":0.0005088855},"kawasaki-frontale":{"0":0.2941008544,"1":0.3599301922,"2":0.2202471386,"3":0.0898485375,"4":0.0274898907,"5":0.0067286045,"6":0.0013724475,"7":0.0002399494,"8":0.0000367072,"9":0.0000049915}}