{"jubilo-iwata":{"0":0.0819377646,"1":0.2049915134,"2":0.2564234012,"3":0.2138396189,"4":0.1337457378,"5":0.0669208913,"6":0.0279037284,"7":0.0099727738,"8":0.0031187298,"9":0.0008669359},"shimizu-s-pulse":{"0":0.0271953112,"1":0.0980312295,"2":0.1766871109,"3":0.2123019732,"4":0.1913217987,"5":0.137931947,"6":0.0828674609,"7":0.0426733176,"8":0.0192281206,"9":0.0077013124}}