{"fc-tokyo":{"0":0.5404329965,"1":0.3325741517,"2":0.1023305082,"3":0.0209908735,"4":0.0032293652,"5":0.0003974603,"6":0.0000407652,"7":0.0000035838,"8":0.0000002757,"9":0.0000000188},"sanfrecce-hiroshima":{"0":0.4798414621,"1":0.3523473538,"2":0.1293642458,"3":0.0316640344,"4":0.0058127213,"5":0.0008536557,"6":0.0001044732,"7":0.0000109592,"8":0.0000010059,"9":0.0000000821}}