{"kyoto-sanga":{"0":0.5688704425,"1":0.3209012753,"2":0.0905106161,"3":0.0170190902,"4":0.0024001281,"5":0.0002707837,"6":0.0000254583,"7":0.0000020516,"8":0.0000001447,"9":0.0000000091},"yokohama-fa-marinos":{"0":0.1594940291,"1":0.2927909714,"2":0.2687453361,"3":0.164449642,"4":0.0754720579,"5":0.0277095478,"6":0.0084779615,"7":0.0022233439,"8":0.0005101876,"9":0.000104064}}