{"montedio-yamagata":{"0":0.287489403,"1":0.3583754577,"2":0.2233699179,"3":0.0928153591,"4":0.0289251938,"5":0.0072114516,"6":0.0014982623,"7":0.0002668125,"8":0.000041575,"9":0.0000057585},"vissel-kobe":{"0":0.61839486,"1":0.2972179426,"2":0.0714256466,"3":0.0114430574,"4":0.0013749637,"5":0.0001321692,"6":0.0000105874,"7":0.0000007269,"8":0.0000000437,"9":0.0000000023}}