{"shonan-bellmare":{"0":0.2336698274,"1":0.3397199799,"2":0.2469502931,"3":0.1196759113,"4":0.0434975908,"5":0.012647761,"6":0.0030646498,"7":0.0006365042,"8":0.0001156724,"9":0.0000186855},"urawa-red-diamonds":{"0":0.0838889927,"1":0.207898808,"2":0.2576137403,"3":0.2128113507,"4":0.1318505108,"5":0.0653519923,"6":0.0269932142,"7":0.0095566038,"8":0.0029604697,"9":0.0008152018}}