{"yokohama-fa-marinos":{"0":0.3651306662,"1":0.3678691461,"2":0.1853140824,"3":0.062234646,"4":0.0156753515,"5":0.0031585833,"6":0.0005303788,"7":0.0000763367,"8":0.0000096136,"9":0.0000010762},"albirex-niigata":{"0":0.3414115402,"1":0.3669036018,"2":0.1971495354,"3":0.0706233447,"4":0.0189741386,"5":0.0040781749,"6":0.0007304464,"7":0.0001121409,"8":0.0000150643,"9":0.0000017988}}