{"nagoya-grampus-eight":{"0":0.0604784153,"1":0.1696703041,"2":0.238002368,"3":0.2225694019,"4":0.1561028754,"5":0.0875883478,"6":0.0409543954,"7":0.0164137538,"8":0.0057560342,"9":0.0017942638},"kyoto-sanga":{"0":0.2624124339,"1":0.3510652832,"2":0.2348342097,"3":0.1047233638,"4":0.0350257196,"5":0.0093717466,"6":0.0020896462,"7":0.0003993725,"8":0.000066787,"9":0.0000099278}}