{"vegalta-sendai":{"0":0.2031623228,"1":0.3237899519,"2":0.2580201179,"3":0.1370731876,"4":0.0546150982,"5":0.0174085626,"6":0.0046241494,"7":0.0010528197,"8":0.0002097414,"9":0.0000371417},"shonan-bellmare":{"0":0.4444975167,"1":0.3604033919,"2":0.1461094832,"3":0.0394890495,"4":0.0080045371,"5":0.001298033,"6":0.0001754099,"7":0.0000203177,"8":0.0000020592,"9":0.0000001855}}