{"gamba-osaka":{"0":0.3625671957,"1":0.3678409003,"2":0.1865956567,"3":0.0631032584,"4":0.016005281,"5":0.003247617,"6":0.0005491425,"7":0.00007959,"8":0.0000100935,"9":0.0000011378},"jubilo-iwata":{"0":0.724408369,"1":0.2335492582,"2":0.0376481404,"3":0.0040459202,"4":0.0003261012,"5":0.000021027,"6":0.0000011299,"7":0.000000052,"8":0.0000000021,"9":0.0000000001}}