{"vissel-kobe":{"0":0.253829182,"1":0.348023605,"2":0.2385864948,"3":0.109041484,"4":0.0373765243,"5":0.0102493438,"6":0.0023421352,"7":0.0004587553,"8":0.0000786246,"9":0.000011978},"fc-tokyo":{"0":0.3136556787,"1":0.3636710437,"2":0.2108309158,"3":0.0814832999,"4":0.0236191457,"5":0.0054770884,"6":0.0010584103,"7":0.000175312,"8":0.0000254084,"9":0.0000032733}}