{"urawa-red-diamonds":{"0":0.3271987482,"1":0.3655423515,"2":0.2041896729,"3":0.0760393834,"4":0.0212375622,"5":0.0047452678,"6":0.000883559,"7":0.0001410144,"8":0.0000196924,"9":0.0000024445},"kashima-antlers":{"0":0.2519868492,"1":0.3473332246,"2":0.2393783035,"3":0.1099846259,"4":0.0379001076,"5":0.0104481378,"6":0.0024002479,"7":0.0004726357,"8":0.0000814339,"9":0.0000124719}}