{"shimizu-s-pulse":{"0":0.0687503998,"1":0.1840635704,"2":0.2463941885,"3":0.219888147,"4":0.1471751348,"5":0.0788055949,"6":0.0351640117,"7":0.0134490928,"8":0.0045008612,"9":0.0013388925},"kawasaki-frontale":{"0":0.3414115402,"1":0.3669036018,"2":0.1971495354,"3":0.0706233447,"4":0.0189741386,"5":0.0040781749,"6":0.0007304464,"7":0.0001121409,"8":0.0000150643,"9":0.0000017988}}