{"sanfrecce-hiroshima":{"0":0.2320186552,"1":0.3389647542,"2":0.2476031603,"3":0.1205775806,"4":0.0440390773,"5":0.0128676679,"6":0.0031331431,"7":0.0006539037,"8":0.0001194141,"9":0.0000193841},"montedio-yamagata":{"0":0.3213786888,"1":0.3648082414,"2":0.2070533262,"3":0.0783445018,"4":0.0222328992,"5":0.005047469,"6":0.0009549266,"7":0.000154853,"8":0.0000219724,"9":0.0000027713}}