{"cerezo-osaka":{"0":0.1953792964,"1":0.3190177574,"2":0.260448091,"3":0.1417542995,"4":0.057864548,"5":0.0188963915,"6":0.0051423774,"7":0.0011995054,"8":0.0002448209,"9":0.0000444163},"omiya-ardija":{"0":0.5322560382,"1":0.335656961,"2":0.1058377805,"3":0.0222481821,"4":0.0035075963,"5":0.0004423995,"6":0.0000464984,"7":0.000004189,"8":0.0000003302,"9":0.0000000231}}