{"montedio-yamagata":{"0":0.6122020481,"1":0.3004032026,"2":0.0737028604,"3":0.0120551569,"4":0.001478845,"5":0.0001451318,"6":0.0000118692,"7":0.000000832,"8":0.000000051,"9":0.0000000028},"nagoya-grampus-eight":{"0":0.5774159639,"1":0.3171124383,"2":0.0870778649,"3":0.0159408328,"4":0.0021886459,"5":0.0002403975,"6":0.0000220041,"7":0.0000017264,"8":0.0000001185,"9":0.0000000072}}