{"kashima-antlers":{"0":0.1287404478,"1":0.2639123737,"2":0.2705045002,"3":0.1848408586,"4":0.0947289499,"5":0.0388380535,"6":0.0132693895,"7":0.0038859539,"8":0.0009957548,"9":0.000226806},"vegalta-sendai":{"0":0.4577970687,"1":0.3576902516,"2":0.1397369324,"3":0.0363935187,"4":0.0071088304,"5":0.0011108675,"6":0.0001446589,"7":0.0000161466,"8":0.000001577,"9":0.0000001369}}