{"omiya-ardija":{"0":0.3765350333,"1":0.3677784047,"2":0.1796127092,"3":0.0584785565,"4":0.0142796475,"5":0.0027895125,"6":0.0004541067,"7":0.0000633637,"8":0.0000077363,"9":0.0000008396},"shimizu-s-pulse":{"0":0.1117176222,"1":0.2448605418,"2":0.2683403197,"3":0.1960477222,"4":0.1074234094,"5":0.0470897137,"6":0.0172017219,"7":0.0053860577,"8":0.0014756323,"9":0.0003593625}}