{"kyoto-sanga":{"0":0.4151689358,"1":0.3649624598,"2":0.1604137323,"3":0.0470049541,"4":0.0103301585,"5":0.001816186,"6":0.0002660924,"7":0.0000334163,"8":0.0000036719,"9":0.0000003587},"vissel-kobe":{"0":0.2684559352,"1":0.3530379422,"2":0.2321345373,"3":0.1017576054,"4":0.0334545552,"5":0.0087990063,"6":0.0019285493,"7":0.0003623106,"8":0.0000595579,"9":0.0000087025}}