{"cerezo-osaka":{"0":0.2979469287,"1":0.3607660293,"2":0.2184149514,"3":0.0881551793,"4":0.0266854521,"5":0.006462362,"6":0.0013041476,"7":0.0002255877,"8":0.0000341438,"9":0.0000045936},"sanfrecce-hiroshima":{"0":0.4425839571,"1":0.3607612918,"2":0.1470327919,"3":0.0399500397,"4":0.00814107,"5":0.0013271981,"6":0.0001803054,"7":0.0000209959,"8":0.0000021393,"9":0.0000001938}}