{"fc-tokyo":{"0":0.4717181962,"1":0.3544365585,"2":0.1331571212,"3":0.0333502447,"4":0.0062646226,"5":0.0009414143,"6":0.0001178923,"7":0.0000126544,"8":0.0000011885,"9":0.0000000992},"urawa-red-diamonds":{"0":0.1756768321,"1":0.3055211867,"2":0.2656673461,"3":0.1540081711,"4":0.066959255,"5":0.0232898907,"6":0.0067506103,"7":0.0016771497,"8":0.0003645933,"9":0.000070452}}