{"albirex-niigata":{"0":0.168795093,"1":0.3002982468,"2":0.267125766,"3":0.1584117915,"4":0.0704564073,"5":0.0250693728,"6":0.0074333605,"7":0.0018892096,"8":0.0004201295,"9":0.0000830488},"gamba-osaka":{"0":0.1639458353,"1":0.2964500036,"2":0.2680232909,"3":0.1615482849,"4":0.0730286768,"5":0.0264103708,"6":0.0079592898,"7":0.0020560201,"8":0.0004647169,"9":0.0000933678}}