{"jubilo-iwata":{"0":0.0609044149,"1":0.1704379363,"2":0.2384809884,"3":0.2224590099,"4":0.1556350825,"5":0.0871073872,"6":0.0406276057,"7":0.0162420439,"8":0.0056815677,"9":0.0017666201},"shonan-bellmare":{"0":0.3164199691,"1":0.3640996905,"2":0.2094820137,"3":0.0803492655,"4":0.0231141723,"5":0.0053194259,"6":0.0010201639,"7":0.0001676982,"8":0.000024121,"9":0.000003084}}