{"kawasaki-frontale":{"0":0.1652704154,"1":0.2975152181,"2":0.2677893221,"3":0.1606889702,"4":0.0723169569,"5":0.026036596,"6":0.0078117263,"7":0.0020089219,"8":0.0004520507,"9":0.0000904188},"yokohama-fa-marinos":{"0":0.5439880463,"1":0.3311951576,"2":0.1008204437,"3":0.0204607699,"4":0.0031142724,"5":0.0003792113,"6":0.0000384791,"7":0.0000033467,"8":0.0000002547,"9":0.0000000172}}