{"shonan-bellmare":{"0":0.1385574015,"1":0.2738546288,"2":0.2706328096,"3":0.1782992628,"4":0.0881008122,"5":0.0348257328,"6":0.0114720061,"7":0.0032391547,"8":0.0008002617,"9":0.0001757438},"kawasaki-frontale":{"0":0.1523129213,"1":0.2866252246,"2":0.2696882795,"3":0.1691681026,"4":0.0795859028,"5":0.0299532398,"6":0.0093944252,"7":0.0025255143,"8":0.0005940698,"9":0.0001242146}}