{"sanfrecce-hiroshima":{"0":0.1658301108,"1":0.2979621241,"2":0.2676878976,"3":0.1603264414,"4":0.0720182945,"5":0.0258803711,"6":0.0077502716,"7":0.0019893745,"8":0.0004468114,"9":0.000089203},"vissel-kobe":{"0":0.3962857113,"1":0.3668099146,"2":0.1697632663,"3":0.0523787488,"4":0.0121207022,"5":0.0022438325,"6":0.000346156,"7":0.0000457727,"8":0.000005296,"9":0.0000005447}}