{"vegalta-sendai":{"0":0.276921841,"1":0.3555731754,"2":0.2282815299,"3":0.0977060148,"4":0.0313641187,"5":0.008054431,"6":0.001723675,"7":0.0003161762,"8":0.0000507471,"9":0.00000724},"montedio-yamagata":{"0":0.2984801868,"1":0.3608779845,"2":0.2181600747,"3":0.0879222715,"4":0.0265756435,"5":0.0064262655,"6":0.0012949479,"7":0.0002236656,"8":0.0000338029,"9":0.0000045411}}