{"urawa-red-diamonds":{"0":0.1633655901,"1":0.2959800102,"2":0.2681230681,"3":0.1619253039,"4":0.0733426376,"5":0.0265759205,"6":0.0080248858,"7":0.0020770293,"8":0.000470386,"9":0.0000946921},"shimizu-s-pulse":{"0":0.1623206112,"1":0.295128384,"2":0.2682985309,"3":0.1626051702,"4":0.073911441,"5":0.0268768876,"6":0.0081445114,"7":0.0021154575,"8":0.0004807858,"9":0.0000971284}}