{"kashima-antlers":{"0":0.3083651679,"1":0.3627825505,"2":0.2134015003,"3":0.0836868629,"4":0.0246137832,"5":0.0057914784,"6":0.001135584,"7":0.0001908545,"8":0.0000280668,"9":0.0000036689},"omiya-ardija":{"0":0.6826191545,"1":0.2606364044,"2":0.049757859,"3":0.0063328184,"4":0.0006044963,"5":0.0000461615,"6":0.0000029376,"7":0.0000001602,"8":0.0000000076,"9":0.0000000003}}