{"nagoya-grampus-eight":{"0":0.1837612998,"1":0.3113132609,"2":0.2637006445,"3":0.1489133051,"4":0.0630691645,"5":0.0213693169,"6":0.0060336895,"7":0.0014602543,"8":0.0003092303,"9":0.0000582081},"yokohama-fa-marinos":{"0":0.22929927,"1":0.3376952885,"2":0.2486665307,"3":0.1220726605,"4":0.0449449341,"5":0.013238326,"6":0.0032494073,"7":0.0006836415,"8":0.0001258522,"9":0.000020594}}