{"jubilo-iwata":{"0":0.1137084404,"1":0.2472155269,"2":0.2687378198,"3":0.1947558788,"4":0.1058555483,"5":0.0460284831,"6":0.0166785562,"7":0.0051801633,"8":0.0014077856,"9":0.0003400768},"fc-tokyo":{"0":0.1191618379,"1":0.2534897279,"2":0.2696208924,"3":0.1911857237,"4":0.101676044,"5":0.0432585351,"6":0.015337117,"7":0.0046608901,"8":0.001239373,"9":0.0002929427}}