{"gamba-osaka":{"0":0.513417119,"1":0.3422780794,"2":0.1140926931,"3":0.0253539318,"4":0.0042256553,"5":0.0005634207,"6":0.0000626023,"7":0.0000059621,"8":0.0000004968,"9":0.0000000368},"cerezo-osaka":{"0":0.2465969639,"1":0.3452357495,"2":0.2416650247,"3":0.1127770115,"4":0.039471954,"5":0.0110521471,"6":0.0025788343,"7":0.0005157669,"8":0.0000902592,"9":0.0000140403}}