{"albirex-niigata":{"0":0.1172852746,"1":0.251359475,"2":0.2693500352,"3":0.1924188229,"4":0.1030954109,"5":0.0441897049,"6":0.0157841654,"7":0.0048325389,"8":0.0012946046,"9":0.0003082807},"kyoto-sanga":{"0":0.3450846543,"1":0.3671581727,"2":0.1953218176,"3":0.0692718929,"4":0.0184257263,"5":0.0039208675,"6":0.000695278,"7":0.0001056788,"8":0.0000140548,"9":0.0000016615}}