{"kawasaki-frontale":{"0":0.1243143196,"1":0.2591881568,"2":0.270196148,"3":0.1877811067,"4":0.097878183,"5":0.0408140686,"6":0.0141824949,"7":0.0042242401,"8":0.001100912,"9":0.0002550375},"gamba-osaka":{"0":0.263906979,"1":0.3515659491,"2":0.2341707996,"3":0.1039842141,"4":0.034630866,"5":0.0092267611,"6":0.0020485848,"7":0.0003898628,"8":0.0000649199,"9":0.0000096093}}