{"kyoto-sanga":{"0":0.6184861499,"1":0.2971705225,"2":0.0713923177,"3":0.011434205,"4":0.0013734781,"5":0.0001319859,"6":0.0000105694,"7":0.0000007255,"8":0.0000000436,"9":0.0000000023},"jubilo-iwata":{"0":0.7029827624,"1":0.247747229,"2":0.0436558994,"3":0.0051284463,"4":0.0004518455,"5":0.0000318481,"6":0.0000018707,"7":0.0000000942,"8":0.0000000041,"9":0.0000000002}}