{"yokohama-fa-marinos":{"0":0.2906832085,"1":0.3591452769,"2":0.2218658081,"3":0.0913733058,"4":0.0282234149,"5":0.0069741257,"6":0.0014361134,"7":0.0002534784,"8":0.0000391472,"9":0.0000053741},"vegalta-sendai":{"0":0.3757044354,"1":0.3677968041,"2":0.1800278043,"3":0.0587462243,"4":0.0143774411,"5":0.0028149664,"6":0.0004592864,"7":0.0000642314,"8":0.0000078599,"9":0.0000008549}}