{"shimizu-s-pulse":{"0":0.3498702001,"1":0.3674312526,"2":0.1929368739,"3":0.0675403214,"4":0.017732594,"5":0.0037245294,"6":0.0006519125,"7":0.0000978049,"8":0.0000128392,"9":0.0000014982},"nagoya-grampus-eight":{"0":0.3794004651,"1":0.3677008913,"2":0.1781810486,"3":0.0575621596,"4":0.0139467788,"5":0.0027033404,"6":0.0004366629,"7":0.0000604568,"8":0.0000073241,"9":0.0000007887}}