{"vissel-kobe":{"0":0.5033846515,"1":0.3455235703,"2":0.1185838079,"3":0.0271320024,"4":0.0046558563,"5":0.0006391566,"6":0.0000731196,"7":0.0000071699,"8":0.0000006152,"9":0.0000000469},"cerezo-osaka":{"0":0.2442185812,"1":0.3442728899,"2":0.2426593056,"3":0.1140249307,"4":0.0401849976,"5":0.011329691,"6":0.0026618951,"7":0.0005360645,"8":0.0000944607,"9":0.0000147956}}