{"urawa-red-diamonds":{"0":0.3289106611,"1":0.3657384957,"2":0.2033449551,"3":0.0753711031,"4":0.0209525846,"5":0.0046597254,"6":0.0008635784,"7":0.0001371818,"8":0.0000190677,"9":0.0000023559},"albirex-niigata":{"0":0.3125485085,"1":0.3634925385,"2":0.2113701105,"3":0.0819408358,"4":0.0238242078,"5":0.0055414897,"6":0.0010741214,"7":0.0001784569,"8":0.0000259431,"9":0.0000033524}}