{"sanfrecce-hiroshima":{"0":0.2711673001,"1":0.3538785615,"2":0.2309091772,"3":0.100446978,"4":0.0327713114,"5":0.0085534388,"6":0.0018604005,"7":0.0003468369,"8":0.0000565786,"9":0.000008204},"kashima-antlers":{"0":0.120689102,"1":0.2552016254,"2":0.2698166964,"3":0.1901791693,"4":0.1005352437,"5":0.0425171075,"6":0.0149840026,"7":0.0045263192,"8":0.0011963839,"9":0.0002810887}}