{"fc-tokyo":{"0":0.4952449934,"1":0.3480099954,"2":0.1222737822,"3":0.0286407057,"4":0.0050314753,"5":0.0007071263,"6":0.0000828166,"7":0.0000083136,"8":0.0000007303,"9":0.000000057},"omiya-ardija":{"0":0.55906038,"1":0.3250923796,"2":0.0945202513,"3":0.018321106,"4":0.0026634207,"5":0.0003097547,"6":0.0000300203,"7":0.0000024938,"8":0.0000001813,"9":0.0000000117}}