{"montedio-yamagata":{"0":0.3967994362,"1":0.3667713708,"2":0.1695078497,"3":0.0522267429,"4":0.0120686122,"5":0.0022310624,"6":0.0003437042,"7":0.0000453849,"8":0.0000052438,"9":0.0000005386},"shonan-bellmare":{"0":0.6516850847,"1":0.2790475341,"2":0.0597432165,"3":0.0085272256,"4":0.0009128264,"5":0.0000781733,"6":0.0000055789,"7":0.0000003413,"8":0.0000000183,"9":0.0000000009}}