{"montedio-yamagata":{"0":0.469164106,"1":0.355064646,"2":0.1343569353,"3":0.0338938956,"4":0.0064127476,"5":0.0009706369,"6":0.0001224301,"7":0.0000132365,"8":0.0000012522,"9":0.0000001053},"gamba-osaka":{"0":0.3461282658,"1":0.3672233514,"2":0.1948020476,"3":0.0688914755,"4":0.0182725315,"5":0.0038772333,"6":0.0006855891,"7":0.0001039104,"8":0.0000137804,"9":0.0000016245}}