{"kashima-antlers":{"0":0.0943381543,"1":0.2227200774,"2":0.2629065262,"3":0.2068960054,"4":0.1221136206,"5":0.0576588661,"6":0.0226875103,"7":0.0076517504,"8":0.0022580981,"9":0.0005923417},"shimizu-s-pulse":{"0":0.3661655946,"1":0.3678754428,"2":0.1847966376,"3":0.0618865216,"4":0.0155438768,"5":0.0031232921,"6":0.0005229794,"7":0.0000750602,"8":0.0000094263,"9":0.0000010523}}