{"jubilo-iwata":{"0":0.1485748115,"1":0.2832826405,"2":0.270062784,"3":0.1716399027,"4":0.0818150203,"5":0.0311987944,"6":0.0099142836,"7":0.002700462,"8":0.0006436101,"9":0.00013635},"yokohama-fa-marinos":{"0":0.1246552453,"1":0.2595575743,"2":0.2702258305,"3":0.1875550468,"4":0.0976319385,"5":0.0406579107,"6":0.0141096732,"7":0.0041970299,"8":0.0010923837,"9":0.0002527295}}