{"kyoto-sanga":{"0":0.6371746645,"1":0.2871819249,"2":0.0647180927,"3":0.0097230621,"4":0.0010955739,"5":0.0000987575,"6":0.0000074185,"7":0.0000004777,"8":0.0000000269,"9":0.0000000013},"sanfrecce-hiroshima":{"0":0.297606725,"1":0.3606941065,"2":0.2185774506,"3":0.0883040062,"4":0.0267557249,"5":0.0064854934,"6":0.0013100506,"7":0.0002268226,"8":0.0000343631,"9":0.0000046275}}