{"omiya-ardija":{"0":0.3784954371,"1":0.3677277193,"2":0.1786331648,"3":0.0578504255,"4":0.0140511635,"5":0.0027302851,"6":0.000442102,"7":0.0000613607,"8":0.0000074519,"9":0.0000008044},"urawa-red-diamonds":{"0":0.242313424,"1":0.3434849124,"2":0.2434489247,"3":0.1150315037,"4":0.0407649577,"5":0.0115570551,"6":0.002730399,"7":0.0005529149,"8":0.0000979712,"9":0.0000154307}}