{"nagoya-grampus-eight":{"0":0.1206997966,"1":0.2552135444,"2":0.269817991,"3":0.1901721123,"4":0.1005273004,"5":0.0425119667,"6":0.0149815631,"7":0.0045253927,"8":0.0011960889,"9":0.0002810076},"vegalta-sendai":{"0":0.3546712848,"1":0.367639442,"2":0.1905408826,"3":0.065835932,"4":0.0170607872,"5":0.0035369191,"6":0.0006110404,"7":0.0000904832,"8":0.000011724,"9":0.0000013503}}