{"cerezo-osaka":{"0":0.163264333,"1":0.2958977819,"2":0.2681403089,"3":0.1619911326,"4":0.0733975632,"5":0.0266049244,"6":0.0080363931,"7":0.0020807194,"8":0.000471383,"9":0.0000949253},"albirex-niigata":{"0":0.4751143789,"1":0.3535799812,"2":0.1315670591,"3":0.0326373889,"4":0.0060721838,"5":0.0009037835,"6":0.0001120992,"7":0.0000119177,"8":0.0000011086,"9":0.0000000917}}