{"fc-tokyo":{"0":0.402524224,"1":0.3662970439,"2":0.166665155,"3":0.050555097,"4":0.0115012846,"5":0.0020932338,"6":0.0003174738,"7":0.0000412716,"8":0.0000046946,"9":0.0000004747},"shonan-bellmare":{"0":0.4347946815,"1":0.3621323839,"2":0.1508066554,"3":0.0418680172,"4":0.0087177727,"5":0.0014521741,"6":0.0002015815,"7":0.0000239848,"8":0.0000024971,"9":0.0000002311}}