{"vissel-kobe":{"0":0.2963525359,"1":0.3604255941,"2":0.219175801,"3":0.088854274,"4":0.0270162649,"5":0.0065714662,"6":0.0013320423,"7":0.0002314339,"8":0.0000351839,"9":0.0000047545},"kawasaki-frontale":{"0":0.3217377198,"1":0.3648565586,"2":0.2068770619,"3":0.0782008121,"4":0.0221702939,"5":0.0050283051,"6":0.0009503653,"7":0.0001539617,"8":0.0000218244,"9":0.0000027499}}