{"shonan-bellmare":{"0":0.2280649094,"1":0.3371084443,"2":0.2491442096,"3":0.1227554283,"4":0.0453619669,"5":0.0134101315,"6":0.0033036418,"7":0.0006975994,"8":0.0001288924,"9":0.0000211688},"kashima-antlers":{"0":0.0079859692,"1":0.0385727834,"2":0.093154605,"3":0.1499810604,"4":0.1811047223,"5":0.1749496655,"6":0.1408364963,"7":0.0971785732,"8":0.0586724032,"9":0.0314879737}}