{"shimizu-s-pulse":{"0":0.1998300416,"1":0.3217839311,"2":0.2590824121,"3":0.1390657721,"4":0.0559839883,"5":0.0180300696,"6":0.0048389343,"7":0.001113154,"8":0.0002240623,"9":0.0000400894},"kyoto-sanga":{"0":0.334212688,"1":0.3662896525,"2":0.2007226451,"3":0.0733291809,"4":0.0200917867,"5":0.00440403,"6":0.0008044531,"7":0.0001259518,"8":0.000017255,"9":0.0000021012}}