{"albirex-niigata":{"0":0.2891998087,"1":0.3587921133,"2":0.2225654663,"3":0.0920410175,"4":0.0285473833,"5":0.0070833906,"6":0.0014646533,"7":0.0002595862,"8":0.0000402566,"9":0.0000055493},"nagoya-grampus-eight":{"0":0.2555958722,"1":0.3486730787,"2":0.2378225336,"3":0.1081424806,"4":0.0368808496,"5":0.010062259,"6":0.0022877514,"7":0.0004458362,"8":0.0000760239,"9":0.0000115232}}