{"gamba-osaka":{"0":0.1551545855,"1":0.289104711,"2":0.2693492224,"3":0.1672957948,"4":0.0779319577,"5":0.0290426429,"6":0.0090193541,"7":0.0024008662,"8":0.0005592017,"9":0.0001157755},"omiya-ardija":{"0":0.5075621052,"1":0.3441962377,"2":0.1167059645,"3":0.0263808464,"4":0.0044724517,"5":0.0006065863,"6":0.000068558,"7":0.0000066417,"8":0.000000563,"9":0.0000000424}}