{"vegalta-sendai":{"0":0.29337715,"1":0.3597673125,"2":0.2205906614,"3":0.090169837,"4":0.0276437343,"5":0.0067798818,"6":0.0013856907,"7":0.0002427525,"8":0.0000372108,"9":0.0000050702},"fc-tokyo":{"0":0.2576192907,"1":0.349401934,"2":0.2369421,"3":0.1071193437,"4":0.0363207524,"5":0.0098521668,"6":0.002227037,"7":0.0004314955,"8":0.0000731532,"9":0.000011024}}