{"yokohama-fa-marinos":{"0":0.2333843498,"1":0.3395902425,"2":0.2470635518,"3":0.1198314733,"4":0.043590754,"5":0.0126855076,"6":0.0030763807,"7":0.0006394778,"8":0.0001163105,"9":0.0000188044},"vissel-kobe":{"0":0.4505730675,"1":0.3592126299,"2":0.1431884446,"3":0.0380516143,"4":0.0075840199,"5":0.0012092493,"6":0.000160676,"7":0.0000182995,"8":0.0000018236,"9":0.0000001615}}