{"urawa-red-diamonds":{"0":0.4655925216,"1":0.3559196165,"2":0.1360403868,"3":0.034665106,"4":0.0066248869,"5":0.0010128716,"6":0.0001290473,"7":0.0000140928,"8":0.0000013466,"9":0.0000001144},"cerezo-osaka":{"0":0.2443596452,"1":0.3443306418,"2":0.2426005956,"3":0.1139506467,"4":0.0401423681,"5":0.0113130361,"6":0.0026568933,"7":0.000534838,"8":0.000094206,"9":0.0000147497}}