{"kawasaki-frontale":{"0":0.070814947,"1":0.187495686,"2":0.248214775,"3":0.2190648609,"4":0.1450036967,"5":0.0767848279,"6":0.0338836752,"7":0.0128161864,"8":0.0042416534,"9":0.0012478403},"montedio-yamagata":{"0":0.5518549461,"1":0.3280612352,"2":0.0975112888,"3":0.0193225135,"4":0.0028716639,"5":0.0003414236,"6":0.0000338277,"7":0.0000028728,"8":0.0000002135,"9":0.0000000141}}