{"sanfrecce-hiroshima":{"0":0.4098959828,"1":0.3655664914,"2":0.1630155761,"3":0.0484619145,"4":0.010805212,"5":0.0019273297,"6":0.0002864821,"7":0.0000364999,"8":0.0000040691,"9":0.0000004032},"jubilo-iwata":{"0":0.7093036377,"1":0.2436256427,"2":0.0418392425,"3":0.0047901969,"4":0.0004113241,"5":0.0000282556,"6":0.0000016175,"7":0.0000000794,"8":0.0000000034,"9":0.0000000001}}