{"omiya-ardija":{"0":0.300576635,"1":0.3613089053,"2":0.2171561424,"3":0.0870110303,"4":0.0261479573,"5":0.0062862437,"6":0.0012593992,"7":0.0002162663,"8":0.0000324954,"9":0.0000043401},"kawasaki-frontale":{"0":0.267193598,"1":0.352637247,"2":0.2327021098,"3":0.1023720029,"4":0.0337771765,"5":0.0089157005,"6":0.0019611299,"7":0.0003697519,"8":0.000060999,"9":0.000008945}}