{"jubilo-iwata":{"0":0.1785892743,"1":0.3076497899,"2":0.264989019,"3":0.1521625834,"4":0.0655313526,"5":0.0225777353,"6":0.0064823187,"7":0.0015952678,"8":0.0003435143,"9":0.0000657512},"urawa-red-diamonds":{"0":0.1131307025,"1":0.2465357244,"2":0.2686267391,"3":0.1951314903,"4":0.1063081954,"5":0.0463336078,"6":0.0168284549,"7":0.005238966,"8":0.0014271018,"9":0.0003455507}}