{"cerezo-osaka":{"0":0.2262256736,"1":0.3362216233,"2":0.2498500241,"3":0.1237775527,"4":0.0459902373,"5":0.0136703426,"6":0.0033861945,"7":0.0007189482,"8":0.0001335646,"9":0.0000220563},"vegalta-sendai":{"0":0.5913509451,"1":0.3106636301,"2":0.081602889,"3":0.0142899068,"4":0.001876785,"5":0.0001971922,"6":0.0000172657,"7":0.0000012958,"8":0.0000000851,"9":0.000000005}}