{"fc-tokyo":{"0":0.4155209594,"1":0.3649197403,"2":0.1602403126,"3":0.0469088678,"4":0.0102991025,"5":0.0018089801,"6":0.0002647811,"7":0.0000332195,"8":0.0000036468,"9":0.0000003559},"albirex-niigata":{"0":0.3111641428,"1":0.3632638226,"2":0.2120433987,"3":0.0825156083,"4":0.0240828964,"5":0.0056230419,"6":0.001094089,"7":0.0001824682,"8":0.0000266275,"9":0.000003454}}