{"vissel-kobe":{"0":0.4400794501,"1":0.3612172126,"2":0.1482435441,"3":0.0405594337,"4":0.0083227958,"5":0.0013662702,"6":0.0001869058,"7":0.000021916,"8":0.0000022486,"9":0.0000002051},"nagoya-grampus-eight":{"0":0.2689138918,"1":0.3531818395,"2":0.2319281665,"3":0.1015353724,"4":0.0333382271,"5":0.0087570458,"6":0.0019168649,"7":0.0003596488,"8":0.0000590437,"9":0.0000086162}}