{"kashima-antlers":{"0":0.2630769663,"1":0.3512889466,"2":0.2345395831,"3":0.1043942441,"4":0.0348496341,"5":0.0093070035,"6":0.002071287,"7":0.0003951154,"8":0.0000659501,"9":0.0000097849},"yokohama-fa-marinos":{"0":0.4628623444,"1":0.3565547046,"2":0.137331605,"3":0.0352633495,"4":0.0067910651,"5":0.0010462662,"6":0.0001343276,"7":0.0000147823,"8":0.0000014234,"9":0.0000001218}}