{"sanfrecce-hiroshima":{"0":0.1572436371,"1":0.2908942577,"2":0.2690712029,"3":0.1659235508,"4":0.0767379352,"5":0.0283924044,"6":0.00875413,"7":0.00231354,"8":0.0005349942,"9":0.0001099686},"shonan-bellmare":{"0":0.4146286026,"1":0.3650274507,"2":0.1606799904,"3":0.0471527265,"4":0.0103779861,"5":0.0018272979,"6":0.000268117,"7":0.0000337204,"8":0.0000037108,"9":0.000000363}}