{"kyoto-sanga":{"0":0.5473080435,"1":0.3298863571,"2":0.0994184261,"3":0.0199746029,"4":0.0030098904,"5":0.0003628384,"6":0.0000364497,"7":0.0000031385,"8":0.0000002365,"9":0.0000000158},"gamba-osaka":{"0":0.0590265792,"1":0.167031492,"2":0.2363301389,"3":0.2229197775,"4":0.1577027821,"5":0.0892524397,"6":0.0420939413,"7":0.0170165807,"8":0.0060191207,"9":0.0018925235}}