{"montedio-yamagata":{"0":0.2377822357,"1":0.3415504034,"2":0.2453014997,"3":0.1174503581,"4":0.0421764236,"5":0.012116443,"6":0.0029006764,"7":0.0005952188,"8":0.0001068715,"9":0.0000170567},"shimizu-s-pulse":{"0":0.3120736289,"1":0.3634147743,"2":0.2116011831,"3":0.0821376635,"4":0.0239126585,"5":0.0055693353,"6":0.0010809301,"7":0.0001798229,"8":0.0000261758,"9":0.0000033869}}