{"urawa-red-diamonds":{"0":0.208565946,"1":0.3269271203,"2":0.2562291306,"3":0.1338797207,"4":0.0524641156,"5":0.0164475002,"6":0.0042969094,"7":0.0009622008,"8":0.0001885312,"9":0.0000328359},"montedio-yamagata":{"0":0.6755677471,"1":0.26495891,"2":0.0519586853,"3":0.0067927639,"4":0.0006660336,"5":0.0000522439,"6":0.000003415,"7":0.0000001913,"8":0.0000000094,"9":0.0000000004}}