{"yokohama-fa-marinos":{"0":0.5953804372,"1":0.3087373166,"2":0.0800485914,"3":0.0138365241,"4":0.0017937486,"5":0.0001860313,"6":0.0000160779,"7":0.000001191,"8":0.0000000772,"9":0.0000000044},"sanfrecce-hiroshima":{"0":0.5164312777,"1":0.3412645293,"2":0.1127560278,"3":0.024836885,"4":0.0041031344,"5":0.000542281,"6":0.0000597244,"7":0.0000056381,"8":0.0000004657,"9":0.0000000342}}