{"gamba-osaka":{"0":0.0395574988,"1":0.1277707211,"2":0.2063497146,"3":0.2221698593,"4":0.1794021614,"5":0.1158937963,"6":0.0623894937,"7":0.0287882949,"8":0.0116232741,"9":0.0041714639},"vissel-kobe":{"0":0.383384991,"1":0.3675571702,"2":0.1761913958,"3":0.056305813,"4":0.0134953153,"5":0.0025876338,"6":0.0004134675,"7":0.0000566282,"8":0.0000067863,"9":0.0000007229}}