{"shonan-bellmare":{"0":0.1832846732,"1":0.3109818073,"2":0.2638237087,"3":0.1492111921,"4":0.0632922074,"5":0.0214777643,"6":0.0060736066,"7":0.0014721683,"8":0.0003122312,"9":0.000058863},"omiya-ardija":{"0":0.1133086732,"1":0.2467454496,"2":0.2686613265,"3":0.1950158446,"4":0.1061685547,"5":0.046239369,"6":0.0167821132,"7":0.0052207705,"8":0.0014211196,"9":0.000343854}}