{"albirex-niigata":{"0":0.1209195043,"1":0.2554581976,"2":0.2698443526,"3":0.1900271103,"4":0.1003642534,"5":0.0424065107,"6":0.0149315459,"7":0.004506405,"8":0.0011900459,"9":0.0002793474},"kashima-antlers":{"0":0.2431478594,"1":0.3438318735,"2":0.2431038412,"3":0.114589876,"4":0.0405099718,"5":0.0114569131,"6":0.0027001759,"7":0.0005454685,"8":0.0000964174,"9":0.0000151492}}