{"vegalta-sendai":{"0":0.2254628226,"1":0.3358494206,"2":0.2501406485,"3":0.12420317,"4":0.0462532605,"5":0.0137797714,"6":0.0034210579,"7":0.0007280011,"8":0.0001355538,"9":0.0000224357},"kyoto-sanga":{"0":0.3513854325,"1":0.3675040303,"2":0.1921810067,"3":0.0669988831,"4":0.0175180566,"5":0.0036643274,"6":0.000638736,"7":0.0000954337,"8":0.0000124764,"9":0.0000014499}}