{"shimizu-s-pulse":{"0":0.218711887,"1":0.3324420682,"2":0.2526559718,"3":0.128012359,"4":0.0486446964,"5":0.0147879877,"6":0.0037462902,"7":0.0008134802,"8":0.0001545612,"9":0.0000261037},"fc-tokyo":{"0":0.1716174756,"1":0.302473614,"2":0.2665529453,"3":0.1565987232,"4":0.0690008136,"5":0.0243226109,"6":0.0071447153,"7":0.0017989242,"8":0.0003963226,"9":0.0000776126}}