{"kawasaki-frontale":{"0":0.254615682,"1":0.348314253,"2":0.2382469491,"3":0.1086406088,"4":0.0371550882,"5":0.0101656321,"6":0.0023177641,"7":0.0004529573,"8":0.0000774557,"9":0.0000117733},"jubilo-iwata":{"0":0.7699205972,"1":0.201309514,"2":0.0263179869,"3":0.0022937695,"4":0.0001499368,"5":0.0000078407,"6":0.0000003417,"7":0.0000000128,"8":0.0000000004,"9":0.0}}