{"nagoya-grampus-eight":{"0":0.254615682,"1":0.348314253,"2":0.2382469491,"3":0.1086406088,"4":0.0371550882,"5":0.0101656321,"6":0.0023177641,"7":0.0004529573,"8":0.0000774557,"9":0.0000117733},"cerezo-osaka":{"0":0.1631893597,"1":0.2958368575,"2":0.2681530415,"3":0.1620398807,"4":0.0734382579,"5":0.0266264216,"6":0.0080449249,"7":0.0020834563,"8":0.0004721227,"9":0.0000950983}}