{"fc-tokyo":{"0":0.4253396484,"1":0.3636089383,"2":0.1554186878,"3":0.0442874491,"4":0.0094649725,"5":0.001618259,"6":0.0002305661,"7":0.0000281576,"8":0.0000030089,"9":0.0000002858},"gamba-osaka":{"0":0.1599755633,"1":0.2931926868,"2":0.2686721328,"3":0.1641348692,"4":0.0752038973,"5":0.027565751,"6":0.0084201158,"7":0.0022045477,"8":0.0005050438,"9":0.0001028457}}