{"sanfrecce-hiroshima":{"0":0.2422653856,"1":0.3434648505,"2":0.2434687548,"3":0.1150569643,"4":0.0407796835,"5":0.011562847,"6":0.0027321495,"7":0.0005533467,"8":0.0000980614,"9":0.0000154471},"urawa-red-diamonds":{"0":0.1643278974,"1":0.2967583487,"2":0.2679566857,"3":0.1613002313,"4":0.072822678,"5":0.0263019707,"6":0.0079164174,"7":0.002042313,"8":0.0004610244,"9":0.0000925067}}