{"vissel-kobe":{"0":0.4104559247,"1":0.3655055524,"2":0.1627389213,"3":0.0483056164,"4":0.0107538775,"5":0.001915237,"6":0.0002842489,"7":0.00003616,"8":0.000004025,"9":0.0000003982},"vegalta-sendai":{"0":0.3728721767,"1":0.3678457135,"2":0.1814435045,"3":0.0596658583,"4":0.0147153848,"5":0.0029034031,"6":0.0004773774,"7":0.0000672774,"8":0.0000082963,"9":0.0000009094}}