{"shonan-bellmare":{"0":0.2948646215,"1":0.3601001573,"2":0.2198841668,"3":0.0895103688,"4":0.0273283869,"5":0.006674898,"6":0.0013586076,"7":0.0002370264,"8":0.0000361832,"9":0.0000049098},"yokohama-fa-marinos":{"0":0.0256242609,"1":0.0938928186,"2":0.1720217694,"3":0.2101082886,"4":0.1924705217,"5":0.141050701,"6":0.0861400318,"7":0.045090808,"8":0.0206528057,"9":0.0084084816}}