{"kashima-antlers":{"0":0.250019442,"1":0.3465810998,"2":0.2402182363,"3":0.1109981686,"4":0.0384668759,"5":0.0106646844,"6":0.0024639271,"7":0.0004879338,"8":0.0000845477,"9":0.0000130224},"nagoya-grampus-eight":{"0":0.4577668211,"1":0.3576968648,"2":0.1397513332,"3":0.0364003473,"4":0.0071107655,"5":0.0011112638,"6":0.0001447227,"7":0.0000161551,"8":0.0000015779,"9":0.000000137}}