{"jubilo-iwata":{"0":0.1431761387,"1":0.2782885496,"2":0.2704518978,"3":0.1752239517,"4":0.085144808,"5":0.0330988464,"6":0.0107222591,"7":0.0029772339,"8":0.0007233486,"9":0.0001562176},"albirex-niigata":{"0":0.2230221591,"1":0.3346412136,"2":0.2510619175,"3":0.1255714755,"4":0.047104502,"5":0.0141359117,"6":0.0035351186,"7":0.0007577699,"8":0.0001421277,"9":0.0000236956}}