{"cerezo-osaka":{"0":0.071942867,"1":0.1893452078,"2":0.2491672157,"3":0.2185929855,"4":0.14382779,"5":0.0757075828,"6":0.0332089166,"7":0.0124859975,"8":0.0041077106,"9":0.0012012237},"shimizu-s-pulse":{"0":0.4542008916,"1":0.3584624684,"2":0.1414521015,"3":0.0372120725,"4":0.0073420878,"5":0.0011588982,"6":0.0001524368,"7":0.0000171865,"8":0.0000016955,"9":0.0000001487}}