{"kyoto-sanga":{"0":0.5899627749,"1":0.3113209006,"2":0.0821413717,"3":0.0144485533,"4":0.0019061104,"5":0.0002011693,"6":0.0000176927,"7":0.0000013338,"8":0.000000088,"9":0.0000000052},"kawasaki-frontale":{"0":0.0964802603,"1":0.2256110662,"2":0.2637863591,"3":0.2056141555,"4":0.1202029014,"5":0.056216898,"6":0.0219097569,"7":0.0073191635,"8":0.0021394069,"9":0.0005558695}}