{"omiya-ardija":{"0":0.2763026092,"1":0.3553966083,"2":0.2285659726,"3":0.0979983163,"4":0.0315127944,"5":0.0081067206,"6":0.0017378898,"7":0.0003193394,"8":0.0000513441,"9":0.000007338},"montedio-yamagata":{"0":0.6739442793,"1":0.2659436985,"2":0.0524717346,"3":0.0069019193,"4":0.0006808879,"5":0.0000537367,"6":0.0000035342,"7":0.0000001992,"8":0.0000000098,"9":0.0000000004}}