{"nagoya-grampus-eight":{"0":0.108197365,"1":0.2406091126,"2":0.2675330637,"3":0.1983131878,"4":0.1102521308,"5":0.0490356995,"6":0.0181742506,"7":0.0057736953,"8":0.0016049417,"9":0.000396563},"omiya-ardija":{"0":0.3467985677,"1":0.3672635549,"2":0.1944681024,"3":0.0686479639,"4":0.01817474,"5":0.0038494505,"6":0.0006794352,"7":0.0001027899,"8":0.000013607,"9":0.0000016011}}