{"urawa-red-diamonds":{"0":0.4095117846,"1":0.3656078616,"2":0.1632054479,"3":0.0485693754,"4":0.0108405583,"5":0.0019356675,"6":0.000288024,"7":0.000036735,"8":0.0000040996,"9":0.0000004067},"kyoto-sanga":{"0":0.6291929048,"1":0.2915160109,"2":0.0675322178,"3":0.0104296168,"4":0.0012080557,"5":0.0001119426,"6":0.0000086442,"7":0.0000005721,"8":0.0000000331,"9":0.0000000017}}