{"gamba-osaka":{"0":0.3036069698,"1":0.3619059677,"2":0.2156998068,"3":0.085706253,"4":0.0255409193,"5":0.0060890638,"6":0.0012097156,"7":0.000206001,"8":0.0000306947,"9":0.0000040654},"sanfrecce-hiroshima":{"0":0.292696682,"1":0.3596125353,"2":0.2209132927,"3":0.0904727136,"4":0.0277891106,"5":0.0068284426,"6":0.0013982584,"7":0.000245418,"8":0.0000376906,"9":0.0000051453}}