{"yokohama-fa-marinos":{"0":0.2489031312,"1":0.3461474663,"2":0.2406921677,"3":0.1115761831,"4":0.0387920121,"5":0.0107895442,"6":0.0025008212,"7":0.0004968387,"8":0.0000863687,"9":0.0000133458},"fc-tokyo":{"0":0.3845843627,"1":0.3675057808,"2":0.1755928114,"3":0.0559317014,"4":0.0133619731,"5":0.0025537192,"6":0.000406719,"7":0.0000555225,"8":0.0000066321,"9":0.0000007042}}