{"kawasaki-frontale":{"0":0.1981374442,"1":0.3207437706,"2":0.259609098,"3":0.1400845783,"4":0.0566920301,"5":0.0183545473,"6":0.0049520395,"7":0.0011451905,"8":0.0002317285,"9":0.0000416801},"kashima-antlers":{"0":0.3175048787,"1":0.3642613122,"2":0.208951598,"3":0.079907416,"4":0.0229186874,"5":0.0052587483,"6":0.0010055271,"7":0.0001648004,"8":0.0000236337,"9":0.0000030127}}