{"albirex-niigata":{"0":0.0515571512,"1":0.1528702712,"2":0.226635096,"3":0.2239958816,"4":0.1660405511,"5":0.0984641839,"6":0.0486587737,"7":0.0206109136,"8":0.0076390857,"9":0.002516709},"vissel-kobe":{"0":0.3750987731,"1":0.3678090633,"2":0.1803305113,"3":0.0589419829,"4":0.0144491245,"5":0.0028336637,"6":0.000463099,"7":0.0000648713,"8":0.0000079513,"9":0.0000008663}}