{"montedio-yamagata":{"0":0.5337135639,"1":0.3351166018,"2":0.1052091837,"3":0.0220201412,"4":0.0034565895,"5":0.0004340757,"6":0.0000454257,"7":0.0000040747,"8":0.0000003198,"9":0.0000000223},"cerezo-osaka":{"0":0.3958837115,"1":0.3668396114,"2":0.1699631693,"3":0.0524979273,"4":0.0121616012,"5":0.0022538725,"6":0.0003480861,"7":0.0000460784,"8":0.0000053372,"9":0.0000005495}}