{"vegalta-sendai":{"0":0.4652184369,"1":0.356007584,"2":0.1362170862,"3":0.0347466279,"4":0.0066474488,"5":0.0010173897,"6":0.0001297593,"7":0.0000141854,"8":0.0000013569,"9":0.0000001154},"jubilo-iwata":{"0":0.5888960584,"1":0.3118237502,"2":0.0825562082,"3":0.0145713244,"4":0.0019288994,"5":0.0002042726,"6":0.0000180272,"7":0.0000013636,"8":0.0000000903,"9":0.0000000053}}