{"shimizu-s-pulse":{"0":0.1740699808,"1":0.304326177,"2":0.2660264039,"3":0.155031132,"4":0.0677601495,"5":0.0236929851,"6":0.0069037326,"7":0.0017242544,"8":0.0003768138,"9":0.0000731981},"shonan-bellmare":{"0":0.460979404,"1":0.3569833327,"2":0.138224288,"3":0.0356803844,"4":0.0069077395,"5":0.0010698733,"6":0.0001380853,"7":0.0000152762,"8":0.0000014787,"9":0.0000001272}}