{"sanfrecce-hiroshima":{"0":0.1896083571,"1":0.3152797547,"2":0.2621227388,"3":0.145285426,"4":0.0603949559,"5":0.0200848815,"6":0.0055661721,"7":0.0013222001,"8":0.0002748184,"9":0.0000507741},"albirex-niigata":{"0":0.3146194388,"1":0.3638232452,"2":0.2103610543,"3":0.0810865785,"4":0.0234419576,"5":0.0054216161,"6":0.0010449185,"7":0.0001726193,"8":0.0000249519,"9":0.000003206}}