{"fc-tokyo":{"0":0.4405404165,"1":0.3611343661,"2":0.1480205056,"3":0.0404467554,"4":0.0082890882,"5":0.0013590011,"6":0.0001856742,"7":0.0000217439,"8":0.0000022281,"9":0.0000002029},"kawasaki-frontale":{"0":0.1624822287,"1":0.2952605361,"2":0.2682717515,"3":0.162499948,"4":0.0738231838,"5":0.0268301007,"6":0.0081258835,"7":0.0021094638,"8":0.0004791612,"9":0.0000967473}}