{"vegalta-sendai":{"0":0.0997033945,"1":0.2298717151,"2":0.2649910049,"3":0.2036504945,"4":0.1173818822,"5":0.0541260901,"6":0.0207984513,"7":0.0068502836,"8":0.0019742137,"9":0.0005057399},"shimizu-s-pulse":{"0":0.1691778553,"1":0.3005960117,"2":0.2670502061,"3":0.1581653555,"4":0.0702572375,"5":0.0249666782,"6":0.0073934853,"7":0.0018766828,"8":0.0004168124,"9":0.0000822882}}