{"urawa-red-diamonds":{"0":0.4360492863,"1":0.3619209076,"2":0.1501971767,"3":0.0415545522,"4":0.0086225696,"5":0.0014313466,"6":0.0001980029,"7":0.0000234775,"8":0.0000024358,"9":0.0000002246},"gamba-osaka":{"0":0.3958320837,"1":0.3668433958,"2":0.1699888445,"3":0.0525132478,"4":0.0121668625,"5":0.0022551649,"6":0.0003483347,"7":0.0000461178,"8":0.0000053425,"9":0.0000005501}}