{"vissel-kobe":{"0":0.4293982924,"1":0.3630005934,"2":0.1534349731,"3":0.04323646,"4":0.0091377056,"5":0.0015449491,"6":0.0002176757,"7":0.0000262881,"8":0.0000027779,"9":0.0000002609},"kashima-antlers":{"0":0.2867008853,"1":0.3581799511,"2":0.2237399393,"3":0.0931739485,"4":0.0291009219,"5":0.0072712484,"6":0.0015140143,"7":0.0002702117,"8":0.0000421975,"9":0.0000058576}}