{"jubilo-iwata":{"0":0.1774322086,"1":0.3068098606,"2":0.265262692,"3":0.1528944683,"4":0.0660950045,"5":0.0228578557,"6":0.006587507,"7":0.0016272711,"8":0.0003517279,"9":0.0000675773},"montedio-yamagata":{"0":0.5293977043,"1":0.3367050533,"2":0.1070747871,"3":0.0227004019,"4":0.0036094509,"5":0.0004591332,"6":0.0000486693,"7":0.0000044221,"8":0.0000003516,"9":0.0000000248}}