{"shonan-bellmare":{"0":0.3127396389,"1":0.3635236335,"2":0.2112770747,"3":0.0818617153,"4":0.0237886923,"5":0.0055303203,"6":0.0010713929,"7":0.00017791,"8":0.00002585,"9":0.0000033386},"nagoya-grampus-eight":{"0":0.0138185134,"1":0.0591673651,"2":0.1266698154,"3":0.1807893265,"4":0.1935234953,"5":0.1657236916,"6":0.1182644598,"7":0.0723397688,"8":0.0387175647,"9":0.0184198644}}