{"cerezo-osaka":{"0":0.2904411902,"1":0.3590881756,"2":0.2219800811,"3":0.0914819994,"4":0.0282760378,"5":0.0069918394,"6":0.0014407316,"7":0.0002544649,"8":0.0000393261,"9":0.0000054023},"yokohama-fa-marinos":{"0":0.6509578764,"1":0.2794629504,"2":0.0599881678,"3":0.0085845137,"4":0.0009213551,"5":0.0000791095,"6":0.0000056604,"7":0.0000003472,"8":0.0000000186,"9":0.0000000009}}