{"kyoto-sanga":{"0":0.3903675036,"1":0.3672056984,"2":0.1727090801,"3":0.0541538916,"4":0.0127351902,"5":0.0023959138,"6":0.000375626,"7":0.000050477,"8":0.0000059353,"9":0.0000006203},"omiya-ardija":{"0":0.1948611588,"1":0.3186891858,"2":0.2606029795,"3":0.1420692762,"4":0.058087438,"5":0.019000029,"6":0.0051789898,"7":0.0012100103,"8":0.0002473666,"9":0.0000449511}}