{"kawasaki-frontale":{"0":0.2633395933,"1":0.3513768767,"2":0.2344229896,"3":0.1042643795,"4":0.0347802732,"5":0.0092815392,"6":0.0020640764,"7":0.0003934456,"8":0.0000656223,"9":0.000009729},"cerezo-osaka":{"0":0.2606882011,"1":0.3504770949,"2":0.2355959985,"3":0.1055807932,"4":0.0354865022,"5":0.0095418252,"6":0.002138053,"7":0.0004106376,"8":0.0000690092,"9":0.0000103087}}