{"nagoya-grampus-eight":{"0":0.0951642876,"1":0.2238407303,"2":0.263253547,"3":0.2064039907,"4":0.1213733144,"5":0.0570976614,"6":0.0223837158,"7":0.0075214099,"8":0.002211436,"9":0.0005779589},"fc-tokyo":{"0":0.3052115518,"1":0.3622098489,"2":0.2149262927,"3":0.0850212686,"4":0.0252247504,"5":0.0059870952,"6":0.0011841977,"7":0.0002007638,"8":0.0000297821,"9":0.0000039271}}