{"montedio-yamagata":{"0":0.3258911802,"1":0.3653865047,"2":0.2048341685,"3":0.0765527937,"4":0.0214575903,"5":0.0048116147,"6":0.0008991238,"7":0.0001440129,"8":0.0000201833,"9":0.0000025144},"kyoto-sanga":{"0":0.6335335266,"1":0.2891715366,"2":0.065995069,"3":0.0100409816,"4":0.0011457823,"5":0.0001045967,"6":0.0000079571,"7":0.0000005188,"8":0.0000000296,"9":0.0000000015}}