{"omiya-ardija":{"0":0.187750677,"1":0.3140393642,"2":0.2626374611,"3":0.1464326745,"4":0.0612323011,"5":0.0204839239,"6":0.0057103731,"7":0.0013644858,"8":0.0002852868,"9":0.0000530202},"vissel-kobe":{"0":0.3626502707,"1":0.3678420992,"2":0.1865541278,"3":0.0630749674,"4":0.0159944927,"5":0.0032446951,"6":0.0005485245,"7":0.0000794825,"8":0.0000100775,"9":0.0000011358}}