{"albirex-niigata":{"0":0.1523278108,"1":0.2866383537,"2":0.2696866231,"3":0.1691582762,"4":0.079577146,"5":0.0299483883,"6":0.0093924157,"7":0.0025248429,"8":0.0005938811,"9":0.0001241687},"vegalta-sendai":{"0":0.4013647293,"1":0.3663997268,"2":0.1672403552,"3":0.050890388,"4":0.0116142644,"5":0.0021204969,"6":0.0003226282,"7":0.0000420746,"8":0.0000048012,"9":0.000000487}}