{"kashima-antlers":{"0":0.3360341383,"1":0.3664595167,"2":0.1998198428,"3":0.0726373451,"4":0.0198035284,"5":0.004319318,"6":0.0007850666,"7":0.0001223069,"8":0.0000166726,"9":0.0000020202},"jubilo-iwata":{"0":0.81940661,"1":0.1632051862,"2":0.016253184,"3":0.0010790751,"4":0.0000537312,"5":0.0000021404,"6":0.0000000711,"7":0.000000002,"8":0.0000000001,"9":0.0}}