{"yokohama-fa-marinos":{"0":0.3608599908,"1":0.3678120426,"2":0.1874490136,"3":0.0636867542,"4":0.0162284236,"5":0.0033082136,"6":0.0005619912,"7":0.0000818312,"8":0.000010426,"9":0.0000011808},"urawa-red-diamonds":{"0":0.2785831774,"1":0.3560400546,"2":0.2275164668,"3":0.0969249424,"4":0.0309684545,"5":0.0079157761,"6":0.0016861112,"7":0.000307845,"8":0.0000491797,"9":0.0000069837}}