{"gamba-osaka":{"0":0.0376751221,"1":0.1235275059,"2":0.202508232,"3":0.2213249793,"4":0.181417612,"5":0.1189647912,"6":0.0650094065,"7":0.0304499908,"8":0.0124797586,"9":0.0045464527},"shonan-bellmare":{"0":0.5782604944,"1":0.3167311002,"2":0.0867416941,"3":0.0158370334,"4":0.0021686079,"5":0.0002375627,"6":0.0000216867,"7":0.0000016969,"8":0.0000001162,"9":0.0000000071}}