{"shimizu-s-pulse":{"0":0.2852240444,"1":0.357807941,"2":0.2244315042,"3":0.0938482993,"4":0.0294327103,"5":0.007384551,"6":0.0015439623,"7":0.0002766957,"8":0.0000433887,"9":0.0000060478},"sanfrecce-hiroshima":{"0":0.2631334669,"1":0.3513078857,"2":0.234514507,"3":0.1043662957,"4":0.0348347011,"5":0.0093015194,"6":0.0020697336,"7":0.0003947555,"8":0.0000658795,"9":0.0000097728}}