{"omiya-ardija":{"0":0.1669150514,"1":0.2988230542,"2":0.267487015,"3":0.1596246835,"4":0.0714428313,"5":0.0255803954,"6":0.0076326369,"7":0.001952069,"8":0.0004368414,"9":0.000086896},"albirex-niigata":{"0":0.3780657243,"1":0.3677397001,"2":0.1788478542,"3":0.0579876743,"4":0.0141009675,"5":0.0027431662,"6":0.0004447071,"7":0.0000617944,"8":0.0000075133,"9":0.000000812}}