{"gamba-osaka":{"0":0.1576931462,"1":0.29127568,"2":0.2690082728,"3":0.1656287744,"4":0.0764834032,"5":0.0282545638,"6":0.0086981875,"7":0.0022952084,"8":0.0005299362,"9":0.0001087608},"yokohama-fa-marinos":{"0":0.2899735524,"1":0.3589772708,"2":0.2222007488,"3":0.0916922914,"4":0.0283779747,"5":0.0070261911,"6":0.0014496971,"7":0.0002563822,"8":0.000039674,"9":0.0000054572}}