{"fc-tokyo":{"0":0.4263436139,"1":0.3634620461,"2":0.1549274513,"3":0.0440257159,"4":0.0093830869,"5":0.0015998344,"6":0.0002273124,"7":0.0000276837,"8":0.0000029501,"9":0.0000002794},"montedio-yamagata":{"0":0.6490111169,"1":0.280571032,"2":0.0606461908,"3":0.0087392259,"4":0.0009445037,"5":0.0000816628,"6":0.0000058839,"7":0.0000003634,"8":0.0000000196,"9":0.0000000009}}