{"sanfrecce-hiroshima":{"0":0.1986489234,"1":0.3210596114,"2":0.2594508751,"3":0.1397762372,"4":0.0564771553,"5":0.0182558589,"6":0.0049175692,"7":0.0011354079,"8":0.0002293831,"9":0.0000411925},"vegalta-sendai":{"0":0.3884199672,"1":0.367316386,"2":0.1736797009,"3":0.0547477863,"4":0.0129433092,"5":0.002448015,"6":0.000385835,"7":0.0000521245,"8":0.0000061616,"9":0.0000006474}}