{"kawasaki-frontale":{"0":0.2150035505,"1":0.3304821159,"2":0.253992152,"3":0.1301371747,"4":0.0500084868,"5":0.0153736164,"6":0.0039384662,"7":0.0008648313,"8":0.0001661666,"9":0.0000283794},"urawa-red-diamonds":{"0":0.1705848885,"1":0.3016831668,"2":0.2667666929,"3":0.1572609419,"4":0.0695298678,"5":0.0245930233,"6":0.0072488847,"7":0.001831402,"8":0.0004048594,"9":0.0000795559}}