{"vissel-kobe":{"0":0.3396479769,"1":0.3667673597,"2":0.1980260525,"3":0.0712791845,"4":0.0192426277,"5":0.0041558132,"6":0.0007479394,"7":0.0001153799,"8":0.0000155741,"9":0.0000018686},"shimizu-s-pulse":{"0":0.2143622141,"1":0.3301366962,"2":0.2542197995,"3":0.1305069632,"4":0.0502480554,"5":0.0154772865,"6":0.0039727308,"7":0.0008740508,"8":0.0001682644,"9":0.0000287936}}