{"kashima-antlers":{"0":0.2213755415,"1":0.3338110139,"2":0.2516759355,"3":0.1265002728,"4":0.0476872739,"5":0.0143814779,"6":0.0036142925,"7":0.0007785675,"8":0.0001467497,"9":0.000024587},"kyoto-sanga":{"0":0.7626759936,"1":0.2066256947,"2":0.0279897218,"3":0.002527677,"4":0.0001712008,"5":0.0000092764,"6":0.0000004189,"7":0.0000000162,"8":0.0000000005,"9":0.0}}