{"jubilo-iwata":{"0":0.3096846454,"1":0.3630125805,"2":0.2127618136,"3":0.0831331874,"4":0.0243621966,"5":0.0057114771,"6":0.001115833,"7":0.0001868543,"8":0.0000273788,"9":0.0000035659},"nagoya-grampus-eight":{"0":0.2041862999,"1":0.3243953621,"2":0.2576871,"3":0.1364644284,"4":0.0542010258,"5":0.0172220775,"6":0.0045601836,"7":0.0010349809,"8":0.0002055372,"9":0.0000362824}}