{"shonan-bellmare":{"0":0.3591988507,"1":0.3677762111,"2":0.1882791958,"3":0.0642583805,"4":0.0164482039,"5":0.0033681946,"6":0.0005747707,"7":0.0000840708,"8":0.0000107598,"9":0.0000012241},"cerezo-osaka":{"0":0.0109395958,"1":0.0493962836,"2":0.1115211604,"3":0.167852968,"4":0.1894794142,"5":0.1711137972,"6":0.1287735826,"7":0.0830657017,"8":0.0468840101,"9":0.0235220539}}