{"yokohama-fa-marinos":{"0":0.3285855865,"1":0.3657019367,"2":0.2035054366,"3":0.0754976637,"4":0.021006431,"5":0.0046758548,"6":0.0008673383,"7":0.0001379016,"8":0.0000191848,"9":0.0000023724},"omiya-ardija":{"0":0.3422471226,"1":0.3669649703,"2":0.196733998,"3":0.0703141882,"4":0.0188481088,"5":0.0040418722,"6":0.0007222975,"7":0.0001106376,"8":0.0000148285,"9":0.0000017666}}