{"kyoto-sanga":{"0":0.4558381951,"1":0.3581144029,"2":0.1406704473,"3":0.0368377155,"4":0.0072350873,"5":0.001136802,"6":0.0001488486,"7":0.0000167054,"8":0.0000016405,"9":0.0000001432},"fc-tokyo":{"0":0.1052237055,"1":0.2369287102,"2":0.2667422396,"3":0.2002048698,"4":0.112698658,"5":0.0507519623,"6":0.0190460836,"7":0.0061264902,"8":0.0017243517,"9":0.0004314073}}