{"urawa-red-diamonds":{"0":0.3114109704,"1":0.3633050522,"2":0.2119234284,"3":0.0824129094,"4":0.024036586,"5":0.0056084172,"6":0.0010905023,"7":0.0001817465,"8":0.0000265041,"9":0.0000034356},"vissel-kobe":{"0":0.4620879676,"1":0.356731911,"2":0.1376985176,"3":0.0354344185,"4":0.0068388428,"5":0.0010559173,"6":0.0001358614,"7":0.0000149836,"8":0.0000014459,"9":0.000000124}}