{"montedio-yamagata":{"0":0.382816696,"1":0.3675802106,"2":0.1764750762,"3":0.0564837309,"4":0.0135589055,"5":0.0026038495,"6":0.0004167023,"7":0.0000571596,"8":0.0000068606,"9":0.0000007319},"kashima-antlers":{"0":0.4092133919,"1":0.3656397436,"2":0.163352941,"3":0.0486529593,"4":0.01086808,"5":0.0019421662,"6":0.0002892269,"7":0.0000369185,"8":0.0000041234,"9":0.0000004094}}