{"nagoya-grampus-eight":{"0":0.2368570445,"1":0.3411448477,"2":0.2456752075,"3":0.1179485449,"4":0.0424702783,"5":0.0122339757,"6":0.0029367628,"7":0.0006042593,"8":0.0001087892,"9":0.0000174099},"sanfrecce-hiroshima":{"0":0.4092133919,"1":0.3656397436,"2":0.163352941,"3":0.0486529593,"4":0.01086808,"5":0.0019421662,"6":0.0002892269,"7":0.0000369185,"8":0.0000041234,"9":0.0000004094}}