{"albirex-niigata":{"0":0.0578101568,"1":0.1647931008,"2":0.2348788482,"3":0.223181161,"4":0.1590495408,"5":0.0906770314,"6":0.0430805185,"7":0.0175435614,"8":0.0062511893,"9":0.0019799536},"shonan-bellmare":{"0":0.5968992475,"1":0.3080041569,"2":0.0794661419,"3":0.0136683604,"4":0.0017632422,"5":0.000181969,"6":0.0000156495,"7":0.0000011536,"8":0.0000000744,"9":0.0000000043}}