{"cerezo-osaka":{"0":0.3011192973,"1":0.3614180621,"2":0.2168957897,"3":0.0867763006,"4":0.0260382867,"5":0.0062504843,"6":0.001250356,"7":0.0002143912,"8":0.0000321653,"9":0.0000042896},"jubilo-iwata":{"0":0.8514339649,"1":0.1369389627,"2":0.0110121749,"3":0.0005903749,"4":0.000023738,"5":0.0000007636,"6":0.0000000205,"7":0.0000000005,"8":0.0,"9":0.0}}