{"shimizu-s-pulse":{"0":0.2431416067,"1":0.3438292842,"2":0.2431064315,"3":0.1145931809,"4":0.0405118769,"5":0.0114576603,"6":0.0027004011,"7":0.0005455239,"8":0.0000964289,"9":0.0000151513},"gamba-osaka":{"0":0.1430413954,"1":0.2781613318,"2":0.2704592131,"3":0.1753135742,"4":0.0852296238,"5":0.0331478669,"6":0.0107433408,"7":0.0029845326,"8":0.0007254732,"9":0.0001567523}}