{"vegalta-sendai":{"0":0.2235968897,"1":0.3349281172,"2":0.250846163,"3":0.1252483628,"4":0.0469027078,"5":0.0140512112,"6":0.0035079093,"7":0.0007506477,"8":0.0001405504,"9":0.0000233924},"kawasaki-frontale":{"0":0.1052237055,"1":0.2369287102,"2":0.2667422396,"3":0.2002048698,"4":0.112698658,"5":0.0507519623,"6":0.0190460836,"7":0.0061264902,"8":0.0017243517,"9":0.0004314073}}