{"jef-united":{"0":0.0396895771,"1":0.1280650355,"2":0.2066115906,"3":0.2222222442,"4":0.179259277,"5":0.1156819867,"6":0.0622112018,"7":0.0286764016,"8":0.0115661486,"9":0.0041466785},"gamba-osaka":{"0":0.1770810855,"1":0.3065534858,"2":0.2653446565,"3":0.1531169166,"4":0.0662669934,"5":0.0229435885,"6":0.0066197895,"7":0.0016371189,"8":0.0003542618,"9":0.0000681422}}