{"kashima-antlers":{"0":0.3761460509,"1":0.3677872498,"2":0.1798070999,"3":0.0586037955,"4":0.0143253722,"5":0.0028014061,"6":0.0004565254,"7":0.0000637686,"8":0.0000077939,"9":0.0000008467},"urawa-red-diamonds":{"0":0.7293702631,"1":0.230170124,"2":0.0363178269,"3":0.0038203179,"4":0.000301398,"5":0.0000190227,"6":0.0000010005,"7":0.0000000451,"8":0.0000000018,"9":0.0000000001}}