{"nagoya-grampus-eight":{"0":0.4250469883,"1":0.3636513122,"2":0.1555619502,"3":0.0443639636,"4":0.0094889589,"5":0.0016236663,"6":0.0002315228,"7":0.0000282972,"8":0.0000030262,"9":0.0000002877},"oita-trinita":{"0":0.7228235321,"1":0.2346214088,"2":0.0380779008,"3":0.004119904,"4":0.0003343201,"5":0.0000217034,"6":0.0000011741,"7":0.0000000544,"8":0.0000000022,"9":0.0000000001}}