{"yokohama-fa-marinos":{"0":0.2613225006,"1":0.3506947958,"2":0.235316208,"3":0.1052647837,"4":0.0353163349,"5":0.0094789043,"6":0.0021201149,"7":0.0004064563,"8":0.000068183,"9":0.0000101668},"sanfrecce-hiroshima":{"0":0.5295881035,"1":0.3366357166,"2":0.1069922124,"3":0.0226700712,"4":0.0036025902,"5":0.0004580014,"6":0.0000485219,"7":0.0000044062,"8":0.0000003501,"9":0.0000000247}}