{"jubilo-iwata":{"0":0.1068139582,"1":0.2389072197,"2":0.2671779074,"3":0.1991959732,"4":0.1113837483,"5":0.0498256634,"6":0.0185739001,"7":0.0059348033,"8":0.0016592721,"9":0.0004123598},"montedio-yamagata":{"0":0.5295881035,"1":0.3366357166,"2":0.1069922124,"3":0.0226700712,"4":0.0036025902,"5":0.0004580014,"6":0.0000485219,"7":0.0000044062,"8":0.0000003501,"9":0.0000000247}}