{"omiya-ardija":{"0":0.5460619593,"1":0.3303799526,"2":0.0999437071,"3":0.0201560749,"4":0.0030487214,"5":0.0003689092,"6":0.0000371997,"7":0.0000032152,"8":0.0000002432,"9":0.0000000163},"shimizu-s-pulse":{"0":0.1021914087,"1":0.2330891678,"2":0.2658274351,"3":0.2021092784,"4":0.1152481507,"5":0.0525740781,"6":0.019986103,"7":0.0065123508,"8":0.0018567589,"9":0.0004705662}}