{"kyoto-sanga":{"0":0.3798280876,"1":0.3676874638,"2":0.1779674482,"3":0.0574263303,"4":0.0138976964,"5":0.0026906956,"6":0.0004341153,"7":0.0000600342,"8":0.0000072644,"9":0.0000007814},"vissel-kobe":{"0":0.2247070452,"1":0.3354781238,"2":0.2504273319,"3":0.1246258083,"4":0.0465152665,"5":0.0138890655,"6":0.0034559647,"7":0.000737087,"8":0.000137555,"9":0.0000228182}}