{"kawasaki-frontale":{"0":0.0911220415,"1":0.2182879128,"2":0.2614604111,"3":0.2087809801,"4":0.1250366092,"5":0.0599064288,"6":0.0239181964,"7":0.0081853383,"8":0.0024510541,"9":0.000652404},"kashiwa-reysol":{"0":0.4949598214,"1":0.3480946941,"2":0.12240379,"3":0.028694659,"4":0.0050450855,"5":0.0007096202,"6":0.0000831768,"7":0.0000083566,"8":0.0000007346,"9":0.0000000574}}