{"fc-tokyo":{"0":0.2175485286,"1":0.3318340223,"2":0.2530787477,"3":0.1286764833,"4":0.0490686323,"5":0.0149692041,"6":0.0038055043,"7":0.0008292375,"8":0.000158108,"9":0.0000267964},"albirex-niigata":{"0":1.0,"1":0.0,"2":0.0,"3":0.0,"4":0.0,"5":0.0,"6":0.0,"7":0.0,"8":0.0,"9":0.0}}