{"gamba-osaka":{"0":0.167551223,"1":0.2993245909,"2":0.2673666271,"3":0.159213811,"4":0.0711075216,"5":0.0254062363,"6":0.0075645636,"7":0.0019305481,"8":0.0004311074,"9":0.0000855732},"jubilo-iwata":{"0":0.694911633,"1":0.2529273958,"2":0.0460290665,"3":0.0055844088,"4":0.0005081401,"5":0.0000369896,"6":0.0000022439,"7":0.0000001167,"8":0.0000000053,"9":0.0000000002}}