{"shimizu-s-pulse":{"0":0.5117470536,"1":0.3428320487,"2":0.1148358479,"3":0.0256437946,"4":0.0042948536,"5":0.0005754458,"6":0.0000642509,"7":0.000006149,"8":0.0000005149,"9":0.0000000383},"yokohama-fa-marinos":{"0":0.2418384605,"1":0.3432861383,"2":0.2436448125,"3":0.1152834094,"4":0.0409107761,"5":0.011614449,"6":0.0027477566,"7":0.0005572,"8":0.0000988672,"9":0.0000155934}}