{"urawa-red-diamonds":{"0":0.3706558767,"1":0.3678689904,"2":0.1825515291,"3":0.0603929871,"4":0.0149847261,"5":0.0029744118,"6":0.000492008,"7":0.0000697584,"8":0.0000086542,"9":0.0000009544},"fc-tokyo":{"0":0.0496499769,"1":0.1490868333,"2":0.2238357925,"3":0.2240415239,"4":0.1681855833,"5":0.1010040994,"6":0.050548467,"7":0.0216835401,"8":0.0081388012,"9":0.0027154272}}