{"vissel-kobe":{"0":0.2863540445,"1":0.3580932683,"2":0.2239025278,"3":0.0933320011,"4":0.0291785309,"5":0.0072977041,"6":0.0015209952,"7":0.0002717206,"8":0.0000424742,"9":0.0000059017},"kawasaki-frontale":{"0":0.2697407092,"1":0.3534396646,"2":0.2315549567,"3":0.1011350326,"4":0.0331291596,"5":0.0086817886,"6":0.0018959494,"7":0.0003548931,"8":0.0000581268,"9":0.0000084626}}