{"kashiwa-reysol":{"0":0.2863540445,"1":0.3580932683,"2":0.2239025278,"3":0.0933320011,"4":0.0291785309,"5":0.0072977041,"6":0.0015209952,"7":0.0002717206,"8":0.0000424742,"9":0.0000059017},"jef-united":{"0":0.0866496456,"1":0.211934839,"2":0.2591838414,"3":0.2113110613,"4":0.1292104989,"5":0.0632067358,"6":0.02576604,"7":0.0090029575,"8":0.0027525219,"9":0.0007480383}}