{"sanfrecce-hiroshima":{"0":0.4021470344,"1":0.3663308142,"2":0.166852238,"3":0.0506639869,"4":0.0115379314,"5":0.0021020669,"6":0.0003191419,"7":0.0000415312,"8":0.000004729,"9":0.0000004787},"omiya-ardija":{"0":0.3895968248,"1":0.3672506641,"2":0.1730931076,"3":0.0543883272,"4":0.012817192,"5":0.0024164069,"6":0.0003796348,"7":0.0000511229,"8":0.0000060238,"9":0.0000006309}}