{"montedio-yamagata":{"0":0.4130028638,"1":0.365218743,"2":0.1614816045,"3":0.0475994348,"4":0.010523054,"5":0.0018611089,"6":0.0002742967,"7":0.0000346515,"8":0.0000038303,"9":0.0000003763},"nagoya-grampus-eight":{"0":0.2986800478,"1":0.3609196989,"2":0.2180644975,"3":0.0878350969,"4":0.0265345953,"5":0.0064127873,"6":0.0012915165,"7":0.0002229494,"8":0.000033676,"9":0.0000045215}}