{"oita-trinita":{"0":0.3039240502,"1":0.3619666884,"2":0.2155470806,"3":0.0855705703,"4":0.0254781548,"5":0.0060687815,"6":0.0012046303,"7":0.0002049554,"8":0.0000305122,"9":0.0000040377},"kyoto-sanga":{"0":0.4971698656,"1":0.3474340002,"2":0.1213975271,"3":0.0282784828,"4":0.0049404173,"5":0.000690496,"6":0.0000804225,"7":0.0000080287,"8":0.0000007013,"9":0.0000000545}}