{"albirex-niigata":{"0":0.3897607373,"1":0.367241228,"2":0.173011423,"3":0.0543384025,"4":0.0127997126,"5":0.0024120347,"6":0.0003787788,"7":0.0000509848,"8":0.0000060049,"9":0.0000006287},"kashima-antlers":{"0":0.3464558103,"1":0.3672431589,"2":0.1946388742,"3":0.0687724022,"4":0.0182246866,"5":0.0038636336,"6":0.0006825753,"7":0.0001033614,"8":0.0000136954,"9":0.000001613}}