{"jef-united":{"0":0.2057525427,"1":0.3253114527,"2":0.2571718917,"3":0.1355365375,"4":0.0535735638,"5":0.0169408296,"6":0.0044641375,"7":0.0010083091,"8":0.0001992773,"9":0.0000350082},"kawasaki-frontale":{"0":0.0983182293,"1":0.2280536382,"2":0.2644904319,"3":0.2044992256,"4":0.1185863311,"5":0.0550132858,"6":0.0212676396,"7":0.0070473235,"8":0.0020433237,"9":0.0005266203}}