{"nagoya-grampus-eight":{"0":0.3248719013,"1":0.3652613809,"2":0.2053361276,"3":0.076954801,"4":0.0216305387,"5":0.0048639482,"6":0.0009114425,"7":0.0001463939,"8":0.0000205743,"9":0.0000025702},"shimizu-s-pulse":{"0":0.2821809315,"1":0.357017237,"2":0.2258503202,"3":0.0952491213,"4":0.0301274593,"5":0.0076234933,"6":0.0016075493,"7":0.0002905546,"8":0.0000459515,"9":0.0000064598}}