{"yokohama-fa-marinos":{"0":0.4433568593,"1":0.3606177271,"2":0.1466596742,"3":0.0397633624,"4":0.0080856837,"5":0.0013153471,"6":0.0001783129,"7":0.0000207195,"8":0.0000021066,"9":0.0000001904},"kashiwa-reysol":{"0":0.114558844,"1":0.2482108287,"2":0.2688950644,"3":0.1942019909,"4":0.1051927451,"5":0.0455835229,"6":0.0164607166,"7":0.0050949837,"8":0.0013798914,"9":0.0003321961}}