{"kashima-antlers":{"0":0.1214675527,"1":0.2560667326,"2":0.2699081777,"3":0.1896652059,"4":0.0999586896,"5":0.0421447448,"6":0.014807613,"7":0.0044594356,"8":0.0011751215,"9":0.0002752537},"sanfrecce-hiroshima":{"0":0.6028524984,"1":0.3050932352,"2":0.0772012079,"3":0.0130233992,"4":0.0016477293,"5":0.0001667775,"6":0.0000140672,"7":0.000001017,"8":0.0000000643,"9":0.0000000036}}