{"jubilo-iwata":{"0":0.1558042403,"1":0.2896642214,"2":0.2692653326,"3":0.1668686568,"4":0.0775586715,"5":0.0288387173,"6":0.0089359406,"7":0.0023733283,"8":0.0005515481,"9":0.0001139348},"urawa-red-diamonds":{"0":0.2865047969,"1":0.3581309961,"2":0.2238318725,"3":0.0932632802,"4":0.0291447751,"5":0.0072861938,"6":0.001517957,"7":0.0002710638,"8":0.0000423537,"9":0.0000058825}}