{"kyoto-sanga":{"0":0.290324285,"1":0.3590605211,"2":0.2220352628,"3":0.0915345372,"4":0.0283014893,"5":0.0070004116,"6":0.0014429677,"7":0.0002549429,"8":0.0000394128,"9":0.000005416},"gamba-osaka":{"0":0.1476378888,"1":0.2824302036,"2":0.270143459,"3":0.1722608217,"4":0.0823834236,"5":0.0315197776,"6":0.0100495174,"7":0.0027463791,"8":0.0006567254,"9":0.0001395901}}