{"omiya-ardija":{"0":0.4608660292,"1":0.3570088959,"2":0.1382780935,"3":0.035705611,"4":0.006914819,"5":0.00107131,"6":0.0001383147,"7":0.0000153065,"8":0.0000014821,"9":0.0000001276},"vissel-kobe":{"0":0.2691463487,"1":0.3532545827,"2":0.2318233199,"3":0.1014227025,"4":0.0332793242,"5":0.0087358226,"6":0.0019109612,"7":0.0003583052,"8":0.0000587845,"9":0.0000085727}}