{"fc-tokyo":{"0":0.0465324373,"1":0.1427431667,"2":0.2189398712,"3":0.2238737275,"4":0.1716890769,"5":0.1053348759,"6":0.0538543098,"7":0.0236005406,"8":0.0090496439,"9":0.0030845265},"montedio-yamagata":{"0":0.0000203995,"1":0.0002203146,"2":0.001189699,"3":0.0042829165,"4":0.0115638747,"5":0.0249779693,"6":0.0449603447,"7":0.0693673889,"8":0.093645975,"9":0.1123751701}}