{"oita-trinita":{"0":0.7056813074,"1":0.2459945403,"2":0.042875809,"3":0.0049820482,"4":0.000434175,"5":0.0000302699,"6":0.0000017586,"7":0.0000000876,"8":0.0000000038,"9":0.0000000001},"albirex-niigata":{"0":0.7408182207,"1":0.2222454662,"2":0.0333368199,"3":0.003333682,"4":0.0002500261,"5":0.0000150016,"6":0.0000007501,"7":0.0000000321,"8":0.0000000012,"9":0.0}}