{"kashima-antlers":{"0":0.2877213759,"1":0.3584325615,"2":0.2232609599,"3":0.0927100596,"4":0.0288736838,"5":0.0071939517,"6":0.0014936595,"7":0.0002658208,"8":0.0000413937,"9":0.0000057296},"kyoto-sanga":{"0":0.6753505669,"1":0.2650908767,"2":0.0520271814,"3":0.0068072948,"4":0.0006680056,"5":0.0000524416,"6":0.0000034308,"7":0.0000001924,"8":0.0000000094,"9":0.0000000004}}