{"urawa-red-diamonds":{"0":0.3053060149,"1":0.3622274753,"2":0.2148807057,"3":0.08498107,"4":0.0252062496,"5":0.005981144,"6":0.0011827121,"7":0.0002004597,"8":0.0000297292,"9":0.0000039191},"oita-trinita":{"0":0.073034567,"1":0.191118493,"2":0.2500615796,"3":0.2181222501,"4":0.1426967991,"5":0.0746824369,"6":0.0325717793,"7":0.0121763661,"8":0.0039829235,"9":0.0011580671}}