{"gamba-osaka":{"0":0.0579915698,"1":0.1651285378,"2":0.2350982572,"3":0.2231441085,"4":0.1588483484,"5":0.0904627882,"6":0.0429314927,"7":0.0174636581,"8":0.0062158783,"9":0.0019666056},"sanfrecce-hiroshima":{"0":0.0860117789,"1":0.2110102053,"2":0.2588326116,"3":0.2116621824,"4":0.1298161749,"5":0.0636948522,"6":0.0260434559,"7":0.0091273794,"8":0.0027989919,"9":0.0007629651}}