{"kashiwa-reysol":{"0":0.4107253613,"1":0.3654759571,"2":0.1626058284,"3":0.0482305423,"4":0.010729252,"5":0.0019094432,"6":0.0002831801,"7":0.0000359975,"8":0.000004004,"9":0.0000003959},"omiya-ardija":{"0":0.1273587128,"1":0.2624541699,"2":0.2704259087,"3":0.1857598532,"4":0.0957010458,"5":0.0394431413,"6":0.0135470602,"7":0.0039881532,"8":0.0010273222,"9":0.000235228}}