{"vissel-kobe":{"0":0.4178105108,"1":0.3646346276,"2":0.159113292,"3":0.0462875031,"4":0.0100990916,"5":0.0017627505,"6":0.0002564001,"7":0.0000319668,"8":0.0000034873,"9":0.0000003382},"shimizu-s-pulse":{"0":0.3895133487,"1":0.3672554431,"2":0.1731347089,"3":0.0544137656,"4":0.0128261019,"5":0.0024186364,"6":0.0003800714,"7":0.0000511933,"8":0.0000060335,"9":0.0000006321}}