{"jubilo-iwata":{"0":0.0579915698,"1":0.1651285378,"2":0.2350982572,"3":0.2231441085,"4":0.1588483484,"5":0.0904627882,"6":0.0429314927,"7":0.0174636581,"8":0.0062158783,"9":0.0019666056},"fc-tokyo":{"0":0.1333266334,"1":0.2686469362,"2":0.2706555114,"3":0.1817860693,"4":0.0915726088,"5":0.0369029055,"6":0.0123929384,"7":0.0035673131,"8":0.0008984961,"9":0.0002011586}}