{"kawasaki-frontale":{"0":0.1811419001,"1":0.3094763311,"2":0.2643662218,"3":0.1505543229,"4":0.0643045583,"5":0.0219725406,"6":0.0062565878,"7":0.0015270316,"8":0.0003261118,"9":0.000061906},"nagoya-grampus-eight":{"0":0.7305053737,"1":0.2293923417,"2":0.0360167415,"3":0.0037699767,"4":0.0002959608,"5":0.0000185874,"6":0.0000009728,"7":0.0000000436,"8":0.0000000017,"9":0.0000000001}}