{"albirex-niigata":{"0":0.5363966591,"1":0.3341114783,"2":0.1040559053,"3":0.0216048278,"4":0.0033643111,"5":0.0004191133,"6":0.0000435096,"7":0.0000038716,"8":0.0000003014,"9":0.0000000209},"yokohama-fa-marinos":{"0":0.0292255989,"1":0.1032455736,"2":0.1823683495,"3":0.2147515144,"4":0.1896637207,"5":0.1340053952,"6":0.0789003729,"7":0.0398188798,"8":0.0175835707,"9":0.0069019623}}