{"nagoya-grampus-eight":{"0":0.2004595382,"1":0.3221671149,"2":0.2588842888,"3":0.1386880119,"4":0.0557228619,"5":0.0179109199,"6":0.0047975678,"7":0.0011014824,"8":0.0002212799,"9":0.0000395143},"urawa-red-diamonds":{"0":0.5193525113,"1":0.3402654385,"2":0.1114662643,"3":0.0243432072,"4":0.0039872494,"5":0.0005224672,"6":0.000057051,"7":0.0000053397,"8":0.0000004373,"9":0.0000000318}}