{"shimizu-s-pulse":{"0":0.1353352832,"1":0.2706705665,"2":0.2706705665,"3":0.1804470443,"4":0.0902235222,"5":0.0360894089,"6":0.012029803,"7":0.0034370866,"8":0.0008592716,"9":0.0001909493},"kawasaki-frontale":{"0":0.5410605208,"1":0.332332432,"2":0.1020633008,"3":0.020896581,"4":0.0032087961,"5":0.000394184,"6":0.0000403529,"7":0.0000035408,"8":0.0000002719,"9":0.0000000186}}