{"yokohama-fa-marinos":{"0":0.2425873463,"1":0.3435991265,"2":0.2433357749,"3":0.1148863986,"4":0.0406810854,"5":0.0115240845,"6":0.0027204396,"7":0.000550459,"8":0.0000974583,"9":0.0000153377},"vissel-kobe":{"0":0.2796164928,"1":0.3563254422,"2":0.2270392198,"3":0.0964414385,"4":0.0307247061,"5":0.0078307215,"6":0.0016631621,"7":0.0003027754,"8":0.0000482297,"9":0.000006829}}