{"jef-united":{"0":0.2750001581,"1":0.3550206959,"2":0.2291629492,"3":0.0986152035,"4":0.0318276528,"5":0.0082177956,"6":0.0017681732,"7":0.0003260975,"8":0.0000526233,"9":0.0000075484},"jubilo-iwata":{"0":0.4883054439,"1":0.3500242562,"2":0.1254511715,"3":0.0299750587,"4":0.0053716366,"5":0.000770093,"6":0.0000920023,"7":0.0000094212,"8":0.0000008442,"9":0.0000000672}}