{"sanfrecce-hiroshima":{"0":0.1267455468,"1":0.2618022771,"2":0.2703859583,"3":0.1861673811,"4":0.0961356148,"5":0.0397150409,"6":0.0136723911,"7":0.0040344761,"8":0.0010416885,"9":0.000239076},"kashiwa-reysol":{"0":0.0052128051,"1":0.0274018248,"2":0.0720207255,"3":0.1261956075,"4":0.1658411302,"5":0.1743533298,"6":0.1527520323,"7":0.1147088586,"8":0.0753728562,"9":0.0440230842}}