{"fc-tokyo":{"0":0.262032768,"1":0.3509367429,"2":0.2350022832,"3":0.1049117336,"4":0.0351266965,"5":0.0094089366,"6":0.0021002091,"7":0.0004018257,"8":0.0000672699,"9":0.0000100104},"kashima-antlers":{"0":0.2153349955,"1":0.33065988,"2":0.2538740996,"3":0.1299463333,"4":0.0498851091,"5":0.0153203191,"6":0.0039208791,"7":0.0008601066,"8":0.0001650932,"9":0.0000281678}}