{"kyoto-sanga":{"0":0.7018059339,"1":0.2485083307,"2":0.0439981963,"3":0.0051932297,"4":0.0004597285,"5":0.0000325578,"6":0.0000019214,"7":0.0000000972,"8":0.0000000043,"9":0.0000000002},"albirex-niigata":{"0":0.4098207548,"1":0.3655746202,"2":0.163052751,"3":0.0484829419,"4":0.0108121251,"5":0.0019289597,"6":0.0002867834,"7":0.0000365458,"8":0.000004075,"9":0.0000004039}}