{"omiya-ardija":{"0":0.1278186448,"1":0.2629412122,"2":0.2704538182,"3":0.1854540468,"4":0.0953763669,"5":0.0392405624,"6":0.0134539071,"7":0.0039538013,"8":0.0010166918,"9":0.0002323867},"gamba-osaka":{"0":0.3996199217,"1":0.3665479282,"2":0.1681064636,"3":0.0513980682,"4":0.0117861087,"5":0.0021621413,"6":0.0003305342,"7":0.0000433114,"8":0.0000049659,"9":0.0000005061}}