{"oita-trinita":{"0":0.6915274316,"1":0.2550715936,"2":0.0470418923,"3":0.0057838392,"4":0.0005333458,"5":0.0000393452,"6":0.0000024188,"7":0.0000001275,"8":0.0000000059,"9":0.0000000002},"montedio-yamagata":{"0":0.6715075037,"1":0.2674144926,"2":0.0532462485,"3":0.0070680861,"4":0.0007036811,"5":0.0000560454,"6":0.0000037198,"7":0.0000002116,"8":0.0000000105,"9":0.0000000005}}