{"kashima-antlers":{"0":0.4542575691,"1":0.3584505181,"2":0.1414250226,"3":0.0371990666,"4":0.0073383613,"5":0.0011581268,"6":0.0001523112,"7":0.0000171696,"8":0.0000016935,"9":0.0000001485},"yokohama-fa-marinos":{"0":0.4436261351,"1":0.3605673932,"2":0.1465297406,"3":0.0396984776,"4":0.0080664638,"5":0.001311241,"6":0.0001776236,"7":0.000020624,"8":0.0000020953,"9":0.0000001892}}