{"urawa-red-diamonds":{"0":0.2668622351,"1":0.3525310776,"2":0.2328507828,"3":0.1025337254,"4":0.0338623454,"5":0.0089465856,"6":0.0019697738,"7":0.0003717309,"8":0.0000613831,"9":0.0000090098},"kyoto-sanga":{"0":0.1110245199,"1":0.2440323613,"2":0.2681920778,"3":0.1964957713,"4":0.1079746327,"5":0.0474657393,"6":0.0173883157,"7":0.0054599416,"8":0.0015001218,"9":0.0003663638}}