{"gamba-osaka":{"0":0.2381671339,"1":0.3417180616,"2":0.2451455659,"3":0.1172435315,"4":0.042054745,"5":0.0120678833,"6":0.0028857982,"7":0.000591499,"8":0.0001060841,"9":0.000016912},"montedio-yamagata":{"0":0.0690636129,"1":0.1845882018,"2":0.2466769606,"3":0.2197667467,"4":0.1468441444,"5":0.0784948699,"6":0.0349658966,"7":0.0133506151,"8":0.0044603191,"9":0.0013245796}}