{"vissel-kobe":{"0":0.502608741,"1":0.345766297,"2":0.1189337972,"3":0.0272732348,"4":0.0046906095,"5":0.0006453746,"6":0.0000739969,"7":0.0000072722,"8":0.0000006254,"9":0.0000000478},"oita-trinita":{"0":0.4602433075,"1":0.3571488066,"2":0.138573737,"3":0.0358444066,"4":0.0069538149,"5":0.0010792321,"6":0.0001395807,"7":0.0000154735,"8":0.0000015009,"9":0.0000001294}}