{"kashiwa-reysol":{"0":0.3729303387,"1":0.367844925,"2":0.1814144289,"3":0.0596468653,"4":0.0147083747,"5":0.0029015612,"6":0.0004769991,"7":0.0000672135,"8":0.0000082871,"9":0.0000009082},"nagoya-grampus-eight":{"0":0.3096635456,"1":0.3630089464,"2":0.2127720505,"3":0.0831420197,"4":0.0243662012,"5":0.005712748,"6":0.0011161461,"7":0.0001869176,"8":0.0000273897,"9":0.0000035676}}