{"jubilo-iwata":{"0":0.4481620143,"1":0.3596950446,"2":0.1443457064,"3":0.0386173107,"4":0.007748568,"5":0.0012438009,"6":0.0001663792,"7":0.0000190766,"8":0.0000019139,"9":0.0000001707},"shimizu-s-pulse":{"0":0.1635450704,"1":0.2961256075,"2":0.2680923833,"3":0.1618086473,"4":0.073245381,"5":0.026524594,"6":0.008004533,"7":0.0020705059,"8":0.0004686245,"9":0.0000942803}}