{"fc-tokyo":{"0":0.2513499492,"1":0.3470914299,"2":0.2396508554,"3":0.110312015,"4":0.0380827161,"5":0.0105177538,"6":0.002420677,"7":0.0004775335,"8":0.0000824288,"9":0.0000126474},"jef-united":{"0":0.367755805,"1":0.3678794204,"2":0.1840015387,"3":0.0613544626,"4":0.0153437715,"5":0.0030697858,"6":0.0005118029,"7":0.0000731393,"8":0.0000091455,"9":0.0000010165}}