{"kawasaki-frontale":{"0":0.0419845097,"1":0.1331099796,"2":0.2110095699,"3":0.2229987501,"4":0.1767518502,"5":0.1120767414,"6":0.059222369,"7":0.0268231184,"8":0.0106301847,"9":0.0037447242},"omiya-ardija":{"0":0.391482241,"1":0.3671379672,"2":0.1721537695,"3":0.0538161363,"4":0.0126173967,"5":0.0023665571,"6":0.0003698988,"7":0.0000495567,"8":0.0000058094,"9":0.0000006053}}