{"albirex-niigata":{"0":0.0791537088,"1":0.2007625886,"2":0.2546034646,"3":0.2152556565,"4":0.1364916549,"5":0.069238494,"6":0.0292689997,"7":0.0106052609,"8":0.0033623498,"9":0.0009475713},"sanfrecce-hiroshima":{"0":0.0778523514,"1":0.1987524737,"2":0.253701687,"3":0.2158951611,"4":0.1377919116,"5":0.070354929,"6":0.0299353325,"7":0.0109175919,"8":0.0034839962,"9":0.0009882708}}