{"nagoya-grampus-eight":{"0":0.3909676595,"1":0.367169628,"2":0.1724100862,"3":0.0539718531,"4":0.0126716525,"5":0.0023800669,"6":0.0003725322,"7":0.0000499795,"8":0.0000058672,"9":0.0000006122},"yokohama-fa-marinos":{"0":0.1488580808,"1":0.2835392015,"2":0.2700373348,"3":0.1714522761,"4":0.081643941,"5":0.0311024537,"6":0.0098737948,"7":0.0026867469,"8":0.0006397016,"9":0.0001353866}}