{"jef-united":{"0":0.5193525113,"1":0.3402654385,"2":0.1114662643,"3":0.0243432072,"4":0.0039872494,"5":0.0005224672,"6":0.000057051,"7":0.0000053397,"8":0.0000004373,"9":0.0000000318},"urawa-red-diamonds":{"0":0.2789056517,"1":0.3561295283,"2":0.2273676424,"3":0.0967738621,"4":0.0308921939,"5":0.0078891355,"6":0.0016789155,"7":0.0003062538,"8":0.0000488812,"9":0.0000069351}}