{"shimizu-s-pulse":{"0":0.0802656281,"1":0.2024631275,"2":0.2553478927,"3":0.2146976822,"4":0.1353890987,"5":0.068301466,"6":0.0287140933,"7":0.010346975,"8":0.0032624191,"9":0.0009143523},"kashiwa-reysol":{"0":0.3168922246,"1":0.3641705,"2":0.2092511946,"3":0.0801567076,"4":0.0230288928,"5":0.005292931,"6":0.001013767,"7":0.0001664306,"8":0.0000239076,"9":0.0000030527}}