{"sanfrecce-hiroshima":{"0":0.0817288821,"1":0.2046775481,"2":0.2562918863,"3":0.2139480094,"4":0.1339500581,"5":0.0670915074,"6":0.0280034118,"7":0.0100186119,"8":0.0031362611,"9":0.0008726987},"kawasaki-frontale":{"0":0.2178802838,"1":0.3320080515,"2":0.2529585155,"3":0.128486865,"4":0.0489473771,"5":0.0149172959,"6":0.0037885196,"7":0.0008247117,"8":0.000157088,"9":0.0000265969}}