{"vissel-kobe":{"0":0.1348653695,"1":0.270199836,"2":0.2706697488,"3":0.1807603192,"4":0.0905373425,"5":0.0362779195,"6":0.0121136705,"7":0.0034670679,"8":0.0008682744,"9":0.0001932854},"gamba-osaka":{"0":0.1814696845,"1":0.3097082616,"2":0.2642843832,"3":0.1503484491,"4":0.0641486716,"5":0.0218960799,"6":0.0062282183,"7":0.0015184989,"8":0.0003239464,"9":0.0000614298}}