{"omiya-ardija":{"0":0.554518465,"1":0.3269746811,"2":0.096401156,"3":0.0189478134,"4":0.002793169,"5":0.0003294013,"6":0.0000323722,"7":0.0000027269,"8":0.000000201,"9":0.0000000132},"albirex-niigata":{"0":0.5417756865,"1":0.3320560659,"2":0.101759117,"3":0.020789497,"4":0.0031854874,"5":0.0003904791,"6":0.0000398877,"7":0.0000034925,"8":0.0000002676,"9":0.0000000182}}