{"montedio-yamagata":{"0":0.6749589206,"1":0.2653286791,"2":0.0521508093,"3":0.0068335543,"4":0.0006715734,"5":0.0000527996,"6":0.0000034593,"7":0.0000001943,"8":0.0000000095,"9":0.0000000004},"kashima-antlers":{"0":1.0,"1":0.0,"2":0.0,"3":0.0,"4":0.0,"5":0.0,"6":0.0,"7":0.0,"8":0.0,"9":0.0}}