{"kyoto-sanga":{"0":0.1596960818,"1":0.2929597087,"2":0.2687147673,"3":0.1643175359,"4":0.0753594216,"5":0.0276491119,"6":0.0084536365,"7":0.0022154358,"8":0.0005080223,"9":0.0001035509},"jubilo-iwata":{"0":0.4891658119,"1":0.3497798547,"2":0.1250557007,"3":0.0298071832,"4":0.0053284346,"5":0.0007620234,"6":0.0000908146,"7":0.0000092768,"8":0.0000008292,"9":0.0000000659}}