{"oita-trinita":{"0":0.8215588358,"1":0.1614788057,"2":0.0158694688,"3":0.0010397238,"4":0.0000510899,"5":0.0000020084,"6":0.0000000658,"7":0.0000000018,"8":0.0,"9":0.0},"fc-tokyo":{"0":0.664578582,"1":0.2715482378,"2":0.055477597,"3":0.0075560885,"4":0.0007718585,"5":0.0000630766,"6":0.0000042955,"7":0.0000002507,"8":0.0000000128,"9":0.0000000006}}