{"nagoya-grampus-eight":{"0":0.0332691413,"1":0.1132190464,"2":0.1926492837,"3":0.2185365311,"4":0.1859267831,"5":0.1265464168,"6":0.0717755458,"7":0.0348944506,"8":0.0148437721,"9":0.0056128013},"sanfrecce-hiroshima":{"0":0.1000259545,"1":0.2302923139,"2":0.2651039428,"3":0.203451863,"4":0.1171031072,"5":0.0539218959,"6":0.02069096,"7":0.0068053324,"8":0.0019585114,"9":0.0005010145}}