{"yokohama-fa-marinos":{"0":0.0280154258,"1":0.1001551471,"2":0.1790273255,"3":0.2133408962,"4":0.190673426,"5":0.1363314996,"6":0.0812308518,"7":0.0414857565,"8":0.0185389474,"9":0.0073640819},"jubilo-iwata":{"0":0.1468116728,"1":0.2816735582,"2":0.2702100995,"3":0.1728087845,"4":0.0828879344,"5":0.0318058353,"6":0.0101704706,"7":0.0027875875,"8":0.0006685348,"9":0.0001425171}}