{"shimizu-s-pulse":{"0":0.4886319002,"1":0.3499316994,"2":0.1253010642,"3":0.0299112784,"4":0.0053552093,"5":0.0007670222,"6":0.00009155,"7":0.0000093662,"8":0.0000008384,"9":0.0000000667},"urawa-red-diamonds":{"0":0.6189992841,"1":0.2969037264,"2":0.0712051088,"3":0.0113845377,"4":0.0013651517,"5":0.0001309593,"6":0.0000104691,"7":0.0000007174,"8":0.000000043,"9":0.0000000023}}