{"gamba-osaka":{"0":0.1271357329,"1":0.2622174492,"2":0.2704117445,"3":0.1859080743,"4":0.0958588508,"5":0.039541776,"6":0.0135924855,"7":0.0040049288,"8":0.0010325207,"9":0.0002366193},"fc-tokyo":{"0":0.1995624803,"1":0.3216204625,"2":0.2591662564,"3":0.1392265238,"4":0.0560953378,"5":0.0180809624,"6":0.0048566306,"7":0.0011181545,"8":0.0002252561,"9":0.0000403366}}