{"kashima-antlers":{"0":0.1712581292,"1":0.3021992404,"2":0.2666278715,"3":0.1568290328,"4":0.0691844743,"5":0.0244163541,"6":0.0071807819,"7":0.0018101554,"8":0.0003992713,"9":0.000078283},"vissel-kobe":{"0":0.8577107375,"1":0.1316486248,"2":0.0101032666,"3":0.0005169113,"4":0.000019835,"5":0.0000006089,"6":0.0000000156,"7":0.0000000003,"8":0.0,"9":0.0}}