{"kashiwa-reysol":{"0":0.2360409434,"1":0.340784112,"2":0.2460035309,"3":0.1183891992,"4":0.0427311016,"5":0.0123386056,"6":0.002968977,"7":0.0006123515,"8":0.0001105103,"9":0.0000177277},"oita-trinita":{"0":0.1585222265,"1":0.2919758219,"2":0.2688893615,"3":0.1650855615,"4":0.0760161423,"5":0.0280022254,"6":0.008596032,"7":0.0022618131,"8":0.000520743,"9":0.0001065707}}