{"kawasaki-frontale":{"0":0.0841629903,"1":0.2083034009,"2":0.2577754586,"3":0.2126647533,"4":0.1315863161,"5":0.0651352265,"6":0.0268682809,"7":0.0094998565,"8":0.0029390181,"9":0.00080823},"kyoto-sanga":{"0":0.6309900935,"1":0.2905489268,"2":0.0668938227,"3":0.0102674239,"4":0.0011819476,"5":0.0001088491,"6":0.0000083535,"7":0.0000005495,"8":0.0000000316,"9":0.0000000016}}