{"omiya-ardija":{"0":0.3669226681,"1":0.3678781959,"2":0.184418106,"3":0.0616327872,"4":0.0154483223,"5":0.0030977105,"6":0.0005176296,"7":0.0000741397,"8":0.0000092916,"9":0.0000010351},"montedio-yamagata":{"0":0.2154807456,"1":0.3307378886,"2":0.2538221006,"3":0.1298624701,"4":0.0498309478,"5":0.0152969421,"6":0.0039131712,"7":0.0008580375,"8":0.0001646235,"9":0.0000280753}}