{"albirex-niigata":{"0":0.1380692373,"1":0.2733770899,"2":0.270643319,"3":0.1786245905,"4":0.0884191723,"5":0.0350139922,"6":0.0115546174,"7":0.0032683061,"8":0.0008089058,"9":0.0001779593},"jef-united":{"0":0.251227758,"1":0.3470448564,"2":0.2397030752,"3":0.1103749044,"4":0.0381178449,"5":0.0105311627,"6":0.0024246165,"7":0.0004784791,"8":0.0000826211,"9":0.0000126814}}