{"jef-united":{"0":0.5827482524,"1":0.3146840563,"2":0.0849646952,"3":0.0152936451,"4":0.0020646421,"5":0.0002229813,"6":0.0000200683,"7":0.0000015481,"8":0.0000001045,"9":0.0000000063},"kashima-antlers":{"0":0.1832062233,"1":0.3109271333,"2":0.2638438817,"3":0.1492602531,"4":0.0633289931,"5":0.0214956697,"6":0.0060802037,"7":0.0014741392,"8":0.0003127281,"9":0.0000589716}}