{"urawa-red-diamonds":{"0":0.6234417141,"1":0.2945762099,"2":0.0695936296,"3":0.0109609967,"4":0.0012947677,"5":0.0001223556,"6":0.0000096355,"7":0.0000006504,"8":0.0000000384,"9":0.000000002},"albirex-niigata":{"0":0.3143831364,"1":0.3637862007,"2":0.2104763019,"3":0.0811837164,"4":0.0234852894,"5":0.005435167,"6":0.0010482108,"7":0.0001732757,"8":0.0000250631,"9":0.0000032224}}