{"yokohama-fa-marinos":{"0":0.1592149664,"1":0.2925575007,"2":0.2687872038,"3":0.1646321623,"4":0.0756278996,"5":0.0277932531,"6":0.0085116838,"7":0.002234317,"8":0.0005131947,"9":0.0001047772},"kawasaki-frontale":{"0":0.2764530466,"1":0.3554396314,"2":0.2284969059,"3":0.0979272454,"4":0.0314766146,"5":0.0080939866,"6":0.0017344257,"7":0.000318568,"8":0.0000511984,"9":0.0000073141}}