{"sanfrecce-hiroshima":{"0":0.1319938432,"1":0.2672875325,"2":0.2706286266,"3":0.182674323,"4":0.092478876,"5":0.0374539448,"6":0.0126407064,"7":0.0036567758,"8":0.0009256214,"9":0.0002082648},"shimizu-s-pulse":{"0":0.2764530466,"1":0.3554396314,"2":0.2284969059,"3":0.0979272454,"4":0.0314766146,"5":0.0080939866,"6":0.0017344257,"7":0.000318568,"8":0.0000511984,"9":0.0000073141}}