{"jubilo-iwata":{"0":0.1453557012,"1":0.2803288524,"2":0.2703171077,"3":0.1737752835,"4":0.0837845117,"5":0.0323168831,"6":0.0103875696,"7":0.0028618814,"8":0.0006899178,"9":0.0001478395},"vissel-kobe":{"0":0.5162188426,"1":0.3413365408,"2":0.11285004,"3":0.02487307,"4":0.0041116708,"5":0.0005437475,"6":0.0000599232,"7":0.0000056604,"8":0.0000004678,"9":0.0000000344}}