{"fc-tokyo":{"0":0.2967100143,"1":0.3605026674,"2":0.2190053704,"3":0.088697175,"4":0.0269417669,"5":0.0065468494,"6":0.001325737,"7":0.0002301101,"8":0.000034948,"9":0.000004718},"omiya-ardija":{"0":0.1084230813,"1":0.2408851086,"2":0.2675889435,"3":0.1981687261,"4":0.1100685725,"5":0.048908184,"6":0.0181100018,"7":0.0057478928,"8":0.001596272,"9":0.0003940511}}