{"montedio-yamagata":{"0":0.4065696597,"1":0.3659126938,"2":0.1646607122,"3":0.0493982137,"4":0.0111145981,"5":0.0020006277,"6":0.0003000941,"7":0.0000385835,"8":0.0000043406,"9":0.0000004341},"kashiwa-reysol":{"0":0.6241100454,"1":0.2942233071,"2":0.0693526367,"3":0.0108982715,"4":0.0012844391,"5":0.0001211043,"6":0.0000095153,"7":0.0000006408,"8":0.0000000378,"9":0.000000002}}