{"kyoto-sanga":{"0":0.2592402606,"1":0.3499743519,"2":0.2362326875,"3":0.1063047094,"4":0.0358778394,"5":0.0096870166,"6":0.0021795787,"7":0.0004203473,"8":0.0000709336,"9":0.00001064},"nagoya-grampus-eight":{"0":0.2231301601,"1":0.3346952402,"2":0.2510214302,"3":0.1255107151,"4":0.0470665182,"5":0.0141199554,"6":0.0035299889,"7":0.0007564262,"8":0.0001418299,"9":0.0000236383}}