{"oita-trinita":{"0":0.7857854968,"1":0.1894304323,"2":0.0228331325,"3":0.0018348053,"4":0.0001105798,"5":0.0000053315,"6":0.0000002142,"7":0.0000000074,"8":0.0000000002,"9":0.0},"gamba-osaka":{"0":0.6090113543,"1":0.3020199165,"2":0.0748886119,"3":0.0123795461,"4":0.0015348111,"5":0.0001522282,"6":0.0000125821,"7":0.0000008914,"8":0.0000000553,"9":0.000000003}}