{"nagoya-grampus-eight":{"0":0.487489077,"1":0.350254757,"2":0.125826814,"3":0.0301349933,"4":0.0054129032,"5":0.0007778205,"6":0.0000931424,"7":0.0000095602,"8":0.0000008586,"9":0.0000000685},"kashima-antlers":{"0":0.2619128171,"1":0.3508960178,"2":0.2350553452,"3":0.1049712973,"4":0.0351586557,"5":0.0094207167,"6":0.0021035575,"7":0.0004026039,"8":0.0000674233,"9":0.0000100367}}