{"shimizu-s-pulse":{"0":0.272531793,"1":0.3542913309,"2":0.2302893651,"3":0.0997920582,"4":0.0324324189,"5":0.0084324289,"6":0.0018270263,"7":0.0003393049,"8":0.000055137,"9":0.0000079642},"jef-united":{"0":0.4000733465,"1":0.3665101462,"2":0.1678813254,"3":0.0512657739,"4":0.0117412385,"5":0.002151247,"6":0.0003284622,"7":0.0000429867,"8":0.0000049226,"9":0.0000005011}}