{"sanfrecce-hiroshima":{"0":0.1039970384,"1":0.2353861539,"2":0.2663856697,"3":0.200978474,"4":0.1137233106,"5":0.0514801058,"6":0.0194199506,"7":0.0062792825,"8":0.0017765604,"9":0.0004467838},"fc-tokyo":{"0":0.2138617084,"1":0.3298657943,"2":0.2543967385,"3":0.1307960221,"4":0.0504357863,"5":0.0155586906,"6":0.0039996873,"7":0.0008813172,"8":0.0001699208,"9":0.0000291211}}