{"kashiwa-reysol":{"0":0.3951177613,"1":0.3668950641,"2":0.1703441369,"3":0.0527255662,"4":0.0122398636,"5":0.0022731175,"6":0.000351792,"7":0.0000466663,"8":0.0000054166,"9":0.0000005589},"urawa-red-diamonds":{"0":0.3079393752,"1":0.3627071165,"2":0.2136077146,"3":0.0838661161,"4":0.0246954755,"5":0.0058175248,"6":0.0011420309,"7":0.0001921634,"8":0.0000282925,"9":0.0000037027}}