{"vissel-kobe":{"0":0.351817446,"1":0.367523582,"2":0.1919654424,"3":0.0668451094,"4":0.0174573165,"5":0.0036473322,"6":0.0006350266,"7":0.000094768,"8":0.0000123748,"9":0.0000014364},"montedio-yamagata":{"0":0.0999229685,"1":0.2301581396,"2":0.2650680319,"3":0.2035153211,"4":0.117192044,"5":0.0539869926,"6":0.0207252079,"7":0.0068196465,"8":0.001963509,"9":0.0005025177}}