{"omiya-ardija":{"0":0.2854833905,"1":0.3578738216,"2":0.2243101989,"3":0.0937296188,"4":0.029374193,"5":0.0073645298,"6":0.0015386607,"7":0.0002755459,"8":0.0000431771,"9":0.0000060139},"oita-trinita":{"0":0.2433090535,"1":0.3438985682,"2":0.2430370418,"3":0.1145047002,"4":0.040460889,"5":0.0114376688,"6":0.002694377,"7":0.000544042,"8":0.0000961202,"9":0.0000150954}}