{"kawasaki-frontale":{"0":0.0974484876,"1":0.2269021158,"2":0.2641630025,"3":0.2050284741,"4":0.1193486829,"5":0.0555790435,"6":0.0215686648,"7":0.0071744508,"8":0.002088152,"9":0.0005402354},"gamba-osaka":{"0":0.377434221,"1":0.3677564205,"2":0.1791633843,"3":0.0581898171,"4":0.0141744426,"5":0.0027621991,"6":0.0004485622,"7":0.0000624372,"8":0.0000076045,"9":0.0000008233}}