{"kyoto-sanga":{"0":0.4741775405,"1":0.3538187005,"2":0.1320050636,"3":0.0328328921,"4":0.0061247583,"5":0.0009140264,"6":0.0001136704,"7":0.0000121168,"8":0.0000011302,"9":0.0000000937},"yokohama-fa-marinos":{"0":0.1041186304,"1":0.2355397013,"2":0.2664218242,"3":0.2009019796,"4":0.1136213377,"5":0.0514073914,"6":0.0193825088,"7":0.0062639405,"8":0.0017713048,"9":0.0004452321}}