{"albirex-niigata":{"0":0.0536646919,"1":0.1569692238,"2":0.2295674899,"3":0.2238283026,"4":0.1636744463,"5":0.0957495511,"6":0.0466779062,"7":0.0195046965,"8":0.0071314047,"9":0.0023177065},"jubilo-iwata":{"0":0.237023185,"1":0.3412179409,"2":0.2456082158,"3":0.1178589761,"4":0.0424173664,"5":0.0122127854,"6":0.0029302488,"7":0.0006026255,"8":0.0001084423,"9":0.0000173459}}