{"kashima-antlers":{"0":0.3681667347,"1":0.367879329,"2":0.1837960738,"3":0.0612175317,"4":0.0152924357,"5":0.0030560996,"6":0.0005089523,"7":0.0000726507,"8":0.0000090743,"9":0.0000010075},"shimizu-s-pulse":{"0":0.7672821663,"1":0.203253554,"2":0.0269210005,"3":0.0023771303,"4":0.0001574258,"5":0.0000083404,"6":0.0000003682,"7":0.0000000139,"8":0.0000000005,"9":0.0}}