{"urawa-red-diamonds":{"0":0.360581804,"1":0.367806576,"2":0.1875880533,"3":0.0637822161,"4":0.016265046,"5":0.0033181879,"6":0.0005641121,"7":0.0000822021,"8":0.0000104811,"9":0.0000011879},"kawasaki-frontale":{"0":0.3035973445,"1":0.3619041193,"2":0.215704442,"3":0.0857103743,"4":0.0255428268,"5":0.0060896806,"6":0.0012098703,"7":0.0002060328,"8":0.0000307002,"9":0.0000040663}}