{"gamba-osaka":{"0":0.0537873684,"1":0.157205236,"2":0.2297331785,"3":0.2238149936,"4":0.1635369508,"5":0.0955944331,"6":0.0465659065,"7":0.019442707,"8":0.0071031904,"9":0.0023067347},"kashiwa-reysol":{"0":0.2234470313,"1":0.3348534509,"2":0.2509024911,"3":0.1253325594,"4":0.0469552446,"5":0.0140732464,"6":0.003514983,"7":0.0007524981,"8":0.0001409599,"9":0.0000234711}}