{"jef-united":{"0":0.3669897694,"1":0.3678783645,"2":0.1843845556,"3":0.0616103358,"4":0.0154398783,"5":0.0030954526,"6":0.0005171579,"7":0.0000740586,"8":0.0000092797,"9":0.0000010336},"sanfrecce-hiroshima":{"0":0.0536305716,"1":0.1569035314,"2":0.2295213106,"3":0.223831937,"4":0.1637126936,"5":0.0957927503,"6":0.0467091199,"7":0.0195219833,"8":0.0071392772,"9":0.0023207696}}