{"jubilo-iwata":{"0":0.1562440994,"1":0.2900415082,"2":0.269207211,"3":0.1665796571,"4":0.0773069434,"5":0.0287015286,"6":0.0088799456,"7":0.0023548801,"8":0.000546431,"9":0.0001127066},"omiya-ardija":{"0":0.0841177092,"1":0.2082365992,"2":0.2577488239,"3":0.2126890164,"4":0.1316299441,"5":0.06517099,"6":0.0268888788,"7":0.0095092065,"8":0.0029425504,"9":0.0008093773}}