{"vissel-kobe":{"0":0.3249377089,"1":0.3652695557,"2":0.2053037315,"3":0.0769287987,"4":0.0216193345,"5":0.004860553,"6":0.0009106422,"7":0.000146239,"8":0.0000205488,"9":0.0000025666},"nagoya-grampus-eight":{"0":0.3035973445,"1":0.3619041193,"2":0.215704442,"3":0.0857103743,"4":0.0255428268,"5":0.0060896806,"6":0.0012098703,"7":0.0002060328,"8":0.0000307002,"9":0.0000040663}}