{"fc-tokyo":{"0":0.2102785846,"1":0.3278920303,"2":0.2556446338,"3":0.1328774368,"4":0.0517996787,"5":0.0161544761,"6":0.0041983384,"7":0.0009352231,"8":0.0001822892,"9":0.0000315831},"kyoto-sanga":{"0":0.4549029257,"1":0.3583139483,"2":0.1411167947,"3":0.0370512132,"4":0.0072960437,"5":0.0011493767,"6":0.0001508885,"7":0.0000169786,"8":0.0000016717,"9":0.0000001463}}