{"montedio-yamagata":{"0":0.8052741466,"1":0.1744002389,"2":0.0188851483,"3":0.0013633346,"4":0.0000738152,"5":0.0000031973,"6":0.0000001154,"7":0.0000000036,"8":0.0000000001,"9":0.0},"albirex-niigata":{"0":0.848658702,"1":0.1392633429,"2":0.0114264301,"3":0.0006250188,"4":0.0000256411,"5":0.0000008415,"6":0.000000023,"7":0.0000000005,"8":0.0,"9":0.0}}