{"oita-trinita":{"0":0.8305778833,"1":0.1541831422,"2":0.014310784,"3":0.0008855207,"4":0.0000410956,"5":0.0000015257,"6":0.0000000472,"7":0.0000000013,"8":0.0,"9":0.0},"yokohama-fa-marinos":{"0":0.3461285899,"1":0.3672233711,"2":0.1948018861,"3":0.0688913576,"4":0.0182724841,"5":0.0038772198,"6":0.0006855861,"7":0.0001039099,"8":0.0000137803,"9":0.0000016245}}