{"yokohama-fa-marinos":{"0":0.0402584551,"1":0.1293276795,"2":0.2077283972,"3":0.2224380073,"4":0.178641923,"5":0.1147751215,"6":0.061451274,"7":0.0282011768,"8":0.0113243068,"9":0.0040420669},"fc-tokyo":{"0":0.3001363673,"1":0.3612196255,"2":0.2173672239,"3":0.0872018142,"4":0.0262372459,"5":0.0063154014,"6":0.0012667836,"7":0.0002177996,"8":0.0000327657,"9":0.0000043816}}