{"shimizu-s-pulse":{"0":0.1455171776,"1":0.2804787051,"2":0.2703059023,"3":0.1736680409,"4":0.0836846,"5":0.0322597629,"6":0.0103632399,"7":0.0028535346,"8":0.0006875096,"9":0.0001472387},"oita-trinita":{"0":0.3412917168,"1":0.366894634,"2":0.1972091115,"3":0.0706677613,"4":0.0189922734,"5":0.004083406,"6":0.0007316223,"7":0.0001123581,"8":0.0000150984,"9":0.0000018034}}