{"nagoya-grampus-eight":{"0":0.0801339031,"1":0.2022624794,"2":0.2552609381,"3":0.2147643224,"4":0.1355193078,"5":0.0684116713,"6":0.0287791511,"7":0.0103771709,"8":0.0032740704,"9":0.0009182153},"omiya-ardija":{"0":0.2582161785,"1":0.3496138977,"2":0.236681292,"3":0.1068188543,"4":0.0361570644,"5":0.0097910304,"6":0.0022094409,"7":0.0004273558,"8":0.0000723277,"9":0.000010881}}