{"urawa-red-diamonds":{"0":0.1227117847,"1":0.2574391254,"2":0.2700429442,"3":0.188842551,"4":0.0990439942,"5":0.0415572136,"6":0.0145305967,"7":0.0043548549,"8":0.0011420154,"9":0.0002662059},"gamba-osaka":{"0":0.0981683808,"1":0.2278557919,"2":0.2644347472,"3":0.2045906168,"4":0.1187173422,"5":0.0551102785,"6":0.0213191458,"7":0.0070690362,"8":0.002050967,"9":0.0005289378}}