{"kashiwa-reysol":{"0":0.5649039304,"1":0.322616407,"2":0.09212305,"3":0.0175371456,"4":0.0025038642,"5":0.0002859912,"6":0.0000272216,"7":0.0000022209,"8":0.0000001585,"9":0.0000000101},"kashima-antlers":{"0":0.1450547503,"1":0.2800490861,"2":0.2703375467,"3":0.1739751893,"4":0.0839710397,"5":0.0324236371,"6":0.0104330835,"7":0.00287751,"8":0.0006944309,"9":0.0001489666}}