{"sanfrecce-hiroshima":{"0":0.2139594192,"1":0.3299187728,"2":0.2543622456,"3":0.1307395583,"4":0.0503990836,"5":0.015542764,"6":0.0039944098,"7":0.0008798937,"8":0.0001695961,"9":0.0000290569},"montedio-yamagata":{"0":0.2060538298,"1":0.3254863045,"2":0.2570719857,"3":0.1353584978,"4":0.0534536743,"5":0.0168872754,"6":0.0044459069,"7":0.001003262,"8":0.0001980963,"9":0.0000347685}}