{"kyoto-sanga":{"0":0.2278976202,"1":0.3370283978,"2":0.2492087034,"3":0.1228481601,"4":0.0454187702,"5":0.0134335895,"6":0.0033110636,"7":0.0006995136,"8":0.0001293102,"9":0.000021248},"jef-united":{"0":0.1905973818,"1":0.3159327,"2":0.2618437619,"3":0.1446767104,"4":0.0599537403,"5":0.0198757684,"6":0.0054909859,"7":0.0013002592,"8":0.0002694124,"9":0.0000496195}}