{"kawasaki-frontale":{"0":0.0170930278,"1":0.0695529767,"2":0.1415084743,"3":0.1919366525,"4":0.1952516206,"5":0.1588990736,"6":0.1077622963,"7":0.0626419862,"8":0.0318619429,"9":0.014405438},"jubilo-iwata":{"0":0.4955671717,"1":0.3479141078,"2":0.1221269621,"3":0.0285798411,"4":0.0050161363,"5":0.0007043181,"6":0.0000824114,"7":0.0000082653,"8":0.0000007253,"9":0.0000000566}}