{"albirex-niigata":{"0":0.0335199861,"1":0.1138209146,"2":0.1932459124,"3":0.218729471,"4":0.1856801817,"5":0.1260996233,"6":0.0713642621,"7":0.0346179209,"8":0.0146936346,"9":0.005543767},"vissel-kobe":{"0":0.7649891253,"1":0.204935737,"2":0.0274504924,"3":0.002451271,"4":0.00016417,"5":0.000008796,"6":0.0000003927,"7":0.000000015,"8":0.0000000005,"9":0.0}}