{"jef-united":{"0":0.4320703941,"1":0.3625791104,"2":0.1521321677,"3":0.0425547525,"4":0.0089276334,"5":0.0014983546,"6":0.0002095616,"7":0.0000251224,"8":0.0000026352,"9":0.0000002457},"yokohama-fa-marinos":{"0":0.1524588657,"1":0.2867538511,"2":0.2696719891,"3":0.1690717931,"4":0.0795001123,"5":0.0299057234,"6":0.0093747488,"7":0.002518942,"8":0.0005922223,"9":0.0001237653}}