{"gamba-osaka":{"0":0.2130755905,"1":0.3294379372,"2":0.254673363,"3":0.131250866,"4":0.050732013,"5":0.0156874372,"6":0.0040424128,"7":0.0008928583,"8":0.0001725569,"9":0.0000296435},"kashima-antlers":{"0":0.2799830213,"1":0.3564257541,"2":0.2268696823,"3":0.0962703586,"4":0.030638675,"5":0.0078007679,"6":0.0016550971,"7":0.0003009975,"8":0.0000478972,"9":0.0000067749}}