{"jubilo-iwata":{"0":0.3924051298,"1":0.3670794905,"2":0.1716941779,"3":0.053537706,"4":0.012520602,"5":0.0023425057,"6":0.0003652202,"7":0.000048807,"8":0.0000057071,"9":0.0000005932},"nagoya-grampus-eight":{"0":0.2974806747,"1":0.3606673594,"2":0.218637638,"3":0.0883591958,"4":0.0267818051,"5":0.0064940843,"6":0.0013122445,"7":0.0002272819,"8":0.0000344447,"9":0.0000046401}}