{"vissel-kobe":{"0":0.1090526254,"1":0.2416524074,"2":0.2677417706,"3":0.197765202,"4":0.1095581996,"5":0.0485545444,"6":0.0179322025,"7":0.0056766301,"8":0.0015723731,"9":0.00038714},"kashiwa-reysol":{"0":0.2546415241,"1":0.3483237616,"2":0.2382357774,"3":0.108627455,"4":0.0371478335,"5":0.0101628932,"6":0.0023169678,"7":0.0004527681,"8":0.0000774176,"9":0.0000117666}}