{"omiya-ardija":{"0":0.4251649142,"1":0.3636342621,"2":0.1555042198,"3":0.0443331206,"4":0.0094792874,"5":0.0016214855,"6":0.0002311368,"7":0.0000282409,"8":0.0000030192,"9":0.0000002869},"urawa-red-diamonds":{"0":0.3300584564,"1":0.3658650129,"2":0.2027780308,"3":0.0749255023,"4":0.0207634582,"5":0.0046031985,"6":0.0008504298,"7":0.0001346699,"8":0.0000186599,"9":0.0000022983}}