{"montedio-yamagata":{"0":0.6801157818,"1":0.262179348,"2":0.0505340505,"3":0.0064934946,"4":0.0006257979,"5":0.000048248,"6":0.0000030999,"7":0.0000001707,"8":0.0000000082,"9":0.0000000004},"kyoto-sanga":{"0":0.8457194722,"1":0.1417151548,"2":0.0118734319,"3":0.0006632007,"4":0.0000277827,"5":0.0000009311,"6":0.000000026,"7":0.0000000006,"8":0.0,"9":0.0}}