{"fc-tokyo":{"0":0.3820560624,"1":0.3676097284,"2":0.1768548201,"3":0.0567225239,"4":0.0136444318,"5":0.0026257015,"6":0.0004210697,"7":0.0000578783,"8":0.0000069612,"9":0.0000007442},"kawasaki-frontale":{"0":0.2103867588,"1":0.3279525066,"2":0.2556074518,"3":0.1328142909,"4":0.0517579859,"5":0.0161361498,"6":0.0041921925,"7":0.000933546,"8":0.0001819023,"9":0.0000315056}}