{"oita-trinita":{"0":0.6036194973,"1":0.3047139135,"2":0.0769115059,"3":0.0129419312,"4":0.0016333081,"5":0.0001649025,"6":0.0000138741,"7":0.0000010005,"8":0.0000000631,"9":0.0000000035},"sanfrecce-hiroshima":{"0":0.2152325869,"1":0.3306050096,"2":0.2539106042,"3":0.1300052793,"4":0.0499231985,"5":0.0153367664,"6":0.0039263043,"7":0.0008615636,"8":0.0001654241,"9":0.000028233}}