{"albirex-niigata":{"0":0.1345078089,"1":0.2698405572,"2":0.2706680264,"3":0.1809986887,"4":0.0907768616,"5":0.036422092,"6":0.0121779269,"7":0.0034900773,"8":0.0008751949,"9":0.0001950842},"shimizu-s-pulse":{"0":0.2919687043,"1":0.3594452002,"2":0.2212580493,"3":0.0907975668,"4":0.0279454177,"5":0.0068807691,"6":0.0014118291,"7":0.0002483021,"8":0.0000382109,"9":0.0000052269}}