{"yokohama-fa-marinos":{"0":0.1970755844,"1":0.3200838472,"2":0.2599349625,"3":0.1407260114,"4":0.0571406693,"5":0.0185612087,"6":0.00502442,"7":0.001165786,"8":0.000236679,"9":0.0000427118},"urawa-red-diamonds":{"0":0.1884932637,"1":0.3145373914,"2":0.2624331731,"3":0.1459734671,"4":0.060896226,"5":0.0203234213,"6":0.0056522585,"7":0.001347412,"8":0.0002810521,"9":0.00005211}}