{"nagoya-grampus-eight":{"0":0.2318036952,"1":0.3388655714,"2":0.2476877588,"3":0.1206953062,"4":0.044110043,"5":0.0128965804,"6":0.0031421753,"7":0.0006562049,"8":0.0001199103,"9":0.000019477},"jef-united":{"0":0.315725471,"1":0.3639942774,"2":0.2098212627,"3":0.0806330667,"4":0.0232401069,"5":0.0053586211,"6":0.0010296432,"7":0.0001695796,"8":0.0000244382,"9":0.0000031305}}