{"shimizu-s-pulse":{"0":0.2162160807,"1":0.3311299541,"2":0.253558954,"3":0.1294399019,"4":0.0495585581,"5":0.0151795583,"6":0.0038745241,"7":0.0008476778,"8":0.0001622749,"9":0.0000276134},"montedio-yamagata":{"0":0.2007288644,"1":0.3223304536,"2":0.2587991558,"3":0.13852658,"4":0.055611503,"5":0.0178601927,"6":0.0047799835,"7":0.0010965284,"8":0.0002201007,"9":0.0000392709}}