{"gamba-osaka":{"0":0.4205087384,"1":0.3642825229,"2":0.1577871568,"3":0.0455631463,"4":0.0098677247,"5":0.0017096623,"6":0.0002468439,"7":0.0000305483,"8":0.000003308,"9":0.0000003184},"albirex-niigata":{"0":0.3646665408,"1":0.3678653701,"2":0.1855461297,"3":0.0623912424,"4":0.0157346335,"5":0.0031745313,"6":0.0005337297,"7":0.0000769159,"8":0.0000096988,"9":0.0000010871}}