{"kashima-antlers":{"0":0.1210463292,"1":0.2555992403,"2":0.2698593674,"3":0.1899433871,"4":0.1002702556,"5":0.0423457718,"6":0.014902761,"7":0.0044954858,"8":0.0011865733,"9":0.0002783941},"jubilo-iwata":{"0":0.5618945373,"1":0.3238991067,"2":0.0933543791,"3":0.0179377671,"4":0.0025850166,"5":0.000298022,"6":0.000028632,"7":0.0000023578,"8":0.0000001699,"9":0.0000000109}}