{"sanfrecce-hiroshima":{"0":0.090263878,"1":0.2170862441,"2":0.2610481538,"3":0.2092751627,"4":0.1258276292,"5":0.0605235406,"6":0.0242600333,"7":0.0083351164,"8":0.002505763,"9":0.0006696006},"vissel-kobe":{"0":0.8657076294,"1":0.1248419986,"2":0.0090016098,"3":0.0004327015,"4":0.0000155998,"5":0.0000004499,"6":0.0000000108,"7":0.0000000002,"8":0.0,"9":0.0}}