{"kashiwa-reysol":{"0":0.2318036952,"1":0.3388655714,"2":0.2476877588,"3":0.1206953062,"4":0.044110043,"5":0.0128965804,"6":0.0031421753,"7":0.0006562049,"8":0.0001199103,"9":0.000019477},"fc-tokyo":{"0":0.2049041372,"1":0.3248167087,"2":0.2574518399,"3":0.1360386706,"4":0.0539125684,"5":0.0170925812,"6":0.0045158971,"7":0.0010226656,"8":0.0002026428,"9":0.0000356925}}