{"omiya-ardija":{"0":0.3715596971,"1":0.3678610937,"2":0.1820996536,"3":0.0600956618,"4":0.0148743634,"5":0.00294526,"6":0.0004859904,"7":0.0000687361,"8":0.0000085065,"9":0.0000009358},"kyoto-sanga":{"0":0.7193588744,"1":0.2369531559,"2":0.0390255824,"3":0.0042849428,"4":0.0003528596,"5":0.000023246,"6":0.0000012762,"7":0.0000000601,"8":0.0000000025,"9":0.0000000001}}