{"kawasaki-frontale":{"0":0.0146522138,"1":0.0618786996,"2":0.1306619433,"3":0.1839355981,"4":0.1941975418,"5":0.1640256073,"6":0.115451169,"7":0.0696527432,"8":0.0367693683,"9":0.0172536741},"oita-trinita":{"0":0.5007094314,"1":0.3463553962,"2":0.1197920919,"3":0.0276212342,"4":0.0047766044,"5":0.0006608235,"6":0.0000761852,"7":0.0000075285,"8":0.000000651,"9":0.00000005}}