{"jef-united":{"0":0.3408240597,"1":0.3668592309,"2":0.1974416,"3":0.0708413148,"4":0.019063201,"5":0.0041038836,"6":0.0007362291,"7":0.0001132098,"8":0.0000152322,"9":0.0000018218},"omiya-ardija":{"0":0.1287008512,"1":0.2638707929,"2":0.2705024663,"3":0.1848672058,"4":0.0947566696,"5":0.0388552481,"6":0.0132772563,"7":0.0038888411,"8":0.0009966441,"9":0.0002270427}}