{"yokohama-fa-marinos":{"0":0.1257808357,"1":0.2607706255,"2":0.270316693,"3":0.1868081432,"4":0.0968233278,"5":0.0401471013,"6":0.0138722573,"7":0.0041085946,"8":0.0010647496,"9":0.0002452727},"gamba-osaka":{"0":0.1583643096,"1":0.2918427992,"2":0.2689122936,"3":0.1651889803,"4":0.0761049231,"5":0.0280501002,"6":0.0086153879,"7":0.0022681327,"8":0.0005224806,"9":0.0001069841}}