{"urawa-red-diamonds":{"0":0.1579877003,"1":0.2915249232,"2":0.268966447,"3":0.1654357114,"4":0.0763170693,"5":0.0281646327,"6":0.0086617422,"7":0.0022832824,"8":0.00052665,"9":0.0001079772},"vissel-kobe":{"0":0.7203325288,"1":0.2362995597,"2":0.0387581288,"3":0.0042381023,"4":0.0003475692,"5":0.0000228035,"6":0.0000012468,"7":0.0000000584,"8":0.0000000024,"9":0.0000000001}}