{"jubilo-iwata":{"0":0.0796102644,"1":0.2014627099,"2":0.2549120002,"3":0.2150278097,"4":0.1360380021,"5":0.0688518868,"6":0.0290395713,"7":0.0104982707,"8":0.0033208815,"9":0.0009337626},"kashiwa-reysol":{"0":0.2922461857,"1":0.3595091967,"2":0.2211266885,"3":0.0906736421,"4":0.0278857431,"5":0.0068607781,"6":0.001406641,"7":0.0002471988,"8":0.0000380117,"9":0.0000051956}}