{"fc-tokyo":{"0":0.3871358586,"1":0.367384029,"2":0.174319973,"3":0.0551420323,"4":0.0130821658,"5":0.0024829417,"6":0.0003927102,"7":0.0000532391,"8":0.0000063154,"9":0.0000006659},"shimizu-s-pulse":{"0":0.4009846228,"1":0.3664326598,"2":0.1674289818,"3":0.0510006649,"4":0.0116515124,"5":0.0021295054,"6":0.0003243351,"7":0.0000423411,"8":0.0000048366,"9":0.0000004911}}