{"kyoto-sanga":{"0":0.2346101844,"1":0.3401448677,"2":0.2465761052,"3":0.1191644726,"4":0.0431920548,"5":0.0125242268,"6":0.0030263331,"7":0.0006268098,"8":0.0001135959,"9":0.0000182994},"sanfrecce-hiroshima":{"0":0.2821529096,"1":0.357009804,"2":0.2258633454,"3":0.0952620912,"4":0.0301339268,"5":0.0076257284,"6":0.0016081468,"7":0.0002906854,"8":0.0000459758,"9":0.0000064637}}