{"montedio-yamagata":{"0":0.7132971802,"1":0.2409925473,"2":0.0407105267,"3":0.0045847807,"4":0.0003872502,"5":0.0000261671,"6":0.0000014735,"7":0.0000000711,"8":0.000000003,"9":0.0000000001},"kawasaki-frontale":{"0":0.6639663493,"1":0.2719100288,"2":0.0556768154,"3":0.0076003272,"4":0.0007781287,"5":0.0000637324,"6":0.00000435,"7":0.0000002545,"8":0.000000013,"9":0.0000000006}}