{"oita-trinita":{"0":0.7942498912,"1":0.1829611356,"2":0.0210732022,"3":0.0016181209,"4":0.0000931864,"5":0.0000042932,"6":0.0000001648,"7":0.0000000054,"8":0.0000000002,"9":0.0},"kashima-antlers":{"0":0.2289421988,"1":0.3375262131,"2":0.2488050371,"3":0.1222699039,"4":0.0450651932,"5":0.0132877941,"6":0.0032650008,"7":0.0006876492,"8":0.0001267239,"9":0.0000207586}}