{"albirex-niigata":{"0":0.1790661479,"1":0.3079937744,"2":0.264874646,"3":0.1518614637,"4":0.0653004294,"5":0.0224633477,"6":0.006439493,"7":0.0015822754,"8":0.0003401892,"9":0.0000650139},"nagoya-grampus-eight":{"0":0.2066628274,"1":0.3258383913,"2":0.2568692651,"3":0.1349990693,"4":0.0532121332,"5":0.0167795593,"6":0.0044092953,"7":0.0009931413,"8":0.0001957316,"9":0.0000342893}}