{"shimizu-s-pulse":{"0":0.1742720178,"1":0.3044772437,"2":0.265981863,"3":0.1549023294,"4":0.0676589318,"5":0.0236418965,"6":0.0068842755,"7":0.0017182541,"8":0.0003752533,"9":0.0000728466},"kyoto-sanga":{"0":0.6949736126,"1":0.2528879722,"2":0.0460106149,"3":0.0055808023,"4":0.0005076875,"5":0.0000369476,"6":0.0000022408,"7":0.0000001165,"8":0.0000000053,"9":0.0000000002}}