{"nagoya-grampus-eight":{"0":0.3556907091,"1":0.3676752524,"2":0.1900317998,"3":0.065478226,"4":0.0169211078,"5":0.0034982486,"6":0.0006026863,"7":0.000088999,"8":0.0000114997,"9":0.0000013208},"gamba-osaka":{"0":0.2169302966,"1":0.3315083651,"2":0.2533020926,"3":0.129030329,"4":0.0492953659,"5":0.0150664305,"6":0.0038373676,"7":0.0008377408,"8":0.0001600272,"9":0.0000271723}}