{"vissel-kobe":{"0":0.1443822201,"1":0.2794216385,"2":0.2703811176,"3":0.1744220649,"4":0.0843893714,"5":0.0326636014,"6":0.0105355967,"7":0.0029127782,"8":0.0007046342,"9":0.0001515192},"fc-tokyo":{"0":0.2457249276,"1":0.3448853913,"2":0.2420306606,"3":0.1132334435,"4":0.039731989,"5":0.0111531074,"6":0.0026089768,"7":0.0005231157,"8":0.0000917769,"9":0.0000143125}}