{"sanfrecce-hiroshima":{"0":0.0471302189,"1":0.14397532,"2":0.2199108476,"3":0.2239308834,"4":0.171018305,"5":0.1044867423,"6":0.0531983956,"7":0.0232160906,"8":0.0088651829,"9":0.0030090804},"jubilo-iwata":{"0":0.3019199122,"1":0.3615773208,"2":0.2165113224,"3":0.08643085,"4":0.0258772558,"5":0.0061980866,"6":0.0012371314,"7":0.0002116544,"8":0.0000316845,"9":0.0000042161}}