{"kashiwa-reysol":{"0":0.6956788844,"1":0.252438978,"2":0.0458008997,"3":0.0055398799,"4":0.00050256,"5":0.0000364725,"6":0.0000022058,"7":0.0000001143,"8":0.0000000052,"9":0.0000000002},"albirex-niigata":{"0":0.1436032761,"1":0.278690994,"2":0.2704279187,"3":0.1749398935,"4":0.0848764982,"5":0.0329439777,"6":0.010655734,"7":0.0029542274,"8":0.0007166589,"9":0.0001545356}}