{"omiya-ardija":{"0":0.3903285141,"1":0.3672080098,"2":0.1727285064,"3":0.0541657337,"4":0.0127393276,"5":0.0023969467,"6":0.0003758279,"7":0.0000505095,"8":0.0000059397,"9":0.0000006209},"yokohama-fa-marinos":{"0":0.5054644204,"1":0.3448670658,"2":0.1176475418,"3":0.0267560953,"4":0.0045637713,"5":0.0006227518,"6":0.0000708149,"7":0.0000069022,"8":0.0000005887,"9":0.0000000446}}