{"montedio-yamagata":{"0":0.790419361,"1":0.1859000239,"2":0.0218610655,"3":0.0017138466,"4":0.0001007706,"5":0.0000047401,"6":0.0000001858,"7":0.0000000062,"8":0.0000000002,"9":0.0},"urawa-red-diamonds":{"0":0.6640707548,"1":0.2718483716,"2":0.0556428187,"3":0.0075927701,"4":0.0007770566,"5":0.0000636202,"6":0.0000043407,"7":0.0000002538,"8":0.000000013,"9":0.0000000006}}