{"kawasaki-frontale":{"0":0.3180440655,"1":0.3643402565,"2":0.208687784,"3":0.0796884971,"4":0.022822095,"5":0.0052288402,"6":0.0009983297,"7":0.0001633788,"8":0.0000233951,"9":0.0000029779},"kashima-antlers":{"0":0.4426265345,"1":0.3607534183,"2":0.1470122312,"3":0.0399397391,"4":0.0081380104,"5":0.0013265427,"6":0.0001801951,"7":0.0000209806,"8":0.0000021375,"9":0.0000001936}}