{"oita-trinita":{"0":0.6548527042,"1":0.2772285838,"2":0.0586816602,"3":0.0082808615,"4":0.0008764152,"5":0.0000742052,"6":0.0000052357,"7":0.0000003166,"8":0.0000000168,"9":0.0000000008},"jef-united":{"0":0.2554942803,"1":0.348636063,"2":0.2378665861,"3":0.1081940334,"4":0.0369091843,"5":0.0100729243,"6":0.0022908436,"7":0.000446569,"8":0.000076171,"9":0.0000115488}}