{"kashima-antlers":{"0":0.1462316285,"1":0.2811395795,"2":0.2702543354,"3":0.1731936996,"4":0.0832439678,"5":0.0320083614,"6":0.0102563508,"7":0.0028169264,"8":0.000676965,"9":0.000144612},"omiya-ardija":{"0":0.548201054,"1":0.3295308747,"2":0.0990426748,"3":0.0198452855,"4":0.0029823156,"5":0.0003585418,"6":0.0000359207,"7":0.0000030846,"8":0.0000002318,"9":0.0000000155}}