{"jef-united":{"0":0.4091425753,"1":0.3656472782,"2":0.1633879485,"3":0.0486728118,"4":0.0108746206,"5":0.0019437114,"6":0.0002895131,"7":0.0000369622,"8":0.0000041291,"9":0.00000041},"vissel-kobe":{"0":0.5413786358,"1":0.3322096174,"2":0.1019279508,"3":0.020848899,"4":0.0031984106,"5":0.0003925322,"6":0.0000401453,"7":0.0000035192,"8":0.0000002699,"9":0.0000000184}}