{"gamba-osaka":{"0":0.1462316285,"1":0.2811395795,"2":0.2702543354,"3":0.1731936996,"4":0.0832439678,"5":0.0320083614,"6":0.0102563508,"7":0.0028169264,"8":0.000676965,"9":0.000144612},"shimizu-s-pulse":{"0":0.5181619025,"1":0.3406746275,"2":0.1119912533,"3":0.0245435377,"4":0.0040341448,"5":0.0005304638,"6":0.0000581271,"7":0.0000054595,"8":0.0000004487,"9":0.0000000328}}