{"urawa-red-diamonds":{"0":0.2096988601,"1":0.3275669777,"2":0.2558433671,"3":0.1332161725,"4":0.0520236722,"5":0.0162530565,"6":0.0042314366,"7":0.0009442649,"8":0.0001843775,"9":0.0000320014},"sanfrecce-hiroshima":{"0":0.4959408064,"1":0.3478026435,"2":0.1219567711,"3":0.0285093751,"4":0.0049983969,"5":0.0007010739,"6":0.0000819437,"7":0.0000082096,"8":0.0000007197,"9":0.0000000561}}