{"yokohama-fa-marinos":{"0":0.0801893564,"1":0.2023469741,"2":0.2552975842,"3":0.2147362858,"4":0.1354644793,"5":0.0683652513,"6":0.0287517412,"7":0.0103644461,"8":0.0032691594,"9":0.0009165867},"montedio-yamagata":{"0":0.1396312863,"1":0.2748990949,"2":0.2706037965,"3":0.1775837415,"4":0.0874044977,"5":0.034415521,"6":0.0112925928,"7":0.0031760417,"8":0.000781604,"9":0.0001709759}}