{"jubilo-iwata":{"0":0.0573407124,"1":0.1639224401,"2":0.2343061784,"3":0.2232738247,"4":0.1595706987,"5":0.0912343681,"6":0.0434692897,"7":0.0177525126,"8":0.006343737,"9":0.0020150136},"oita-trinita":{"0":0.3252139878,"1":0.3653037305,"2":0.2051677058,"3":0.0768197055,"4":0.0215723539,"5":0.0048463238,"6":0.0009072899,"7":0.0001455905,"8":0.0000204422,"9":0.0000025514}}