{"fc-tokyo":{"0":0.2667966776,"1":0.3525100241,"2":0.2328801809,"3":0.1025657427,"4":0.0338792191,"5":0.0089527085,"6":0.0019714885,"7":0.0003721236,"8":0.0000614594,"9":0.0000090227},"nagoya-grampus-eight":{"0":0.1993081368,"1":0.3214647367,"2":0.2592457554,"3":0.1393794384,"4":0.0562013865,"5":0.0181294795,"6":0.004873516,"7":0.00112293,"8":0.0002263972,"9":0.000040573}}