{"kyoto-sanga":{"0":0.1032936504,"1":0.2344951144,"2":0.2661729858,"3":0.2014201406,"4":0.1143149621,"5":0.0519030938,"6":0.0196382221,"7":0.0063688981,"8":0.0018073176,"9":0.0004558817},"kashiwa-reysol":{"0":0.4695181199,"1":0.3549784172,"2":0.1341904299,"3":0.0338181527,"4":0.00639204,"5":0.0009665383,"6":0.0001217916,"7":0.0000131543,"8":0.0000012432,"9":0.0000001044}}