{"albirex-niigata":{"0":0.1571637082,"1":0.2908263011,"2":0.2690822786,"3":0.1659759849,"4":0.0767832827,"5":0.0284169906,"6":0.0087641186,"7":0.0023168164,"8":0.0005358991,"9":0.0001101849},"kawasaki-frontale":{"0":0.1849813999,"1":0.3121561123,"2":0.2633817198,"3":0.1481522174,"4":0.0625017167,"5":0.0210943294,"6":0.0059327801,"7":0.0014302238,"8":0.0003016878,"9":0.0000565665}}