{"nagoya-grampus-eight":{"0":0.2668160919,"1":0.3525162606,"2":0.2328714754,"3":0.1025562603,"4":0.0338742213,"5":0.0089508948,"6":0.0019709805,"7":0.0003720073,"8":0.0000614368,"9":0.0000090189},"kyoto-sanga":{"0":0.4761304098,"1":0.3533189946,"2":0.1310925635,"3":0.0324263351,"4":0.0060155999,"5":0.0008927914,"6":0.000110418,"7":0.0000117053,"8":0.0000010858,"9":0.0000000895}}