{"yokohama-fa-marinos":{"0":0.6242554295,"1":0.2941464442,"2":0.0693002628,"3":0.0108846608,"4":0.0012822012,"5":0.0001208335,"6":0.0000094894,"7":0.0000006388,"8":0.0000000376,"9":0.000000002},"albirex-niigata":{"0":0.1730857307,"1":0.3035868769,"2":0.2662408722,"3":0.1556593459,"4":0.0682553878,"5":0.0239435567,"6":0.006999373,"7":0.0017538112,"8":0.0003845161,"9":0.0000749366}}