{"shimizu-s-pulse":{"0":0.3553036124,"1":0.367661999,"2":0.1902251212,"3":0.0656138824,"4":0.0169740261,"5":0.0035128854,"6":0.0006058455,"7":0.0000895598,"8":0.0000115844,"9":0.0000013319},"kashima-antlers":{"0":0.1851650043,"1":0.3122822492,"2":0.2633332459,"3":0.1480378697,"4":0.0624167605,"5":0.0210532724,"6":0.0059177518,"7":0.0014257622,"8":0.0003005699,"9":0.0000563237}}