{"sanfrecce-hiroshima":{"0":0.1868937155,"1":0.3134609786,"2":0.2628707573,"3":0.1469636091,"4":0.0616223994,"5":0.0206708049,"6":0.0057782313,"7":0.0013844768,"8":0.0002902582,"9":0.0000540917},"jef-united":{"0":0.2515261463,"1":0.3471584832,"2":0.2395755158,"3":0.1102213744,"4":0.0380321149,"5":0.0104984484,"6":0.0024150077,"7":0.0004761734,"8":0.0000821523,"9":0.0000125986}}