{"kashiwa-reysol":{"0":0.3361526612,"1":0.3664702272,"2":0.1997610653,"3":0.0725924968,"4":0.0197849012,"5":0.0043138598,"6":0.000783821,"7":0.0001220734,"8":0.0000166354,"9":0.0000020151},"gamba-osaka":{"0":0.0735456862,"1":0.1919430977,"2":0.2504712014,"3":0.2178972951,"4":0.1421697314,"5":0.0742082916,"6":0.0322787329,"7":0.0120346575,"8":0.0039260791,"9":0.0011384968}}