{"kawasaki-frontale":{"0":0.059179865,"1":0.1673117705,"2":0.2365097365,"3":0.2228847191,"4":0.1575334658,"5":0.089074901,"6":0.0419717061,"7":0.0169516161,"8":0.0059906458,"9":0.0018818442},"vissel-kobe":{"0":0.7549644204,"1":0.2122089145,"2":0.0298243349,"3":0.0027943876,"4":0.0001963649,"5":0.000011039,"6":0.0000005172,"7":0.0000000208,"8":0.0000000007,"9":0.0}}