{"omiya-ardija":{"0":0.4353862377,"1":0.3620331216,"2":0.1505192054,"3":0.0417199972,"4":0.0086727711,"5":0.0014423195,"6":0.0001998867,"7":0.0000237443,"8":0.000002468,"9":0.000000228},"fc-tokyo":{"0":0.3285404747,"1":0.3656968379,"2":0.2035277044,"3":0.0755152395,"4":0.0210139134,"5":0.0046780974,"6":0.0008678613,"7":0.0001380018,"8":0.0000192011,"9":0.0000023747}}