{"montedio-yamagata":{"0":0.555978688,"1":0.3263735652,"2":0.0957947727,"3":0.0187446523,"4":0.0027508964,"5":0.0003229692,"6":0.0000315985,"7":0.0000026499,"8":0.0000001944,"9":0.0000000127},"jubilo-iwata":{"0":0.5078562631,"1":0.3441014737,"2":0.1165741498,"3":0.0263285367,"4":0.0044597699,"5":0.0006043495,"6":0.0000682469,"7":0.0000066059,"8":0.0000005595,"9":0.0000000421}}