{"oita-trinita":{"0":0.6109417724,"1":0.3010437719,"2":0.0741702047,"3":0.0121825457,"4":0.0015007484,"5":0.0001478998,"6":0.0000121464,"7":0.000000855,"8":0.0000000527,"9":0.0000000029},"urawa-red-diamonds":{"0":0.2371284174,"1":0.3412641774,"2":0.2455657573,"3":0.117802268,"4":0.0423838848,"5":0.0121993827,"6":0.0029261306,"7":0.000601593,"8":0.0001082231,"9":0.0000173055}}