{"gamba-osaka":{"0":0.0293885058,"1":0.1036577165,"2":0.1828082424,"3":0.2149307972,"4":0.1895233785,"5":0.133695539,"6":0.0785940733,"7":0.0396018878,"8":0.0174602329,"9":0.0068427655},"oita-trinita":{"0":0.3197181048,"1":0.3645795406,"2":0.2078678677,"3":0.079011657,"4":0.0225245562,"5":0.0051370205,"6":0.0009763041,"7":0.0001590421,"8":0.0000226698,"9":0.0000028723}}