{"urawa-red-diamonds":{"0":0.1982274512,"1":0.3207994459,"2":0.259581314,"3":0.1400302887,"4":0.0566541601,"5":0.0183371406,"6":0.0049459552,"7":0.0011434626,"8":0.0002313139,"9":0.0000415938},"nagoya-grampus-eight":{"0":0.6057804673,"1":0.3036399619,"2":0.0760978865,"3":0.0127143746,"4":0.0015932307,"5":0.0001597174,"6":0.0000133427,"7":0.0000009554,"8":0.0000000599,"9":0.0000000033}}