{"kashima-antlers":{"0":0.1221556758,"1":0.256827302,"2":0.2699844384,"3":0.1892104056,"4":0.0994517808,"5":0.0418186587,"6":0.0146536693,"7":0.0044012485,"8":0.0011566806,"9":0.0002702082},"kashiwa-reysol":{"0":0.6696566913,"1":0.2685257029,"2":0.0538380741,"3":0.0071961782,"4":0.0007213991,"5":0.0000578548,"6":0.0000038665,"7":0.0000002215,"8":0.0000000111,"9":0.0000000005}}