{"jef-united":{"0":0.5821753392,"1":0.3149473146,"2":0.0851906671,"3":0.0153622514,"4":0.0020776815,"5":0.0002247983,"6":0.0000202687,"7":0.0000015664,"8":0.0000001059,"9":0.0000000064},"shimizu-s-pulse":{"0":0.3139831862,"1":0.3637230969,"2":0.2106712987,"3":0.0813483233,"4":0.0235587966,"5":0.0054581766,"6":0.0010538064,"7":0.0001743923,"8":0.0000252523,"9":0.0000032503}}