{"vissel-kobe":{"0":0.070246998,"1":0.1865576012,"2":0.2477240278,"3":0.2192966804,"4":0.1455986157,"5":0.0773343467,"6":0.0342299567,"7":0.012986541,"8":0.0043111058,"9":0.0012721296},"omiya-ardija":{"0":0.1912671459,"1":0.3163719561,"2":0.2616529204,"3":0.1442653169,"4":0.0596567438,"5":0.019735455,"6":0.0054406839,"7":0.0012856213,"8":0.0002658157,"9":0.0000488535}}