{"jubilo-iwata":{"0":0.2781569121,"1":0.3559212101,"2":0.2277130323,"3":0.0971249134,"4":0.0310695288,"5":0.0079511267,"6":0.0016956704,"7":0.0003099613,"8":0.0000495771,"9":0.0000070486},"yokohama-fa-marinos":{"0":0.459425824,"1":0.3573311965,"2":0.138962132,"3":0.0360272194,"4":0.0070052927,"5":0.0010897122,"6":0.000141259,"7":0.0000156954,"8":0.0000015259,"9":0.0000001319}}