{"kyoto-sanga":{"0":0.2433191986,"1":0.3439027622,"2":0.2430328361,"3":0.114499341,"4":0.0404578018,"5":0.0114364587,"6":0.0026940125,"7":0.0005439523,"8":0.0000961015,"9":0.000015092},"kawasaki-frontale":{"0":0.3580221246,"1":0.3677461823,"2":0.1888671751,"3":0.0646656336,"4":0.016605496,"5":0.0034113019,"6":0.0005839924,"7":0.0000856934,"8":0.0000110026,"9":0.0000012557}}