{"fc-tokyo":{"0":0.178831461,"1":0.307824646,"2":0.2649310478,"3":0.1520096176,"4":0.0654139748,"5":0.0225195651,"6":0.006460531,"7":0.0015886552,"8":0.0003418213,"9":0.0000653757},"sanfrecce-hiroshima":{"0":0.1649718876,"1":0.2972760746,"2":0.2678427999,"3":0.1608824739,"4":0.072476758,"5":0.0261203366,"6":0.0078447215,"7":0.0020194333,"8":0.0004548723,"9":0.0000910746}}