{"albirex-niigata":{"0":0.0899409306,"1":0.2166319189,"2":0.2608900529,"3":0.2094601142,"4":0.1261265203,"5":0.0607577216,"6":0.0243901965,"7":0.0083923257,"8":0.0025267217,"9":0.0006762075},"montedio-yamagata":{"0":0.1094436276,"1":0.2421271365,"2":0.2678344622,"3":0.1975141383,"4":0.1092423876,"5":0.0483363848,"6":0.0178227987,"7":0.0056328845,"8":0.001557736,"9":0.0003829167}}