{"urawa-red-diamonds":{"0":0.3420743141,"1":0.3669524461,"2":0.1968199483,"3":0.0703780421,"4":0.0188741113,"5":0.0040493548,"6":0.0007239756,"7":0.0001109469,"8":0.000014877,"9":0.0000017732},"shimizu-s-pulse":{"0":0.4504346639,"1":0.359240672,"2":0.1432548056,"3":0.0380839196,"4":0.0075933837,"5":0.0012112088,"6":0.0001609984,"7":0.0000183433,"8":0.0000018287,"9":0.0000001621}}