{"yokohama-fa-marinos":{"0":0.1506960901,"1":0.2851908614,"2":0.2698604436,"3":0.1702360743,"4":0.0805425221,"5":0.0304851854,"6":0.0096154854,"7":0.0025996016,"8":0.000614965,"9":0.0001293128},"kyoto-sanga":{"0":0.4172046527,"1":0.3647112973,"2":0.1594113699,"3":0.0464513256,"4":0.0101516864,"5":0.001774877,"6":0.0002585932,"7":0.0000322938,"8":0.0000035288,"9":0.0000003428}}