{"jubilo-iwata":{"0":0.1506960901,"1":0.2851908614,"2":0.2698604436,"3":0.1702360743,"4":0.0805425221,"5":0.0304851854,"6":0.0096154854,"7":0.0025996016,"8":0.000614965,"9":0.0001293128},"jef-united":{"0":0.2007622709,"1":0.3223506885,"2":0.2587885809,"3":0.1385065644,"4":0.0555977054,"5":0.017853911,"6":0.0047778072,"7":0.0010959155,"8":0.0002199549,"9":0.0000392408}}