{"kashiwa-reysol":{"0":0.2616077352,"1":0.3507921904,"2":0.2351902186,"3":0.1051229007,"4":0.0352400633,"5":0.0094507443,"6":0.0021120981,"7":0.0004045902,"8":0.0000678148,"9":0.0000101037},"vissel-kobe":{"0":0.2811639847,"1":0.3567457011,"2":0.2263225415,"3":0.0957206448,"4":0.0303630002,"5":0.0077050194,"6":0.0016293769,"7":0.0002953402,"8":0.0000468416,"9":0.0000066037}}