{"sanfrecce-hiroshima":{"0":0.2587795712,"1":0.349812701,"2":0.2364346714,"3":0.1065357808,"4":0.0360031986,"5":0.0097336711,"6":0.0021929615,"7":0.0004234855,"8":0.0000715573,"9":0.0000107477},"kashima-antlers":{"0":0.1886097681,"1":0.3146152611,"2":0.2624009443,"3":0.1459014953,"4":0.0608436635,"5":0.0202983602,"6":0.0056431983,"7":0.0013447541,"8":0.0002803939,"9":0.0000519687}}