{"kawasaki-frontale":{"0":0.2400573393,"1":0.3425324091,"2":0.2443758887,"3":0.1162314833,"4":0.0414620212,"5":0.0118322448,"6":0.0028138606,"7":0.0005735763,"8":0.0001023029,"9":0.0000162193},"fc-tokyo":{"0":0.3785870153,"1":0.367725103,"2":0.1785874131,"3":0.0578212073,"4":0.0140405696,"5":0.0027275473,"6":0.0004415487,"7":0.0000612686,"8":0.0000074388,"9":0.0000008028}}