{"montedio-yamagata":{"0":0.5076799547,"1":0.3441582925,"2":0.1166531485,"3":0.0263598802,"4":0.0044673673,"5":0.0006056893,"6":0.0000684332,"7":0.0000066273,"8":0.0000005616,"9":0.0000000423},"gamba-osaka":{"0":0.3861177504,"1":0.3674346334,"2":0.1748277691,"3":0.0554561203,"4":0.0131931899,"5":0.002510962,"6":0.000398244,"7":0.0000541392,"8":0.0000064399,"9":0.0000006809}}