{"oita-trinita":{"0":0.5566766374,"1":0.3260848919,"2":0.095505496,"3":0.0186481087,"4":0.0027308792,"5":0.0003199338,"6":0.0000312346,"7":0.0000026138,"8":0.0000001914,"9":0.0000000125},"nagoya-grampus-eight":{"0":0.3080587434,"1":0.3627283233,"2":0.2135499143,"3":0.0838158349,"4":0.0246725486,"5":0.0058102114,"6":0.0011402199,"7":0.0001917955,"8":0.0000282291,"9":0.0000036932}}