{"albirex-niigata":{"0":0.0884169399,"1":0.2144722373,"2":0.2601217629,"3":0.210325067,"4":0.1275459423,"5":0.0618774267,"6":0.0250159267,"7":0.0086687037,"8":0.0026284503,"9":0.0007084233},"omiya-ardija":{"0":0.1536251958,"1":0.2877767752,"2":0.2695374021,"3":0.1683026971,"4":0.0788178124,"5":0.0295289269,"6":0.0092191251,"7":0.0024670898,"8":0.0005776812,"9":0.0001202373}}