{"kashima-antlers":{"0":0.1013365447,"1":0.2319905802,"2":0.265548966,"3":0.2026411397,"4":0.1159770045,"5":0.0531014209,"6":0.0202609195,"7":0.0066262127,"8":0.0018961804,"9":0.0004823268},"oita-trinita":{"0":0.7536491913,"1":0.2131533066,"2":0.0301428918,"3":0.0028417541,"4":0.0002009321,"5":0.0000113659,"6":0.0000005358,"7":0.0000000216,"8":0.0000000008,"9":0.0}}