{"gamba-osaka":{"0":0.171009232,"1":0.3020087568,"2":0.2666794306,"3":0.1569886459,"4":0.0693119682,"5":0.0244815103,"6":0.0072058785,"7":0.001817979,"8":0.0004013275,"9":0.000078751},"urawa-red-diamonds":{"0":0.2421538967,"1":0.3434182535,"2":0.2435147616,"3":0.1151160691,"4":0.040813879,"5":0.0115763002,"6":0.0027362164,"7":0.0005543503,"8":0.0000982712,"9":0.0000154852}}