{"nagoya-grampus-eight":{"0":0.2714028736,"1":0.3539503137,"2":0.2308023178,"3":0.1003336868,"4":0.0327125681,"5":0.0085324253,"6":0.0018545951,"7":0.0003455246,"8":0.000056327,"9":0.0000081621},"kawasaki-frontale":{"0":0.252954549,"1":0.3476975256,"2":0.2389630267,"3":0.109488514,"4":0.0376242348,"5":0.0103432442,"6":0.0023695432,"7":0.0004652921,"8":0.0000799456,"9":0.0000122099}}