{"shimizu-s-pulse":{"0":0.5396063305,"1":0.3328914676,"2":0.1026829402,"3":0.0211155632,"4":0.0032566291,"5":0.0004018129,"6":0.0000413141,"7":0.000003641,"8":0.0000002808,"9":0.0000000192},"albirex-niigata":{"0":0.199166601,"1":0.3213779387,"2":0.2592899085,"3":0.1394645754,"4":0.0562604844,"5":0.0181565367,"6":0.0048829391,"7":0.0011255967,"8":0.0002270348,"9":0.0000407052}}