{"jef-united":{"0":0.3863763455,"1":0.3674220342,"2":0.1746987785,"3":0.0553762166,"4":0.0131649119,"5":0.0025038172,"6":0.0003968314,"7":0.0000539092,"8":0.0000064081,"9":0.0000006771},"kashiwa-reysol":{"0":0.2028163183,"1":0.3235842169,"2":0.2581319549,"3":0.1372792669,"4":0.0547557076,"5":0.0174720485,"6":0.0046459765,"7":0.0010589206,"8":0.0002111825,"9":0.0000374369}}