{"vissel-kobe":{"0":0.1459445824,"1":0.2808744793,"2":0.2702754424,"3":0.1733842461,"4":0.0834207222,"5":0.0321091082,"6":0.0102991479,"7":0.0028315717,"8":0.00068118,"9":0.0001456611},"sanfrecce-hiroshima":{"0":0.2151620882,"1":0.3305672082,"2":0.253935719,"3":0.1300458682,"4":0.0499494358,"5":0.0153480993,"6":0.0039300436,"7":0.000862568,"8":0.0001656523,"9":0.000028278}}