{"fc-tokyo":{"0":0.3784611736,"1":0.3677286925,"2":0.1786502827,"3":0.0578613602,"4":0.0140551289,"5":0.0027313101,"6":0.0004423092,"7":0.0000613952,"8":0.0000074568,"9":0.000000805},"yokohama-fa-marinos":{"0":0.4574983586,"1":0.3577554732,"2":0.139879167,"3":0.0364609961,"4":0.0071279605,"5":0.0011147873,"6":0.0001452906,"7":0.0000162307,"8":0.0000015865,"9":0.0000001378}}