{"kyoto-sanga":{"0":0.1576233158,"1":0.2912165109,"2":0.2690181203,"3":0.1656745556,"4":0.0765228891,"5":0.0282759294,"6":0.0087068522,"7":0.0022980457,"8":0.0005307185,"9":0.0001089475},"montedio-yamagata":{"0":0.2859843523,"1":0.358000412,"2":0.2240757124,"3":0.0935006836,"4":0.0292614639,"5":0.0073260065,"6":0.0015284714,"7":0.0002733383,"8":0.0000427712,"9":0.0000059491}}