{"omiya-ardija":{"0":0.2695651231,"1":0.3533851241,"2":0.2316342791,"3":0.1012199545,"4":0.0331734552,"5":0.0086977169,"6":0.0019003718,"7":0.0003558976,"8":0.0000583203,"9":0.000008495},"jubilo-iwata":{"0":0.3272217782,"1":0.3655450495,"2":0.204178316,"3":0.0760303639,"4":0.0212337052,"5":0.0047441071,"6":0.0008832872,"7":0.0001409622,"8":0.0000196839,"9":0.0000024432}}