{"jef-united":{"0":0.5126398033,"1":0.3425365959,"2":0.1144383627,"3":0.0254885444,"4":0.0042577455,"5":0.0005689896,"6":0.0000633648,"7":0.0000060485,"8":0.0000005052,"9":0.0000000375},"nagoya-grampus-eight":{"0":0.2514070807,"1":0.3471131853,"2":0.2396264319,"3":0.1102826192,"4":0.0380663018,"5":0.0105114902,"6":0.0024188372,"7":0.0004770921,"8":0.000082339,"9":0.0000126316}}