{"urawa-red-diamonds":{"0":0.2171270252,"1":0.3316121839,"2":0.2532311222,"3":0.1289176622,"4":0.0492231074,"5":0.0150354219,"6":0.0038271983,"7":0.0008350251,"8":0.0001594139,"9":0.0000270521},"kashiwa-reysol":{"0":0.4076105145,"1":0.3658072771,"2":0.1641456233,"3":0.0491037902,"4":0.0110169654,"5":0.0019774201,"6":0.0002957704,"7":0.0000379196,"8":0.0000042538,"9":0.0000004242}}