{"yokohama-fa-marinos":{"0":0.1031245104,"1":0.2342801378,"2":0.2661209383,"3":0.2015261287,"4":0.1144576808,"5":0.0520054081,"6":0.0196911386,"7":0.0063906695,"8":0.0018148049,"9":0.0004581008},"omiya-ardija":{"0":0.2223707843,"1":0.3343142586,"2":0.2513055478,"3":0.1259383484,"4":0.0473342145,"5":0.0142325377,"6":0.0035662211,"7":0.000765927,"8":0.0001439377,"9":0.0000240441}}