{"jubilo-iwata":{"0":0.1431586744,"1":0.2782720679,"2":0.2704528527,"3":0.1752355674,"4":0.0851557964,"5":0.0331051956,"6":0.010724989,"7":0.0029781788,"8":0.0007236236,"9":0.0001562867},"kawasaki-frontale":{"0":0.1500638791,"1":0.2846252913,"2":0.2699235718,"3":0.170654159,"4":0.080919689,"5":0.0306959812,"6":0.0097034817,"7":0.0026292196,"8":0.0006233532,"9":0.0001313678}}