{"vissel-kobe":{"0":0.3389786402,"1":0.3667132562,"2":0.198358534,"3":0.0715292896,"4":0.0193454215,"5":0.0041856457,"6":0.0007546846,"7":0.0001166331,"8":0.000015772,"9":0.0000018958},"kashima-antlers":{"0":0.1835679364,"1":0.3111789421,"2":0.2637506744,"3":0.1490341169,"4":0.0631595579,"5":0.0214132433,"6":0.0060498496,"7":0.0014650752,"8":0.000310444,"9":0.0000584728}}