{"sanfrecce-hiroshima":{"0":0.0393995848,"1":0.1274182573,"2":0.2060353221,"3":0.2221060773,"4":0.1795727635,"5":0.1161476634,"6":0.0626035906,"7":0.0289228588,"8":0.0116920657,"9":0.0042013489},"oita-trinita":{"0":0.5222089416,"1":0.3392726217,"2":0.1102105907,"3":0.0238674811,"4":0.003876601,"5":0.0005037158,"6":0.000054543,"7":0.0000050623,"8":0.0000004111,"9":0.0000000297}}