{"montedio-yamagata":{"0":0.5401005246,"1":0.3327019232,"2":0.1024721923,"3":0.0210409568,"4":0.0032403074,"5":0.0003992059,"6":0.0000409851,"7":0.0000036067,"8":0.0000002777,"9":0.000000019},"fc-tokyo":{"0":0.3633095694,"1":0.367850939,"2":0.1862245379,"3":0.0628507815,"4":0.0159091041,"5":0.0032215936,"6":0.0005436439,"7":0.0000786342,"8":0.0000099521,"9":0.0000011196}}