{"kyoto-sanga":{"0":0.3072279529,"1":0.3625797659,"2":0.2139520272,"3":0.084166252,"4":0.0248325223,"5":0.0058612962,"6":0.001152883,"7":0.0001943704,"8":0.0000286736,"9":0.00000376},"shimizu-s-pulse":{"0":0.470904873,"1":0.3546380707,"2":0.133538819,"3":0.0335226581,"4":0.0063114715,"5":0.0009506328,"6":0.0001193201,"7":0.0000128371,"8":0.0000012085,"9":0.0000001011}}