{"albirex-niigata":{"0":0.2146292892,"1":0.330280774,"2":0.2541251245,"3":0.1303528875,"4":0.0501481563,"5":0.0154340276,"6":0.0039584242,"7":0.000870199,"8":0.0001673875,"9":0.0000286203},"gamba-osaka":{"0":0.1875792757,"1":0.3139239945,"2":0.2626843343,"3":0.1465387815,"4":0.0613101307,"5":0.0205211594,"6":0.0057238771,"7":0.0013684594,"8":0.0002862738,"9":0.0000532327}}