{"gamba-osaka":{"0":0.1610192976,"1":0.2940584425,"2":0.2685093307,"3":0.1634533599,"4":0.0746259007,"5":0.0272568276,"6":0.0082962109,"7":0.0021643997,"8":0.0004940867,"9":0.0001002574},"nagoya-grampus-eight":{"0":0.2467277697,"1":0.3452880372,"2":0.2416100724,"3":0.1127086582,"4":0.039433088,"5":0.0110370823,"6":0.0025743437,"7":0.0005146737,"8":0.0000900338,"9":0.000014}}