{"kashima-antlers":{"0":0.340781029,"1":0.3668559411,"2":0.1974629895,"3":0.0708573,"4":0.0190697393,"5":0.0041057727,"6":0.0007366544,"7":0.0001132885,"8":0.0000152446,"9":0.0000018234},"fc-tokyo":{"0":0.6304233908,"1":0.290854428,"2":0.0670948283,"3":0.0103183713,"4":0.0011901303,"5":0.0001098166,"6":0.0000084442,"7":0.0000005566,"8":0.0000000321,"9":0.0000000016}}