{"shimizu-s-pulse":{"0":0.0875253041,"1":0.2131965284,"2":0.2596549662,"3":0.2108248883,"4":0.1283832566,"5":0.0625438893,"6":0.0253910192,"7":0.0088354484,"8":0.0026902033,"9":0.0007280968},"jubilo-iwata":{"0":0.2981972794,"1":0.3608187081,"2":0.2182953184,"3":0.0880457784,"4":0.026633848,"5":0.0064453912,"6":0.0012998206,"7":0.0002246833,"8":0.0000339833,"9":0.0000045689}}