{"kashiwa-reysol":{"0":0.5616331081,"1":0.3240097765,"2":0.093461669,"3":0.0179728807,"4":0.0025921678,"5":0.0002990877,"6":0.0000287576,"7":0.0000023701,"8":0.0000001709,"9":0.000000011},"yokohama-fa-marinos":{"0":0.3443303212,"1":0.3671090963,"2":0.1956973875,"3":0.0695478408,"4":0.0185371745,"5":0.003952696,"6":0.0007023637,"7":0.0001069754,"8":0.0000142565,"9":0.0000016889}}