{"sanfrecce-hiroshima":{"0":0.1631721272,"1":0.2958228493,"2":0.2681559641,"3":0.1620510862,"4":0.0734476146,"5":0.0266313653,"6":0.0080468874,"7":0.0020840859,"8":0.0004722929,"9":0.0000951381},"urawa-red-diamonds":{"0":0.3972947132,"1":0.3667335814,"2":0.169261653,"3":0.0520805086,"4":0.0120185789,"5":0.0022188146,"6":0.0003413561,"7":0.000045014,"8":0.0000051939,"9":0.0000005327}}