{"omiya-ardija":{"0":0.2979613893,"1":0.3607690779,"2":0.2184080425,"3":0.0881488574,"4":0.0266824689,"5":0.0064613806,"6":0.0013038973,"7":0.0002255354,"8":0.0000341345,"9":0.0000045922},"jef-united":{"0":0.2465969639,"1":0.3452357495,"2":0.2416650247,"3":0.1127770115,"4":0.039471954,"5":0.0110521471,"6":0.0025788343,"7":0.0005157669,"8":0.0000902592,"9":0.0000140403}}