{"kawasaki-frontale":{"0":0.0887298347,"1":0.2149177758,"2":0.2602825222,"3":0.2101485591,"4":0.1272533107,"5":0.0616455527,"6":0.0248858893,"7":0.0086110833,"8":0.0026071767,"9":0.0007016663},"montedio-yamagata":{"0":0.3514254871,"1":0.3675058654,"2":0.1921610215,"3":0.0669846146,"4":0.0175124171,"5":0.0036627486,"6":0.0006383912,"7":0.0000953718,"8":0.000012467,"9":0.0000014486}}