{"oita-trinita":{"0":0.3971748669,"1":0.3667427823,"2":0.1693212229,"3":0.052115866,"4":0.0120306692,"5":0.0022217725,"6":0.0003419229,"7":0.0000451035,"8":0.0000052059,"9":0.0000005341},"vissel-kobe":{"0":0.4840113456,"1":0.3512213476,"2":0.1274313466,"3":0.0308233885,"4":0.0055917243,"5":0.0008115235,"6":0.0000981466,"7":0.0000101743,"8":0.0000009229,"9":0.0000000744}}