{"albirex-niigata":{"0":0.132922954,"1":0.2682366087,"2":0.2706488084,"3":0.1820551337,"4":0.0918461601,"5":0.0370688459,"6":0.0124673996,"7":0.0035941476,"8":0.0009066173,"9":0.0002032823},"kyoto-sanga":{"0":0.4320981299,"1":0.3625746487,"2":0.1521186587,"3":0.0425477189,"4":0.008925475,"5":0.0014978778,"6":0.0002094788,"7":0.0000251106,"8":0.0000026338,"9":0.0000002456}}