{"yokohama-fa-marinos":{"0":0.1218353488,"1":0.2564737343,"2":0.2699494728,"3":0.1894221725,"4":0.0996874314,"5":0.0419700983,"6":0.0147251023,"7":0.0044282269,"8":0.0011652241,"9":0.0002725439},"jef-united":{"0":0.2621884403,"1":0.350989514,"2":0.2349333915,"3":0.1048344679,"4":0.0350852605,"5":0.0093936701,"6":0.0020958715,"7":0.000400818,"8":0.0000670715,"9":0.0000099764}}