{"nagoya-grampus-eight":{"0":0.6819883652,"1":0.2610260554,"2":0.0499529061,"3":0.0063730364,"4":0.0006098083,"5":0.0000466799,"6":0.0000029777,"7":0.0000001628,"8":0.0000000078,"9":0.0000000003},"albirex-niigata":{"0":0.2232786331,"1":0.3347694273,"2":0.2509657281,"3":0.1254272176,"4":0.0470143484,"5":0.0140980498,"6":0.0035229495,"7":0.000754583,"8":0.0001414216,"9":0.0000235598}}