{"vissel-kobe":{"0":0.2163255729,"1":0.331188119,"2":0.2535196572,"3":0.1293770577,"4":0.0495181219,"5":0.015162159,"6":0.0038688036,"7":0.0008461464,"8":0.0001619282,"9":0.0000275453},"urawa-red-diamonds":{"0":0.3405040839,"1":0.3668346381,"2":0.1976006428,"3":0.0709602456,"4":0.0191118677,"5":0.0041179507,"6":0.0007393974,"7":0.0001137962,"8":0.0000153245,"9":0.0000018344}}