{"kashiwa-reysol":{"0":0.3550528684,"1":0.3676531889,"2":0.1903503385,"3":0.0657018669,"4":0.0170083832,"5":0.0035223973,"6":0.0006079004,"7":0.0000899248,"8":0.0000116395,"9":0.0000013392},"kyoto-sanga":{"0":0.2521704533,"1":0.3474026296,"2":0.2392996194,"3":0.109890375,"4":0.0378476193,"5":0.0104281547,"6":0.0023943912,"7":0.0004712333,"8":0.0000811493,"9":0.0000124217}}