{"jubilo-iwata":{"0":0.1861608735,"1":0.3129632481,"2":0.263068154,"3":0.1474184889,"4":0.0619579295,"5":0.0208320411,"6":0.0058369437,"7":0.0014018205,"8":0.0002945828,"9":0.0000550262},"gamba-osaka":{"0":0.1505751953,"1":0.2850829155,"2":0.269872699,"3":0.1703160021,"4":0.0806145101,"5":0.0305253724,"6":0.009632244,"7":0.0026052367,"8":0.0006165595,"9":0.0001297031}}