{"fc-tokyo":{"0":0.1545372127,"1":0.2885704825,"2":0.2694267676,"3":0.1677020289,"4":0.078288353,"5":0.029237887,"6":0.0090994169,"7":0.0024273609,"8":0.0005665826,"9":0.0001175546},"oita-trinita":{"0":0.5058496322,"1":0.3447445286,"2":0.1174744256,"3":0.0266868933,"4":0.004546885,"5":0.0006197548,"6":0.0000703955,"7":0.0000068537,"8":0.0000005839,"9":0.0000000442}}