{"kawasaki-frontale":{"0":0.2332984555,"1":0.3395511389,"2":0.247097598,"3":0.1198783058,"4":0.0436188221,"5":0.0126968871,"6":0.0030799193,"7":0.0006403754,"8":0.0001165032,"9":0.0000188403},"shimizu-s-pulse":{"0":0.515141854,"1":0.341700274,"2":0.1133271121,"3":0.0250571145,"4":0.0041551773,"5":0.0005512366,"6":0.0000609404,"7":0.0000057747,"8":0.0000004788,"9":0.0000000353}}