{"montedio-yamagata":{"0":0.4599596864,"1":0.3572122503,"2":0.1387084516,"3":0.0359077542,"4":0.006971638,"5":0.0010828577,"6":0.0001401609,"7":0.0000155502,"8":0.0000015096,"9":0.0000001303},"sanfrecce-hiroshima":{"0":0.4849962351,"1":0.3509501388,"2":0.1269762433,"3":0.0306272688,"4":0.0055405813,"5":0.0008018486,"6":0.0000967048,"7":0.0000099967,"8":0.0000009042,"9":0.0000000727}}