{"omiya-ardija":{"0":0.5255970949,"1":0.3380747416,"2":0.1087282749,"3":0.0233120793,"4":0.0037487009,"5":0.0004822481,"6":0.0000516986,"7":0.0000047505,"8":0.000000382,"9":0.0000000273},"kashima-antlers":{"0":0.2488880623,"1":0.3461415785,"2":0.2406985519,"3":0.1115840001,"4":0.0387964187,"5":0.0107912396,"6":0.0025013231,"7":0.00049696,"8":0.0000863935,"9":0.0000133502}}