{"urawa-red-diamonds":{"0":0.2613877497,"1":0.3507171028,"2":0.2352873965,"3":0.105232315,"4":0.0352988737,"5":0.0094724552,"6":0.0021182783,"7":0.0004060287,"8":0.0000680986,"9":0.0000101524},"montedio-yamagata":{"0":0.3579155351,"1":0.3677432714,"2":0.1889204302,"3":0.0647026186,"4":0.0166198099,"5":0.0034152322,"6":0.0005848348,"7":0.0000858419,"8":0.0000110249,"9":0.0000012586}}