{"nagoya-grampus-eight":{"0":0.3147716027,"1":0.3638470055,"2":0.2102868275,"3":0.0810240736,"4":0.0234140932,"5":0.0054129074,"6":0.0010428038,"7":0.0001721979,"8":0.0000248806,"9":0.0000031955},"kashiwa-reysol":{"0":0.2486294689,"1":0.3460403983,"2":0.2408080541,"3":0.1117182064,"4":0.0388721144,"5":0.0108203762,"6":0.0025099514,"7":0.000499047,"8":0.0000868212,"9":0.0000134263}}