{"gamba-osaka":{"0":0.0996554634,"1":0.2298091268,"2":0.2649741067,"3":0.2036799791,"4":0.1174233619,"5":0.0541565095,"6":0.0208144805,"7":0.0068569928,"8":0.0019765594,"9":0.0005064464},"vissel-kobe":{"0":0.3135406362,"1":0.3636526779,"2":0.2108869711,"3":0.0815307522,"4":0.0236403778,"5":0.0054837464,"6":0.0010600322,"7":0.0001756362,"8":0.0000254634,"9":0.0000032815}}