{"jef-united":{"0":0.8005051725,"1":0.1781222351,"2":0.0198171928,"3":0.0014698563,"4":0.0000817653,"5":0.0000036388,"6":0.0000001349,"7":0.0000000043,"8":0.0000000001,"9":0.0},"albirex-niigata":{"0":0.3274785181,"1":0.3655750175,"2":0.204051695,"3":0.075929868,"4":0.0211907509,"5":0.0047311861,"6":0.0008802631,"7":0.0001403809,"8":0.000019589,"9":0.0000024298}}