{"kashima-antlers":{"0":0.2682243309,"1":0.352964871,"2":0.2322388125,"3":0.1018701302,"4":0.0335135307,"5":0.0088203028,"6":0.0019344858,"7":0.0003636644,"8":0.0000598197,"9":0.0000087465},"kawasaki-frontale":{"0":0.3748965456,"1":0.3678129389,"2":0.1804315879,"3":0.0590074545,"4":0.0144731297,"5":0.0028399325,"6":0.0004643787,"7":0.0000650863,"8":0.0000079821,"9":0.0000008701}}