{"shimizu-s-pulse":{"0":0.0823512845,"1":0.205611494,"2":0.2566814027,"3":0.2136240577,"4":0.133342066,"5":0.06658466,"6":0.0277076662,"7":0.0098827752,"8":0.0030843662,"9":0.0008556584},"omiya-ardija":{"0":0.2415238084,"1":0.3431539416,"2":0.2437743682,"3":0.1154505027,"4":0.0410076499,"5":0.011652629,"6":0.0027593177,"7":0.0005600576,"8":0.0000994653,"9":0.0000157021}}