{"sanfrecce-hiroshima":{"0":0.2804110346,"1":0.356542286,"2":0.2266715393,"3":0.0960708613,"4":0.0305384955,"5":0.0077659319,"6":0.0016457288,"7":0.0002989346,"8":0.0000475119,"9":0.0000067124},"yokohama-fa-marinos":{"0":0.572257388,"1":0.3194148518,"2":0.0891433205,"3":0.0165856024,"4":0.0023143815,"5":0.000258362,"6":0.0000240348,"7":0.0000019165,"8":0.0000001337,"9":0.0000000083}}