{"kyoto-sanga":{"0":0.2804110346,"1":0.356542286,"2":0.2266715393,"3":0.0960708613,"4":0.0305384955,"5":0.0077659319,"6":0.0016457288,"7":0.0002989346,"8":0.0000475119,"9":0.0000067124},"fc-tokyo":{"0":0.3453578635,"1":0.3671755406,"2":0.195185765,"3":0.0691721509,"4":0.0183855101,"5":0.0039093997,"6":0.0006927288,"7":0.000105213,"8":0.0000139825,"9":0.0000016518}}