{"oita-trinita":{"0":0.3801723451,"1":0.3676763042,"2":0.1777955004,"3":0.0573171557,"4":0.0138582936,"5":0.0026805559,"6":0.0004320746,"7":0.0000596961,"8":0.0000072167,"9":0.0000007755},"jubilo-iwata":{"0":0.3055845568,"1":0.3622792798,"2":0.2147462521,"3":0.0848626191,"4":0.0251517688,"5":0.005963629,"6":0.0011783423,"7":0.0001995655,"8":0.0000295738,"9":0.0000038956}}