{"yokohama-fa-marinos":{"0":0.2982773431,"1":0.3608355107,"2":0.2182570497,"3":0.0880108125,"4":0.026617364,"5":0.006439973,"6":0.0012984397,"7":0.0002243948,"8":0.0000339322,"9":0.000004561},"kashima-antlers":{"0":0.3265066462,"1":0.3654605133,"2":0.2045308853,"3":0.0763108124,"4":0.021353768,"5":0.0047802757,"6":0.0008917644,"7":0.0001425938,"8":0.0000199507,"9":0.0000024812}}