{"jubilo-iwata":{"0":0.1410539306,"1":0.2762700587,"2":0.2705530608,"3":0.1766362451,"4":0.0864905104,"5":0.0338802872,"6":0.0110597283,"7":0.0030945325,"8":0.0007576239,"9":0.0001648769},"kyoto-sanga":{"0":0.4141554537,"1":0.3650837824,"2":0.1609132114,"3":0.04728241,"4":0.0104200252,"5":0.0018370794,"6":0.0002699018,"7":0.0000339889,"8":0.0000037452,"9":0.0000003668}}