{"kashiwa-reysol":{"0":0.4809371626,"1":0.3520549756,"2":0.1288554051,"3":0.0314415202,"4":0.0057539448,"5":0.000842399,"6":0.0001027753,"7":0.0000107476,"8":0.0000009834,"9":0.00000008},"sanfrecce-hiroshima":{"0":0.1901883733,"1":0.3156633,"2":0.2619595438,"3":0.1449282671,"4":0.0601358199,"5":0.0199619683,"6":0.0055219471,"7":0.0013092854,"8":0.0002716342,"9":0.0000500936}}