{"vissel-kobe":{"0":0.1371187717,"1":0.2724423546,"2":0.2706589172,"3":0.1792581029,"4":0.0890423299,"5":0.0353837796,"6":0.0117173845,"7":0.0033259089,"8":0.0008260343,"9":0.0001823616},"jef-united":{"0":0.2211631131,"1":0.3337030206,"2":0.2517546992,"3":0.1266204272,"4":0.0477629593,"5":0.0144134739,"6":0.0036246398,"7":0.0007812936,"8":0.0001473573,"9":0.0000247045}}