{"fc-tokyo":{"0":0.2845449784,"1":0.3576343231,"2":0.2247488425,"3":0.094159572,"4":0.0295864427,"5":0.0074372266,"6":0.0015579303,"7":0.0002797295,"8":0.0000439477,"9":0.0000061374},"gamba-osaka":{"0":0.3087103424,"1":0.3628432705,"2":0.2132342537,"3":0.0835417578,"4":0.0245477398,"5":0.0057704462,"6":0.0011303841,"7":0.0001897999,"8":0.0000278852,"9":0.0000036417}}