{"montedio-yamagata":{"0":0.506211202,"1":0.3446292452,"2":0.1173120193,"3":0.0266220585,"4":0.004531083,"5":0.0006169534,"6":0.0000700038,"7":0.0000068084,"8":0.0000005794,"9":0.0000000438},"shimizu-s-pulse":{"0":0.4008521808,"1":0.3664440502,"2":0.1674947129,"3":0.0510391311,"4":0.0116645155,"5":0.0021326526,"6":0.0003249319,"7":0.0000424344,"8":0.000004849,"9":0.0000004925}}