{"omiya-ardija":{"0":0.2630482147,"1":0.3512793044,"2":0.2345523421,"3":0.1044084683,"4":0.0348572354,"5":0.0093097955,"6":0.002072078,"7":0.0003952986,"8":0.0000659861,"9":0.000009791},"nagoya-grampus-eight":{"0":0.1891751866,"1":0.3149921564,"2":0.2622438503,"3":0.1455524857,"4":0.060589198,"5":0.0201771939,"6":0.0055994463,"7":0.0013319337,"8":0.0002772223,"9":0.0000512886}}