{"kawasaki-frontale":{"0":0.1290389686,"1":0.2642254618,"2":0.270519423,"3":0.184642206,"4":0.0945202304,"5":0.0387086967,"6":0.0132102514,"7":0.0038642643,"8":0.0009890782,"9":0.0002250308},"urawa-red-diamonds":{"0":0.4567733803,"1":0.3579129568,"2":0.1402245514,"3":0.0366251523,"4":0.0071745734,"5":0.0011243531,"6":0.0001468345,"7":0.0000164364,"8":0.0000016099,"9":0.0000001402}}