{"albirex-niigata":{"0":0.1120244608,"1":0.2452258052,"2":0.2684043069,"3":0.1958490785,"4":0.1071802703,"5":0.0469243376,"6":0.0171198599,"7":0.0053537178,"8":0.0014649365,"9":0.0003563113},"oita-trinita":{"0":0.5556170826,"1":0.3265227815,"2":0.0959447884,"3":0.018794814,"4":0.0027613149,"5":0.0003245517,"6":0.0000317885,"7":0.0000026688,"8":0.000000196,"9":0.0000000128}}