{"urawa-red-diamonds":{"0":0.3449396064,"1":0.3671488642,"2":0.1953940428,"3":0.0693248901,"4":0.0184471094,"5":0.0039269687,"6":0.000696635,"7":0.0001059269,"8":0.0000140934,"9":0.0000016668},"yokohama-fa-marinos":{"0":0.4430529812,"1":0.3606743326,"2":0.1468063411,"3":0.0398366797,"4":0.0081074208,"5":0.001319995,"6":0.0001790938,"7":0.0000208277,"8":0.0000021194,"9":0.0000001917}}