{"kashima-antlers":{"0":0.2360716331,"1":0.3407977286,"2":0.2459912068,"3":0.1183726078,"4":0.0427212657,"5":0.0123346546,"6":0.002967759,"7":0.0006120452,"8":0.0001104451,"9":0.0000177156},"nagoya-grampus-eight":{"0":0.5452343406,"1":0.3307062156,"2":0.1002932069,"3":0.020277267,"4":0.0030747413,"5":0.0003729905,"6":0.0000377056,"7":0.0000032671,"8":0.0000002477,"9":0.0000000167}}