{"shimizu-s-pulse":{"0":0.0464051872,"1":0.1424798897,"2":0.2187311395,"3":0.2238599496,"4":0.1718317651,"5":0.1055165269,"6":0.0539953398,"7":0.023683467,"8":0.009089549,"9":0.0031008936},"vissel-kobe":{"0":0.3424924828,"1":0.3669826028,"2":0.1966119514,"3":0.0702236003,"4":0.0188112447,"5":0.0040312707,"6":0.0007199215,"7":0.0001102,"8":0.00001476,"9":0.0000017573}}