{"gamba-osaka":{"0":0.146016614,"1":0.2809410568,"2":0.2702701948,"3":0.1733364263,"4":0.0833763321,"5":0.032083794,"6":0.0102883897,"7":0.0028278887,"8":0.0006801195,"9":0.0001453971},"kawasaki-frontale":{"0":0.1355929174,"1":0.2709279556,"2":0.2706703216,"3":0.1802752883,"4":0.0900519294,"5":0.0359865185,"6":0.0119840992,"7":0.0034207723,"8":0.0008543799,"9":0.0001896816}}