{"jef-united":{"0":0.4796821914,"1":0.3523896457,"2":0.1294382662,"3":0.0316964757,"4":0.0058213073,"5":0.0008553031,"6":0.0001047221,"7":0.0000109903,"8":0.0000010092,"9":0.0000000824},"montedio-yamagata":{"0":0.3021831833,"1":0.3616292267,"2":0.2163848037,"3":0.0863174763,"4":0.0258245031,"5":0.0061809496,"6":0.0012328129,"7":0.000210762,"8":0.0000315279,"9":0.0000041922}}