{"sanfrecce-hiroshima":{"0":0.4795656746,"1":0.3524205514,"2":0.1294924258,"3":0.0317202242,"4":0.0058275954,"5":0.0008565102,"6":0.0001049046,"7":0.0000110131,"8":0.0000010117,"9":0.0000000826},"albirex-niigata":{"0":0.4193256757,"1":0.3644390444,"2":0.1583683337,"3":0.0458796965,"4":0.0099685958,"5":0.0017327561,"6":0.0002509919,"7":0.0000311627,"8":0.0000033855,"9":0.0000003269}}