{"kyoto-sanga":{"0":0.2047693275,"1":0.324737772,"2":0.2574961344,"3":0.1361185649,"4":0.0539666268,"5":0.0171168235,"6":0.0045241795,"7":0.0010249665,"8":0.0002031831,"9":0.0000358025},"omiya-ardija":{"0":0.4567733803,"1":0.3579129568,"2":0.1402245514,"3":0.0366251523,"4":0.0071745734,"5":0.0011243531,"6":0.0001468345,"7":0.0000164364,"8":0.0000016099,"9":0.0000001402}}