{"fc-tokyo":{"0":0.1801185279,"1":0.3087484016,"2":0.2646190167,"3":0.1511980275,"4":0.0647936526,"5":0.0222130804,"6":0.0063460555,"7":0.0015540041,"8":0.0003329726,"9":0.000063418},"jubilo-iwata":{"0":0.4253676855,"1":0.3636048683,"2":0.1554049646,"3":0.0442801241,"4":0.0094626774,"5":0.0016177419,"6":0.0002304747,"7":0.0000281443,"8":0.0000030072,"9":0.0000002856}}