{"oita-trinita":{"0":0.3689847784,"1":0.3678777823,"2":0.1833870536,"3":0.0609456239,"4":0.015190695,"5":0.0030290242,"6":0.0005033228,"7":0.0000716875,"8":0.0000089341,"9":0.0000009897},"kashiwa-reysol":{"0":0.16144735,"1":0.2944115443,"2":0.268440942,"3":0.1631741706,"4":0.0743901333,"5":0.0271312153,"6":0.008245973,"7":0.0021481657,"8":0.000489668,"9":0.0000992163}}