{"shimizu-s-pulse":{"0":0.1625236591,"1":0.2952943872,"2":0.2682648654,"3":0.1624729787,"4":0.0738005761,"5":0.0268181211,"6":0.0081211157,"7":0.0021079304,"8":0.0004787457,"9":0.0000966498},"sanfrecce-hiroshima":{"0":0.373939922,"1":0.3678297926,"2":0.1809097509,"3":0.0593179031,"4":0.0145871641,"5":0.0028697623,"6":0.0004704785,"7":0.000066113,"8":0.0000081291,"9":0.0000008885}}