{"nagoya-grampus-eight":{"0":0.4738772713,"1":0.3538948217,"2":0.1321455495,"3":0.0328957366,"4":0.0061416909,"5":0.0009173314,"6":0.0001141782,"7":0.0000121813,"8":0.0000011371,"9":0.0000000944},"fc-tokyo":{"0":0.2306296392,"1":0.3383203384,"2":0.2481481821,"3":0.1213396758,"4":0.0444995712,"5":0.0130556593,"6":0.0031919828,"7":0.000668922,"8":0.0001226587,"9":0.0000199926}}