{"gamba-osaka":{"0":0.1500701429,"1":0.2846309079,"2":0.269922958,"3":0.1706500155,"4":0.0809159435,"5":0.0306938849,"6":0.0097026055,"7":0.0026289244,"8":0.0006232695,"9":0.0001313473},"omiya-ardija":{"0":0.2615305306,"1":0.3507658593,"2":0.2352243307,"3":0.1051612907,"4":0.0352606925,"5":0.0094583581,"6":0.002114265,"7":0.0004050945,"8":0.0000679143,"9":0.0000101208}}