{"kashima-antlers":{"0":0.5935822851,"1":0.3096003103,"2":0.0807405768,"3":0.0140375414,"4":0.0018304232,"5":0.0001909422,"6":0.0000165986,"7":0.0000012368,"8":0.0000000806,"9":0.0000000047},"albirex-niigata":{"0":0.4598127089,"1":0.3572450592,"2":0.1387782785,"3":0.0359406148,"4":0.0069808896,"5":0.0010847409,"6":0.0001404624,"7":0.00001559,"8":0.0000015141,"9":0.0000001307}}