{"urawa-red-diamonds":{"0":0.2280311977,"1":0.3370923234,"2":0.249157211,"3":0.1227741116,"4":0.0453734083,"5":0.0134148553,"6":0.003305136,"7":0.0006979847,"8":0.0001289765,"9":0.0000211847},"jef-united":{"0":0.2246850679,"1":0.3354672889,"2":0.2504356497,"3":0.1246381127,"4":0.0465229066,"5":0.0138922568,"6":0.0034569852,"7":0.000737353,"8":0.0001376136,"9":0.0000228294}}