{"vissel-kobe":{"0":0.1262385437,"1":0.2612610124,"2":0.2703505388,"3":0.1865041992,"4":0.0964964314,"5":0.0399414547,"6":0.013777019,"7":0.0040732386,"8":0.0010537376,"9":0.0002423107},"kyoto-sanga":{"0":0.4303582598,"1":0.3628510818,"2":0.1529666325,"3":0.0429906222,"4":0.0090617488,"5":0.0015280596,"6":0.0002147273,"7":0.0000258635,"8":0.0000027258,"9":0.0000002554}}