{"kashiwa-reysol":{"0":0.3064752547,"1":0.362443233,"2":0.2143159931,"3":0.0844846691,"4":0.0249782781,"5":0.0059079536,"6":0.0011644756,"7":0.0001967329,"8":0.0000290825,"9":0.0000038215},"jubilo-iwata":{"0":0.1647416308,"1":0.2970912525,"2":0.2678837519,"3":0.1610317906,"4":0.0726002531,"5":0.026185124,"6":0.0078702746,"7":0.0020275816,"8":0.0004570617,"9":0.0000915838}}