{"kawasaki-frontale":{"0":0.2411130529,"1":0.3429807514,"2":0.2439432342,"3":0.1156688847,"4":0.0411344393,"5":0.0117026604,"6":0.002774485,"7":0.0005638108,"8":0.0001002519,"9":0.0000158452},"yokohama-fa-marinos":{"0":0.5332902242,"1":0.3352739603,"2":0.1053916079,"3":0.0220861988,"4":0.0034713403,"5":0.000436479,"6":0.000045735,"7":0.0000041076,"8":0.0000003228,"9":0.0000000225}}