{"montedio-yamagata":{"0":0.3382172833,"1":0.3666501077,"2":0.1987365935,"3":0.071814577,"4":0.0194629486,"5":0.004219827,"6":0.000762429,"7":0.0001180748,"8":0.0000160001,"9":0.0000019272},"oita-trinita":{"0":0.7246752972,"1":0.2333683385,"2":0.0375759886,"3":0.0040335518,"4":0.0003247328,"5":0.0000209148,"6":0.0000011225,"7":0.0000000516,"8":0.0000000021,"9":0.0000000001}}