{"jef-united":{"0":0.527656855,"1":0.3373358303,"2":0.1078309334,"3":0.0229790991,"4":0.0036726868,"5":0.0004695964,"6":0.0000500362,"7":0.0000045698,"8":0.0000003652,"9":0.0000000259},"kyoto-sanga":{"0":0.3940601698,"1":0.3669691897,"2":0.1708703347,"3":0.0530410946,"4":0.0123486519,"5":0.0022999405,"6":0.0003569706,"7":0.0000474899,"8":0.0000055281,"9":0.000000572}}