{"yokohama-fa-marinos":{"0":0.2942070081,"1":0.3599539337,"2":0.2201967167,"3":0.0898014801,"4":0.0274673913,"5":0.0067211149,"6":0.0013705156,"7":0.000239541,"8":0.000036634,"9":0.0000049801},"nagoya-grampus-eight":{"0":0.2891054278,"1":0.3587693863,"2":0.2226099204,"3":0.0920836217,"4":0.0285681115,"5":0.0070903988,"6":0.0014664881,"7":0.0002599798,"8":0.0000403282,"9":0.0000055606}}