{"jubilo-iwata":{"0":0.1833153555,"1":0.3110031815,"2":0.2638158125,"3":0.1491920063,"4":0.0632778259,"5":0.0214707656,"6":0.0060710284,"7":0.0014713982,"8":0.0003120371,"9":0.0000588206},"kashima-antlers":{"0":0.2715419071,"1":0.3539925653,"2":0.2307392211,"3":0.1002668669,"4":0.0326779445,"5":0.0085200472,"6":0.0018511774,"7":0.0003447524,"8":0.0000561791,"9":0.0000081375}}