{"sanfrecce-hiroshima":{"0":0.2682296585,"1":0.3529665542,"2":0.2322364146,"3":0.1018675407,"4":0.033512173,"5":0.0088198123,"6":0.0019343491,"7":0.0003636332,"8":0.0000598137,"9":0.0000087455},"gamba-osaka":{"0":0.3236317578,"1":0.3651048308,"2":0.2059463175,"3":0.0774460413,"4":0.0218426677,"5":0.0049283566,"6":0.0009266534,"7":0.0001493433,"8":0.0000210602,"9":0.0000026399}}