{"montedio-yamagata":{"0":0.4351951524,"1":0.3620652733,"2":0.1506120431,"3":0.0417677681,"4":0.0086872856,"5":0.0014454961,"6":0.0002004327,"7":0.0000238217,"8":0.0000024773,"9":0.000000229},"vissel-kobe":{"0":0.4684308436,"1":0.3552424001,"2":0.1347020212,"3":0.0340511803,"4":0.0064558212,"5":0.0009791761,"6":0.0001237624,"7":0.0000134082,"8":0.000001271,"9":0.0000001071}}