{"omiya-ardija":{"0":0.3089632985,"1":0.3628875232,"2":0.2131116465,"3":0.0834355385,"4":0.0244994438,"5":0.00575508,"6":0.0011265884,"7":0.0001890307,"8":0.0000277528,"9":0.0000036218},"kawasaki-frontale":{"0":0.1622344337,"1":0.2950578523,"2":0.2683127564,"3":0.1626612875,"4":0.0739585442,"5":0.0269018712,"6":0.0081544632,"7":0.002118661,"8":0.0004816545,"9":0.0000973324}}