{"fc-tokyo":{"0":0.2408270827,"1":0.3428597624,"2":0.2440606251,"3":0.1158210931,"4":0.0412229306,"5":0.0117376202,"6":0.0027850949,"7":0.000566439,"8":0.0001008032,"9":0.0000159457},"kashiwa-reysol":{"0":0.3585848511,"1":0.3677610243,"2":0.1885860077,"3":0.0644706389,"4":0.01653011,"5":0.003390623,"6":0.0005795648,"7":0.0000849137,"8":0.0000108858,"9":0.0000012405}}