{"oita-trinita":{"0":0.5869840772,"1":0.3127202196,"2":0.0833020345,"3":0.0147932636,"4":0.0019703058,"5":0.0002099391,"6":0.0000186411,"7":0.0000014187,"8":0.0000000945,"9":0.0000000056},"shimizu-s-pulse":{"0":0.2605028973,"1":0.3504132048,"2":0.2356776362,"3":0.1056732403,"4":0.0355363598,"5":0.009560285,"6":0.0021433224,"7":0.0004118673,"8":0.0000692525,"9":0.0000103505}}