{"albirex-niigata":{"0":0.2278560329,"1":0.3370084795,"2":0.2492247271,"3":0.1228712201,"4":0.0454329018,"5":0.0134394275,"6":0.0033129113,"7":0.0006999904,"8":0.0001294143,"9":0.0000212677},"urawa-red-diamonds":{"0":0.2022580289,"1":0.3232510119,"2":0.2583116657,"3":0.1376121841,"4":0.0549833275,"5":0.017574992,"6":0.0046814243,"7":0.0010688434,"8":0.0002135297,"9":0.0000379184}}