{"nagoya-grampus-eight":{"0":0.2711626572,"1":0.3538771453,"2":0.2309112827,"3":0.1004492118,"4":0.0327724701,"5":0.0085538535,"6":0.0018605151,"7":0.0003468628,"8":0.0000565836,"9":0.0000082048},"jubilo-iwata":{"0":0.2818706655,"1":0.3569347817,"2":0.2259944967,"3":0.0953928003,"4":0.0301991414,"5":0.0076482765,"6":0.0016141776,"7":0.0002920063,"8":0.0000462212,"9":0.0000065034}}