{"kashima-antlers":{"0":0.1445027916,"1":0.2795343576,"2":0.2703735209,"3":0.1743419341,"4":0.0843142198,"5":0.0326204373,"6":0.0105171359,"7":0.0029064202,"8":0.0007027929,"9":0.000151058},"jef-united":{"0":0.2630308717,"1":0.3512734867,"2":0.2345600379,"3":0.1044170491,"4":0.0348618212,"5":0.00931148,"6":0.0020725552,"7":0.0003954092,"8":0.0000660078,"9":0.0000097947}}