{"gamba-osaka":{"0":0.1584463104,"1":0.2919118929,"2":0.2689004023,"3":0.1651352757,"4":0.0760588094,"5":0.0280252295,"6":0.0086053311,"7":0.0022648487,"8":0.0005215775,"9":0.0001067692},"yokohama-fa-marinos":{"0":0.3316398532,"1":0.3660327892,"2":0.2019962339,"3":0.0743147968,"4":0.0205054158,"5":0.0045263888,"6":0.0008326335,"7":0.0001312832,"8":0.0000181123,"9":0.0000022212}}