{"urawa-red-diamonds":{"0":0.1991893135,"1":0.3213918741,"2":0.2592828274,"3":0.1394509112,"4":0.0562509968,"5":0.018152192,"6":0.0048814257,"7":0.0011251683,"8":0.0002269323,"9":0.0000406839},"omiya-ardija":{"0":0.2590517554,"1":0.3499083065,"2":0.2363153702,"3":0.1063992159,"4":0.0359290843,"5":0.0097060798,"6":0.0021850447,"7":0.0004216285,"8":0.0000711882,"9":0.000010684}}