{"shimizu-s-pulse":{"0":0.1081221244,"1":0.2405170071,"2":0.2675143088,"3":0.1983613169,"4":0.1103133853,"5":0.0490782908,"6":0.0181957265,"7":0.0057823261,"8":0.0016078437,"9":0.0003974043},"fc-tokyo":{"0":0.2068319514,"1":0.3259358503,"2":0.2568127839,"3":0.1348993591,"4":0.053145243,"5":0.0167497718,"6":0.0043991842,"7":0.0009903498,"8":0.0001950802,"9":0.0000341574}}