{"kashiwa-reysol":{"0":0.3489713624,"1":0.3673849816,"2":0.1933851016,"3":0.067863049,"4":0.0178609678,"5":0.0037606818,"6":0.0006598526,"7":0.0000992386,"8":0.0000130594,"9":0.0000015276},"montedio-yamagata":{"0":0.1618452949,"1":0.2947387923,"2":0.2683765249,"3":0.162914782,"4":0.0741716126,"5":0.0270149979,"6":0.0081995668,"7":0.0021331927,"8":0.0004855985,"9":0.0000982589}}