{"vissel-kobe":{"0":0.5665136746,"1":0.3219236957,"2":0.0914672235,"3":0.0173255404,"4":0.0024613272,"5":0.0002797318,"6":0.0000264931,"7":0.0000021507,"8":0.0000001528,"9":0.0000000096},"albirex-niigata":{"0":0.2587120903,"1":0.3497889538,"2":0.2364642335,"3":0.1065696579,"4":0.0360215956,"5":0.0097405237,"6":0.0021949287,"7":0.0004239472,"8":0.0000716492,"9":0.0000107636}}