{"kawasaki-frontale":{"0":0.3276510381,"1":0.3655950418,"2":0.2039665971,"3":0.0758623942,"4":0.0211619314,"5":0.0047225226,"6":0.0008782366,"7":0.0001399917,"8":0.0000195254,"9":0.0000024207},"sanfrecce-hiroshima":{"0":0.6483281042,"1":0.2809584151,"2":0.0608778414,"3":0.0087939742,"4":0.0009527356,"5":0.0000825752,"6":0.0000059641,"7":0.0000003692,"8":0.00000002,"9":0.000000001}}