{"kyoto-sanga":{"0":0.1785820633,"1":0.3076445786,"2":0.2649907414,"3":0.152167139,"4":0.0655348506,"5":0.0225794698,"6":0.0064829686,"7":0.0015954651,"8":0.0003435649,"9":0.0000657624},"oita-trinita":{"0":0.7641216619,"1":0.2055703205,"2":0.0276521127,"3":0.0024797332,"4":0.0001667796,"5":0.0000089737,"6":0.0000004024,"7":0.0000000155,"8":0.0000000005,"9":0.0}}