{"yokohama-fa-marinos":{"0":0.2414252883,"1":0.3431124655,"2":0.2438148978,"3":0.1155028557,"4":0.0410380266,"5":0.0116646094,"6":0.0027629479,"7":0.0005609555,"8":0.0000996534,"9":0.0000157363},"oita-trinita":{"0":0.7981866241,"1":0.179921517,"2":0.0202783104,"3":0.0015236639,"4":0.0000858634,"5":0.0000038709,"6":0.0000001454,"7":0.0000000047,"8":0.0000000001,"9":0.0}}