{"kashima-antlers":{"0":0.1117588192,"1":0.244909632,"2":0.2683489691,"3":0.1960210619,"4":0.1073907332,"5":0.047067471,"6":0.0171907045,"7":0.0053817026,"8":0.001474191,"9":0.0003589511},"montedio-yamagata":{"0":0.3991776896,"1":0.3665842819,"2":0.1683260854,"3":0.051527343,"4":0.0118300161,"5":0.0021728158,"6":0.0003325671,"7":0.0000436304,"8":0.0000050085,"9":0.0000005111}}