{"nagoya-grampus-eight":{"0":0.2791027463,"1":0.3561840306,"2":0.2272766308,"3":0.0966816074,"4":0.0308456698,"5":0.0078728964,"6":0.0016745326,"7":0.0003052853,"8":0.0000486997,"9":0.0000069055},"vissel-kobe":{"0":0.2098855996,"1":0.3276718576,"2":0.2557794496,"3":0.1331069998,"4":0.0519514178,"5":0.0162212344,"6":0.0042207454,"7":0.0009413424,"8":0.0001837021,"9":0.000031866}}