{"gamba-osaka":{"0":0.1982967076,"1":0.3208422579,"2":0.2595599182,"3":0.1399885239,"4":0.0566250376,"5":0.0183237585,"6":0.0049412789,"7":0.0011421349,"8":0.0002309955,"9":0.0000415276},"kyoto-sanga":{"0":0.4192194157,"1":0.3644529396,"2":0.1584205552,"3":0.0459082085,"4":0.0099776996,"5":0.0017348442,"6":0.0002513676,"7":0.0000312184,"8":0.0000033925,"9":0.0000003277}}