{"kashiwa-reysol":{"0":0.7702533005,"1":0.2010637301,"2":0.0262424215,"3":0.0022834043,"4":0.0001490126,"5":0.0000077795,"6":0.0000003385,"7":0.0000000126,"8":0.0000000004,"9":0.0},"shimizu-s-pulse":{"0":0.1371099011,"1":0.2724335998,"2":0.2706590323,"3":0.1792640159,"4":0.0890481665,"5":0.0353872512,"6":0.0117189157,"7":0.0033264518,"8":0.000826196,"9":0.0001824032}}