{"jubilo-iwata":{"0":0.4842763319,"1":0.3511485753,"2":0.127308846,"3":0.0307705312,"4":0.005577925,"5":0.0008089102,"6":0.0000977567,"7":0.0000101262,"8":0.0000009178,"9":0.0000000739},"albirex-niigata":{"0":0.2439194012,"1":0.344150135,"2":0.2427837122,"3":0.1141825905,"4":0.0402755518,"5":0.0113650956,"6":0.0026725353,"7":0.0005386752,"8":0.0000950033,"9":0.0000148935}}