{"omiya-ardija":{"0":0.2755280176,"1":0.355173788,"2":0.2289212197,"3":0.0983648505,"4":0.0316996951,"5":0.0081725996,"6":0.0017558366,"7":0.0003233413,"8":0.000052101,"9":0.0000074624},"sanfrecce-hiroshima":{"0":0.4299275237,"1":0.3629184326,"2":0.153176735,"3":0.0431007999,"4":0.0090957626,"5":0.0015356169,"6":0.0002160456,"7":0.0000260532,"8":0.0000027491,"9":0.0000002578}}