{"kawasaki-frontale":{"0":0.0550013028,"1":0.1595256911,"2":0.23134403,"3":0.2236632854,"4":0.1621781591,"5":0.0940762548,"6":0.0454764366,"7":0.0188428263,"8":0.0068314629,"9":0.0022015516},"jef-united":{"0":0.5285957716,"1":0.3369963368,"2":0.1074228523,"3":0.022828476,"4":0.0036384669,"5":0.0004639273,"6":0.0000492947,"7":0.0000044896,"8":0.0000003578,"9":0.0000000253}}