{"fc-tokyo":{"0":0.2129114026,"1":0.3293482095,"2":0.2547309392,"3":0.1313459929,"4":0.0507940945,"5":0.0157144651,"6":0.0040513964,"7":0.0008952887,"8":0.0001731129,"9":0.0000297539},"urawa-red-diamonds":{"0":0.5731688529,"1":0.3190114105,"2":0.0887768757,"3":0.0164703276,"4":0.0022917428,"5":0.0002551053,"6":0.0000236642,"7":0.0000018816,"8":0.0000001309,"9":0.0000000081}}