{"urawa-red-diamonds":{"0":0.1079679649,"1":0.2403281299,"2":0.2674756816,"3":0.198459887,"4":0.1104389935,"5":0.0491656887,"6":0.0182398208,"7":0.0058000564,"8":0.0016138082,"9":0.0003991344},"jubilo-iwata":{"0":0.1405661743,"1":0.2758016449,"2":0.2705720195,"3":0.1769610373,"4":0.0868027913,"5":0.0340627505,"6":0.011138956,"7":0.0031222126,"8":0.0007657527,"9":0.0001669406}}