{"shimizu-s-pulse":{"0":0.2141621084,"1":0.3300285281,"2":0.2542906169,"3":0.1306224813,"4":0.0503230305,"5":0.0155097798,"6":0.0039834854,"7":0.0008769484,"8":0.0001689246,"9":0.0000289241},"gamba-osaka":{"0":0.2319256271,"1":0.3389218553,"2":0.2476397832,"3":0.120628519,"4":0.0440697757,"5":0.0128801723,"6":0.0031370487,"7":0.0006548986,"8":0.0001196286,"9":0.0000194242}}