{"jef-united":{"0":0.6318287904,"1":0.2900958634,"2":0.0665968465,"3":0.0101923548,"4":0.0011699214,"5":0.0001074308,"6":0.0000082209,"7":0.0000005392,"8":0.0000000309,"9":0.0000000016},"fc-tokyo":{"0":0.1582913475,"1":0.2917812857,"2":0.268922844,"3":0.1652367705,"4":0.0761459772,"5":0.0280722497,"6":0.0086243471,"7":0.0022710591,"8":0.0005232855,"9":0.0001071757}}