{"sanfrecce-hiroshima":{"0":0.1295249365,"1":0.2647336677,"2":0.2705421701,"3":0.1843187443,"4":0.0941814343,"5":0.038499145,"6":0.0131146173,"7":0.0038292469,"8":0.000978316,"9":0.0002221736},"nagoya-grampus-eight":{"0":0.1371605871,"1":0.2724836161,"2":0.270658367,"3":0.1792302297,"4":0.0890148222,"5":0.0353674203,"6":0.0117101698,"7":0.003323351,"8":0.0008252723,"9":0.0001821654}}