{"vissel-kobe":{"0":0.377842788,"1":0.3677457234,"2":0.1789592409,"3":0.0580589755,"4":0.0141268675,"5":0.0027498712,"6":0.0004460644,"7":0.0000620206,"8":0.0000075454,"9":0.000000816},"yokohama-fa-marinos":{"0":0.4890255507,"1":0.3498198015,"2":0.1251201428,"3":0.0298345035,"4":0.0053354575,"5":0.0007633338,"6":0.0000910073,"7":0.0000093002,"8":0.0000008316,"9":0.0000000661}}