{"kyoto-sanga":{"0":0.3315219752,"1":0.3660205436,"2":0.2020545369,"3":0.0743601902,"4":0.0205245499,"5":0.0045320718,"6":0.0008339474,"7":0.0001315327,"8":0.0000181525,"9":0.0000022268},"kashima-antlers":{"0":0.3590325934,"1":0.3677722026,"2":0.1883622761,"3":0.0643158035,"4":0.0164703464,"5":0.0033742539,"6":0.0005760651,"7":0.0000842982,"8":0.0000107938,"9":0.0000012285}}