{"montedio-yamagata":{"0":0.4819293242,"1":0.3517880721,"2":0.1283952246,"3":0.0312410322,"4":0.0057011588,"5":0.0008323211,"6":0.0001012599,"7":0.0000105593,"8":0.0000009635,"9":0.0000000781},"omiya-ardija":{"0":0.4023124249,"1":0.3663160501,"2":0.1667702017,"3":0.0506162191,"4":0.0115218499,"5":0.0020981895,"6":0.0003184095,"7":0.0000414172,"8":0.0000047139,"9":0.0000004769}}