{"oita-trinita":{"0":0.289479898,"1":0.3588593776,"2":0.2224334985,"3":0.0919146688,"4":0.0284859511,"5":0.0070626325,"6":0.0014592216,"7":0.0002584218,"8":0.0000400447,"9":0.0000055158},"kawasaki-frontale":{"0":0.175360501,"1":0.3052870985,"2":0.2657388978,"3":0.1542092938,"4":0.0671161801,"5":0.0233686649,"6":0.0067804626,"7":0.0016863121,"8":0.000366965,"9":0.0000709837}}