{"albirex-niigata":{"0":0.4134747515,"1":0.3651638765,"2":0.1612488504,"3":0.0474694485,"4":0.0104807656,"5":0.0018512361,"6":0.0002724893,"7":0.0000343788,"8":0.0000037952,"9":0.0000003724},"kashiwa-reysol":{"0":0.2391459893,"1":0.3421416421,"2":0.244747787,"3":0.1167186761,"4":0.0417468004,"5":0.0119452715,"6":0.0028483123,"7":0.0005821466,"8":0.0001041083,"9":0.0000165495}}