{"yokohama-fa-marinos":{"0":0.2328199482,"1":0.3393327181,"2":0.247287001,"3":0.1201394337,"4":0.0437755022,"5":0.0127604703,"6":0.0030997094,"7":0.0006453993,"8":0.0001175829,"9":0.0000190418},"shimizu-s-pulse":{"0":0.3206385643,"1":0.3647073717,"2":0.2074165147,"3":0.0786413326,"4":0.0223624642,"5":0.0050871957,"6":0.0009643973,"7":0.0001567064,"8":0.0000222805,"9":0.0000028159}}