{"jef-united":{"0":0.5582234485,"1":0.3254420105,"2":0.0948656873,"3":0.0184354372,"4":0.0026869463,"5":0.0003132958,"6":0.0000304417,"7":0.0000025353,"8":0.0000001848,"9":0.000000012},"oita-trinita":{"0":0.6344630024,"1":0.2886656314,"2":0.0656680109,"3":0.0099591296,"4":0.001132792,"5":0.0001030787,"6":0.0000078164,"7":0.000000508,"8":0.0000000289,"9":0.0000000015}}