{"kashima-antlers":{"0":0.3479859337,"1":0.3673315924,"2":0.1938763693,"3":0.0682181937,"4":0.0180026657,"5":0.0038006984,"6":0.0006686652,"7":0.0001008341,"8":0.000013305,"9":0.0000015605},"gamba-osaka":{"0":0.2871943388,"1":0.3583025524,"2":0.2235084432,"3":0.0929494247,"4":0.0289908362,"5":0.0072337711,"6":0.0015041375,"7":0.0002680795,"8":0.0000418069,"9":0.0000057953}}