{"nagoya-grampus-eight":{"0":0.2384676405,"1":0.3418485272,"2":0.2450236336,"3":0.1170822284,"4":0.0419599775,"5":0.0120301073,"6":0.0028742366,"7":0.0005886115,"8":0.0001054734,"9":0.0000167998},"montedio-yamagata":{"0":0.306387088,"1":0.3624271195,"2":0.214358604,"3":0.0845220251,"4":0.0249954023,"5":0.0059134422,"6":0.001165841,"7":0.0001970115,"8":0.0000291308,"9":0.0000038288}}