{"jubilo-iwata":{"0":0.1494935252,"1":0.284112773,"2":0.2699784747,"3":0.1710315614,"4":0.0812614646,"5":0.0308875184,"6":0.0097836328,"7":0.0026562594,"8":0.0006310283,"9":0.0001332523},"sanfrecce-hiroshima":{"0":0.4489131113,"1":0.3595461494,"2":0.1439849163,"3":0.0384404175,"4":0.0076969817,"5":0.0012329424,"6":0.0001645826,"7":0.0000188312,"8":0.0000018853,"9":0.0000001678}}