{"kyoto-sanga":{"0":0.3345224569,"1":0.3663192399,"2":0.2005691737,"3":0.0732111759,"4":0.0200424977,"5":0.0043895125,"6":0.0008011235,"7":0.0001253245,"8":0.0000171546,"9":0.0000020872},"urawa-red-diamonds":{"0":0.3581411451,"1":0.3677493952,"2":0.1888077083,"3":0.0646243541,"4":0.0165895258,"5":0.0034069183,"6":0.0005830532,"7":0.0000855279,"8":0.0000109778,"9":0.0000012525}}