{"fc-tokyo":{"0":0.1807840638,"1":0.3092224595,"2":0.2644550836,"3":0.1507792402,"4":0.0644751624,"5":0.0220563338,"6":0.0062877166,"7":0.0015364053,"8":0.0003284934,"9":0.0000624303},"vissel-kobe":{"0":0.6658945651,"1":0.2707686661,"2":0.0550505098,"3":0.0074616182,"4":0.0007585181,"5":0.0000616863,"6":0.0000041805,"7":0.0000002428,"8":0.0000000123,"9":0.0000000006}}