{"kawasaki-frontale":{"0":0.464696237,"1":0.3561298781,"2":0.136463866,"3":0.0348606653,"4":0.0066790537,"5":0.0010237271,"6":0.0001307592,"7":0.0000143157,"8":0.0000013714,"9":0.0000001168},"albirex-niigata":{"0":0.385694455,"1":0.3674548834,"2":0.1750389324,"3":0.0555871015,"4":0.013239594,"5":0.0025226982,"6":0.0004005665,"7":0.0000545177,"8":0.0000064924,"9":0.0000006873}}