{"omiya-ardija":{"0":0.4082191829,"1":0.3657443998,"2":0.1638445369,"3":0.0489322275,"4":0.01096022,"5":0.0019639641,"6":0.0002932693,"7":0.0000375364,"8":0.0000042038,"9":0.0000004185},"kashiwa-reysol":{"0":0.1543045302,"1":0.288368497,"2":0.2694554397,"3":0.1678552148,"4":0.0784230961,"5":0.0293118424,"6":0.0091297945,"7":0.0024374297,"8":0.0005693919,"9":0.0001182328}}