{"shimizu-s-pulse":{"0":0.1889059467,"1":0.3148128982,"2":0.2623187957,"3":0.1457186177,"4":0.0607102386,"5":0.0202347957,"6":0.0056202348,"7":0.0013380222,"8":0.0002787278,"9":0.0000516113},"nagoya-grampus-eight":{"0":0.151320253,"1":0.2857466298,"2":0.2697957968,"3":0.1698235765,"4":0.0801718767,"5":0.0302786218,"6":0.0095294736,"7":0.0025707209,"8":0.0006068048,"9":0.0001273182}}