{"urawa-red-diamonds":{"0":0.2762564431,"1":0.355383389,"2":0.228587163,"3":0.0980201339,"4":0.0315239049,"5":0.0081106323,"6":0.0017389543,"7":0.0003195765,"8":0.0000513889,"9":0.0000073453},"kashima-antlers":{"0":0.1841819805,"1":0.3116047816,"2":0.2635913124,"3":0.14865065,"4":0.0628729439,"5":0.0212740789,"6":0.005998691,"7":0.0014498245,"8":0.0003066072,"9":0.0000576364}}