{"gamba-osaka":{"0":0.0631090204,"1":0.1743633801,"2":0.2408735562,"3":0.221835839,"4":0.1532270921,"5":0.0846699681,"6":0.0389889901,"7":0.0153889074,"8":0.0053147353,"9":0.0016315597},"jef-united":{"0":0.2111645966,"1":0.3283857323,"2":0.2553391783,"3":0.1323607972,"4":0.0514591437,"5":0.0160050017,"6":0.004148276,"7":0.0009215794,"8":0.0001791455,"9":0.0000309547}}