{"vissel-kobe":{"0":0.140103674,"1":0.2753559223,"2":0.2705884927,"3":0.17726907,"4":0.0870999433,"5":0.0342367684,"6":0.0112146678,"7":0.0031487144,"8":0.0007735496,"9":0.0001689237},"jubilo-iwata":{"0":0.2317546151,"1":0.3388428978,"2":0.2477070616,"3":0.1207221965,"4":0.0441262614,"5":0.012903191,"6":0.0031442413,"7":0.0006567315,"8":0.0001200239,"9":0.0000194982}}