{"sanfrecce-hiroshima":{"0":0.0821047805,"1":0.205242167,"2":0.2565279808,"3":0.2137527127,"4":0.1335825688,"5":0.0667848467,"6":0.0278243373,"7":0.0099363055,"8":0.0031047962,"9":0.0008623603},"kyoto-sanga":{"0":0.3586701509,"1":0.3677631969,"2":0.1885433855,"3":0.0644411195,"4":0.0165187095,"5":0.0033874987,"6":0.0005788965,"7":0.0000847961,"8":0.0000108682,"9":0.0000012382}}