{"kashiwa-reysol":{"0":0.4026877097,"1":0.366282297,"2":0.1665840772,"3":0.0505079552,"4":0.0114854324,"5":0.0020894159,"6":0.0003167533,"7":0.0000411596,"8":0.0000046798,"9":0.000000473},"kawasaki-frontale":{"0":0.1361851095,"1":0.2715177301,"2":0.2706679094,"3":0.179880499,"4":0.0896587464,"5":0.0357512497,"6":0.0118797841,"7":0.0033836005,"8":0.0008432525,"9":0.0001868029}}