{"montedio-yamagata":{"0":0.4814640588,"1":0.3519134888,"2":0.1286109537,"3":0.0313349312,"4":0.0057258609,"5":0.0008370335,"6":0.0001019679,"7":0.0000106473,"8":0.0000009728,"9":0.000000079},"yokohama-fa-marinos":{"0":0.504812566,"1":0.345073754,"2":0.1179407009,"3":0.0268734993,"4":0.0045924665,"5":0.0006278527,"6":0.00007153,"7":0.0000069851,"8":0.0000005968,"9":0.0000000453}}