{"oita-trinita":{"0":0.4439082249,"1":0.3605144887,"2":0.1463936567,"3":0.0396305898,"4":0.0080463714,"5":0.0013069519,"6":0.0001769041,"7":0.0000205243,"8":0.0000020836,"9":0.000000188},"omiya-ardija":{"0":0.3906645158,"1":0.3671879627,"2":0.1725611036,"3":0.0540637448,"4":0.0127037109,"5":0.0023880591,"6":0.0003740919,"7":0.0000502302,"8":0.0000059015,"9":0.0000006163}}