{"albirex-niigata":{"0":0.5055059609,"1":0.3448538657,"2":0.1176288688,"3":0.0267486263,"4":0.0045619478,"5":0.000622428,"6":0.0000707696,"7":0.000006897,"8":0.0000005881,"9":0.0000000446},"fc-tokyo":{"0":0.2189219146,"1":0.3325511818,"2":0.2525793013,"3":0.1278927013,"4":0.0485685376,"5":0.0147555119,"6":0.0037357025,"7":0.0008106689,"8":0.0001539298,"9":0.0000259806}}