{"oita-trinita":{"0":0.2825697695,"1":0.3571200917,"2":0.2256695047,"3":0.0950692807,"4":0.0300378472,"5":0.0075925452,"6":0.0015992808,"7":0.0002887455,"8":0.0000456157,"9":0.0000064056},"fc-tokyo":{"0":0.2909189003,"1":0.3592006918,"2":0.2217544767,"3":0.0912675449,"4":0.0281722546,"5":0.0069569171,"6":0.00143163,"7":0.0002525213,"8":0.0000389738,"9":0.0000053468}}