{"cerezo-osaka":{"0":0.6534221277,"1":0.2780519692,"2":0.0591599935,"3":0.0083914884,"4":0.0008927115,"5":0.0000759754,"6":0.0000053883,"7":0.0000003276,"8":0.0000000174,"9":0.0000000008},"albirex-niigata":{"0":0.3041961229,"1":0.3620185264,"2":0.2154159826,"3":0.0854542741,"4":0.0254244121,"5":0.0060514303,"6":0.0012002837,"7":0.0002040624,"8":0.0000303564,"9":0.0000040141}}