{"omiya-ardija":{"0":0.4648886117,"1":0.3560848941,"2":0.1363729382,"3":0.0348186225,"4":0.0066673958,"5":0.0010213883,"6":0.00013039,"7":0.0000142676,"8":0.000001366,"9":0.0000001163},"shimizu-s-pulse":{"0":0.8000024444,"1":0.1785129421,"2":0.0199167332,"3":0.0014814099,"4":0.0000826406,"5":0.0000036881,"6":0.0000001372,"7":0.0000000044,"8":0.0000000001,"9":0.0}}