{"nagoya-grampus-eight":{"0":0.2936014878,"1":0.3598179935,"2":0.2204842173,"3":0.0900701483,"4":0.0275959603,"5":0.006763946,"6":0.001381572,"7":0.0002418801,"8":0.000037054,"9":0.0000050456},"jubilo-iwata":{"0":0.4753035374,"1":0.3535315568,"2":0.1314786781,"3":0.0325980194,"4":0.0060616152,"5":0.0009017279,"6":0.0001117844,"7":0.0000118779,"8":0.0000011044,"9":0.0000000913}}