{"kashiwa-reysol":{"0":0.260514166,"1":0.3504170939,"2":0.2356726729,"3":0.1056676168,"4":0.035533326,"5":0.0095591614,"6":0.0021430016,"7":0.0004117925,"8":0.0000692377,"9":0.0000103479},"kawasaki-frontale":{"0":0.168331811,"1":0.2999366815,"2":0.2672163162,"3":0.1587102969,"4":0.0706982232,"5":0.0251942759,"6":0.0074819365,"7":0.0019044929,"8":0.0004241825,"9":0.0000839796}}