{"vegalta-sendai":{"0":0.1542877104,"1":0.2883538826,"2":0.2694575005,"3":0.1678662897,"4":0.0784328451,"5":0.0293171962,"6":0.0091319947,"7":0.0024381593,"8":0.0005695955,"9":0.000118282},"ventforet-kofu":{"0":0.4321388785,"1":0.3625680904,"2":0.1520988122,"3":0.0425373868,"4":0.0089223048,"5":0.0014971775,"6":0.0002093574,"7":0.0000250932,"8":0.0000026317,"9":0.0000002453}}