{"yokohama-fa-marinos":{"0":0.1948901624,"1":0.3187076145,"2":0.2605943324,"3":0.142051634,"4":0.0580749393,"5":0.0189942121,"6":0.0051769331,"7":0.0012094197,"8":0.0002472234,"9":0.000044921},"shonan-bellmare":{"0":0.5715868476,"1":0.319710726,"2":0.0894133138,"3":0.0166707798,"4":0.0023311537,"5":0.000260781,"6":0.0000243108,"7":0.0000019426,"8":0.0000001358,"9":0.0000000084}}