{"sagan-tosu":{"0":0.2027574827,"1":0.3235491744,"2":0.2581509371,"3":0.1373143282,"4":0.0547796522,"5":0.0174828677,"6":0.0046496989,"7":0.0010599617,"8":0.0002114285,"9":0.0000374873},"kashima-antlers":{"0":0.2097196855,"1":0.3275786823,"2":0.2558362436,"3":0.1332039946,"4":0.0520156095,"5":0.0162495044,"6":0.0042302429,"7":0.0009439385,"8":0.000184302,"9":0.0000319863}}