{"sanfrecce-hiroshima":{"0":0.0137136759,"1":0.0588229163,"2":0.1261563821,"3":0.1803767846,"4":0.193425318,"5":0.1659342302,"6":0.118625322,"7":0.072689559,"8":0.0389739763,"9":0.0185748313},"urawa-red-diamonds":{"0":0.2621488058,"1":0.3509760872,"2":0.2349509344,"3":0.104854136,"4":0.0350958059,"5":0.0093975546,"6":0.002096975,"7":0.0004010743,"8":0.0000671219,"9":0.0000099851}}