{"kawasaki-frontale":{"0":0.0776952203,"1":0.1985082996,"2":0.2535905352,"3":0.2159713547,"4":0.1379496261,"5":0.0704911978,"6":0.0300170499,"7":0.0109560583,"8":0.0034990384,"9":0.0009933232},"oita-trinita":{"0":0.3264368392,"1":0.3654521775,"2":0.2045652911,"3":0.0763382295,"4":0.0213655207,"5":0.0047838204,"6":0.0008925961,"7":0.000142754,"8":0.000019977,"9":0.000002485}}