{"shonan-bellmare":{"0":0.3160588264,"1":0.3640450656,"2":0.2096584539,"3":0.0804967506,"4":0.0231795811,"5":0.0053397731,"6":0.0010250824,"7":0.0001686739,"8":0.0000242854,"9":0.0000031081},"sagan-tosu":{"0":0.1925270151,"1":0.3171918763,"2":0.2612897892,"3":0.1434932797,"4":0.0591019689,"5":0.0194743209,"6":0.005347385,"7":0.0012585596,"8":0.0002591876,"9":0.0000474463}}