{"jubilo-iwata":{"0":0.8587240173,"1":0.1307902734,"2":0.0099601824,"3":0.0005056708,"4":0.0000192544,"5":0.0000005865,"6":0.0000000149,"7":0.0000000003,"8":0.0,"9":0.0},"omiya-ardija":{"0":0.167551223,"1":0.2993245909,"2":0.2673666271,"3":0.159213811,"4":0.0711075216,"5":0.0254062363,"6":0.0075645636,"7":0.0019305481,"8":0.0004311074,"9":0.0000855732}}