{"urawa-red-diamonds":{"0":0.3622630711,"1":0.3678363491,"2":0.1867476849,"3":0.0632069087,"4":0.0160448307,"5":0.0032583348,"6":0.0005514105,"7":0.0000799848,"8":0.0000101519,"9":0.0000011453},"nagoya-grampus-eight":{"0":0.2324808627,"1":0.3391773428,"2":0.2474209459,"3":0.1203247126,"4":0.0438868557,"5":0.0128057225,"6":0.0031138125,"7":0.0006489841,"8":0.0001183542,"9":0.0000191858}}