{"kashima-antlers":{"0":0.0103659304,"1":0.0473643283,"2":0.1082092732,"3":0.1648110469,"4":0.1882649266,"5":0.1720451791,"6":0.131019021,"7":0.085522306,"8":0.048846394,"9":0.0247989385},"vegalta-sendai":{"0":0.1487387437,"1":0.2834311821,"2":0.2700481157,"3":0.1715313144,"4":0.0817159705,"5":0.0311430009,"6":0.0098908297,"7":0.0026925155,"8":0.000641345,"9":0.0001357916}}