{"fc-tokyo":{"0":0.0446181129,"1":0.1387451702,"2":0.2157220578,"3":0.2236042099,"4":0.1738307728,"5":0.1081093691,"6":0.0560297596,"7":0.0248901432,"8":0.0096748465,"9":0.0033427835},"kashiwa-reysol":{"0":0.3274102349,"1":0.3655670668,"2":0.2040853738,"3":0.0759565865,"4":0.0212021675,"5":0.0047346194,"6":0.0008810664,"7":0.0001405353,"8":0.0000196142,"9":0.0000024333}}