{"shimizu-s-pulse":{"0":0.6833355642,"1":0.2601931572,"2":0.0495367742,"3":0.0062873598,"4":0.0005985083,"5":0.0000455787,"6":0.0000028925,"7":0.0000001573,"8":0.0000000075,"9":0.0000000003},"yokohama-fa-marinos":{"0":0.296475862,"1":0.3604522322,"2":0.2191170148,"3":0.0888000534,"4":0.0269905425,"5":0.0065629635,"6":0.0013298637,"7":0.0002309763,"8":0.0000351023,"9":0.0000047419}}