{"albirex-niigata":{"0":0.4009790274,"1":0.3664331419,"2":0.1674317587,"3":0.0510022896,"4":0.0116520615,"5":0.0021296383,"6":0.0003243603,"7":0.0000423451,"8":0.0000048371,"9":0.0000004912},"sanfrecce-hiroshima":{"0":0.6210206297,"1":0.2958486248,"2":0.0704698078,"3":0.0111903935,"4":0.0013327506,"5":0.0001269821,"6":0.0000100822,"7":0.0000006862,"8":0.0000000409,"9":0.0000000022}}