{"ventforet-kofu":{"0":0.3330471678,"1":0.3661757539,"2":0.2012998393,"3":0.0737744555,"4":0.0202782214,"5":0.0044590639,"6":0.000817102,"7":0.00012834,"8":0.0000176383,"9":0.0000021548},"cerezo-osaka":{"0":0.2134081239,"1":0.329619277,"2":0.2545565413,"3":0.1310583396,"4":0.0506065026,"5":0.0156328433,"6":0.0040242818,"7":0.0008879571,"8":0.0001714366,"9":0.0000294214}}