{"shonan-bellmare":{"0":0.3598976895,"1":0.3677922194,"2":0.1879299599,"3":0.0640174315,"4":0.0163554212,"5":0.0033428371,"6":0.0005693606,"7":0.0000831214,"8":0.0000106181,"9":0.0000012057},"shimizu-s-pulse":{"0":0.3093341071,"1":0.362952019,"2":0.2129318512,"3":0.0832800129,"4":0.0244288038,"5":0.005732626,"6":0.0011210469,"7":0.0001879088,"8":0.00002756,"9":0.000003593}}