{"vegalta-sendai":{"0":0.1471755728,"1":0.2820073878,"2":0.2701812716,"3":0.1725673928,"4":0.0826653478,"5":0.0316794946,"6":0.0101169999,"7":0.0027693539,"8":0.0006633049,"9":0.0001412198},"kashiwa-reysol":{"0":0.4250469883,"1":0.3636513122,"2":0.1555619502,"3":0.0443639636,"4":0.0094889589,"5":0.0016236663,"6":0.0002315228,"7":0.0000282972,"8":0.0000030262,"9":0.0000002877}}