{"ventforet-kofu":{"0":0.3167389267,"1":0.3641475919,"2":0.2093261319,"3":0.0802191757,"4":0.0230565437,"5":0.0053015175,"6":0.0010158392,"7":0.0001668411,"8":0.0000239767,"9":0.0000030628},"nagoya-grampus-eight":{"0":0.2306931823,"1":0.3383500006,"2":0.2481233338,"3":0.121304741,"4":0.044478405,"5":0.0130469988,"6":0.0031892664,"7":0.0006682272,"8":0.0001225083,"9":0.0000199643}}