{"omiya-ardija":{"0":0.7745416291,"1":0.1978828936,"2":0.0252779438,"3":0.0021527023,"4":0.0001374952,"5":0.0000070256,"6":0.0000002992,"7":0.0000000109,"8":0.0000000003,"9":0.0},"albirex-niigata":{"0":0.7679735397,"1":0.2027450145,"2":0.0267623419,"3":0.0023550861,"4":0.0001554357,"5":0.000008207,"6":0.0000003611,"7":0.0000000136,"8":0.0000000004,"9":0.0}}