{"oita-trinita":{"0":0.2159079271,"1":0.3309659579,"2":0.2536693922,"3":0.1296168765,"4":0.049672532,"5":0.0152286369,"6":0.0038906711,"7":0.0008520032,"8":0.0001632548,"9":0.000027806},"urawa-red-diamonds":{"0":0.0713612696,"1":0.1883937516,"2":0.2486797522,"3":0.2188381819,"4":0.1444332,"5":0.0762607296,"6":0.033554721,"7":0.0126549234,"8":0.0041761247,"9":0.0012249966}}