{"yokohama-fa-marinos":{"0":0.046616233,"1":0.1429163478,"2":0.2190769305,"3":0.223882489,"4":0.1715950948,"5":0.1052154697,"6":0.053761711,"7":0.0235461429,"8":0.0090234896,"9":0.0030738081},"jubilo-iwata":{"0":0.6254190754,"1":0.2935300194,"2":0.0688817112,"3":0.010776161,"4":0.0012644029,"5":0.0001186853,"6":0.0000092838,"7":0.0000006225,"8":0.0000000365,"9":0.0000000019}}