{"sagan-tosu":{"0":0.096141378,"1":0.2251569045,"2":0.263651472,"3":0.2058182459,"4":0.1205032633,"5":0.0564421737,"6":0.0220306549,"7":0.0073706246,"8":0.0021576909,"9":0.0005614637},"kawasaki-frontale":{"0":0.1720448638,"1":0.3027989603,"2":0.2664630851,"3":0.1563250099,"4":0.0687830044,"5":0.0242116175,"6":0.0071020745,"7":0.0017856644,"8":0.0003928462,"9":0.0000768233}}