{"sanfrecce-hiroshima":{"0":0.2679585226,"1":0.3528807621,"2":0.2323584095,"3":0.1019993839,"4":0.0335813356,"5":0.0088448072,"6":0.0019413218,"7":0.0003652245,"8":0.0000601216,"9":0.0000087973},"kashima-antlers":{"0":0.4150102523,"1":0.3649816191,"2":0.1604919174,"3":0.0470483155,"4":0.0103441844,"5":0.0018194429,"6":0.0002666855,"7":0.0000335053,"8":0.0000036833,"9":0.0000003599}}