{"cerezo-osaka":{"0":0.096141378,"1":0.2251569045,"2":0.263651472,"3":0.2058182459,"4":0.1205032633,"5":0.0564421737,"6":0.0220306549,"7":0.0073706246,"8":0.0021576909,"9":0.0005614637},"fc-tokyo":{"0":0.2306931823,"1":0.3383500006,"2":0.2481233338,"3":0.121304741,"4":0.044478405,"5":0.0130469988,"6":0.0031892664,"7":0.0006682272,"8":0.0001225083,"9":0.0000199643}}