{"shimizu-s-pulse":{"0":0.8116422196,"1":0.1693862024,"2":0.017675082,"3":0.0012295709,"4":0.0000641515,"5":0.0000026776,"6":0.0000000931,"7":0.0000000028,"8":0.0000000001,"9":0.0},"sanfrecce-hiroshima":{"0":0.2889853424,"1":0.3587404251,"2":0.2226664708,"3":0.09213785,"4":0.0285945052,"5":0.0070993254,"6":0.0014688259,"7":0.0002604814,"8":0.0000404195,"9":0.0000055751}}