{"kawasaki-frontale":{"0":0.2305260738,"1":0.3382719562,"2":0.2481886635,"3":0.1213966289,"4":0.0445340894,"5":0.0130697871,"6":0.0031964153,"7":0.000670056,"8":0.0001229043,"9":0.0000200387},"ventforet-kofu":{"0":0.2572366963,"1":0.349265342,"2":0.2371090145,"3":0.1073122695,"4":0.0364260397,"5":0.0098915539,"6":0.0022383904,"7":0.0004341706,"8":0.0000736874,"9":0.0000111166}}