{"kashiwa-reysol":{"0":0.35222741,"1":0.3675416452,"2":0.1917608584,"3":0.066699429,"4":0.017399851,"5":0.0036312733,"6":0.0006315258,"7":0.0000941405,"8":0.0000122792,"9":0.0000014237},"oita-trinita":{"0":0.3374942194,"1":0.3665885486,"2":0.1990955049,"3":0.0720863035,"4":0.01957516,"5":0.0042525348,"6":0.0007698554,"7":0.0001194603,"8":0.0000162198,"9":0.0000019576}}