{"nagoya-grampus-eight":{"0":0.1240641484,"1":0.2589164835,"2":0.2701737219,"3":0.187946937,"4":0.0980592715,"5":0.0409290872,"6":0.0142362043,"7":0.0042443342,"8":0.0011072176,"9":0.0002567461},"shonan-bellmare":{"0":0.2889853424,"1":0.3587404251,"2":0.2226664708,"3":0.09213785,"4":0.0285945052,"5":0.0070993254,"6":0.0014688259,"7":0.0002604814,"8":0.0000404195,"9":0.0000055751}}