{"cerezo-osaka":{"0":0.041612785,"1":0.1323015177,"2":0.2103162713,"3":0.2228895267,"4":0.177160833,"5":0.1126511819,"6":0.0596928817,"7":0.0271120619,"8":0.0107748344,"9":0.0038063274},"vegalta-sendai":{"0":0.1263163863,"1":0.2613442474,"2":0.270356118,"3":0.1864524952,"4":0.0964409458,"5":0.0399065983,"6":0.013760896,"7":0.0040672599,"8":0.0010518776,"9":0.0002418109}}