{"yokohama-fa-marinos":{"0":0.0915102448,"1":0.2188288463,"2":0.2616431858,"3":0.2085561626,"4":0.1246803146,"5":0.0596297157,"6":0.0237654664,"7":0.0081186376,"8":0.0024267667,"9":0.0006447931},"fc-tokyo":{"0":0.5238490419,"1":0.3386955012,"2":0.1094920801,"3":0.0235974311,"4":0.0038142399,"5":0.0004932207,"6":0.0000531488,"7":0.0000049091,"8":0.0000003967,"9":0.0000000285}}