{"jubilo-iwata":{"0":0.5782054134,"1":0.3167560091,"2":0.0867636025,"3":0.0158437883,"4":0.0021699101,"5":0.0002377467,"6":0.0000217073,"7":0.0000016988,"8":0.0000001163,"9":0.0000000071},"sagan-tosu":{"0":0.2254503836,"1":0.3358433301,"2":0.2501453769,"3":0.1242101182,"4":0.0462575613,"5":0.0137815631,"6":0.0034216295,"7":0.0007281497,"8":0.0001355865,"9":0.0000224419}}