{"albirex-niigata":{"0":0.1834795294,"1":0.311117463,"2":0.2637735012,"3":0.1490893702,"4":0.0632009287,"5":0.0214333584,"6":0.0060572535,"7":0.001467285,"8":0.0003110006,"9":0.0000585943},"urawa-red-diamonds":{"0":0.1871467765,"1":0.3136321841,"2":0.2628021404,"3":0.1468067129,"4":0.0615069504,"5":0.020615433,"6":0.0057581037,"7":0.0013785411,"8":0.0002887806,"9":0.0000537729}}