{"omiya-ardija":{"0":0.7312181198,"1":0.2289030636,"2":0.0358283056,"3":0.0037386058,"4":0.0002925865,"5":0.0000183185,"6":0.0000009557,"7":0.0000000427,"8":0.0000000017,"9":0.0000000001},"kashima-antlers":{"0":0.6890690515,"1":0.2566188192,"2":0.0477841939,"3":0.005931831,"4":0.0005522739,"5":0.0000411349,"6":0.0000025532,"7":0.0000001358,"8":0.0000000063,"9":0.0000000003}}