{"vegalta-sendai":{"0":0.5871973197,"1":0.3126205449,"2":0.0832187084,"3":0.0147683905,"4":0.001965652,"5":0.0002093004,"6":0.0000185717,"7":0.0000014125,"8":0.000000094,"9":0.0000000056},"albirex-niigata":{"0":0.4981897783,"1":0.347125781,"2":0.1209341431,"3":0.02808793,"4":0.0048927362,"5":0.0006818265,"6":0.0000791798,"7":0.0000078815,"8":0.0000006865,"9":0.0000000531}}