{"urawa-red-diamonds":{"0":0.1493581075,"1":0.2839907677,"2":0.2699912229,"3":0.1711211976,"4":0.0813428228,"5":0.0309331861,"6":0.0098027703,"7":0.0026627243,"8":0.0006328658,"9":0.000133704},"jubilo-iwata":{"0":1.0,"1":0.0,"2":0.0,"3":0.0,"4":0.0,"5":0.0,"6":0.0,"7":0.0,"8":0.0,"9":0.0}}