{"kashima-antlers":{"0":0.1177626045,"1":0.2519041628,"2":0.269422146,"3":0.1921055795,"4":0.1027325172,"5":0.0439507072,"6":0.0156690461,"7":0.004788202,"8":0.0012802961,"9":0.0003042957},"cerezo-osaka":{"0":0.28078633,"1":0.3566439272,"2":0.2264976554,"3":0.0958961847,"4":0.0304509054,"5":0.0077355123,"6":0.001637558,"7":0.0002971375,"8":0.0000471766,"9":0.000006658}}