{"shonan-bellmare":{"0":0.1924560768,"1":0.3171459293,"2":0.2613103784,"3":0.1435366867,"4":0.0591330716,"5":0.0194889278,"6":0.0053525929,"7":0.0012600671,"8":0.0002595561,"9":0.0000475244},"kawasaki-frontale":{"0":0.2025488487,"1":0.3234247745,"2":0.2582181667,"3":0.1374387016,"4":0.054864643,"5":0.0175212892,"6":0.0046629237,"7":0.0010636623,"8":0.0002123036,"9":0.0000376668}}