{"oita-trinita":{"0":0.3864687665,"1":0.3674174893,"2":0.1746526798,"3":0.0553476802,"4":0.0131548184,"5":0.0025012683,"6":0.0003963277,"7":0.0000538272,"8":0.0000063967,"9":0.0000006757},"ventforet-kofu":{"0":0.2341922539,"1":0.3399564975,"2":0.2467426192,"3":0.1193915899,"4":0.0433275931,"5":0.0125789786,"6":0.0030433013,"7":0.0006310993,"8":0.000114514,"9":0.00001847}}