{"sagan-tosu":{"0":0.084430127,"1":0.2086970041,"2":0.2579318607,"3":0.2125213218,"4":0.1313291971,"5":0.0649247158,"6":0.026747154,"7":0.0094449206,"8":0.0029182809,"9":0.0008014997},"shimizu-s-pulse":{"0":0.0911579748,"1":0.2183380526,"2":0.2614774259,"3":0.208760203,"4":0.1250035893,"5":0.0598807516,"6":0.0239040097,"7":0.008179137,"8":0.002448794,"9":0.0006516952}}