{"kashiwa-reysol":{"0":0.3627343586,"1":0.3678432932,"2":0.1865120924,"3":0.0630463411,"4":0.0159835794,"5":0.0032417401,"6":0.0005478997,"7":0.0000793738,"8":0.0000100615,"9":0.0000011337},"nagoya-grampus-eight":{"0":0.2481930552,"1":0.3458690318,"2":0.2409926157,"3":0.111944957,"4":0.0390001786,"5":0.0108697272,"6":0.0025245818,"7":0.0005025896,"8":0.0000875479,"9":0.0000135558}}