{"sanfrecce-hiroshima":{"0":0.5652865348,"1":0.3224521783,"2":0.0919669945,"3":0.0174866821,"4":0.0024936994,"5":0.0002844925,"6":0.0000270468,"7":0.000002204,"8":0.0000001572,"9":0.00000001},"yokohama-fa-marinos":{"0":0.16291672,"1":0.2956150161,"2":0.2681991074,"3":0.162217202,"4":0.0735864324,"5":0.0267047537,"6":0.0080760344,"7":0.0020934421,"8":0.0004748231,"9":0.0000957305}}