{"fc-tokyo":{"0":0.3298375793,"1":0.3658409771,"2":0.2028871616,"3":0.0750110985,"4":0.0207997324,"5":0.0046140251,"6":0.0008529448,"7":0.0001351497,"8":0.0000187377,"9":0.0000023092},"omiya-ardija":{"0":0.3366506014,"1":0.3665147677,"2":0.1995140873,"3":0.0724043059,"4":0.0197068171,"5":0.0042910005,"6":0.000778609,"7":0.000121097,"8":0.0000164799,"9":0.0000019935}}