{"urawa-red-diamonds":{"0":0.0651353189,"1":0.1779033373,"2":0.2429526557,"3":0.2211912522,"4":0.1510342722,"5":0.0825036294,"6":0.0375568669,"7":0.0146540904,"8":0.0050030683,"9":0.0015183136},"shonan-bellmare":{"0":0.8631021556,"1":0.1270678174,"2":0.0093536032,"3":0.0004590194,"4":0.0000168945,"5":0.0000004974,"6":0.0000000122,"7":0.0000000003,"8":0.0,"9":0.0}}