{"oita-trinita":{"0":0.5769498104,"1":0.3173223957,"2":0.0872636588,"3":0.0159983375,"4":0.0021997714,"5":0.0002419749,"6":0.000022181,"7":0.0000017428,"8":0.0000001198,"9":0.0000000073},"kashima-antlers":{"0":0.4453817366,"1":0.3602352282,"2":0.1456833643,"3":0.0392773776,"4":0.0079421168,"5":0.0012847542,"6":0.0001731899,"7":0.0000200114,"8":0.0000020232,"9":0.0000001818}}