{"cerezo-osaka":{"0":0.734915318,"1":0.2263539179,"2":0.0348585034,"3":0.0035788063,"4":0.0002755681,"5":0.000016975,"6":0.0000008714,"7":0.0000000383,"8":0.0000000015,"9":0.0000000001},"omiya-ardija":{"0":0.2168224484,"1":0.3314513751,"2":0.2533409592,"3":0.1290921211,"4":0.049335022,"5":0.0150834575,"6":0.0038429544,"7":0.0008392334,"8":0.0001603645,"9":0.0000272384}}