{"shimizu-s-pulse":{"0":0.5984972593,"1":0.3072285931,"2":0.0788553389,"3":0.0134930247,"4":0.0017316048,"5":0.0001777781,"6":0.0000152099,"7":0.0000011154,"8":0.0000000716,"9":0.0000000041},"jubilo-iwata":{"0":0.242818464,"1":0.3436952524,"2":0.2432402062,"3":0.1147640679,"4":0.0406104468,"5":0.0114963397,"6":0.0027120654,"7":0.0005483956,"8":0.0000970277,"9":0.0000152597}}