{"sanfrecce-hiroshima":{"0":0.2192851343,"1":0.3327394062,"2":0.2524464615,"3":0.1276859403,"4":0.0484371001,"5":0.0146995208,"6":0.0037174657,"7":0.000805831,"8":0.0001528442,"9":0.0000257692},"sagan-tosu":{"0":0.1709017128,"1":0.3019263593,"2":0.2667016174,"3":0.1570576191,"4":0.0693671151,"5":0.024509714,"6":0.0072167491,"7":0.00182137,"8":0.0004022192,"9":0.0000789541}}