{"nagoya-grampus-eight":{"0":0.6730066959,"1":0.2665106516,"2":0.052769109,"3":0.0069655224,"4":0.0006895867,"5":0.0000546153,"6":0.0000036046,"7":0.0000002039,"8":0.0000000101,"9":0.0000000004},"albirex-niigata":{"0":0.615516136,"1":0.2987063601,"2":0.0724802197,"3":0.0117247414,"4":0.001422487,"5":0.0001380649,"6":0.000011167,"7":0.0000007742,"8":0.000000047,"9":0.0000000025}}