{"vegalta-sendai":{"0":0.3150575369,"1":0.3638914551,"2":0.2101473153,"3":0.0809067164,"4":0.0233618144,"5":0.0053965791,"6":0.0010388415,"7":0.0001714088,"8":0.0000247472,"9":0.0000031759},"fc-tokyo":{"0":0.3712762726,"1":0.3678638068,"2":0.1822413528,"3":0.0601887801,"4":0.0149088936,"5":0.0029543727,"6":0.0004878698,"7":0.0000690551,"8":0.0000085525,"9":0.0000009415}}