{"yokohama-fa-marinos":{"0":0.0212797364,"1":0.0819269853,"2":0.1577094467,"3":0.2023937899,"4":0.1948040228,"5":0.1499990975,"6":0.0962494209,"7":0.0529371815,"8":0.0254760186,"9":0.0108980746},"kawasaki-frontale":{"0":0.1829523739,"1":0.3107499881,"2":0.2639089972,"3":0.1494190646,"4":0.063448169,"5":0.0215537162,"6":0.0061016035,"7":0.0014805361,"8":0.0003143418,"9":0.0000593243}}