{"ventforet-kofu":{"0":0.5521144043,"1":0.3279559562,"2":0.097402919,"3":0.019285778,"4":0.002863938,"5":0.0003402358,"6":0.0000336833,"7":0.0000028583,"8":0.0000002122,"9":0.000000014},"kashiwa-reysol":{"0":0.3355743409,"1":0.3664175708,"2":0.2000478282,"3":0.0728115257,"4":0.0198759404,"5":0.0043405546,"6":0.0007899171,"7":0.0001232171,"8":0.0000168178,"9":0.0000020404}}