{"fc-tokyo":{"0":0.1137084404,"1":0.2472155269,"2":0.2687378198,"3":0.1947558788,"4":0.1058555483,"5":0.0460284831,"6":0.0166785562,"7":0.0051801633,"8":0.0014077856,"9":0.0003400768},"nagoya-grampus-eight":{"0":0.4840843148,"1":0.3512013228,"2":0.1273976096,"3":0.0308088265,"4":0.0055879215,"5":0.0008108031,"6":0.0000980391,"7":0.000010161,"8":0.0000009215,"9":0.0000000743}}