{"shimizu-s-pulse":{"0":0.7393670591,"1":0.2232598571,"2":0.0337078608,"3":0.0033928174,"4":0.0002561244,"5":0.0000154679,"6":0.0000007785,"7":0.0000000336,"8":0.0000000013,"9":0.0},"cerezo-osaka":{"0":0.2698406541,"1":0.3534706584,"2":0.23150979,"3":0.1010867175,"4":0.0331039708,"5":0.008672735,"6":0.0018934368,"7":0.0003543225,"8":0.0000580169,"9":0.0000084442}}