{"kashima-antlers":{"0":0.4220020538,"1":0.3640802033,"2":0.1570542054,"3":0.0451659153,"4":0.009741668,"5":0.0016809153,"6":0.0002417002,"7":0.0000297894,"8":0.0000032126,"9":0.000000308},"ventforet-kofu":{"0":0.3471441154,"1":0.367283774,"2":0.1942959201,"3":0.0685226833,"4":0.0181245113,"5":0.0038352019,"6":0.0006762837,"7":0.0001022169,"8":0.0000135184,"9":0.0000015892}}