{"shonan-bellmare":{"0":0.2741396456,"1":0.3547689531,"2":0.2295563814,"3":0.0990243214,"4":0.0320372805,"5":0.008292002,"6":0.001788471,"7":0.0003306417,"8":0.0000534862,"9":0.0000076908},"oita-trinita":{"0":0.4696698909,"1":0.3549413679,"2":0.1341190665,"3":0.033785719,"4":0.0063831797,"5":0.0009647859,"6":0.0001215188,"7":0.0000131193,"8":0.0000012393,"9":0.0000001041}}