{"omiya-ardija":{"0":0.1261115766,"1":0.2611251468,"2":0.2703413285,"3":0.1865885248,"4":0.0965870011,"5":0.0399983816,"6":0.0138033631,"7":0.0040830116,"8":0.0010567795,"9":0.0002431283},"urawa-red-diamonds":{"0":0.336807316,"1":0.3665286333,"2":0.1994363434,"3":0.072345153,"4":0.0196822996,"5":0.00428383,"6":0.0007769756,"7":0.0001207913,"8":0.0000164313,"9":0.0000019868}}