{"albirex-niigata":{"0":0.6782527356,"1":0.2633216503,"2":0.0511153792,"3":0.0066149314,"4":0.0006420375,"5":0.0000498523,"6":0.0000032257,"7":0.0000001789,"8":0.0000000087,"9":0.0000000004},"yokohama-fa-marinos":{"0":0.0431179113,"1":0.1355548135,"2":0.2130797496,"3":0.2232945651,"4":0.1754993009,"5":0.1103475299,"6":0.0578187363,"7":0.0259673592,"8":0.0102045775,"9":0.0035645913}}