{"kawasaki-frontale":{"0":0.026688316,"1":0.096705898,"2":0.1752083329,"3":0.2116241825,"4":0.1917066124,"5":0.1389309097,"6":0.0839033729,"7":0.0434323342,"8":0.0196722926,"9":0.0079203479},"vegalta-sendai":{"0":0.1826138108,"1":0.3105131783,"2":0.2639954598,"3":0.1496310144,"4":0.0636074589,"5":0.0216313916,"6":0.0061302703,"7":0.0014891142,"8":0.0003165078,"9":0.0000597982}}