{"sagan-tosu":{"0":0.0328280946,"1":0.1121562196,"2":0.1915892128,"3":0.2181863035,"4":0.1863567721,"5":0.1273364862,"6":0.0725068933,"7":0.0353882383,"8":0.0151128594,"9":0.00573696},"kashiwa-reysol":{"0":0.336807316,"1":0.3665286333,"2":0.1994363434,"3":0.072345153,"4":0.0196822996,"5":0.00428383,"6":0.0007769756,"7":0.0001207913,"8":0.0000164313,"9":0.0000019868}}