{"jubilo-iwata":{"0":0.5373119339,"1":0.3337655307,"2":0.1036636472,"3":0.0214644728,"4":0.0033333064,"5":0.0004141143,"6":0.000042873,"7":0.0000038045,"8":0.0000002954,"9":0.0000000204},"sanfrecce-hiroshima":{"0":0.1444738887,"1":0.2795073463,"2":0.2703753505,"3":0.1743611421,"4":0.0843322287,"5":0.0326307787,"6":0.010521558,"7":0.0029079429,"8":0.0007032338,"9":0.0001511684}}