{"cerezo-osaka":{"0":0.2154367924,"1":0.3307143743,"2":0.2538377873,"3":0.1298877566,"4":0.049847275,"5":0.0153039879,"6":0.003915494,"7":0.000858661,"8":0.000164765,"9":0.0000281032},"oita-trinita":{"0":0.3613848923,"1":0.3678217734,"2":0.1871866531,"3":0.0635069222,"4":0.0161595222,"5":0.0032894702,"6":0.0005580102,"7":0.0000811356,"8":0.0000103226,"9":0.0000011674}}