{"jubilo-iwata":{"0":0.173013446,"1":0.3035323614,"2":0.2662564574,"3":0.1557055306,"4":0.0682918994,"5":0.02396207,"6":0.0070064532,"7":0.0017560033,"8":0.0003850884,"9":0.000075066},"shonan-bellmare":{"0":0.4001040926,"1":0.3665075657,"2":0.1678660606,"3":0.0512568124,"4":0.0117382013,"5":0.0021505102,"6":0.0003283222,"7":0.0000429647,"8":0.0000049196,"9":0.0000005007}}