{"urawa-red-diamonds":{"0":0.2275777916,"1":0.3368750205,"2":0.2493318408,"3":0.1230255793,"4":0.0455275581,"5":0.0134785534,"6":0.003325301,"7":0.0007031887,"8":0.000130113,"9":0.0000214002},"shimizu-s-pulse":{"0":0.8262650322,"1":0.1576841665,"2":0.0150461991,"3":0.0009571373,"4":0.0000456649,"5":0.0000017429,"6":0.0000000554,"7":0.0000000015,"8":0.0,"9":0.0}}