{"yokohama-fa-marinos":{"0":0.4903090864,"1":0.349452748,"2":0.1245308586,"3":0.0295851821,"4":0.0052714825,"5":0.0007514175,"6":0.0000892583,"7":0.000009088,"8":0.0000008097,"9":0.0000000641},"ventforet-kofu":{"0":0.466098274,"1":0.3558002092,"2":0.1358016066,"3":0.0345551162,"4":0.0065944878,"5":0.001006792,"6":0.0001280906,"7":0.0000139684,"8":0.0000013329,"9":0.0000001131}}