{"nagoya-grampus-eight":{"0":0.5754335174,"1":0.3180027333,"2":0.0878691763,"3":0.0161864272,"4":0.0022362827,"5":0.0002471681,"6":0.0000227655,"7":0.0000017973,"8":0.0000001242,"9":0.0000000076},"sanfrecce-hiroshima":{"0":0.4384859622,"1":0.3614998772,"2":0.1490152166,"3":0.0409507465,"4":0.0084402302,"5":0.0013916715,"6":0.000191222,"7":0.0000225212,"8":0.0000023209,"9":0.0000002126}}