{"fc-tokyo":{"0":0.0326780189,"1":0.1117932226,"2":0.1912252492,"3":0.2180638806,"4":0.1865020032,"5":0.1276066338,"6":0.0727581684,"7":0.0355585033,"8":0.0152059389,"9":0.0057800353},"kawasaki-frontale":{"0":0.2801963614,"1":0.3564839203,"2":0.2267709417,"3":0.0961708828,"4":0.0305887032,"5":0.007783385,"6":0.0016504209,"7":0.0002999675,"8":0.0000477047,"9":0.0000067437}}