{"albirex-niigata":{"0":0.3980997681,"1":0.366670839,"2":0.1688615706,"3":0.0518434647,"4":0.0119376399,"5":0.0021990389,"6":0.0003375718,"7":0.0000444173,"8":0.0000051138,"9":0.0000005233},"kashima-antlers":{"0":0.3434539319,"1":0.3670500036,"2":0.1961335897,"3":0.0698694722,"4":0.0186674162,"5":0.0039899821,"6":0.0007106838,"7":0.0001085013,"8":0.0000144945,"9":0.0000017211}}