{"vegalta-sendai":{"0":0.3045594756,"1":0.3620873765,"2":0.2152408294,"3":0.0852991435,"4":0.025352801,"5":0.0060283327,"6":0.001194503,"7":0.0002028759,"8":0.0000301496,"9":0.0000039827},"sagan-tosu":{"0":0.3350650265,"1":0.3663703721,"2":0.2003002983,"3":0.0730048289,"4":0.0199564295,"5":0.0043641944,"6":0.000795324,"7":0.0001242331,"8":0.00001698,"9":0.0000020629}}