{"kashiwa-reysol":{"0":0.49209135,"1":0.3489375027,"2":0.1237142055,"3":0.0292415395,"4":0.0051837275,"5":0.0007351468,"6":0.000086881,"7":0.0000088009,"8":0.0000007801,"9":0.0000000615},"omiya-ardija":{"0":0.0761943409,"1":0.196159899,"2":0.2525036998,"3":0.2166875721,"4":0.1394638097,"5":0.0718090254,"6":0.030811674,"7":0.0113319531,"8":0.0036467189,"9":0.0010431513}}