{"sagan-tosu":{"0":0.1098555501,"1":0.2426257548,"2":0.2679302814,"3":0.1972492869,"4":0.1089106492,"5":0.0481077714,"6":0.0177083821,"7":0.0055872196,"8":0.0015424839,"9":0.0003785237},"fc-tokyo":{"0":0.1610425028,"1":0.2940776137,"2":0.2685056473,"3":0.1634382201,"4":0.0746131005,"5":0.0272500019,"6":0.0082934788,"7":0.0021635162,"8":0.0004938461,"9":0.0001002007}}