{"shimizu-s-pulse":{"0":0.8275318981,"1":0.1566580982,"2":0.0148282862,"3":0.0009357025,"4":0.0000442839,"5":0.0000016767,"6":0.0000000529,"7":0.0000000014,"8":0.0,"9":0.0},"albirex-niigata":{"0":0.35222741,"1":0.3675416452,"2":0.1917608584,"3":0.066699429,"4":0.017399851,"5":0.0036312733,"6":0.0006315258,"7":0.0000941405,"8":0.0000122792,"9":0.0000014237}}