{"kawasaki-frontale":{"0":0.0920635598,"1":0.2195970063,"2":0.2618997425,"3":0.2082343965,"4":0.1241741309,"5":0.0592379167,"6":0.0235497976,"7":0.0080246812,"8":0.002392635,"9":0.0006341217},"nagoya-grampus-eight":{"0":0.2785212643,"1":0.3560228335,"2":0.2275450284,"3":0.0969539686,"4":0.0309831161,"5":0.007920901,"6":0.0016874963,"7":0.0003081515,"8":0.0000492373,"9":0.0000069931}}