{"urawa-red-diamonds":{"0":0.0342472277,"1":0.1155552718,"2":0.1949503905,"3":0.2192639313,"4":0.1849573298,"5":0.1248147423,"6":0.0701906034,"7":0.0338333715,"8":0.0142698574,"9":0.0053498483},"vegalta-sendai":{"0":0.5197181238,"1":0.3401392365,"2":0.1113052393,"3":0.0242819312,"4":0.0039729409,"5":0.0005200331,"6":0.0000567242,"7":0.0000053035,"8":0.0000004339,"9":0.0000000316}}