{"yokohama-fa-marinos":{"0":0.1819963542,"1":0.310079678,"2":0.2641520131,"3":0.1500179706,"4":0.0638989779,"5":0.0217738147,"6":0.0061829237,"7":0.0015048959,"8":0.0003204993,"9":0.000060673},"kashima-antlers":{"0":0.2375339916,"1":0.3414419401,"2":0.2454019268,"3":0.1175838868,"4":0.0422550791,"5":0.0121478666,"6":0.0029103141,"7":0.0005976307,"8":0.0001073826,"9":0.0000171507}}