{"ventforet-kofu":{"0":0.1979715586,"1":0.320641052,"2":0.2596602385,"3":0.1401846686,"4":0.0567618904,"5":0.0183866737,"6":0.0049632739,"7":0.0011483824,"8":0.0002324946,"9":0.0000418395},"jubilo-iwata":{"0":0.4191337417,"1":0.3644641232,"2":0.1584626623,"3":0.0459312065,"4":0.0099850449,"5":0.0017365295,"6":0.0002516709,"7":0.0000312635,"8":0.0000033982,"9":0.0000003283}}