{"sanfrecce-hiroshima":{"0":0.1662967424,"1":0.2983332764,"2":0.2676021865,"3":0.1600244557,"4":0.0717702275,"5":0.0257508918,"6":0.0076994372,"7":0.0019732354,"8":0.0004424935,"9":0.0000882028},"kashiwa-reysol":{"0":0.490346165,"1":0.3494420946,"2":0.1245138498,"3":0.0295780026,"4":0.0052696441,"5":0.0007510757,"6":0.0000892082,"7":0.000009082,"8":0.000000809,"9":0.0000000641}}