{"shonan-bellmare":{"0":0.2657621949,"1":0.3521756693,"2":0.2333433882,"3":0.1030719261,"4":0.0341465277,"5":0.0090498773,"6":0.0019987459,"7":0.0003783778,"8":0.0000626761,"9":0.0000092284},"cerezo-osaka":{"0":0.457211728,"1":0.3578178741,"2":0.1400156899,"3":0.0365258321,"4":0.0071463585,"5":0.0011185605,"6":0.0001458992,"7":0.0000163117,"8":0.0000015957,"9":0.0000001388}}