{"oita-trinita":{"0":0.7587570693,"1":0.2094728105,"2":0.0289149585,"3":0.0026608858,"4":0.0001836501,"5":0.0000101402,"6":0.0000004666,"7":0.0000000184,"8":0.0000000006,"9":0.0},"omiya-ardija":{"0":0.0567235836,"1":0.1627720226,"2":0.2335424673,"3":0.2233884469,"4":0.1602569293,"5":0.0919735421,"6":0.0439873462,"7":0.0180320798,"8":0.0064680286,"9":0.00206227}}