{"kashima-antlers":{"0":0.0264743498,"1":0.0961436913,"2":0.1745767027,"3":0.2113296927,"4":0.1918651157,"5":0.139354663,"6":0.0843462434,"7":0.0437585774,"8":0.0198640911,"9":0.008015335},"shonan-bellmare":{"0":0.6833181591,"1":0.2602039347,"2":0.0495421399,"3":0.0062884615,"4":0.0005986532,"5":0.0000455928,"6":0.0000028936,"7":0.0000001574,"8":0.0000000075,"9":0.0000000003}}