{"fc-tokyo":{"0":0.0542457832,"1":0.1580846897,"2":0.2303475742,"3":0.2237619385,"4":0.1630234396,"5":0.0950175603,"6":0.0461505044,"7":0.0192133122,"8":0.0069990014,"9":0.0022663},"jubilo-iwata":{"0":0.5804263081,"1":0.3157475186,"2":0.0858821302,"3":0.0155730763,"4":0.0021179089,"5":0.0002304253,"6":0.0000208916,"7":0.0000016236,"8":0.0000001104,"9":0.0000000067}}