{"shimizu-s-pulse":{"0":0.4864839452,"1":0.3505366773,"2":0.126289843,"3":0.0303327735,"4":0.0054640804,"5":0.0007874301,"6":0.000094564,"7":0.000009734,"8":0.0000008767,"9":0.0000000702},"kawasaki-frontale":{"0":0.1134980383,"1":0.2469682953,"2":0.2686977669,"3":0.1948927354,"4":0.106020173,"5":0.0461393373,"6":0.0167329669,"7":0.0052014899,"8":0.0014147856,"9":0.000342059}}