{"oita-trinita":{"0":0.3260000645,"1":0.3653996824,"2":0.2047805238,"3":0.0765099423,"4":0.0214391895,"5":0.0048060561,"6":0.0008978175,"7":0.0001437608,"8":0.0000201419,"9":0.0000025085},"sagan-tosu":{"0":0.1312167061,"1":0.2664886747,"2":0.2706066012,"3":0.1831921068,"4":0.093011445,"5":0.0377794832,"6":0.0127877574,"7":0.0037101031,"8":0.0009418584,"9":0.0002125361}}