{"cerezo-osaka":{"0":0.2914334883,"1":0.3593210163,"2":0.2215112503,"3":0.0910369498,"4":0.0280608532,"5":0.0069194891,"6":0.0014218898,"7":0.0002504443,"8":0.000038598,"9":0.0000052877},"urawa-red-diamonds":{"0":0.2710148032,"1":0.3538320041,"2":0.2309783187,"3":0.1005203657,"4":0.0328093909,"5":0.008567069,"6":0.0018641683,"7":0.0003476892,"8":0.0000567421,"9":0.0000082313}}