{"albirex-niigata":{"0":0.5839080858,"1":0.3141493795,"2":0.0845080202,"3":0.0151554344,"4":0.0020384502,"5":0.000219342,"6":0.0000196681,"7":0.0000015117,"8":0.0000001017,"9":0.0000000061},"ventforet-kofu":{"0":0.4009545159,"1":0.366435253,"2":0.1674439235,"3":0.0510094072,"4":0.0116544672,"5":0.0021302205,"6":0.0003244707,"7":0.0000423623,"8":0.0000048394,"9":0.0000004914}}