{"kashiwa-reysol":{"0":0.4461868164,"1":0.3600805887,"2":0.1452956761,"3":0.0390853866,"4":0.0078856482,"5":0.0012727713,"6":0.0001711915,"7":0.0000197364,"8":0.0000019909,"9":0.0000001785},"yokohama-fa-marinos":{"0":0.0350495194,"1":0.1174507074,"2":0.1967882713,"3":0.2198120647,"4":0.1841471932,"5":0.123415205,"6":0.0689272558,"7":0.0329963968,"8":0.0138213384,"9":0.0051461348}}