{"omiya-ardija":{"0":0.5104234417,"1":0.3432672269,"2":0.1154261143,"3":0.0258752498,"4":0.0043503709,"5":0.0005851376,"6":0.0000655856,"7":0.000006301,"8":0.0000005297,"9":0.0000000396},"sanfrecce-hiroshima":{"0":0.4290377156,"1":0.3630561979,"2":0.1536109741,"3":0.0433290704,"4":0.009166378,"5":0.001551337,"6":0.0002187929,"7":0.0000264493,"8":0.0000027977,"9":0.000000263}}