{"nagoya-grampus-eight":{"0":0.0474189689,"1":0.1445677725,"2":0.2203742653,"3":0.2239540942,"4":0.1706940562,"5":0.1040801185,"6":0.0528854143,"7":0.0230333578,"8":0.0087778196,"9":0.0029734698},"vegalta-sendai":{"0":0.3622384658,"1":0.3678359697,"2":0.1867599846,"3":0.0632153002,"4":0.0160480343,"5":0.0032592034,"6":0.0005515944,"7":0.0000800168,"8":0.0000101567,"9":0.000001146}}