{"shonan-bellmare":{"0":0.2872120411,"1":0.3583069349,"2":0.2235001345,"3":0.0929413774,"4":0.0289868941,"5":0.0072324302,"6":0.0015037844,"7":0.0002680033,"8":0.0000417929,"9":0.0000057931},"fc-tokyo":{"0":0.1790508438,"1":0.3079827548,"2":0.2648783308,"3":0.1518711227,"4":0.0653078279,"5":0.0224670092,"6":0.0064408627,"7":0.0015826906,"8":0.0003402954,"9":0.0000650375}}