{"ventforet-kofu":{"0":0.3603389873,"1":0.3678016291,"2":0.1877094113,"3":0.0638656281,"4":0.0162970723,"5":0.0033269171,"6":0.0005659696,"7":0.0000825273,"8":0.0000105296,"9":0.0000011942},"shimizu-s-pulse":{"0":0.3309562026,"1":0.3659611856,"2":0.2023343093,"3":0.0745783512,"4":0.0206166115,"5":0.0045594429,"6":0.000840282,"7":0.0001327368,"8":0.000018347,"9":0.0000022542}}