{"nagoya-grampus-eight":{"0":0.5298780034,"1":0.336530014,"2":0.106866533,"3":0.0226239472,"4":0.0035921652,"5":0.0004562829,"6":0.0000482982,"7":0.0000043821,"8":0.0000003479,"9":0.0000000245},"yokohama-fa-marinos":{"0":0.1975438149,"1":0.3203755459,"2":0.2597917087,"3":0.1404429536,"4":0.0569424155,"5":0.0184697835,"6":0.0049923667,"7":0.0011566564,"8":0.0002344824,"9":0.0000422536}}