{"kawasaki-frontale":{"0":0.1487742171,"1":0.2834633012,"2":0.2700449201,"3":0.1715078191,"4":0.0816945529,"5":0.031130942,"6":0.0098857627,"7":0.0026907993,"8":0.000640856,"9":0.000135671},"cerezo-osaka":{"0":0.2898297671,"1":0.3589430192,"2":0.2222685619,"3":0.0917570217,"4":0.0284093856,"5":0.0070367863,"6":0.0014524649,"7":0.0002569746,"8":0.0000397816,"9":0.0000054742}}