{"sagan-tosu":{"0":0.3535918146,"1":0.3675983279,"2":0.1910798343,"3":0.0662163024,"4":0.0172098173,"5":0.0035783068,"6":0.0006200085,"7":0.0000920812,"8":0.0000119661,"9":0.0000013822},"albirex-niigata":{"0":0.2642080234,"1":0.3516657719,"2":0.2340368274,"3":0.1038357838,"4":0.0345518378,"5":0.0091978272,"6":0.0020404131,"7":0.0003879754,"8":0.0000645503,"9":0.0000095464}}