{"jubilo-iwata":{"0":0.153923158,"1":0.2880366788,"2":0.2695017742,"3":0.1681063828,"4":0.0786444431,"5":0.0294334972,"6":0.0091798259,"7":0.0024540321,"8":0.0005740293,"9":0.0001193536},"kashiwa-reysol":{"0":0.2752531381,"1":0.3550941926,"2":0.2290471354,"3":0.0984951624,"4":0.0317662683,"5":0.0081961045,"6":0.00176225,"7":0.0003247736,"8":0.0000523724,"9":0.0000075071}}