{"vegalta-sendai":{"0":0.8233112472,"1":0.1600689661,"2":0.0155603813,"3":0.0010084214,"4":0.0000490146,"5":0.0000019059,"6":0.0000000618,"7":0.0000000017,"8":0.0,"9":0.0},"omiya-ardija":{"0":0.2543490815,"1":0.3482160044,"2":0.2383621459,"3":0.1087763761,"4":0.0372300097,"5":0.0101939312,"6":0.0023259962,"7":0.0004549142,"8":0.0000778499,"9":0.0000118422}}