{"sanfrecce-hiroshima":{"0":0.1953160829,"1":0.3189777449,"2":0.2604670343,"3":0.1417927051,"4":0.0578916961,"5":0.0189090037,"6":0.0051468294,"7":0.0012007818,"8":0.00024513,"9":0.0000444812},"oita-trinita":{"0":0.5150653267,"1":0.341726034,"2":0.1133610401,"3":0.02507023,"4":0.0041582833,"5":0.0005517722,"6":0.0000610133,"7":0.0000057829,"8":0.0000004796,"9":0.0000000354}}