{"urawa-red-diamonds":{"0":0.2326646279,"1":0.3392616088,"2":0.2473483834,"3":0.1202242776,"4":0.0438264748,"5":0.0127811782,"6":0.0031061612,"7":0.0006470388,"8":0.0001179355,"9":0.0000191076},"kashima-antlers":{"0":0.6796742524,"1":0.2624505279,"2":0.0506715381,"3":0.0065221302,"4":0.0006296165,"5":0.0000486242,"6":0.0000031293,"7":0.0000001726,"8":0.0000000083,"9":0.0000000004}}