{"kashiwa-reysol":{"0":0.1345507331,"1":0.2698837379,"2":0.2706682836,"3":0.1809700733,"4":0.0907480746,"5":0.0364047508,"6":0.0121701929,"7":0.0034873061,"8":0.0008743609,"9":0.0001948673},"cerezo-osaka":{"0":0.1508533104,"1":0.285331097,"2":0.2698443763,"3":0.1701321452,"4":0.0804489996,"5":0.0304330097,"6":0.0095937394,"7":0.0025922933,"8":0.0006128983,"9":0.0001288072}}