{"omiya-ardija":{"0":0.0412949318,"1":0.1316075878,"2":0.2097177114,"3":0.2227911992,"4":0.1775097515,"5":0.113145266,"6":0.0600992862,"7":0.0273624795,"8":0.0109005808,"9":0.0038600356},"shonan-bellmare":{"0":0.7770947579,"1":0.1959778447,"2":0.0247121186,"3":0.0020774076,"4":0.0001309769,"5":0.0000066063,"6":0.0000002777,"7":0.00000001,"8":0.0000000003,"9":0.0}}