{"jubilo-iwata":{"0":0.1010278756,"1":0.2315921401,"2":0.2654461407,"3":0.2028325992,"4":0.1162412736,"5":0.0532933414,"6":0.0203612434,"7":0.0066678965,"8":0.0019106514,"9":0.0004866554},"kawasaki-frontale":{"0":0.2049041372,"1":0.3248167087,"2":0.2574518399,"3":0.1360386706,"4":0.0539125684,"5":0.0170925812,"6":0.0045158971,"7":0.0010226656,"8":0.0002026428,"9":0.0000356925}}