{"albirex-niigata":{"0":0.2455954111,"1":0.3448330917,"2":0.2420848594,"3":0.1133013441,"4":0.039770748,"5":0.011168181,"6":0.0026134842,"7":0.0005242163,"8":0.0000920045,"9":0.0000143534},"oita-trinita":{"0":0.5061505863,"1":0.34464859,"2":0.1173392403,"3":0.0266329197,"4":0.0045337289,"5":0.0006174223,"6":0.0000700693,"7":0.000006816,"8":0.0000005801,"9":0.0000000439}}