{"kashima-antlers":{"0":0.1797685172,"1":0.3084981046,"2":0.2647045268,"3":0.1514185132,"4":0.0649617701,"5":0.0222959874,"6":0.0063769693,"7":0.0015633461,"8":0.0003353544,"9":0.0000639441},"nagoya-grampus-eight":{"0":0.738871262,"1":0.2236057766,"2":0.0338350846,"3":0.0034131884,"4":0.0002582346,"5":0.00001563,"6":0.0000007884,"7":0.0000000341,"8":0.0000000013,"9":0.0}}