{"yokohama-fa-marinos":{"0":0.0236548752,"1":0.0885682536,"2":0.1658080096,"3":0.2069386787,"4":0.1937042283,"5":0.1450529337,"6":0.0905175284,"7":0.0484163524,"8":0.0226599789,"9":0.0094270196},"vegalta-sendai":{"0":0.2108958272,"1":0.3282363626,"2":0.2554320566,"3":0.1325173828,"4":0.0515622147,"5":0.0160501932,"6":0.004163396,"7":0.000925696,"8":0.0001800931,"9":0.0000311439}}