{"sanfrecce-hiroshima":{"0":0.5124230881,"1":0.3426084601,"2":0.114534805,"3":0.0255261678,"4":0.0042667286,"5":0.0005705509,"6":0.0000635788,"7":0.0000060727,"8":0.0000005075,"9":0.0000000377},"ventforet-kofu":{"0":0.5323349108,"1":0.335627822,"2":0.1058037268,"3":0.0222357978,"4":0.0035048201,"5":0.0004419455,"6":0.0000464398,"7":0.0000041828,"8":0.0000003296,"9":0.0000000231}}