{"urawa-red-diamonds":{"0":0.1561036386,"1":0.2899211635,"2":0.2692258866,"3":0.1666719259,"4":0.0773872395,"5":0.0287452602,"6":0.0088977846,"7":0.002360754,"8":0.0005480594,"9":0.0001130972},"sagan-tosu":{"0":0.566978321,"1":0.321722896,"2":0.0912782887,"3":0.0172648079,"4":0.0024491607,"5":0.0002779475,"6":0.0000262862,"7":0.0000021308,"8":0.0000001511,"9":0.0000000095}}