{"fc-tokyo":{"0":0.2263239014,"1":0.3362693626,"2":0.2498125109,"3":0.1237228198,"4":0.0459564738,"5":0.0136563165,"6":0.0033817321,"7":0.0007177911,"8":0.0001333107,"9":0.0000220079},"shimizu-s-pulse":{"0":0.3646665408,"1":0.3678653701,"2":0.1855461297,"3":0.0623912424,"4":0.0157346335,"5":0.0031745313,"6":0.0005337297,"7":0.0000769159,"8":0.0000096988,"9":0.0000010871}}