{"kashima-antlers":{"0":0.1188813158,"1":0.2531731726,"2":0.2695825449,"3":0.1913703251,"4":0.1018869786,"5":0.0433963057,"6":0.0154030097,"7":0.0046861008,"8":0.0012474574,"9":0.0002951802},"fc-tokyo":{"0":0.5431317272,"1":0.3315294513,"2":0.1011833516,"3":0.0205875539,"4":0.0031416782,"5":0.0003835382,"6":0.0000390188,"7":0.0000034025,"8":0.0000002596,"9":0.0000000176}}