{"kawasaki-frontale":{"0":0.2786558481,"1":0.3560602504,"2":0.2274829378,"3":0.0968908809,"4":0.0309512536,"5":0.0079097648,"6":0.001684487,"7":0.0003074857,"8":0.0000491123,"9":0.0000069727},"albirex-niigata":{"0":0.302283289,"1":0.3616489031,"2":0.2163366846,"3":0.0862743962,"4":0.0258044704,"5":0.0061744455,"6":0.0012311748,"7":0.0002104237,"8":0.0000314686,"9":0.0000041832}}