{"cerezo-osaka":{"0":0.2321625606,"1":0.3390310409,"2":0.2475464743,"3":0.1204988129,"4":0.0439916301,"5":0.0128483491,"6":0.0031271114,"7":0.0006523679,"8":0.000119083,"9":0.0000193221},"nagoya-grampus-eight":{"0":0.4807133769,"1":0.3521148939,"2":0.1289592764,"3":0.0314868722,"4":0.0057659081,"5":0.0008446872,"6":0.00010312,"7":0.0000107905,"8":0.000000988,"9":0.0000000804}}