{"shimizu-s-pulse":{"0":0.4266241552,"1":0.3634205767,"2":0.1547902456,"3":0.0439527858,"4":0.0093603155,"5":0.0015947204,"6":0.0002264109,"7":0.0000275527,"8":0.0000029338,"9":0.0000002777},"vegalta-sendai":{"0":0.1110858193,"1":0.2441057813,"2":0.2682053967,"3":0.1964561823,"4":0.1079257689,"5":0.0474323443,"6":0.0173717185,"7":0.0054533602,"8":0.0014979373,"9":0.0003657384}}