{"ventforet-kofu":{"0":0.7199515013,"1":0.2365554933,"2":0.0388626882,"3":0.0042563897,"4":0.000349632,"5":0.0000229758,"6":0.0000012582,"7":0.0000000591,"8":0.0000000024,"9":0.0000000001},"omiya-ardija":{"0":0.1995949995,"1":0.3216403495,"2":0.2591560778,"3":0.1392069802,"4":0.056081793,"5":0.0180747689,"6":0.0048544762,"7":0.0011175455,"8":0.0002251107,"9":0.0000403064}}