{"oita-trinita":{"0":0.2887240329,"1":0.3586772322,"2":0.2227894845,"3":0.0922559337,"4":0.0286520164,"5":0.007118788,"6":0.001473926,"7":0.0002615764,"8":0.000040619,"9":0.0000056067},"jubilo-iwata":{"0":0.1810233027,"1":0.309392269,"2":0.2643957288,"3":0.1506288476,"4":0.0643610522,"5":0.0220002747,"6":0.0062668865,"7":0.0015301315,"8":0.0003268991,"9":0.0000620792}}