{"sagan-tosu":{"0":0.3835315729,"1":0.3675510907,"2":0.1761182309,"3":0.0562599904,"4":0.013478956,"5":0.0025834666,"6":0.000412637,"7":0.000056492,"8":0.0000067673,"9":0.0000007206},"yokohama-fa-marinos":{"0":0.0177981204,"1":0.071702619,"2":0.1444328233,"3":0.1939570291,"4":0.1953468486,"5":0.1573973016,"6":0.1056834323,"7":0.0608232675,"8":0.0306295515,"9":0.0137106803}}