{"shonan-bellmare":{"0":0.5667135903,"1":0.3218373476,"2":0.0913859135,"3":0.017299391,"4":0.0024560864,"5":0.0002789629,"6":0.0000264039,"7":0.0000021421,"8":0.0000001521,"9":0.0000000096},"sanfrecce-hiroshima":{"0":0.1334095965,"1":0.268731114,"2":0.270656735,"3":0.1817307695,"4":0.0915164902,"5":0.0368689045,"6":0.0123776975,"7":0.0035618261,"8":0.0008968372,"9":0.0002007252}}