{"kashiwa-reysol":{"0":0.2114674463,"1":0.3285536324,"2":0.2552342955,"3":0.1321844983,"4":0.051343242,"5":0.0159542369,"6":0.0041313077,"7":0.0009169639,"8":0.000178084,"9":0.0000307429},"urawa-red-diamonds":{"0":0.0790167647,"1":0.2005520741,"2":0.2545101322,"3":0.2153236515,"4":0.1366279836,"5":0.0693549669,"6":0.0293382519,"7":0.0106376111,"8":0.0033749087,"9":0.00095176}}