{"albirex-niigata":{"0":0.3513483802,"1":0.3675023287,"2":0.1921994938,"3":0.067012084,"4":0.0175232748,"5":0.0036657885,"6":0.0006390551,"7":0.000095491,"8":0.0000124852,"9":0.000001451},"kashiwa-reysol":{"0":0.2789324296,"1":0.3561369414,"2":0.2273552795,"3":0.0967613243,"4":0.0308858691,"5":0.0078869273,"6":0.0016783194,"7":0.000306122,"8":0.0000488565,"9":0.000006931}}