{"yokohama-fa-marinos":{"0":0.1536385199,"1":0.2877884097,"2":0.2695358197,"3":0.168293917,"4":0.0788100516,"5":0.0295246524,"6":0.0092173638,"7":0.0024665043,"8":0.0005775174,"9":0.0001201976},"oita-trinita":{"0":0.4511667078,"1":0.3590918695,"2":0.1429039073,"3":0.0379132815,"4":0.0075439693,"5":0.0012008767,"6":0.0001593,"7":0.0000181128,"8":0.000001802,"9":0.0000001594}}