{"fc-tokyo":{"0":0.407974044,"1":0.3657698326,"2":0.163965787,"3":0.0490012697,"4":0.0109830432,"5":0.0019693733,"6":0.0002942742,"7":0.0000376903,"8":0.0000042239,"9":0.0000004208},"sanfrecce-hiroshima":{"0":0.3951177613,"1":0.3668950641,"2":0.1703441369,"3":0.0527255662,"4":0.0122398636,"5":0.0022731175,"6":0.000351792,"7":0.0000466663,"8":0.0000054166,"9":0.0000005589}}