{"nagoya-grampus-eight":{"0":0.5200992438,"1":0.3400074079,"2":0.1111374789,"3":0.0242181767,"4":0.0039580713,"5":0.0005175064,"6":0.0000563854,"7":0.0000052659,"8":0.0000004303,"9":0.0000000313},"shimizu-s-pulse":{"0":0.4437473101,"1":0.3605446894,"2":0.1464712801,"3":0.039669305,"4":0.0080578276,"5":0.001309397,"6":0.0001773142,"7":0.0000205811,"8":0.0000020903,"9":0.0000001887}}