{"ventforet-kofu":{"0":0.407974044,"1":0.3657698326,"2":0.163965787,"3":0.0490012697,"4":0.0109830432,"5":0.0019693733,"6":0.0002942742,"7":0.0000376903,"8":0.0000042239,"9":0.0000004208},"urawa-red-diamonds":{"0":0.0666477939,"1":0.1805044417,"2":0.2444330981,"3":0.2206687691,"4":0.1494111458,"5":0.0809310373,"6":0.036531371,"7":0.0141341614,"8":0.0047850026,"9":0.0014399313}}