{"omiya-ardija":{"0":0.0458721751,"1":0.1413732984,"2":0.2178489404,"3":0.2237959661,"4":0.172429004,"5":0.1062816706,"6":0.054591519,"7":0.0240350592,"8":0.0092591957,"9":0.0031706537},"sagan-tosu":{"0":0.2789324296,"1":0.3561369414,"2":0.2273552795,"3":0.0967613243,"4":0.0308858691,"5":0.0078869273,"6":0.0016783194,"7":0.000306122,"8":0.0000488565,"9":0.000006931}}