{"kawasaki-frontale":{"0":0.0997170385,"1":0.2298895271,"2":0.2649958096,"3":0.2036421,"4":0.1173700773,"5":0.0541174347,"6":0.0207938912,"7":0.0068483751,"8":0.0019735465,"9":0.000505539},"kashima-antlers":{"0":0.265396429,"1":0.3520564875,"2":0.2335068539,"3":0.10325133,"4":0.0342415125,"5":0.0090844829,"6":0.0020084741,"7":0.0003806146,"8":0.0000631121,"9":0.0000093022}}