{"jubilo-iwata":{"0":0.3647216972,"1":0.3678658498,"2":0.1855185535,"3":0.0623726171,"4":0.015727578,"5":0.0031726321,"6":0.0005333304,"7":0.0000768469,"8":0.0000096887,"9":0.0000010858},"cerezo-osaka":{"0":0.0962531278,"1":0.2253068007,"2":0.2636961291,"3":0.2057509975,"4":0.1204041366,"5":0.0563677699,"6":0.0219906999,"7":0.0073536078,"8":0.0021516416,"9":0.0005596118}}