{"vegalta-sendai":{"0":0.1063117663,"1":0.2382849934,"2":0.2670435271,"3":0.1995152789,"4":0.1117973545,"5":0.0501160555,"6":0.018721515,"7":0.0059945738,"8":0.0016795142,"9":0.0004182698},"shonan-bellmare":{"0":0.7059475855,"1":0.2458210342,"2":0.0427991979,"3":0.004967764,"4":0.0004324616,"5":0.0000301179,"6":0.0000017479,"7":0.0000000869,"8":0.0000000038,"9":0.0000000001}}