{"sagan-tosu":{"0":0.3283000346,"1":0.3656695572,"2":0.2036463768,"3":0.075608968,"4":0.0210538341,"5":0.0046900672,"6":0.0008706542,"7":0.0001385369,"8":0.0000192883,"9":0.0000023871},"ventforet-kofu":{"0":0.2518075475,"1":0.3472653169,"2":0.2394550948,"3":0.1100767236,"4":0.0379514322,"5":0.0104676895,"6":0.0024059813,"7":0.0004740093,"8":0.0000817127,"9":0.000012521}}