{"jubilo-iwata":{"0":0.2981722219,"1":0.360813445,"2":0.2183072944,"3":0.0880567238,"4":0.0266390089,"5":0.0064470879,"6":0.001300253,"7":0.0002247736,"8":0.0000339994,"9":0.0000045713},"albirex-niigata":{"0":0.2244697408,"1":0.3353610175,"2":0.2505170889,"3":0.1247587099,"4":0.0465978262,"5":0.0139235643,"6":0.0034670009,"7":0.0007399642,"8":0.0001381896,"9":0.0000229397}}