{"sanfrecce-hiroshima":{"0":0.1107862302,"1":0.2437466333,"2":0.2681399175,"3":0.1966495957,"4":0.1081647891,"5":0.0475958125,"6":0.0174530099,"7":0.0054856126,"8":0.0015086482,"9":0.0003688063},"kawasaki-frontale":{"0":0.3261131819,"1":0.3654133339,"2":0.2047247888,"3":0.0764654439,"4":0.0214200884,"5":0.004800288,"6":0.0008964624,"7":0.0001434994,"8":0.0000200991,"9":0.0000025024}}