{"cerezo-osaka":{"0":0.5263908771,"1":0.3377909371,"2":0.1083821189,"3":0.0231833409,"4":0.0037192526,"5":0.0004773372,"6":0.0000510521,"7":0.0000046801,"8":0.0000003754,"9":0.0000000268},"yokohama-fa-marinos":{"0":0.2991817859,"1":0.3610238311,"2":0.2178244344,"3":0.0876165323,"4":0.026431803,"5":0.006379072,"6":0.0012829419,"7":0.0002211616,"8":0.0000333596,"9":0.0000044728}}