{"kashima-antlers":{"0":0.2907492353,"1":0.3591608201,"2":0.2218346242,"3":0.0913436688,"4":0.0282090742,"5":0.0069693007,"6":0.001434856,"7":0.0002532099,"8":0.0000390986,"9":0.0000053665},"shimizu-s-pulse":{"0":0.5115085074,"1":0.3429107312,"2":0.1149421445,"3":0.0256853954,"4":0.0043048149,"5":0.0005771819,"6":0.0000644896,"7":0.0000061762,"8":0.0000005176,"9":0.0000000386}}