{"omiya-ardija":{"0":0.0992453286,"1":0.2292726307,"2":0.2648282793,"3":0.203931937,"4":0.1177788727,"5":0.0544176182,"6":0.020952238,"7":0.0069147187,"8":0.0019967637,"9":0.0005125383},"nagoya-grampus-eight":{"0":0.4473252708,"1":0.3598594358,"2":0.1447479295,"3":0.0388150872,"4":0.0078063863,"5":0.0012559996,"6":0.0001684022,"7":0.0000193535,"8":0.0000019462,"9":0.000000174}}