{"urawa-red-diamonds":{"0":0.0453219028,"1":0.1402243745,"2":0.2169246435,"3":0.2237190746,"4":0.1730447388,"5":0.1070788682,"6":0.0552163759,"7":0.0244053609,"8":0.0094386661,"9":0.0032447668},"fc-tokyo":{"0":0.3554688567,"1":0.3676677082,"2":0.1901425977,"3":0.0655559475,"4":0.0169514182,"5":0.0035066302,"6":0.0006044949,"7":0.00008932,"8":0.0000115482,"9":0.0000013272}}