{"oita-trinita":{"0":0.2981722219,"1":0.360813445,"2":0.2183072944,"3":0.0880567238,"4":0.0266390089,"5":0.0064470879,"6":0.001300253,"7":0.0002247736,"8":0.0000339994,"9":0.0000045713},"vegalta-sendai":{"0":0.178375798,"1":0.30749539,"2":0.2650399212,"3":0.1522974806,"4":0.0656349877,"5":0.0226291418,"6":0.006501589,"7":0.001601121,"8":0.0003450141,"9":0.0000660841}}