{"shonan-bellmare":{"0":0.2981722219,"1":0.360813445,"2":0.2183072944,"3":0.0880567238,"4":0.0266390089,"5":0.0064470879,"6":0.001300253,"7":0.0002247736,"8":0.0000339994,"9":0.0000045713},"kashiwa-reysol":{"0":0.2824747814,"1":0.357095015,"2":0.2257136887,"3":0.0951131904,"4":0.0300597154,"5":0.007600094,"6":0.0016012968,"7":0.0002891864,"8":0.0000456975,"9":0.0000064188}}