{"sanfrecce-hiroshima":{"0":0.2679183067,"1":0.3528680137,"2":0.2323764968,"3":0.1020189498,"4":0.0335916054,"5":0.0088485205,"6":0.0019423581,"7":0.0003654611,"8":0.0000601674,"9":0.000008805},"cerezo-osaka":{"0":0.2691086065,"1":0.3532427856,"2":0.2318403473,"3":0.1014409897,"4":0.0332888812,"5":0.008739265,"6":0.0019119185,"7":0.000358523,"8":0.0000588265,"9":0.0000085798}}