{"vegalta-sendai":{"0":0.3064569626,"1":0.362439892,"2":0.2143248341,"3":0.0844924184,"4":0.02498183,"5":0.0059090919,"6":0.0011647588,"7":0.0001967906,"8":0.0000290925,"9":0.000003823},"jubilo-iwata":{"0":0.5456192141,"1":0.3305546473,"2":0.1001306149,"3":0.0202208422,"4":0.0030626182,"5":0.0003710876,"6":0.0000374696,"7":0.0000032429,"8":0.0000002456,"9":0.0000000165}}