{"shimizu-s-pulse":{"0":0.4464752421,"1":0.3600248343,"2":0.1451568521,"3":0.0390167746,"4":0.0078655021,"5":0.0012685031,"6":0.0001704808,"7":0.0000196387,"8":0.0000019795,"9":0.0000001774},"oita-trinita":{"0":0.2432628908,"1":0.3438794791,"2":0.2430561763,"3":0.1145290883,"4":0.0404749396,"5":0.0114431766,"6":0.0026960364,"7":0.0005444501,"8":0.0000962052,"9":0.0000151108}}