{"yokohama-fa-marinos":{"0":0.6102403158,"1":0.3013991804,"2":0.0744308952,"3":0.0122538669,"4":0.0015130537,"5":0.0001494602,"6":0.0000123031,"7":0.0000008681,"8":0.0000000536,"9":0.0000000029},"omiya-ardija":{"0":0.2038615614,"1":0.3242039229,"2":0.2577930408,"3":0.1366573057,"4":0.0543320112,"5":0.0172809931,"6":0.0045803679,"7":0.0010406034,"8":0.0002068608,"9":0.0000365526}}