{"albirex-niigata":{"0":0.1354532225,"1":0.2707884543,"2":0.2706705151,"3":0.1803684182,"4":0.0901449302,"5":0.0360422674,"6":0.0120088565,"7":0.0034296075,"8":0.0008570284,"9":0.0001903678},"fc-tokyo":{"0":0.1005479633,"1":0.2309707795,"2":0.2652838469,"3":0.2031296472,"4":0.116653315,"5":0.0535933424,"6":0.0205183935,"7":0.0067333172,"8":0.0019334051,"9":0.0004934738}}