{"nagoya-grampus-eight":{"0":0.1443822201,"1":0.2794216385,"2":0.2703811176,"3":0.1744220649,"4":0.0843893714,"5":0.0326636014,"6":0.0105355967,"7":0.0029127782,"8":0.0007046342,"9":0.0001515192},"sagan-tosu":{"0":0.2977003268,"1":0.3607139337,"2":0.2185327497,"3":0.0882630403,"4":0.0267363735,"5":0.0064791212,"6":0.0013084239,"7":0.0002264822,"8":0.0000343026,"9":0.0000046182}}