{"kashiwa-reysol":{"0":0.0717802191,"1":0.1890796014,"2":0.2490316702,"3":0.2186619543,"4":0.1439968967,"5":0.0758617797,"6":0.0333051716,"7":0.0125329566,"8":0.0041267052,"9":0.0012078162},"kashima-antlers":{"0":0.0562633859,"1":0.1619097812,"2":0.2329648029,"3":0.2234684815,"4":0.1607694432,"5":0.0925296085,"6":0.0443789166,"7":0.0182442442,"8":0.0065627084,"9":0.0020983978}}