{"ventforet-kofu":{"0":0.298329412,"1":0.3608464267,"2":0.2182321595,"3":0.0879880782,"4":0.0266066488,"5":0.0064364516,"6":0.0012975425,"7":0.0002242074,"8":0.0000338989,"9":0.0000045559},"shonan-bellmare":{"0":0.6212557821,"1":0.2957254524,"2":0.0703844904,"3":0.0111679633,"4":0.0013290222,"5":0.0001265262,"6":0.000010038,"7":0.0000006826,"8":0.0000000406,"9":0.0000000021}}