{"kawasaki-frontale":{"0":0.1790198053,"1":0.3079604017,"2":0.264885801,"3":0.1518907132,"4":0.0653228353,"5":0.0224744369,"6":0.0064436414,"7":0.001583533,"8":0.0003405108,"9":0.0000650852},"urawa-red-diamonds":{"0":0.114900045,"1":0.2486083889,"2":0.2689560784,"3":0.1939794347,"4":0.1049279718,"5":0.0454063774,"6":0.0163742412,"7":0.0050612609,"8":0.0013688767,"9":0.000329092}}