{"fc-tokyo":{"0":0.2152670586,"1":0.3306234849,"2":0.2538983194,"3":0.1299854356,"4":0.0499103741,"5":0.015331228,"6":0.0039244772,"7":0.0008610729,"8":0.0001653126,"9":0.0000282111},"ventforet-kofu":{"0":0.6390572765,"1":0.2861450492,"2":0.0640623244,"3":0.009561541,"4":0.0010703217,"5":0.0000958497,"6":0.000007153,"7":0.0000004575,"8":0.0000000256,"9":0.0000000013}}