{"urawa-red-diamonds":{"0":0.2504200967,"1":0.3467355185,"2":0.2400476667,"3":0.1107912308,"4":0.0383508106,"5":0.0106202245,"6":0.002450821,"7":0.0004847778,"8":0.0000839038,"9":0.0000129083},"yokohama-fa-marinos":{"0":0.2643475921,"1":0.3517119349,"2":0.2339746774,"3":0.1037670211,"4":0.0345152565,"5":0.0091844435,"6":0.0020366357,"7":0.0003871035,"8":0.0000643797,"9":0.0000095174}}