{"shonan-bellmare":{"0":0.4000004556,"1":0.3665162546,"2":0.1679175148,"3":0.0512870238,"4":0.0117484415,"5":0.0021529949,"6":0.0003287945,"7":0.0000430387,"8":0.0000049295,"9":0.0000005019},"albirex-niigata":{"0":0.2699006117,"1":0.353489234,"2":0.2314826887,"3":0.101057741,"4":0.0330888685,"5":0.0086673081,"6":0.0018919311,"7":0.0003539807,"8":0.0000579511,"9":0.0000084332}}