{"vegalta-sendai":{"0":0.657786254,"1":0.2755303766,"2":0.0577064266,"3":0.0080572645,"4":0.0008437472,"5":0.000070685,"6":0.0000049347,"7":0.0000002953,"8":0.0000000155,"9":0.0000000007},"sanfrecce-hiroshima":{"0":0.3121788231,"1":0.3634320627,"2":0.2115500066,"3":0.0820940324,"4":0.0238930393,"5":0.0055631554,"6":0.0010794182,"7":0.0001795194,"8":0.0000261241,"9":0.0000033792}}