{"cerezo-osaka":{"0":0.1445125187,"1":0.2795434469,"2":0.270372904,"3":0.1743354697,"4":0.0843081599,"5":0.0326169578,"6":0.0105156482,"7":0.0029059079,"8":0.0007026446,"9":0.0001510209},"sagan-tosu":{"0":0.3338662133,"1":0.366256219,"2":0.2008942694,"3":0.0734613373,"4":0.0201470459,"5":0.004420322,"6":0.0008081932,"7":0.0001266571,"8":0.0000173681,"9":0.000002117}}