{"kashima-antlers":{"0":0.1415997121,"1":0.2767921973,"2":0.2705299304,"3":0.1762728958,"4":0.0861424106,"5":0.0336773949,"6":0.010971821,"7":0.0030638828,"8":0.000748641,"9":0.0001626008},"jubilo-iwata":{"0":0.5411425752,"1":0.3323007712,"2":0.1020283818,"3":0.0208842743,"4":0.0032061146,"5":0.0003937574,"6":0.0000402993,"7":0.0000035352,"8":0.0000002714,"9":0.0000000185}}