{"omiya-ardija":{"0":0.0578050733,"1":0.1647836932,"2":0.2348726849,"3":0.2231821893,"4":0.1590551802,"5":0.0906830439,"6":0.0430847041,"7":0.0175458071,"8":0.0062521824,"9":0.0019803293},"kawasaki-frontale":{"0":0.2609872869,"1":0.3505799376,"2":0.2354641372,"3":0.1054317032,"4":0.035406169,"5":0.0095121051,"6":0.0021295758,"7":0.0004086606,"8":0.0000686184,"9":0.0000102415}}