{"kashiwa-reysol":{"0":0.1961335889,"1":0.3194936289,"2":0.2602210552,"3":0.1412965006,"4":0.0575415613,"5":0.018746572,"6":0.0050895671,"7":0.0011843854,"8":0.0002411644,"9":0.0000436497},"shimizu-s-pulse":{"0":0.133330353,"1":0.2686507113,"2":0.2706555674,"3":0.18178359,"4":0.091570092,"5":0.0369013804,"6":0.0123922546,"7":0.0035670669,"8":0.0008984217,"9":0.0002011392}}