{"oita-trinita":{"0":0.2716699358,"1":0.3540314096,"2":0.2306810994,"3":0.1002053645,"4":0.0326460916,"5":0.0085086646,"6":0.0018480357,"7":0.0003440429,"8":0.0000560432,"9":0.0000081148},"nagoya-grampus-eight":{"0":0.1995001485,"1":0.3215823289,"2":0.2591857576,"3":0.1392639892,"4":0.0561213091,"5":0.0180928399,"6":0.004860763,"7":0.0011193228,"8":0.0002255352,"9":0.0000403944}}