{"yokohama-fa-marinos":{"0":0.1787943552,"1":0.3077978773,"2":0.264939945,"3":0.1520330486,"4":0.065431945,"5":0.0225284671,"6":0.006463864,"7":0.0015896664,"8":0.0003420801,"9":0.000065433},"kashiwa-reysol":{"0":0.3772788755,"1":0.3677603718,"2":0.1792410069,"3":0.0582396238,"4":0.0141925689,"5":0.0027668999,"6":0.0004495155,"7":0.0000625964,"8":0.0000076271,"9":0.0000008261}}