{"kawasaki-frontale":{"0":0.0485040686,"1":0.1467785305,"2":0.222083813,"3":0.2240165044,"4":0.1694745113,"5":0.1025696212,"6":0.0517311183,"7":0.0223634186,"8":0.0084592638,"9":0.0028442936},"shonan-bellmare":{"0":0.6449085282,"1":0.2828870551,"2":0.0620437492,"3":0.0090717638,"4":0.000994825,"5":0.0000872754,"6":0.0000063805,"7":0.0000003998,"8":0.0000000219,"9":0.0000000011}}