{"shimizu-s-pulse":{"0":0.2536409885,"1":0.3479536978,"2":0.2386676076,"3":0.1091375611,"4":0.0374296936,"5":0.0102694761,"6":0.0023480052,"7":0.0004601538,"8":0.0000789069,"9":0.0000120275},"fc-tokyo":{"0":0.08327015,"1":0.2069817088,"2":0.2572436089,"3":0.2131404901,"4":0.1324489714,"5":0.0658447582,"6":0.0272780033,"7":0.0096862831,"8":0.003009607,"9":0.0008312084}}