{"albirex-niigata":{"0":0.4033977309,"1":0.3662174812,"2":0.1662320252,"3":0.0503035994,"4":0.0114168078,"5":0.0020729093,"6":0.0003136423,"7":0.0000406764,"8":0.0000046159,"9":0.0000004656},"cerezo-osaka":{"0":0.1021857235,"1":0.2330818854,"2":0.2658256135,"3":0.2021128231,"4":0.1152529831,"5":0.052577565,"6":0.0199879161,"7":0.0065131004,"8":0.0018570179,"9":0.0004706433}}