{"sanfrecce-hiroshima":{"0":0.5104470572,"1":0.3432594926,"2":0.1154155731,"3":0.0258711068,"4":0.0043493752,"5":0.0005849634,"6":0.0000655616,"7":0.0000062983,"8":0.0000005294,"9":0.0000000396},"omiya-ardija":{"0":0.3104523751,"1":0.3631438333,"2":0.2123891685,"3":0.0828122905,"4":0.0242168969,"5":0.0056654208,"6":0.0011044972,"7":0.0001845654,"8":0.0000269863,"9":0.0000035074}}