{"sagan-tosu":{"0":0.2363492677,"1":0.3409207296,"2":0.2458796362,"3":0.1182225862,"4":0.0426323833,"5":0.0122989704,"6":0.0029567639,"7":0.0006092812,"8":0.0001098568,"9":0.0000176069},"oita-trinita":{"0":0.2250575611,"1":0.3356506401,"2":0.2502945283,"3":0.1244296766,"4":0.0463935764,"5":0.0138382675,"6":0.0034397299,"7":0.0007328586,"8":0.0001366231,"9":0.0000226399}}