{"nagoya-grampus-eight":{"0":0.1441776786,"1":0.2792301877,"2":0.2703937893,"3":0.1745580159,"4":0.084517014,"5":0.03273697,"6":0.0105669966,"7":0.0029235994,"8":0.0007077701,"9":0.000152305},"kashima-antlers":{"0":0.3196650176,"1":0.3645720872,"2":0.207893888,"3":0.0790330549,"4":0.0225339372,"5":0.0051399084,"6":0.0009769952,"7":0.0001591779,"8":0.0000226924,"9":0.0000028756}}