{"ventforet-kofu":{"0":0.5138912196,"1":0.342119827,"2":0.1138820548,"3":0.0252720857,"4":0.0042061828,"5":0.0005600479,"6":0.0000621414,"7":0.00000591,"8":0.0000004918,"9":0.0000000364},"vegalta-sendai":{"0":0.3059461019,"1":0.362346143,"2":0.2145716624,"3":0.0847090536,"4":0.0250812142,"5":0.0059409688,"6":0.0011726941,"7":0.0001984109,"8":0.0000293734,"9":0.0000038654}}