{"jubilo-iwata":{"0":0.2073025519,"1":0.3262063099,"2":0.2566552019,"3":0.134622151,"4":0.0529595448,"5":0.0166671732,"6":0.0043711771,"7":0.0009826256,"8":0.0001932795,"9":0.0000337933},"urawa-red-diamonds":{"0":0.0999689499,"1":0.2302180591,"2":0.2650840825,"3":0.2034869928,"4":0.1171523272,"5":0.0539579168,"6":0.0207099086,"7":0.0068132512,"8":0.0019612758,"9":0.0005018459}}