{"urawa-red-diamonds":{"0":0.5045945719,"1":0.3451426872,"2":0.118038799,"3":0.0269128462,"4":0.0046020967,"5":0.0006295668,"6":0.0000717706,"7":0.000007013,"8":0.0000005996,"9":0.0000000456},"sanfrecce-hiroshima":{"0":0.1962650036,"1":0.3195762394,"2":0.2601813134,"3":0.1412168313,"4":0.05748547,"5":0.0187205971,"6":0.0050804252,"7":0.0011817718,"8":0.0002405333,"9":0.0000435175}}