{"jubilo-iwata":{"0":0.1489715397,"1":0.2836418116,"2":0.2700270046,"3":0.1713771389,"4":0.0815755181,"5":0.0310639573,"6":0.0098576291,"7":0.0026812751,"8":0.0006381435,"9":0.0001350028},"nagoya-grampus-eight":{"0":0.2135552604,"1":0.3296993493,"2":0.2545047609,"3":0.1309732103,"4":0.0505510636,"5":0.0156087495,"6":0.0040162864,"7":0.0008857975,"8":0.0001709434,"9":0.0000293236}}