{"cerezo-osaka":{"0":0.186373976,"1":0.3131082797,"2":0.263010955,"3":0.1472861348,"4":0.0618601766,"5":0.0207850193,"6":0.0058198054,"7":0.0013967533,"8":0.0002933182,"9":0.0000547527},"ventforet-kofu":{"0":0.5704079292,"1":0.3202290129,"2":0.0898888457,"3":0.0168213045,"4":0.0023608848,"5":0.0002650818,"6":0.000024803,"7":0.0000019892,"8":0.0000001396,"9":0.0000000087}}