{"kashima-antlers":{"0":0.3395955256,"1":0.3667631677,"2":0.1980521106,"3":0.0712987598,"4":0.0192506651,"5":0.0041581437,"6":0.0007484659,"7":0.0001154776,"8":0.0000155895,"9":0.0000018707},"omiya-ardija":{"0":0.331123733,"1":0.3659788627,"2":0.2022514768,"3":0.074513702,"4":0.0205893124,"5":0.0045513217,"6":0.0008384014,"7":0.0001323792,"8":0.0000182892,"9":0.000002246}}