{"fc-tokyo":{"0":0.0998586094,"1":0.2300742359,"2":0.2650455198,"3":0.2035549592,"4":0.1172476565,"5":0.0540277201,"6":0.0207466445,"7":0.0068286099,"8":0.0019666396,"9":0.0005034597},"oita-trinita":{"0":0.5531615075,"1":0.32752984,"2":0.096966071,"3":0.0191380403,"4":0.0028329336,"5":0.000335479,"6":0.0000331065,"7":0.0000028004,"8":0.0000002073,"9":0.0000000136}}