{"vegalta-sendai":{"0":0.2051528434,"1":0.324962104,"2":0.2573699863,"3":0.1358913528,"4":0.0538129757,"5":0.0170479507,"6":0.004500659,"7":0.0010184348,"8":0.0002016501,"9":0.0000354904},"kawasaki-frontale":{"0":0.241459715,"1":0.3431269634,"2":0.2438007371,"3":0.1154845597,"4":0.0410274094,"5":0.0116604216,"6":0.0027616788,"7":0.0005606416,"8":0.0000995876,"9":0.0000157244}}