{"kashiwa-reysol":{"0":0.0364432144,"1":0.1206999261,"2":0.1998790776,"3":0.2206665016,"4":0.1827118633,"5":0.1210283383,"6":0.0668076427,"7":0.031609559,"8":0.0130863574,"9":0.0048157795},"sagan-tosu":{"0":0.0553135794,"1":0.1601182561,"2":0.2317501075,"3":0.2236185248,"4":0.1618291956,"5":0.0936905869,"6":0.045201599,"7":0.0186923905,"8":0.0067636939,"9":0.0021754571}}