{"albirex-niigata":{"0":0.3478444089,"1":0.3673236958,"2":0.1939469114,"3":0.0682693128,"4":0.0180230986,"5":0.0038064784,"6":0.0006699402,"7":0.0001010653,"8":0.0000133406,"9":0.0000015653},"shimizu-s-pulse":{"0":0.2135552604,"1":0.3296993493,"2":0.2545047609,"3":0.1309732103,"4":0.0505510636,"5":0.0156087495,"6":0.0040162864,"7":0.0008857975,"8":0.0001709434,"9":0.0000293236}}