{"shonan-bellmare":{"0":0.4823911401,"1":0.3516631411,"2":0.1281812149,"3":0.0311480352,"4":0.0056767294,"5":0.0008276671,"6":0.0001005616,"7":0.0000104728,"8":0.0000009543,"9":0.0000000773},"yokohama-fa-marinos":{"0":0.093628444,"1":0.2217515779,"2":0.2626005528,"3":0.2073162259,"4":0.1227530285,"5":0.0581461714,"6":0.0229524361,"7":0.0077658618,"8":0.0022991038,"9":0.0006050273}}