{"sanfrecce-hiroshima":{"0":0.1879783333,"1":0.314192357,"2":0.2625750412,"3":0.1462918087,"4":0.0611290772,"5":0.0204345772,"6":0.0056924894,"7":0.0013592271,"8":0.0002839814,"9":0.0000527394},"jubilo-iwata":{"0":0.523803505,"1":0.3387115942,"2":0.1095120049,"3":0.0236048985,"4":0.00381596,"5":0.0004935094,"6":0.000053187,"7":0.0000049133,"8":0.0000003971,"9":0.0000000285}}