{"omiya-ardija":{"0":0.2808762018,"1":0.3566681927,"2":0.2264559954,"3":0.0958543896,"4":0.0304299649,"5":0.0077282451,"6":0.0016356074,"7":0.0002967088,"8":0.0000470966,"9":0.000006645},"cerezo-osaka":{"0":0.2812698614,"1":0.3567741426,"2":0.2262734233,"3":0.0956714739,"4":0.0303383981,"5":0.0076964918,"6":0.0016270906,"7":0.0002948383,"8":0.0000467481,"9":0.0000065886}}