{"kawasaki-frontale":{"0":0.078081666,"1":0.1991082483,"2":0.2538630166,"3":0.2157835641,"4":0.1375620221,"5":0.0701566313,"6":0.0298165683,"7":0.0108617499,"8":0.0034621828,"9":0.0009809518},"fc-tokyo":{"0":0.1962096735,"1":0.3195414683,"2":0.2601980528,"3":0.1412503715,"4":0.0575090798,"5":0.0187315289,"6":0.0050842721,"7":0.0011828715,"8":0.0002407988,"9":0.0000435731}}