{"vegalta-sendai":{"0":0.2265023407,"1":0.3363559759,"2":0.2497443121,"3":0.1236234345,"4":0.0458952001,"5":0.0136308744,"6":0.0033736414,"7":0.0007156939,"8":0.0001328507,"9":0.0000219204},"kashima-antlers":{"0":0.3657217967,"1":0.3678731014,"2":0.1850185304,"3":0.0620356249,"4":0.0156001351,"5":0.0031383801,"6":0.0005261402,"7":0.000075605,"8":0.0000095062,"9":0.0000010625}}