{"nagoya-grampus-eight":{"0":0.2127539282,"1":0.3292620318,"2":0.254786096,"3":0.1314372718,"4":0.0508537063,"5":0.0157404329,"6":0.0040600323,"7":0.0008976262,"8":0.0001736479,"9":0.0000298601},"urawa-red-diamonds":{"0":0.2213662946,"1":0.3338063172,"2":0.2516793662,"3":0.1265055015,"4":0.047690566,"5":0.0143828691,"6":0.0036147422,"7":0.000778686,"8":0.0001467761,"9":0.0000245921}}