{"yokohama-fa-marinos":{"0":0.0650796837,"1":0.1778069929,"2":0.2428970528,"3":0.221209816,"4":0.1510942046,"5":0.0825621904,"6":0.0375952831,"7":0.0146736692,"8":0.0050113201,"9":0.0015212936},"sagan-tosu":{"0":0.282369773,"1":0.3570672558,"2":0.2257625238,"3":0.0951617495,"4":0.0300839077,"5":0.0076084478,"6":0.0016035283,"7":0.0002896746,"8":0.0000457881,"9":0.0000064334}}