{"ventforet-kofu":{"0":0.6211451576,"1":0.2957834084,"2":0.070424621,"3":0.0111785113,"4":0.0013307752,"5":0.0001267405,"6":0.0000100588,"7":0.0000006843,"8":0.0000000407,"9":0.0000000022},"albirex-niigata":{"0":0.2812698614,"1":0.3567741426,"2":0.2262734233,"3":0.0956714739,"4":0.0303383981,"5":0.0076964918,"6":0.0016270906,"7":0.0002948383,"8":0.0000467481,"9":0.0000065886}}