{"oita-trinita":{"0":0.3951177613,"1":0.3668950641,"2":0.1703441369,"3":0.0527255662,"4":0.0122398636,"5":0.0022731175,"6":0.000351792,"7":0.0000466663,"8":0.0000054166,"9":0.0000005589},"kashiwa-reysol":{"0":0.1726821736,"1":0.3032821368,"2":0.2663275907,"3":0.155917273,"4":0.0684594749,"5":0.0240471097,"6":0.0070389999,"7":0.0017660876,"8":0.000387723,"9":0.0000756621}}