{"shimizu-s-pulse":{"0":0.3189065573,"1":0.3644646369,"2":0.2082655068,"3":0.0793392407,"4":0.0226683545,"5":0.0051813382,"6":0.0009869216,"7":0.00016113,"8":0.0000230186,"9":0.000002923},"shonan-bellmare":{"0":0.4500847738,"1":0.359311374,"2":0.1434226073,"3":0.0381656798,"4":0.0076171,"5":0.0012161756,"6":0.0001618161,"7":0.0000184544,"8":0.0000018416,"9":0.0000001634}}