{"kashima-antlers":{"0":0.2844656255,"1":0.3576139291,"2":0.2247858983,"3":0.0941959955,"4":0.0296044557,"5":0.007443406,"6":0.0015595708,"7":0.0002800862,"8":0.0000440135,"9":0.0000061479},"albirex-niigata":{"0":0.5079260795,"1":0.3440789571,"2":0.1165428726,"3":0.0263161325,"4":0.0044567644,"5":0.0006038197,"6":0.0000681732,"7":0.0000065974,"8":0.0000005587,"9":0.000000042}}