{"cerezo-osaka":{"0":0.2592402606,"1":0.3499743519,"2":0.2362326875,"3":0.1063047094,"4":0.0358778394,"5":0.0096870166,"6":0.0021795787,"7":0.0004203473,"8":0.0000709336,"9":0.00001064},"shimizu-s-pulse":{"0":0.4566349665,"1":0.3579428931,"2":0.140290521,"3":0.0366565555,"4":0.0071835024,"5":0.0011261878,"6":0.000147131,"7":0.000016476,"8":0.0000016144,"9":0.0000001406}}