{"kashiwa-reysol":{"0":0.2077481871,"1":0.3264614369,"2":0.2565054147,"3":0.1343599791,"4":0.0527842775,"5":0.0165893444,"6":0.0043448283,"7":0.0009753696,"8":0.0001915905,"9":0.0000334523},"vegalta-sendai":{"0":0.1564781791,"1":0.2902417837,"2":0.2691758478,"3":0.1664259274,"4":0.0771733131,"5":0.0286288097,"6":0.0088503041,"7":0.0023451267,"8":0.000543729,"9":0.0001120588}}