{"urawa-red-diamonds":{"0":0.0784170198,"1":0.1996273276,"2":0.2540970698,"3":0.2156195135,"4":0.137226419,"5":0.069867851,"6":0.0296439311,"7":0.0107807113,"8":0.0034305763,"9":0.000970363},"oita-trinita":{"0":0.4185463084,"1":0.3645403331,"2":0.1587514354,"3":0.0460891264,"4":0.0100355356,"5":0.0017481256,"6":0.0002537602,"7":0.0000315738,"8":0.0000034375,"9":0.0000003327}}