{"shonan-bellmare":{"0":0.3812554278,"1":0.3676391625,"2":0.1772545962,"3":0.0569746916,"4":0.0137349703,"5":0.0026488871,"6":0.000425714,"7":0.0000586443,"8":0.0000070687,"9":0.0000007574},"jubilo-iwata":{"0":0.2911633096,"1":0.3592579546,"2":0.2216389801,"3":0.0911579676,"4":0.0281192924,"5":0.0069391157,"6":0.0014269956,"7":0.0002515326,"8":0.0000387949,"9":0.0000053186}}