{"ventforet-kofu":{"0":0.3395955256,"1":0.3667631677,"2":0.1980521106,"3":0.0712987598,"4":0.0192506651,"5":0.0041581437,"6":0.0007484659,"7":0.0001154776,"8":0.0000155895,"9":0.0000018707},"kawasaki-frontale":{"0":0.1450545847,"1":0.280048932,"2":0.2703375578,"3":0.1739752993,"4":0.0839711424,"5":0.032423696,"6":0.0104331086,"7":0.0028775187,"8":0.0006944334,"9":0.0001489672}}