{"sanfrecce-hiroshima":{"0":0.1085245113,"1":0.2410089797,"2":0.267613867,"3":0.1981037717,"4":0.1099861849,"5":0.0488510068,"6":0.0180812168,"7":0.0057363415,"8":0.0015923935,"9":0.0003929283},"nagoya-grampus-eight":{"0":0.3970259379,"1":0.3667541655,"2":0.1693952524,"3":0.0521598284,"4":0.0120457082,"5":0.0022254534,"6":0.0003426285,"7":0.0000452149,"8":0.0000052209,"9":0.0000005359}}