{"fc-tokyo":{"0":0.2396510364,"1":0.3423586235,"2":0.2445418739,"3":0.1164485114,"4":0.0415887541,"5":0.0118825012,"6":0.0028291669,"7":0.000577381,"8":0.0001031038,"9":0.0000163657},"yokohama-fa-marinos":{"0":0.3799399992,"1":0.3676838702,"2":0.1779115501,"3":0.0573908226,"4":0.0138848764,"5":0.0026873954,"6":0.0004334509,"7":0.0000599241,"8":0.0000072489,"9":0.0000007794}}