{"sagan-tosu":{"0":0.4065696597,"1":0.3659126938,"2":0.1646607122,"3":0.0493982137,"4":0.0111145981,"5":0.0020006277,"6":0.0003000941,"7":0.0000385835,"8":0.0000043406,"9":0.0000004341},"omiya-ardija":{"0":0.0861545155,"1":0.2112175218,"2":0.2589118009,"3":0.2115838373,"4":0.1296804164,"5":0.0635852364,"6":0.0259810644,"7":0.0090993589,"8":0.0027885132,"9":0.000759595}}