{"albirex-niigata":{"0":0.1293213942,"1":0.2645210335,"2":0.2705328752,"3":0.1844542331,"4":0.0943231874,"5":0.0385867585,"6":0.0131545768,"7":0.0038438698,"8":0.0009828076,"9":0.0002233654},"kawasaki-frontale":{"0":0.0844548285,"1":0.2087333569,"2":0.2579462599,"3":0.2125080341,"4":0.1313054449,"5":0.0649052915,"6":0.0267359874,"7":0.0094398602,"8":0.0029163722,"9":0.0008008807}}