{"shonan-bellmare":{"0":0.3812554278,"1":0.3676391625,"2":0.1772545962,"3":0.0569746916,"4":0.0137349703,"5":0.0026488871,"6":0.000425714,"7":0.0000586443,"8":0.0000070687,"9":0.0000007574},"ventforet-kofu":{"0":0.3428166782,"1":0.3670056312,"2":0.1964506716,"3":0.0701040404,"4":0.0187626356,"5":0.0040173033,"6":0.0007167937,"7":0.0001096243,"8":0.0000146699,"9":0.000001745}}