{"omiya-ardija":{"0":0.2625948688,"1":0.3511268532,"2":0.2347533818,"3":0.1046329359,"4":0.0349772957,"5":0.0093539282,"6":0.0020845897,"7":0.0003981992,"8":0.0000665561,"9":0.0000098883},"kashiwa-reysol":{"0":0.3264555311,"1":0.365454411,"2":0.2045560786,"3":0.0763308875,"4":0.0213623732,"5":0.004782871,"6":0.0008923734,"7":0.0001427111,"8":0.0000199699,"9":0.000002484}}