{"nagoya-grampus-eight":{"0":0.3352572462,"1":0.3663882762,"2":0.2002050223,"3":0.0729318296,"4":0.0199260177,"5":0.0043552582,"6":0.0007932792,"7":0.0001238487,"8":0.0000169186,"9":0.0000020544},"cerezo-osaka":{"0":0.3125230905,"1":0.3634883944,"2":0.2113824817,"3":0.0819513621,"4":0.0238289345,"5":0.0055429768,"6":0.0010744847,"7":0.0001785298,"8":0.0000259555,"9":0.0000033542}}