{"kashima-antlers":{"0":0.3352572462,"1":0.3663882762,"2":0.2002050223,"3":0.0729318296,"4":0.0199260177,"5":0.0043552582,"6":0.0007932792,"7":0.0001238487,"8":0.0000169186,"9":0.0000020544},"yokohama-fa-marinos":{"0":0.3614280432,"1":0.3678225394,"2":0.1871650845,"3":0.0634921556,"4":0.0161538696,"5":0.0032879338,"6":0.0005576841,"7":0.0000810787,"8":0.0000103141,"9":0.0000011663}}