{"sagan-tosu":{"0":0.3225721098,"1":0.3649673014,"2":0.2064672162,"3":0.0778676358,"4":0.022025417,"5":0.0049840372,"6":0.000939847,"7":0.00015191,"8":0.0000214844,"9":0.0000027009},"vegalta-sendai":{"0":0.2336698274,"1":0.3397199799,"2":0.2469502931,"3":0.1196759113,"4":0.0434975908,"5":0.012647761,"6":0.0030646498,"7":0.0006365042,"8":0.0001156724,"9":0.0000186855}}