{"oita-trinita":{"0":0.6376281516,"1":0.2869326682,"2":0.0645598504,"3":0.0096839776,"4":0.0010894475,"5":0.0000980503,"6":0.0000073538,"7":0.0000004727,"8":0.0000000266,"9":0.0000000013},"sanfrecce-hiroshima":{"0":0.0976706821,"1":0.2271970327,"2":0.2642476258,"3":0.2048935437,"4":0.1191534762,"5":0.0554338634,"6":0.0214912824,"7":0.0071417185,"8":0.002076592,"9":0.0005367192}}