{"jubilo-iwata":{"0":0.1692085372,"1":0.3006198428,"2":0.2670441201,"3":0.1581456088,"4":0.0702412964,"5":0.0249584658,"6":0.007390299,"7":0.0018756826,"8":0.0004165477,"9":0.0000822276},"fc-tokyo":{"0":0.0920310397,"1":0.2195519514,"2":0.2618847918,"3":0.2082533503,"4":0.1242038273,"5":0.0592608597,"6":0.0235624079,"7":0.0080301675,"8":0.0023946254,"9":0.0006347432}}