{"shimizu-s-pulse":{"0":0.3143831364,"1":0.3637862007,"2":0.2104763019,"3":0.0811837164,"4":0.0234852894,"5":0.005435167,"6":0.0010482108,"7":0.0001732757,"8":0.0000250631,"9":0.0000032224},"urawa-red-diamonds":{"0":0.1384521128,"1":0.2737517775,"2":0.2706352188,"3":0.1783694273,"4":0.08816938,"5":0.0348662422,"6":0.0114897678,"7":0.0032454175,"8":0.0008021174,"9":0.000176219}}