{"kashiwa-reysol":{"0":0.1053992246,"1":0.2371482553,"2":0.2667917872,"3":0.2000938404,"4":0.1125527852,"5":0.0506487533,"6":0.0189932825,"7":0.0061049837,"8":0.0017170267,"9":0.0004292567},"shonan-bellmare":{"0":0.3432237563,"1":0.3670341128,"2":0.196248129,"3":0.0699541301,"4":0.0187017591,"5":0.0039998301,"6":0.0007128848,"7":0.0001089057,"8":0.0000145576,"9":0.0000017297}}