{"kawasaki-frontale":{"0":0.2235709835,"1":0.3349152167,"2":0.2508559041,"3":0.1252629153,"4":0.0469117859,"5":0.014055018,"6":0.0035091311,"7":0.0007509673,"8":0.0001406211,"9":0.000023406},"omiya-ardija":{"0":0.2058079538,"1":0.3253436436,"2":0.2571535367,"3":0.1355037825,"4":0.0535514948,"5":0.0169309671,"6":0.0044607788,"7":0.0010073788,"8":0.0001990595,"9":0.000034964}}