{"albirex-niigata":{"0":0.2520846259,"1":0.3473702023,"2":0.2393364073,"3":0.1099344263,"4":0.0378721469,"5":0.0104374912,"6":0.0023971272,"7":0.0004718883,"8":0.0000812822,"9":0.0000124451},"jubilo-iwata":{"0":0.3025308704,"1":0.3616974244,"2":0.2162176485,"3":0.086167919,"4":0.0257549869,"5":0.006158388,"6":0.0012271327,"7":0.0002095893,"8":0.0000313224,"9":0.0000041609}}