{"fc-tokyo":{"0":0.0562678712,"1":0.1619182029,"2":0.232970467,"3":0.2234677242,"4":0.160764445,"5":0.0925241688,"6":0.0443750783,"7":0.0182421609,"8":0.0065617773,"9":0.002098042},"sagan-tosu":{"0":0.405221668,"1":0.3660452558,"2":0.1653281893,"3":0.0497814769,"4":0.0112421638,"5":0.0020310566,"6":0.0003057827,"7":0.00003946,"8":0.0000044556,"9":0.0000004472}}