{"yokohama-fa-marinos":{"0":0.215651649,"1":0.3308292343,"2":0.2537610604,"3":0.1297641786,"4":0.0497675117,"5":0.0152695774,"6":0.0039041533,"7":0.000855618,"8":0.0001640745,"9":0.0000279672},"urawa-red-diamonds":{"0":0.2524052819,"1":0.3474912033,"2":0.2391989095,"3":0.1097699122,"4":0.037780587,"5":0.0104026521,"6":0.0023869218,"7":0.0004694459,"8":0.0000807869,"9":0.0000123579}}