{"ventforet-kofu":{"0":0.6845816423,"1":0.2594204118,"2":0.0491533412,"3":0.0062088431,"4":0.0005882062,"5":0.0000445798,"6":0.0000028156,"7":0.0000001524,"8":0.0000000072,"9":0.0000000003},"sanfrecce-hiroshima":{"0":0.1466718947,"1":0.2815450909,"2":0.2702209526,"3":0.1729015246,"4":0.0829735914,"5":0.0318545109,"6":0.0101910926,"7":0.0027946264,"8":0.0006705557,"9":0.0001430189}}