{"vegalta-sendai":{"0":0.4631349299,"1":0.3564920184,"2":0.1372025202,"3":0.0352032782,"4":0.0067743151,"5":0.001042888,"6":0.0001337915,"7":0.000014712,"8":0.0000014155,"9":0.0000001211},"cerezo-osaka":{"0":0.3233075339,"1":0.3650631194,"2":0.2061057464,"3":0.0775748566,"4":0.0218984374,"5":0.0049453298,"6":0.0009306709,"7":0.000150124,"8":0.0000211891,"9":0.0000026584}}