{"nagoya-grampus-eight":{"0":0.1186498041,"1":0.2529114245,"2":0.269550334,"3":0.1915226057,"4":0.1020613886,"5":0.0435103814,"6":0.0154576355,"7":0.0047070243,"8":0.0012541743,"9":0.0002970413},"oita-trinita":{"0":0.4216968303,"1":0.3641219863,"2":0.1572039572,"3":0.0452468954,"4":0.0097673188,"5":0.0016867547,"6":0.0002427433,"7":0.000029943,"8":0.0000032319,"9":0.0000003101}}