{"shimizu-s-pulse":{"0":0.2263560826,"1":0.3362849935,"2":0.2498002165,"3":0.1237048919,"4":0.0459454174,"5":0.0136517245,"6":0.0033802715,"7":0.0007174124,"8":0.0001332276,"9":0.0000219921},"kashima-antlers":{"0":0.1958658302,"1":0.3193250368,"2":0.2603018582,"3":0.1414589099,"4":0.0576560132,"5":0.0187996125,"6":0.0051082476,"7":0.0011897294,"8":0.0002424558,"9":0.0000439202}}