{"cerezo-osaka":{"0":0.0986157887,"1":0.2284458315,"2":0.2646001145,"3":0.2043174965,"4":0.1183265911,"5":0.0548212753,"6":0.0211657991,"7":0.0070044399,"8":0.0020282441,"9":0.0005220529},"kawasaki-frontale":{"0":0.2808298239,"1":0.3566556742,"2":0.2264774948,"3":0.0958759561,"4":0.0304407695,"5":0.0077319944,"6":0.0016366137,"7":0.00029693,"8":0.0000471379,"9":0.0000066517}}