{"omiya-ardija":{"0":0.3252493683,"1":0.36530809,"2":0.2051502841,"3":0.0768057433,"4":0.0215663443,"5":0.0048445044,"6":0.0009068614,"7":0.0001455076,"8":0.0000204286,"9":0.0000025494},"yokohama-fa-marinos":{"0":0.1164285797,"1":0.2503770112,"2":0.2692150324,"3":0.192980267,"4":0.1037499181,"5":0.0446223676,"6":0.015993231,"7":0.004913297,"8":0.0013207417,"9":0.0003155805}}