{"sanfrecce-hiroshima":{"0":0.174933205,"1":0.304969989,"2":0.2658348774,"3":0.1544811721,"4":0.0673287289,"5":0.0234755222,"6":0.0068210128,"7":0.0016987743,"8":0.000370195,"9":0.0000717089},"fc-tokyo":{"0":0.3471915892,"1":0.3672865249,"2":0.1942722629,"3":0.0685054847,"4":0.0181176202,"5":0.0038332483,"6":0.0006758518,"7":0.0001021384,"8":0.0000135063,"9":0.0000015876}}