{"sagan-tosu":{"0":0.1706839083,"1":0.301759237,"2":0.2667464028,"3":0.1571973827,"4":0.0694789608,"5":0.0245669535,"6":0.0072388245,"7":0.0018282602,"8":0.0004040322,"9":0.0000793673},"nagoya-grampus-eight":{"0":0.1641255272,"1":0.2965951356,"2":0.2679920545,"3":0.1614316007,"4":0.0729317193,"5":0.0263593282,"6":0.0079390946,"7":0.0020495609,"8":0.0004629763,"9":0.0000929617}}