{"shonan-bellmare":{"0":0.5033963473,"1":0.3455199024,"2":0.1185785352,"3":0.0271298776,"4":0.0046553341,"5":0.0006390633,"6":0.0000731064,"7":0.0000071684,"8":0.000000615,"9":0.0000000469},"vegalta-sendai":{"0":0.3314251147,"1":0.36601045,"2":0.2021024412,"3":0.0743975056,"4":0.0205402844,"5":0.0045367466,"6":0.0008350286,"7":0.0001317381,"8":0.0000181857,"9":0.0000022315}}