{"oita-trinita":{"0":0.3723326719,"1":0.3678525958,"2":0.181713213,"3":0.0598422523,"4":0.0147805508,"5":0.0029205409,"6":0.0004808999,"7":0.0000678734,"8":0.0000083821,"9":0.0000009201},"shimizu-s-pulse":{"0":0.2258542932,"1":0.3360407449,"2":0.2499916664,"3":0.1239846342,"4":0.0461181059,"5":0.013723505,"6":0.0034031209,"7":0.0007233408,"8":0.0001345292,"9":0.0000222401}}