{"urawa-red-diamonds":{"0":0.1974348336,"1":0.3203077519,"2":0.259825113,"3":0.1405088054,"4":0.0569884994,"5":0.0184910208,"6":0.0049998078,"7":0.0011587745,"8":0.0002349918,"9":0.0000423598},"albirex-niigata":{"0":0.3381471103,"1":0.3666442012,"2":0.1987714314,"3":0.0718409143,"4":0.0194738132,"5":0.0042229908,"6":0.0007631467,"7":0.0001182086,"8":0.0000160213,"9":0.0000019302}}