{"jubilo-iwata":{"0":0.2641716306,"1":0.3516537227,"2":0.2340530292,"3":0.1038537192,"4":0.0345613824,"5":0.0092013202,"6":0.0020413992,"7":0.000388203,"8":0.0000645949,"9":0.000009554},"ventforet-kofu":{"0":0.2839483657,"1":0.3574804489,"2":0.2250273056,"3":0.094433674,"4":0.0297221223,"5":0.0074838097,"6":0.0015703064,"7":0.0002824225,"8":0.0000444449,"9":0.0000062172}}