{"kashima-antlers":{"0":0.2271939281,"1":0.336690341,"2":0.2494793473,"3":0.1232387491,"4":0.0456584567,"5":0.013532722,"6":0.0033424725,"7":0.0007076259,"8":0.0001310834,"9":0.0000215844},"kashiwa-reysol":{"0":0.5093298039,"1":0.3436242048,"2":0.1159146718,"3":0.0260676459,"4":0.0043966964,"5":0.0005932546,"6":0.0000667075,"7":0.0000064293,"8":0.0000005422,"9":0.0000000406}}