{"albirex-niigata":{"0":0.2776313815,"1":0.3557737908,"2":0.2279551208,"3":0.0973718665,"4":0.0311945626,"5":0.0079949232,"6":0.0017075304,"7":0.0003125905,"8":0.0000500716,"9":0.0000071294},"omiya-ardija":{"0":0.1561350498,"1":0.2899480871,"2":0.2692217196,"3":0.1666512904,"4":0.0773692757,"5":0.0287354742,"6":0.0088937918,"7":0.002359439,"8":0.0005476948,"9":0.0001130098}}