{"shimizu-s-pulse":{"0":0.1901024003,"1":0.3156065608,"2":0.2619838073,"3":0.1449811755,"4":0.0601741615,"5":0.0199801372,"6":0.0055284787,"7":0.0013111912,"8":0.0002721037,"9":0.0000501938},"nagoya-grampus-eight":{"0":0.2114858843,"1":0.3285638404,"2":0.2552279022,"3":0.1321737698,"4":0.0513361938,"5":0.0159511516,"6":0.0041302769,"7":0.0009166837,"8":0.0001780196,"9":0.0000307301}}