{"ventforet-kofu":{"0":0.2970022113,"1":0.3605653459,"2":0.2188659944,"3":0.0885689174,"4":0.026881014,"5":0.0065267946,"6":0.0013206052,"7":0.0002290336,"8":0.0000347563,"9":0.0000046883},"kashima-antlers":{"0":0.2127732392,"1":0.329272606,"2":0.2547793356,"3":0.1314260761,"4":0.0508463926,"5":0.0157372461,"6":0.0040589723,"7":0.0008973392,"8":0.0001735822,"9":0.000029847}}