{"yokohama-fa-marinos":{"0":0.3579922112,"1":0.3677453686,"2":0.1888821208,"3":0.0646760115,"4":0.016609512,"5":0.0034124045,"6":0.0005842287,"7":0.0000857351,"8":0.0000110089,"9":0.0000012565},"cerezo-osaka":{"0":0.378704849,"1":0.3677217039,"2":0.1785285452,"3":0.0577836284,"4":0.0140269489,"5":0.0027240283,"6":0.0004408377,"7":0.0000611504,"8":0.0000074221,"9":0.0000008008}}