{"fc-tokyo":{"0":0.1921848922,"1":0.3169700411,"2":0.2613889308,"3":0.1437026938,"4":0.0592521195,"5":0.0195448732,"6":0.0053725514,"7":0.0012658479,"8":0.0002609699,"9":0.0000478241},"urawa-red-diamonds":{"0":0.286980938,"1":0.3582496359,"2":0.2236085827,"3":0.0930464742,"4":0.0290383969,"5":0.0072499555,"6":0.0015084009,"7":0.0002689995,"8":0.0000419753,"9":0.0000058222}}