{"kawasaki-frontale":{"0":0.2576992311,"1":0.3494304022,"2":0.2369071988,"3":0.1070790645,"4":0.0362987895,"5":0.0098439569,"6":0.0022246722,"7":0.0004309387,"8":0.0000730421,"9":0.0000110047},"sanfrecce-hiroshima":{"0":0.2139385573,"1":0.3299074653,"2":0.2543696121,"3":0.1307516124,"4":0.0504069177,"5":0.015546163,"6":0.003995536,"7":0.0008801974,"8":0.0001696654,"9":0.0000290706}}