{"kashiwa-reysol":{"0":0.1148007844,"1":0.2484928372,"2":0.2689384504,"3":0.1940441984,"4":0.1050049301,"5":0.0454578305,"6":0.0163993439,"7":0.0050710449,"8":0.0013720707,"9":0.0003299917},"jubilo-iwata":{"0":0.1723065148,"1":0.3029976162,"2":0.2664076734,"3":0.1561575507,"4":0.0686499952,"5":0.0241439332,"6":0.0070761052,"7":0.0017775988,"8":0.0003907341,"9":0.0000763442}}