{"sagan-tosu":{"0":0.1436536807,"1":0.2787384009,"2":0.2704250101,"3":0.1749063778,"4":0.0848448919,"5":0.032925755,"6":0.0106479141,"7":0.0029515255,"8":0.000715874,"9":0.0001543385},"shonan-bellmare":{"0":0.3927485438,"1":0.3670571765,"2":0.1715231959,"3":0.0534343759,"4":0.012484751,"5":0.002333614,"6":0.0003634937,"7":0.0000485309,"8":0.0000056695,"9":0.0000005887}}