{"vegalta-sendai":{"0":0.2119844669,"1":0.328839267,"2":0.2550546865,"3":0.1318838709,"4":0.051145959,"5":0.0158679548,"6":0.004102507,"7":0.0009091403,"8":0.0001762871,"9":0.0000303849},"oita-trinita":{"0":0.4198618345,"1":0.3643685226,"2":0.1581048923,"3":0.0457360345,"4":0.009922771,"5":0.0017222548,"6":0.000249104,"7":0.0000308828,"8":0.0000033501,"9":0.000000323}}