{"cerezo-osaka":{"0":0.2718864343,"1":0.3540969586,"2":0.2305827733,"3":0.1001014252,"4":0.0325922938,"5":0.0084894505,"6":0.0018427354,"7":0.0003428464,"8":0.0000558141,"9":0.0000080767},"kashiwa-reysol":{"0":0.350383408,"1":0.3674566358,"2":0.1926808978,"3":0.0673565708,"4":0.0176596682,"5":0.0037040351,"6":0.0006474204,"7":0.0000969954,"8":0.0000127152,"9":0.0000014816}}