{"sanfrecce-hiroshima":{"0":0.2749119683,"1":0.3549950199,"2":0.2292033064,"3":0.0986570753,"4":0.0318490776,"5":0.0082253705,"6":0.0017702428,"7":0.0003265603,"8":0.0000527111,"9":0.0000075629},"albirex-niigata":{"0":0.4382349925,"1":0.3615438688,"2":0.1491368459,"3":0.0410126326,"4":0.0084588555,"5":0.0013957112,"6":0.0001919103,"7":0.000022618,"8":0.0000023325,"9":0.0000002138}}