{"omiya-ardija":{"0":0.3418812155,"1":0.366938348,"2":0.196915983,"3":0.0704494449,"4":0.0189032051,"5":0.0040577315,"6":0.0007258551,"7":0.0001112935,"8":0.0000149313,"9":0.0000017806},"vegalta-sendai":{"0":0.3849870989,"1":0.3674876853,"2":0.1753918498,"3":0.0558064977,"4":0.0133174597,"5":0.0025424241,"6":0.0004044766,"7":0.0000551559,"8":0.0000065811,"9":0.000000698}}