{"oita-trinita":{"0":0.3476629722,"1":0.367313488,"2":0.1940373426,"3":0.0683348902,"4":0.0180493243,"5":0.0038139007,"6":0.0006715782,"7":0.0001013624,"8":0.0000133864,"9":0.0000015715},"shonan-bellmare":{"0":0.42354695,"1":0.3638653343,"2":0.1562967004,"3":0.0447576915,"4":0.0096127315,"5":0.001651642,"6":0.0002364851,"7":0.0000290232,"8":0.0000031167,"9":0.0000002975}}