{"urawa-red-diamonds":{"0":0.1207467559,"1":0.255265869,"2":0.2698236628,"3":0.1901411243,"4":0.1004924293,"5":0.0424894021,"6":0.0149708565,"7":0.0045213267,"8":0.0011947944,"9":0.0002806519},"ventforet-kofu":{"0":0.3596128393,"1":0.3677858583,"2":0.1880723139,"3":0.0641155616,"4":0.0163931834,"5":0.0033531511,"6":0.0005715599,"7":0.0000835071,"8":0.0000106756,"9":0.0000012131}}