{"jubilo-iwata":{"0":0.0816458571,"1":0.2045526075,"2":0.25623939,"3":0.2139909982,"4":0.1340313465,"5":0.0671594675,"6":0.0280431543,"7":0.0100369021,"8":0.0031432619,"9":0.0008750018},"kashima-antlers":{"0":0.1350559535,"1":0.2703909483,"2":0.2706702778,"3":0.1806332639,"4":0.0904099343,"5":0.0362013332,"6":0.0120795771,"7":0.0034548731,"8":0.0008646106,"9":0.0001923342}}