{"yokohama-fa-marinos":{"0":0.1807647158,"1":0.3092087126,"2":0.264459874,"3":0.1507914064,"4":0.0644843996,"5":0.0220608741,"6":0.0062894045,"7":0.0015369139,"8":0.0003286227,"9":0.0000624587},"shimizu-s-pulse":{"0":0.4121517648,"1":0.365316337,"2":0.1619015584,"3":0.0478345514,"4":0.0105997017,"5":0.001879038,"6":0.0002775852,"7":0.0000351488,"8":0.0000038943,"9":0.0000003835}}