{"kawasaki-frontale":{"0":0.0247333005,"1":0.091503436,"2":0.1692632729,"3":0.2087357358,"4":0.1930599296,"5":0.1428490862,"6":0.0880808595,"7":0.0465520522,"8":0.0215280241,"9":0.0088494645},"sagan-tosu":{"0":0.1922881347,"1":0.3170370485,"2":0.2613590544,"3":0.1436394803,"4":0.0592067693,"5":0.0195235545,"6":0.0053649437,"7":0.0012636438,"8":0.0002604307,"9":0.0000477098}}