{"nagoya-grampus-eight":{"0":0.1758715941,"1":0.3056650291,"2":0.2656230829,"3":0.153884406,"4":0.0668628179,"5":0.0232415306,"6":0.0067323011,"7":0.0016715353,"8":0.0003631413,"9":0.0000701267},"fc-tokyo":{"0":0.2737733936,"1":0.3546609872,"2":0.229723594,"3":0.0991988247,"4":0.0321268921,"5":0.0083237857,"6":0.001797181,"7":0.0003325952,"8":0.0000538577,"9":0.0000077523}}