{"vegalta-sendai":{"0":0.3180076182,"1":0.3643349489,"2":0.2087056212,"3":0.0797032812,"4":0.0228286126,"5":0.0052308567,"6":0.0009988146,"7":0.0001634745,"8":0.0000234112,"9":0.0000029802},"yokohama-fa-marinos":{"0":0.3709323651,"1":0.3678668084,"2":0.1824132934,"3":0.0603019152,"4":0.0149508881,"5":0.0029654654,"6":0.0004901596,"7":0.0000694441,"8":0.0000086088,"9":0.0000009486}}