{"cerezo-osaka":{"0":0.204676198,"1":0.3246831889,"2":0.2575267036,"3":0.1361737746,"4":0.0540040022,"5":0.0171335913,"6":0.0045299104,"7":0.0010265593,"8":0.0002035572,"9":0.0000358787},"jubilo-iwata":{"0":0.3849870989,"1":0.3674876853,"2":0.1753918498,"3":0.0558064977,"4":0.0133174597,"5":0.0025424241,"6":0.0004044766,"7":0.0000551559,"8":0.0000065811,"9":0.000000698}}