{"omiya-ardija":{"0":0.2544642202,"1":0.34825847,"2":0.2383124076,"3":0.1087177264,"4":0.0371976353,"5":0.0101816999,"6":0.0023224373,"7":0.000454068,"8":0.0000776794,"9":0.0000118124},"fc-tokyo":{"0":0.1482150663,"1":0.2829560357,"2":0.2700943977,"3":0.1718782531,"4":0.0820328026,"5":0.0313216155,"6":0.0099659686,"7":0.0027179914,"8":0.0006486116,"9":0.0001375843}}