{"kashima-antlers":{"0":0.0729202843,"1":0.1909336288,"2":0.2499692023,"3":0.2181721557,"4":0.142814862,"5":0.0747889565,"6":0.0326377564,"7":0.012208332,"8":0.0039957694,"9":0.0011624974},"oita-trinita":{"0":0.5962796834,"1":0.3083036999,"2":0.0797035133,"3":0.0137367798,"4":0.0017756349,"5":0.0001836168,"6":0.000015823,"7":0.0000011687,"8":0.0000000755,"9":0.0000000043}}