{"sagan-tosu":{"0":0.476483438,"1":0.3532278049,"2":0.1309278269,"3":0.0323532399,"4":0.0059960447,"5":0.0008890003,"6":0.0001098393,"7":0.0000116323,"8":0.0000010779,"9":0.0000000888},"sanfrecce-hiroshima":{"0":0.2259134527,"1":0.336069599,"2":0.2499691232,"3":0.1239516314,"4":0.0460977141,"5":0.0137150224,"6":0.0034004188,"7":0.0007226392,"8":0.0001343751,"9":0.0000222108}}