{"nagoya-grampus-eight":{"0":0.1798745046,"1":0.3085739694,"2":0.2646786847,"3":0.15135173,"4":0.0649108168,"5":0.0222708476,"6":0.0063675912,"7":0.0015605109,"8":0.0003346313,"9":0.0000637843},"kawasaki-frontale":{"0":0.2645975056,"1":0.3517944108,"2":0.2338633299,"3":0.1036439758,"4":0.0344498442,"5":0.0091605268,"6":0.0020298895,"7":0.0003855472,"8":0.0000640753,"9":0.0000094657}}