{"kashiwa-reysol":{"0":0.241504356,"1":0.3431457555,"2":0.2437823719,"3":0.1154608383,"4":0.0410136459,"5":0.0116549935,"6":0.0027600341,"7":0.0005602348,"8":0.0000995024,"9":0.0000157089},"albirex-niigata":{"0":0.1849813999,"1":0.3121561123,"2":0.2633817198,"3":0.1481522174,"4":0.0625017167,"5":0.0210943294,"6":0.0059327801,"7":0.0014302238,"8":0.0003016878,"9":0.0000565665}}