{"shonan-bellmare":{"0":0.2972823621,"1":0.3606251705,"2":0.2187323066,"3":0.0884460762,"4":0.026822884,"5":0.0065076226,"6":0.0013157034,"7":0.0002280063,"8":0.0000345735,"9":0.00000466},"urawa-red-diamonds":{"0":0.1215489743,"1":0.2561569294,"2":0.2699174256,"3":0.1896114147,"4":0.0998985759,"5":0.0421060113,"6":0.0147893015,"7":0.0044525052,"8":0.0011729223,"9":0.0002746512}}