{"shimizu-s-pulse":{"0":0.2636970044,"1":0.3514961207,"2":0.2342641759,"3":0.1040878327,"4":0.0346860874,"5":0.0092469956,"6":0.0020543041,"7":0.0003911849,"8":0.000065179,"9":0.0000096534},"ventforet-kofu":{"0":0.3455907526,"1":0.3671901746,"2":0.1950697803,"3":0.0690872138,"4":0.0183512912,"5":0.0038996494,"6":0.0006905629,"7":0.0001048176,"8":0.0000139211,"9":0.0000016435}}