{"albirex-niigata":{"0":0.0731080927,"1":0.1912373341,"2":0.2501208593,"3":0.2180900661,"4":0.1426208826,"5":0.0746140033,"6":0.0325294199,"7":0.0121558548,"8":0.0039746853,"9":0.0011552274},"sagan-tosu":{"0":0.184135912,"1":0.3115729042,"2":0.2636033178,"3":0.148679401,"4":0.0628944027,"5":0.0212844865,"6":0.006002513,"7":0.0014509627,"8":0.0003068933,"9":0.0000576987}}