{"oita-trinita":{"0":0.5624350792,"1":0.3236698955,"2":0.0931327055,"3":0.017865323,"4":0.0025702821,"5":0.000295829,"6":0.0000283739,"7":0.0000023327,"8":0.0000001678,"9":0.0000000107},"cerezo-osaka":{"0":0.143870315,"1":0.2789419496,"2":0.2704123198,"3":0.1747623422,"4":0.0847091849,"5":0.0328475616,"6":0.0106143773,"7":0.0029399444,"8":0.0007125113,"9":0.0001534942}}