{"kawasaki-frontale":{"0":0.1661635997,"1":0.2982275102,"2":0.2676267485,"3":0.1601105958,"4":0.0718409213,"5":0.0257877647,"6":0.0077139045,"7":0.0019778258,"8":0.0004437209,"9":0.0000884869},"kashiwa-reysol":{"0":0.2699281433,"1":0.3534977592,"2":0.2314702428,"3":0.1010444374,"4":0.033081936,"5":0.0086648173,"6":0.0018912401,"7":0.0003538239,"8":0.0000579209,"9":0.0000084281}}