{"shonan-bellmare":{"0":0.2054466669,"1":0.3251334866,"2":0.257273057,"3":0.1357174383,"4":0.0536955461,"5":0.0169953793,"6":0.0044827262,"7":0.0010134604,"8":0.0002004838,"9":0.0000352533},"nagoya-grampus-eight":{"0":0.1343545971,"1":0.2696863185,"2":0.270666996,"3":0.1811008264,"4":0.0908796874,"5":0.0364840636,"6":0.0122055776,"7":0.003499989,"8":0.0008781791,"9":0.0001958605}}