{"urawa-red-diamonds":{"0":0.1898165409,"1":0.3154176235,"2":0.2620642984,"3":0.1451571745,"4":0.0603018193,"5":0.0200406734,"6":0.0055502553,"7":0.0013175491,"8":0.000273671,"9":0.0000505287},"omiya-ardija":{"0":0.2412749362,"1":0.343049091,"2":0.2438767174,"3":0.1155827837,"4":0.0410844258,"5":0.0116829167,"6":0.0027684972,"7":0.0005623285,"8":0.0000999411,"9":0.0000157887}}