{"ventforet-kofu":{"0":0.473253811,"1":0.3540522672,"2":0.1324373994,"3":0.0330265074,"4":0.0061769761,"5":0.0009242281,"6":0.0001152395,"7":0.0000123162,"8":0.0000011518,"9":0.0000000957},"yokohama-fa-marinos":{"0":0.2787735789,"1":0.3560929285,"2":0.2274286076,"3":0.0968357179,"4":0.0309234061,"5":0.0079000358,"6":0.0016818589,"7":0.0003069045,"8":0.0000490033,"9":0.000006955}}