{"jubilo-iwata":{"0":0.3982133723,"1":0.366661854,"2":0.1688051238,"3":0.0518100797,"4":0.0119262569,"5":0.0021962615,"6":0.000337041,"7":0.0000443338,"8":0.0000051026,"9":0.000000522},"vegalta-sendai":{"0":0.2724867502,"1":0.3542778144,"2":0.2303098585,"3":0.0998136279,"4":0.0324435536,"5":0.0084363965,"6":0.0018281183,"7":0.0003395509,"8":0.000055184,"9":0.000007972}}