{"sanfrecce-hiroshima":{"0":0.12298354,"1":0.2577371894,"2":0.2700705265,"3":0.1886626954,"4":0.0988453269,"5":0.0414301243,"6":0.0144708847,"7":0.004332386,"8":0.0011349252,"9":0.0002642742},"shimizu-s-pulse":{"0":0.4424381734,"1":0.3607882196,"2":0.1471031968,"3":0.0399853235,"4":0.0081515534,"5":0.0013294443,"6":0.0001806836,"7":0.0000210485,"8":0.0000021455,"9":0.0000001944}}