{"fc-tokyo":{"0":0.0534123036,"1":0.1564827818,"2":0.2292249105,"3":0.2238544884,"4":0.1639574159,"5":0.0960696725,"6":0.0469094466,"7":0.0196330385,"8":0.0071898989,"9":0.0023404832},"kashima-antlers":{"0":0.2151200621,"1":0.3305446629,"2":0.2539506847,"3":0.1300700682,"4":0.0499650828,"5":0.0153548593,"6":0.0039322745,"7":0.0008631674,"8":0.0001657884,"9":0.0000283049}}