{"kashima-antlers":{"0":0.1151827834,"1":0.2489370619,"2":0.2690057444,"3":0.1937948759,"4":0.1047090668,"5":0.0452601798,"6":0.0163029807,"7":0.0050335103,"8":0.0013598248,"9":0.0003265446},"urawa-red-diamonds":{"0":0.4331647895,"1":0.3624017104,"2":0.1515993484,"3":0.0422778771,"4":0.0088428096,"5":0.0014796444,"6":0.0002063209,"7":0.0000246594,"8":0.0000025789,"9":0.0000002397}}