{"cerezo-osaka":{"0":0.148780529,"1":0.2834690154,"2":0.2700443507,"3":0.1715036386,"4":0.0816907426,"5":0.0311287969,"6":0.0098848614,"7":0.0026904941,"8":0.0006407691,"9":0.0001356496},"shonan-bellmare":{"0":0.5851191077,"1":0.3135886466,"2":0.084032326,"3":0.0150120907,"4":0.0020113944,"5":0.0002155973,"6":0.0000192579,"7":0.0000014744,"8":0.0000000988,"9":0.0000000059}}