{"yokohama-fa-marinos":{"0":0.445109944,"1":0.3602871056,"2":0.1458143097,"3":0.0393423515,"4":0.0079612589,"5":0.0012888227,"6":0.0001738695,"7":0.0000201051,"8":0.0000020342,"9":0.000000183},"sanfrecce-hiroshima":{"0":0.540214242,"1":0.3326582438,"2":0.1024237224,"3":0.0210238167,"4":0.0032365613,"5":0.0003986081,"6":0.0000409098,"7":0.0000035988,"8":0.000000277,"9":0.000000019}}