{"omiya-ardija":{"0":0.1284922365,"1":0.2636515231,"2":0.270491539,"3":0.1850060055,"4":0.0949028448,"5":0.0389459788,"6":0.0133187899,"7":0.0039040927,"8":0.0010013445,"9":0.000228294},"oita-trinita":{"0":0.2308088469,"1":0.3384039485,"2":0.2480780825,"3":0.1212411682,"4":0.0444399019,"5":0.0130312494,"6":0.0031843279,"7":0.0006669645,"8":0.000122235,"9":0.000019913}}