{"kashiwa-reysol":{"0":0.1887676431,"1":0.3147206674,"2":0.2623571944,"3":0.1458039983,"4":0.060772507,"5":0.0202644517,"6":0.0056309454,"7":0.0013411612,"8":0.0002795044,"9":0.0000517778},"ventforet-kofu":{"0":0.1970968296,"1":0.3200971067,"2":0.2599284776,"3":0.1407131608,"4":0.0571316593,"5":0.0185570502,"6":0.005022961,"7":0.0011653701,"8":0.0002365789,"9":0.0000426909}}