{"shimizu-s-pulse":{"0":0.0787069345,"1":0.2000749177,"2":0.2542976226,"3":0.2154768878,"4":0.1369368558,"5":0.0696193552,"6":0.0294956788,"7":0.0107112462,"8":0.0034035306,"9":0.0009613174},"sagan-tosu":{"0":0.2121972029,"1":0.3289564293,"2":0.2549805816,"3":0.1317603005,"4":0.0510649969,"5":0.0158325923,"6":0.0040907176,"7":0.0009059416,"8":0.0001755533,"9":0.0000302388}}