{"vegalta-sendai":{"0":0.1830285353,"1":0.3108031732,"2":0.2638894867,"3":0.1493714076,"4":0.06341239,"5":0.0215362834,"6":0.0060951745,"7":0.0014786138,"8":0.0003138567,"9":0.0000592182},"nagoya-grampus-eight":{"0":0.468652025,"1":0.3551889032,"2":0.1345979001,"3":0.03400368,"4":0.0064428025,"5":0.0009765932,"6":0.0001233591,"7":0.0000133562,"8":0.0000012653,"9":0.0000001066}}