{"kawasaki-frontale":{"0":0.0846008199,"1":0.2089480628,"2":0.2580311454,"3":0.2124294147,"4":0.1311651433,"5":0.0647906312,"6":0.0266701057,"7":0.0094100184,"8":0.0029051213,"9":0.0007972335},"jubilo-iwata":{"0":0.2983206196,"1":0.360844584,"2":0.2182363626,"3":0.0879919169,"4":0.0266084579,"5":0.0064370461,"6":0.001297694,"7":0.000224239,"8":0.0000339046,"9":0.0000045567}}