{"fc-tokyo":{"0":0.2401683617,"1":0.3425797764,"2":0.244330482,"3":0.1161722292,"4":0.0414274553,"5":0.0118185495,"6":0.0028096929,"7":0.0005725412,"8":0.0001020852,"9":0.0000161795},"albirex-niigata":{"0":0.3039240502,"1":0.3619666884,"2":0.2155470806,"3":0.0855705703,"4":0.0254781548,"5":0.0060687815,"6":0.0012046303,"7":0.0002049554,"8":0.0000305122,"9":0.0000040377}}