{"sagan-tosu":{"0":0.4884127084,"1":0.3499938687,"2":0.1254018436,"3":0.0299540912,"4":0.0053662344,"5":0.0007690828,"6":0.0000918534,"7":0.0000094031,"8":0.0000008423,"9":0.0000000671},"cerezo-osaka":{"0":0.1810045781,"1":0.3093789898,"2":0.2644003824,"3":0.1506406156,"4":0.0643699761,"5":0.0220046569,"6":0.0062685141,"7":0.0015306216,"8":0.0003270236,"9":0.0000621066}}