{"albirex-niigata":{"0":0.1436583367,"1":0.2787427791,"2":0.2704247406,"3":0.1749032819,"4":0.084841973,"5":0.0329240723,"6":0.0106471921,"7":0.0029512761,"8":0.0007158016,"9":0.0001543203},"shonan-bellmare":{"0":0.3518567136,"1":0.3675253328,"2":0.1919458477,"3":0.0668311454,"4":0.017451805,"5":0.0036457911,"6":0.0006346905,"7":0.0000947077,"8":0.0000123656,"9":0.0000014351}}