{"oita-trinita":{"0":0.6156483338,"1":0.2986383029,"2":0.0724316392,"3":0.0117116978,"4":0.0014202757,"5":0.0001377893,"6":0.0000111398,"7":0.000000772,"8":0.0000000468,"9":0.0000000025},"yokohama-fa-marinos":{"0":0.2045086745,"1":0.3245848969,"2":0.2575816297,"3":0.1362731221,"4":0.0540712972,"5":0.0171637966,"6":0.0045402387,"7":0.0010294309,"8":0.000204232,"9":0.0000360162}}