{"kashima-antlers":{"0":0.1325011411,"1":0.2678065392,"2":0.2706404709,"3":0.1823362608,"4":0.0921328725,"5":0.0372431294,"6":0.0125457455,"7":0.0036224299,"8":0.0009151906,"9":0.0002055278},"kawasaki-frontale":{"0":0.2575518832,"1":0.3493779098,"2":0.2369715226,"3":0.1071533163,"4":0.0363392816,"5":0.0098590949,"6":0.0022290331,"7":0.0004319656,"8":0.000073247,"9":0.0000110402}}