{"sanfrecce-hiroshima":{"0":0.3966902496,"1":0.3667796186,"2":0.1695621316,"3":0.0522590224,"4":0.0120796669,"5":0.0022337709,"6":0.0003442239,"7":0.000045467,"8":0.0000052549,"9":0.0000005398},"vegalta-sendai":{"0":0.5716257937,"1":0.3196935626,"2":0.0893976226,"3":0.0166658239,"4":0.0023301768,"5":0.0002606399,"6":0.0000242947,"7":0.000001941,"8":0.0000001357,"9":0.0000000084}}