{"ventforet-kofu":{"0":0.5083905575,"1":0.3439289131,"2":0.1163348685,"3":0.0262337189,"4":0.0044368125,"5":0.0006003055,"6":0.000067685,"7":0.0000065413,"8":0.0000005532,"9":0.0000000416},"fc-tokyo":{"0":0.1582383006,"1":0.2917365414,"2":0.2689304969,"3":0.1652715193,"4":0.0761758393,"5":0.0280883652,"6":0.0086308672,"7":0.0022731894,"8":0.0005238716,"9":0.0001073153}}