{"jubilo-iwata":{"0":0.1765486629,"1":0.3061634051,"2":0.2654679709,"3":0.1534545331,"4":0.0665286296,"5":0.0230742408,"6":0.006669066,"7":0.0016521741,"8":0.0003581415,"9":0.0000690083},"shimizu-s-pulse":{"0":0.1995755336,"1":0.3216284458,"2":0.2591621711,"3":0.1392186788,"4":0.0560899005,"5":0.0180784761,"6":0.0048557657,"7":0.00111791,"8":0.0002251977,"9":0.0000403245}}