{"nagoya-grampus-eight":{"0":0.2130580796,"1":0.3294283736,"2":0.2546795069,"3":0.1312610094,"4":0.0507386306,"5":0.0156903175,"6":0.0040433699,"7":0.0008931172,"8":0.0001726162,"9":0.0000296553},"omiya-ardija":{"0":0.3518567136,"1":0.3675253328,"2":0.1919458477,"3":0.0668311454,"4":0.017451805,"5":0.0036457911,"6":0.0006346905,"7":0.0000947077,"8":0.0000123656,"9":0.0000014351}}