{"urawa-red-diamonds":{"0":0.1010641313,"1":0.231638989,"2":0.2654582814,"3":0.202810127,"4":0.1162102028,"5":0.0532707569,"6":0.0203494292,"7":0.0066629845,"8":0.0019089451,"9":0.0004861447},"kashiwa-reysol":{"0":0.2855216274,"1":0.3578835149,"2":0.2242923091,"3":0.0937121304,"4":0.0293655746,"5":0.0073615825,"6":0.0015378806,"7":0.0002753767,"8":0.0000431459,"9":0.000006009}}