{"kashiwa-reysol":{"0":0.3440043497,"1":0.3670873777,"2":0.1958596497,"3":0.0696673412,"4":0.018585522,"5":0.0039665257,"6":0.0007054472,"7":0.0001075405,"8":0.0000143446,"9":0.0000017008},"sanfrecce-hiroshima":{"0":0.2295832979,"1":0.3378293804,"2":0.2485561697,"3":0.1219159198,"4":0.0448494948,"5":0.0131991109,"6":0.0032370585,"7":0.000680471,"8":0.0001251632,"9":0.000020464}}