{"vegalta-sendai":{"0":0.1813436256,"1":0.3096191362,"2":0.2643159062,"3":0.1504276063,"4":0.0642085783,"5":0.0219254517,"6":0.0062391123,"7":0.0015217744,"8":0.0003247774,"9":0.0000616125},"urawa-red-diamonds":{"0":0.348793021,"1":0.3673755258,"2":0.1934740216,"3":0.0679272196,"4":0.0178865377,"5":0.0037678943,"6":0.0006614391,"7":0.0000995255,"8":0.0000131035,"9":0.0000015335}}