{"omiya-ardija":{"0":0.2410378502,"1":0.3429489674,"2":0.2439741188,"3":0.115708898,"4":0.0411576927,"5":0.0117118438,"6":0.0027772711,"7":0.0005645007,"8":0.0001003965,"9":0.0000158716},"ventforet-kofu":{"0":0.2124738897,"1":0.329108493,"2":0.2548840243,"3":0.1315996948,"4":0.0509598818,"5":0.0157867208,"6":0.0040754372,"7":0.0009017989,"8":0.0001746036,"9":0.00003005}}