{"sagan-tosu":{"0":0.2767963066,"1":0.3555374926,"2":0.2283392257,"3":0.0977652204,"4":0.0313942062,"5":0.0080650046,"6":0.0017265473,"7":0.0003168149,"8":0.0000508675,"9":0.0000072598},"jubilo-iwata":{"0":0.353020442,"1":0.3675752328,"2":0.1913650538,"3":0.0664183013,"4":0.0172891706,"5":0.0036003982,"6":0.0006248067,"7":0.0000929382,"8":0.0000120962,"9":0.0000013994}}