{"kawasaki-frontale":{"0":0.0752521007,"1":0.1946705216,"2":0.2517977016,"3":0.21712612,"4":0.140421512,"5":0.0726516037,"6":0.0313238777,"7":0.011576014,"8":0.0037432654,"9":0.001075944},"shimizu-s-pulse":{"0":0.3390203669,"1":0.3667166677,"2":0.1983378102,"3":0.0715136787,"4":0.0193389989,"5":0.00418378,"6":0.0007542624,"7":0.0001165546,"8":0.0000157596,"9":0.0000018941}}