{"fc-tokyo":{"0":0.316719604,"1":0.3641446991,"2":0.2093355767,"3":0.0802270522,"4":0.0230600312,"5":0.0053026008,"6":0.0010161006,"7":0.0001668929,"8":0.0000239854,"9":0.0000030641},"cerezo-osaka":{"0":0.2175193558,"1":0.3318186949,"2":0.2530893076,"3":0.1286931661,"4":0.0490793087,"5":0.0149737775,"6":0.0038070017,"7":0.0008296367,"8":0.000158198,"9":0.000026814}}