{"oita-trinita":{"0":0.5982243911,"1":0.3073613267,"2":0.0789594896,"3":0.0135228485,"4":0.0017369739,"5":0.0001784877,"6":0.0000152842,"7":0.0000011218,"8":0.000000072,"9":0.0000000041},"albirex-niigata":{"0":0.3653832374,"1":0.3678709531,"2":0.1851878032,"3":0.0621495521,"4":0.0156431745,"5":0.0031499362,"6":0.0005285638,"7":0.0000760232,"8":0.0000095676,"9":0.0000010703}}