{"yokohama-fa-marinos":{"0":0.2608638159,"1":0.3505375228,"2":0.2355185875,"3":0.1054932334,"4":0.0354393121,"5":0.0095243632,"6":0.0021330713,"7":0.0004094756,"8":0.0000687794,"9":0.0000102692},"nagoya-grampus-eight":{"0":0.5715872943,"1":0.3197105292,"2":0.0894131338,"3":0.016670723,"4":0.0023311425,"5":0.0002607793,"6":0.0000243106,"7":0.0000019426,"8":0.0000001358,"9":0.0000000084}}