{"shonan-bellmare":{"0":0.1280726705,"1":0.2632095014,"2":0.2704684822,"3":0.1852851043,"4":0.095197515,"5":0.0391291762,"6":0.0134027696,"7":0.0039349717,"8":0.0010108733,"9":0.0002308337},"kashima-antlers":{"0":0.0838858886,"1":0.2078942193,"2":0.2576119007,"3":0.2128130085,"4":0.1318535065,"5":0.0653544529,"6":0.0269946336,"7":0.009557249,"8":0.0029607137,"9":0.0008152812}}