{"jubilo-iwata":{"0":0.5500628079,"1":0.3287850878,"2":0.0982611735,"3":0.0195776483,"4":0.0029255017,"5":0.0003497278,"6":0.00003484,"7":0.000002975,"8":0.0000002223,"9":0.0000000148},"yokohama-fa-marinos":{"0":0.2619852515,"1":0.3509206169,"2":0.2350233051,"3":0.1049353258,"4":0.0351393533,"5":0.0094136013,"6":0.0021015348,"7":0.0004021338,"8":0.0000673306,"9":0.0000100208}}