{"fc-tokyo":{"0":0.1634445899,"1":0.2960441204,"2":0.2681095816,"3":0.1618739523,"4":0.0732998135,"5":0.0265533155,"6":0.0080159204,"7":0.0020741552,"8":0.0004696098,"9":0.0000945106},"shonan-bellmare":{"0":0.2029889665,"1":0.3236869477,"2":0.2580761946,"3":0.1371764143,"4":0.0546855028,"5":0.0174403405,"6":0.0046350718,"7":0.0010558718,"8":0.0002104621,"9":0.0000372893}}