{"kashima-antlers":{"0":0.0321640418,"1":0.1105447936,"2":0.1899660413,"3":0.2176318194,"4":0.1869950354,"5":0.128536878,"6":0.073628198,"7":0.0361504582,"8":0.0155307166,"9":0.0059308462},"sagan-tosu":{"0":0.2712604861,"1":0.353906969,"2":0.2308669142,"3":0.1004021522,"4":0.0327480625,"5":0.0085451204,"6":0.0018581018,"7":0.0003463172,"8":0.000056479,"9":0.0000081874}}