{"nagoya-grampus-eight":{"0":0.1757258804,"1":0.3055574319,"2":0.265656214,"3":0.1539769979,"4":0.0669349556,"5":0.0232777017,"6":0.0067459943,"7":0.0016757339,"8":0.000364227,"9":0.0000703699},"kashiwa-reysol":{"0":0.3172343098,"1":0.3642213524,"2":0.2090839317,"3":0.0800174403,"4":0.0229672985,"5":0.0052738183,"6":0.001009158,"7":0.0001655184,"8":0.0000237543,"9":0.0000030303}}