{"cerezo-osaka":{"0":0.3151546544,"1":0.3639064934,"2":0.2100999209,"3":0.0808668849,"4":0.0233440821,"5":0.005391044,"6":0.001037499,"7":0.0001711417,"8":0.000024702,"9":0.0000031692},"sanfrecce-hiroshima":{"0":0.5439768068,"1":0.331199554,"2":0.1008252036,"3":0.0204624303,"4":0.0031146309,"5":0.0003792678,"6":0.0000384861,"7":0.0000033475,"8":0.0000002548,"9":0.0000000172}}