{"ventforet-kofu":{"0":0.2714105942,"1":0.3539526618,"2":0.2307988146,"3":0.1003299755,"4":0.0327106445,"5":0.0085317375,"6":0.0018544051,"7":0.0003454816,"8":0.0000563188,"9":0.0000081607},"oita-trinita":{"0":0.3841346288,"1":0.3675254895,"2":0.1758172465,"3":0.0560717647,"4":0.0134118361,"5":0.0025663875,"6":0.0004092371,"7":0.0000559347,"8":0.0000066895,"9":0.0000007111}}