{"albirex-niigata":{"0":0.2944591954,"1":0.3600101824,"2":0.2200768959,"3":0.0896897597,"4":0.0274140078,"5":0.0067033546,"6":0.0013659368,"7":0.0002385735,"8":0.0000364604,"9":0.000004953},"vegalta-sendai":{"0":0.4338777535,"1":0.3622846521,"2":0.1512524762,"3":0.0420982256,"4":0.0087879252,"5":0.0014675703,"6":0.000204235,"7":0.0000243621,"8":0.0000025428,"9":0.0000002359}}