{"shimizu-s-pulse":{"0":0.0594523611,"1":0.1678090418,"2":0.2368272177,"3":0.2228212514,"4":0.1572326987,"5":0.0887603723,"6":0.0417555411,"7":0.0168369075,"8":0.0059404397,"9":0.0018630407},"omiya-ardija":{"0":0.3660140659,"1":0.3678747039,"2":0.1848724002,"3":0.0619374006,"4":0.0155630651,"5":0.003128436,"6":0.0005240566,"7":0.0000752458,"8":0.0000094535,"9":0.0000010557}}