{"urawa-red-diamonds":{"0":0.066077838,"1":0.179528323,"2":0.2438822134,"3":0.2208696397,"4":0.1500213886,"5":0.0815192783,"6":0.036913585,"7":0.0143273323,"8":0.0048657803,"9":0.0014688828},"kawasaki-frontale":{"0":0.1834013366,"1":0.3110630513,"2":0.263793666,"3":0.1491382491,"4":0.0632375419,"5":0.0214511662,"6":0.00606381,"7":0.0014692425,"8":0.0003114938,"9":0.000058702}}