{"sanfrecce-hiroshima":{"0":0.1109615617,"1":0.2439569192,"2":0.2681783562,"3":0.1965364239,"4":0.1080248416,"5":0.0475000661,"6":0.0174053813,"7":0.0054667106,"8":0.0015023692,"9":0.0003670073},"shonan-bellmare":{"0":0.4230024286,"1":0.3639417122,"2":0.1565636045,"3":0.0449012602,"4":0.0096580069,"5":0.0016619061,"6":0.0002383111,"7":0.0000292911,"8":0.0000031502,"9":0.0000003011}}