{"cerezo-osaka":{"0":0.0703714066,"1":0.1867634792,"2":0.2478321724,"3":0.2192462393,"4":0.1454681397,"5":0.077213565,"6":0.034153725,"7":0.012948986,"8":0.0042957747,"9":0.0012667611},"kashima-antlers":{"0":0.3621404096,"1":0.3678344412,"2":0.1868090008,"3":0.0632487498,"4":0.0160608067,"5":0.003262667,"6":0.0005523278,"7":0.0000801446,"8":0.0000101756,"9":0.0000011484}}