{"yokohama-fa-marinos":{"0":0.3402159884,"1":0.3668122382,"2":0.1977438197,"3":0.0710674548,"4":0.0191557812,"5":0.0041306554,"6":0.0007422613,"7":0.0001143268,"8":0.000015408,"9":0.0000018458},"albirex-niigata":{"0":0.5725518433,"1":0.3192846757,"2":0.0890248677,"3":0.0165482983,"4":0.0023070479,"5":0.000257306,"6":0.0000239145,"7":0.0000019051,"8":0.0000001328,"9":0.0000000082}}