{"sagan-tosu":{"0":0.1871075996,"1":0.3136057018,"2":0.2628127783,"3":0.1468309963,"4":0.0615248094,"5":0.020623995,"6":0.0057612148,"7":0.0013794582,"8":0.0002890088,"9":0.0000538222},"urawa-red-diamonds":{"0":0.4154878584,"1":0.36492377,"2":0.1602566178,"3":0.0469178966,"4":0.0103020193,"5":0.0018096566,"6":0.0002649041,"7":0.000033238,"8":0.0000036491,"9":0.0000003561}}