{"vegalta-sendai":{"0":0.1018686105,"1":0.2326751827,"2":0.2657233684,"3":0.2023103846,"4":0.1155228423,"5":0.0527724847,"6":0.0200893541,"7":0.0065550742,"8":0.0018715322,"9":0.0004749681},"shimizu-s-pulse":{"0":0.4117807832,"1":0.3653583269,"2":0.1620846729,"3":0.0479373066,"4":0.0106332634,"5":0.0018869027,"6":0.0002790302,"7":0.0000353676,"8":0.0000039226,"9":0.0000003867}}