{"kashiwa-reysol":{"0":0.3809529642,"1":0.3676498448,"2":0.1774056394,"3":0.0570701739,"4":0.0137693118,"5":0.0026576957,"6":0.0004274812,"7":0.0000589362,"8":0.0000071098,"9":0.0000007624},"fc-tokyo":{"0":0.1553368446,"1":0.2892619543,"2":0.2693259234,"3":0.1671759269,"4":0.077827053,"5":0.0289852746,"6":0.0089958666,"7":0.0023931053,"8":0.0005570429,"9":0.0001152559}}