{"nagoya-grampus-eight":{"0":0.1644744566,"1":0.2968763941,"2":0.2679309457,"3":0.161205119,"4":0.0727438099,"5":0.0262605154,"6":0.0079000384,"7":0.0020370813,"8":0.0004596165,"9":0.0000921786},"ventforet-kofu":{"0":0.3118932368,"1":0.3633850447,"2":0.2116889293,"3":0.0822125244,"4":0.0239463367,"5":0.0055799483,"6":0.0010835277,"7":0.0001803446,"8":0.0000262648,"9":0.0000034001}}