{"oita-trinita":{"0":0.4634542432,"1":0.3564183823,"2":0.1370513541,"3":0.0351330059,"4":0.0067547386,"5":0.0010389431,"6":0.0001331661,"7":0.0000146302,"8":0.0000014064,"9":0.0000001202},"kawasaki-frontale":{"0":0.0916354469,"1":0.2190029549,"2":0.2617016443,"3":0.2084834902,"4":0.1245656073,"5":0.0595407934,"6":0.0237164586,"7":0.0080972635,"8":0.0024189938,"9":0.0006423603}}