{"omiya-ardija":{"0":0.3263963439,"1":0.3654473351,"2":0.2045852492,"3":0.0763541376,"4":0.0213723412,"5":0.0047858778,"6":0.000893079,"7":0.0001428471,"8":0.0000199922,"9":0.0000024871},"jubilo-iwata":{"0":0.1522737377,"1":0.2865906668,"2":0.2696926322,"3":0.1691939626,"4":0.0796089518,"5":0.0299660111,"6":0.0093997157,"7":0.0025272821,"8":0.0005945669,"9":0.0001243355}}