{"shonan-bellmare":{"0":0.2238903985,"1":0.3350740657,"2":0.2507356954,"3":0.1250835669,"4":0.046799974,"5":0.0140081555,"6":0.0034940977,"7":0.0007470374,"8":0.0001397519,"9":0.0000232392},"omiya-ardija":{"0":0.447345374,"1":0.3598555045,"2":0.1447382622,"3":0.0388103267,"4":0.0078049928,"5":0.0012557052,"6":0.0001683533,"7":0.0000193468,"8":0.0000019454,"9":0.0000001739}}