{"kawasaki-frontale":{"0":0.3404282074,"1":0.3668287622,"2":0.1976383535,"3":0.0709884698,"4":0.0191234245,"5":0.0041212931,"6":0.0007401506,"7":0.0001139357,"8":0.0000153464,"9":0.0000018374},"yokohama-fa-marinos":{"0":0.4082287492,"1":0.3657434043,"2":0.1638398055,"3":0.0489295347,"4":0.0109593302,"5":0.0019637533,"6":0.0002932301,"7":0.0000375304,"8":0.0000042031,"9":0.0000004184}}