{"shimizu-s-pulse":{"0":0.0662522592,"1":0.1798275606,"2":0.2440516893,"3":0.2208086713,"4":0.1498344555,"5":0.0813387044,"6":0.0367960806,"7":0.014267868,"8":0.0048408838,"9":0.0014599491},"kashiwa-reysol":{"0":0.1926155928,"1":0.3172492116,"2":0.2612640566,"3":0.1434390899,"4":0.0590631547,"5":0.019456098,"6":0.0053408896,"7":0.0012566799,"8":0.0002587282,"9":0.000047349}}