{"ventforet-kofu":{"0":0.3086614592,"1":0.3628346949,"2":0.2132579431,"3":0.0835622961,"4":0.0245570829,"5":0.0057734203,"6":0.0011311191,"7":0.0001899489,"8":0.0000279109,"9":0.0000036455},"sagan-tosu":{"0":0.33032036,"1":0.3658933218,"2":0.202648609,"3":0.0748241018,"4":0.0207205205,"5":0.0045903922,"6":0.000847457,"7":0.0001341031,"8":0.0000185681,"9":0.0000022853}}