{"jubilo-iwata":{"0":0.1986270108,"1":0.3210461072,"2":0.2594576703,"3":0.1397894387,"4":0.0564863446,"5":0.0182600755,"6":0.0049190407,"7":0.0011358252,"8":0.000229483,"9":0.0000412133},"oita-trinita":{"0":0.2947229675,"1":0.3600687838,"2":0.2199515195,"3":0.089573017,"4":0.0273582744,"5":0.0066848272,"6":0.0013611639,"7":0.0002375658,"8":0.0000362798,"9":0.0000049249}}