{"urawa-red-diamonds":{"0":0.2565211356,"1":0.3490083478,"2":0.2374206448,"3":0.1076737618,"4":0.0366237285,"5":0.0099656404,"6":0.0022597824,"7":0.0004392191,"8":0.0000746971,"9":0.0000112921},"cerezo-osaka":{"0":0.2186327296,"1":0.332400892,"2":0.252684841,"3":0.128057476,"4":0.0486734298,"5":0.0148002465,"6":0.0037502887,"7":0.0008145423,"8":0.0001547999,"9":0.0000261502}}