{"kashima-antlers":{"0":0.2600350692,"1":0.3502513177,"2":0.2358835405,"3":0.1059068957,"4":0.0356625261,"5":0.0096070479,"6":0.0021566842,"7":0.0004149888,"8":0.0000698706,"9":0.0000104568},"sanfrecce-hiroshima":{"0":0.5212196618,"1":0.3396182412,"2":0.1106448568,"3":0.0240314621,"4":0.0039146273,"5":0.0005101415,"6":0.0000554,"7":0.0000051568,"8":0.00000042,"9":0.0000000304}}