{"albirex-niigata":{"0":0.1561180453,"1":0.2899335127,"2":0.2692239761,"3":0.1666624614,"4":0.0773789999,"5":0.0287407714,"6":0.0088959531,"7":0.0023601508,"8":0.0005478922,"9":0.0001130571},"nagoya-grampus-eight":{"0":0.243712822,"1":0.3440651605,"2":0.242869525,"3":0.1142915412,"4":0.040338191,"5":0.0113896069,"6":0.0026799075,"7":0.0005404855,"8":0.0000953798,"9":0.0000149615}}