{"fc-tokyo":{"0":0.4450699538,"1":0.3602947245,"2":0.145833579,"3":0.0393519181,"4":0.0079640787,"5":0.0012894223,"6":0.0001739697,"7":0.0000201189,"8":0.0000020358,"9":0.0000001831},"vegalta-sendai":{"0":0.3629193446,"1":0.3678458515,"2":0.1864196171,"3":0.0629834,"4":0.0159595946,"5":0.0032352481,"6":0.0005465276,"7":0.0000791352,"8":0.0000100262,"9":0.0000011291}}