{"gamba-osaka":{"0":0.5392116795,"1":0.3330425079,"2":0.1028513627,"3":0.0211752806,"4":0.0032697124,"5":0.0004039057,"6":0.0000415785,"7":0.0000036687,"8":0.0000002832,"9":0.0000000194},"vissel-kobe":{"0":0.6170787554,"1":0.2979000888,"2":0.071906918,"3":0.0115712282,"4":0.0013965275,"5":0.0001348371,"6":0.000010849,"7":0.0000007482,"8":0.0000000452,"9":0.0000000024}}