{"sagan-tosu":{"0":0.4323204275,"1":0.3625388244,"2":0.1520103965,"3":0.0424913767,"4":0.0089081922,"5":0.001494061,"6":0.000208817,"7":0.0000250159,"8":0.0000026223,"9":0.0000002443},"cerezo-osaka":{"0":0.1858349153,"1":0.3127409381,"2":0.2631553231,"3":0.147621062,"4":0.062107744,"5":0.0209041817,"6":0.0058632625,"7":0.0014096092,"8":0.0002965283,"9":0.0000554474}}