{"consadole-sapporo":{"0":0.2943631186,"1":0.3599887786,"2":0.2201225502,"3":0.0897323102,"4":0.0274343342,"5":0.0067101154,"6":0.0013676794,"7":0.0002389416,"8":0.0000365264,"9":0.0000049633},"jubilo-iwata":{"0":0.1647866869,"1":0.2971274433,"2":0.2678757588,"3":0.1610025682,"4":0.0725760715,"5":0.0261724329,"6":0.0078652673,"7":0.0020259844,"8":0.0004566324,"9":0.0000914839}}