{"sanfrecce-hiroshima":{"0":0.2887041143,"1":0.3586724056,"2":0.222798859,"3":0.0922649393,"4":0.0286564047,"5":0.0071202737,"6":0.0014743155,"7":0.00026166,"8":0.0000406343,"9":0.0000056091},"urawa-red-diamonds":{"0":0.3524809782,"1":0.3675525787,"2":0.19163431,"3":0.0666094429,"4":0.0173643927,"5":0.003621374,"6":0.0006293698,"7":0.0000937544,"8":0.0000122204,"9":0.0000014159}}