{"kawasaki-frontale":{"0":0.2116246322,"1":0.3286406053,"2":0.2551797641,"3":0.1320930544,"4":0.0512831858,"5":0.0159279542,"6":0.0041225293,"7":0.0009145779,"8":0.0001775357,"9":0.0000306336},"albirex-niigata":{"0":0.6666319121,"1":0.270330734,"2":0.0548118868,"3":0.007409055,"4":0.0007511249,"5":0.0000609188,"6":0.0000041173,"7":0.0000002385,"8":0.0000000121,"9":0.0000000005}}