{"vegalta-sendai":{"0":0.4286738852,"1":0.3631119969,"2":0.1537886104,"3":0.0434226665,"4":0.0091953882,"5":0.0015578069,"6":0.0002199257,"7":0.0000266129,"8":0.0000028178,"9":0.0000002652},"kashima-antlers":{"0":0.8651714477,"1":0.1253006924,"2":0.0090734984,"3":0.000438031,"4":0.0000158597,"5":0.0000004594,"6":0.0000000111,"7":0.0000000002,"8":0.0,"9":0.0}}