{"omiya-ardija":{"0":0.2122230049,"1":0.3289706251,"2":0.2549715856,"3":0.1317453181,"4":0.0510551856,"5":0.0158283088,"6":0.0040892901,"7":0.0009055544,"8":0.0001754645,"9":0.0000302212},"fc-tokyo":{"0":0.3855958352,"1":0.3674595345,"2":0.1750881327,"3":0.055617651,"4":0.0132504259,"5":0.0025254398,"6":0.0004011095,"7":0.0000546062,"8":0.0000065047,"9":0.0000006888}}