{"nagoya-grampus-eight":{"0":0.0180482621,"1":0.0724584639,"2":0.1454497107,"3":0.1946459364,"4":0.1953615465,"5":0.15686383,"6":0.1049603568,"7":0.0601978517,"8":0.0302095837,"9":0.0134758437},"shimizu-s-pulse":{"0":0.5809425268,"1":0.3155118895,"2":0.0856777976,"3":0.0155106358,"4":0.0021059699,"5":0.0002287519,"6":0.000020706,"7":0.0000016065,"8":0.0000001091,"9":0.0000000066}}