{"kashiwa-reysol":{"0":0.0351032217,"1":0.1175769201,"2":0.1969097345,"3":0.2198472483,"4":0.1840925211,"5":0.1233221942,"6":0.0688438414,"7":0.032941408,"8":0.0137920008,"9":0.0051328653},"yokohama-fa-marinos":{"0":0.3531241188,"1":0.3675794921,"2":0.1913133029,"3":0.0663816139,"4":0.0172747475,"5":0.0035963802,"6":0.0006239334,"7":0.0000927821,"8":0.0000120725,"9":0.0000013963}}