{"cerezo-osaka":{"0":0.0254614882,"1":0.093458639,"2":0.1715240904,"3":0.2098647695,"4":0.1925817885,"5":0.1413776894,"6":0.0864898806,"7":0.0453526769,"8":0.0208088753,"9":0.008486757},"gamba-osaka":{"0":0.0255925357,"1":0.0938082762,"2":0.1719249862,"3":0.210061074,"4":0.1924923297,"5":0.1411143769,"6":0.0862080557,"7":0.0451416728,"8":0.0206830937,"9":0.00842366}}