{"urawa-red-diamonds":{"0":0.8760317528,"1":0.1159453791,"2":0.007672856,"3":0.0003385084,"4":0.0000112006,"5":0.0000002965,"6":0.0000000065,"7":0.0000000001,"8":0.0,"9":0.0},"kashiwa-reysol":{"0":0.0494487657,"1":0.1486834478,"2":0.223532047,"3":0.2240400744,"4":0.1684119423,"5":0.101276818,"6":0.0507534963,"7":0.0218009336,"8":0.0081939305,"9":0.0027375177}}