{"shimizu-s-pulse":{"0":0.2907492353,"1":0.3591608201,"2":0.2218346242,"3":0.0913436688,"4":0.0282090742,"5":0.0069693007,"6":0.001434856,"7":0.0002532099,"8":0.0000390986,"9":0.0000053665},"sanfrecce-hiroshima":{"0":0.3032548256,"1":0.3618381442,"2":0.2158693474,"3":0.0858571268,"4":0.0256107907,"5":0.006111666,"6":0.0012153881,"7":0.0002071684,"8":0.0000308987,"9":0.0000040964}}