{"kashima-antlers":{"0":0.4936727884,"1":0.3484749095,"2":0.1229911445,"3":0.0289390928,"4":0.0051068987,"5":0.0007209739,"6":0.0000848205,"7":0.0000085533,"8":0.0000007547,"9":0.0000000592},"kawasaki-frontale":{"0":0.5639851979,"1":0.3230097042,"2":0.0924982335,"3":0.0176587537,"4":0.0025284125,"5":0.0002896182,"6":0.0000276454,"7":0.0000022619,"8":0.0000001619,"9":0.0000000103}}