{"fc-tokyo":{"0":0.4323204275,"1":0.3625388244,"2":0.1520103965,"3":0.0424913767,"4":0.0089081922,"5":0.001494061,"6":0.000208817,"7":0.0000250159,"8":0.0000026223,"9":0.0000002443},"nagoya-grampus-eight":{"0":0.1695358434,"1":0.30087372,"2":0.2669789279,"3":0.1579350254,"4":0.0700714634,"5":0.0248710378,"6":0.0073564008,"7":0.0018650482,"8":0.0004137355,"9":0.0000815836}}