{"yokohama-fa-marinos":{"0":0.7026185227,"1":0.247983008,"2":0.0437617073,"3":0.0051484362,"4":0.0004542738,"5":0.0000320664,"6":0.0000018863,"7":0.0000000951,"8":0.0000000042,"9":0.0000000002},"vegalta-sendai":{"0":0.1482150663,"1":0.2829560357,"2":0.2700943977,"3":0.1718782531,"4":0.0820328026,"5":0.0313216155,"6":0.0099659686,"7":0.0027179914,"8":0.0006486116,"9":0.0001375843}}