{"vissel-kobe":{"0":0.0755070378,"1":0.1950746528,"2":0.2519905515,"3":0.2170083338,"4":0.1401618532,"5":0.0724224541,"6":0.0311842567,"7":0.0115093492,"8":0.0037168428,"9":0.0010669525},"consadole-sapporo":{"0":0.6196840953,"1":0.296547007,"2":0.0709556111,"3":0.0113184951,"4":0.0013541036,"5":0.0001296,"6":0.0000103366,"7":0.0000007066,"8":0.0000000423,"9":0.0000000022}}