{"albirex-niigata":{"0":0.137340214,"1":0.272660719,"2":0.2706558607,"3":0.1791104961,"4":0.0888967536,"5":0.0352972404,"6":0.011679234,"7":0.0033123878,"8":0.000822008,"9":0.0001813253},"omiya-ardija":{"0":0.1347215188,"1":0.2700554082,"2":0.2706691705,"3":0.1808562185,"4":0.0906336277,"5":0.0363358453,"6":0.0121394756,"7":0.0034763044,"8":0.0008710513,"9":0.0001940069}}