{"jubilo-iwata":{"0":0.2122230049,"1":0.3289706251,"2":0.2549715856,"3":0.1317453181,"4":0.0510551856,"5":0.0158283088,"6":0.0040892901,"7":0.0009055544,"8":0.0001754645,"9":0.0000302212},"sagan-tosu":{"0":0.3171091981,"1":0.3642027968,"2":0.2091451115,"3":0.080068354,"4":0.0229898081,"5":0.0052808007,"6":0.0010108413,"7":0.0001658515,"8":0.0000238102,"9":0.0000030385}}