{"kashiwa-reysol":{"0":0.0852758139,"1":0.2099374909,"2":0.2584188182,"3":0.2120640302,"4":0.130518222,"5":0.064263633,"6":0.0263680585,"7":0.0092735121,"8":0.0028537662,"9":0.0007806206},"shimizu-s-pulse":{"0":0.4592663289,"1":0.3573666122,"2":0.1390379475,"3":0.0360629676,"4":0.0070153742,"5":0.0010917676,"6":0.0001415886,"7":0.0000157391,"8":0.0000015309,"9":0.0000001324}}