{"vegalta-sendai":{"0":0.4299579797,"1":0.3629136846,"2":0.1531618771,"3":0.0430930027,"4":0.009093354,"5":0.0015350814,"6":0.0002159521,"7":0.0000260397,"8":0.0000027474,"9":0.0000002577},"omiya-ardija":{"0":0.7658371618,"1":0.2043144142,"2":0.0272540835,"3":0.0024236667,"4":0.0001616499,"5":0.0000086252,"6":0.0000003835,"7":0.0000000146,"8":0.0000000005,"9":0.0}}