{"gamba-osaka":{"0":0.4147829117,"1":0.3650089623,"2":0.1606039434,"3":0.0471104901,"4":0.0103643078,"5":0.0018241182,"6":0.0002675373,"7":0.0000336333,"8":0.0000036997,"9":0.0000003617},"jubilo-iwata":{"0":0.4880237021,"1":0.3501039602,"2":0.1255807683,"3":0.0300301837,"4":0.0053858482,"5":0.0007727521,"6":0.0000923943,"7":0.000009469,"8":0.0000008491,"9":0.0000000677}}