{"nagoya-grampus-eight":{"0":0.0128296036,"1":0.0558857531,"2":0.1217191703,"3":0.1767362353,"4":0.1924657602,"5":0.1676761703,"6":0.1217328996,"7":0.0757526444,"8":0.0412473149,"9":0.0199637004},"albirex-niigata":{"0":0.8258811948,"1":0.1579946633,"2":0.015112533,"3":0.0009636978,"4":0.0000460899,"5":0.0000017634,"6":0.0000000562,"7":0.0000000015,"8":0.0,"9":0.0}}