{"vissel-kobe":{"0":1.0,"1":0.0,"2":0.0,"3":0.0,"4":0.0,"5":0.0,"6":0.0,"7":0.0,"8":0.0,"9":0.0},"fc-tokyo":{"0":0.5736111384,"1":0.3188151193,"2":0.088599291,"3":0.0164146008,"4":0.0022808234,"5":0.000253538,"6":0.0000234862,"7":0.0000018648,"8":0.0000001296,"9":0.000000008}}