{"kawasaki-frontale":{"0":0.3481629207,"1":0.3673413867,"2":0.1937881468,"3":0.0681543059,"4":0.0179771421,"5":0.0037934817,"6":0.0006670741,"7":0.0001005457,"8":0.0000132605,"9":0.0000015546},"cerezo-osaka":{"0":0.4592663289,"1":0.3573666122,"2":0.1390379475,"3":0.0360629676,"4":0.0070153742,"5":0.0010917676,"6":0.0001415886,"7":0.0000157391,"8":0.0000015309,"9":0.0000001324}}