{"sanfrecce-hiroshima":{"0":0.2819285258,"1":0.3569501843,"2":0.2259676167,"3":0.0953659942,"4":0.0301857617,"5":0.0076436488,"6":0.0016129395,"7":0.0002917351,"8":0.0000461708,"9":0.0000064952},"kashima-antlers":{"0":0.3872939055,"1":0.3673759332,"2":0.1742411569,"3":0.0550933944,"4":0.0130650049,"5":0.0024786181,"6":0.0003918577,"7":0.0000531007,"8":0.0000062962,"9":0.0000006636}}