{"fc-tokyo":{"0":0.1213137638,"1":0.2558962206,"2":0.2698905452,"3":0.1897667896,"4":0.1000723304,"5":0.0422180144,"6":0.0148422707,"7":0.0044725592,"8":0.0011792881,"9":0.0002763956},"sanfrecce-hiroshima":{"0":0.1485580243,"1":0.2832674192,"2":0.2700642768,"3":0.1716510234,"4":0.08182517,"5":0.031204514,"6":0.0099166888,"7":0.0027012772,"8":0.0006438426,"9":0.0001364073}}