{"omiya-ardija":{"0":0.2592402606,"1":0.3499743519,"2":0.2362326875,"3":0.1063047094,"4":0.0358778394,"5":0.0096870166,"6":0.0021795787,"7":0.0004203473,"8":0.0000709336,"9":0.00001064},"nagoya-grampus-eight":{"0":0.1419128173,"1":0.277090789,"2":0.2705157533,"3":0.1760644903,"4":0.0859433444,"5":0.0335616043,"6":0.0109217424,"7":0.0030464521,"8":0.0007435409,"9":0.0001613106}}