{"sagan-tosu":{"0":0.6558160113,"1":0.2766723798,"2":0.0583605801,"3":0.0082069566,"4":0.0008655775,"5":0.0000730331,"6":0.0000051351,"7":0.0000003095,"8":0.0000000163,"9":0.0000000008},"vissel-kobe":{"0":1.0,"1":0.0,"2":0.0,"3":0.0,"4":0.0,"5":0.0,"6":0.0,"7":0.0,"8":0.0,"9":0.0}}