{"shimizu-s-pulse":{"0":0.0795595087,"1":0.2013850064,"2":0.2548778988,"3":0.2150532271,"4":0.1360883703,"5":0.0688947374,"6":0.0290649674,"7":0.0105100998,"8":0.0033254613,"9":0.000935286},"consadole-sapporo":{"0":0.4004148128,"1":0.3664813541,"2":0.1677118061,"3":0.0511663137,"4":0.0117075464,"5":0.0021430763,"6":0.0003269099,"7":0.0000427437,"8":0.0000048902,"9":0.0000004973}}