{"jubilo-iwata":{"0":0.4549808267,"1":0.358297401,"2":0.1410796017,"3":0.0370333954,"4":0.0072909497,"5":0.0011483246,"6":0.0001507176,"7":0.0000169557,"8":0.0000016691,"9":0.000000146},"kashiwa-reysol":{"0":0.0844845636,"1":0.208777108,"2":0.2579635792,"3":0.212492033,"4":0.1312768577,"5":0.0648819181,"6":0.0267225527,"7":0.0094337729,"8":0.0029140764,"9":0.0008001362}}