{"albirex-niigata":{"0":0.0795595087,"1":0.2013850064,"2":0.2548778988,"3":0.2150532271,"4":0.1360883703,"5":0.0688947374,"6":0.0290649674,"7":0.0105100998,"8":0.0033254613,"9":0.000935286},"gamba-osaka":{"0":0.0534604282,"1":0.1565756269,"2":0.2292904095,"3":0.2238496202,"4":0.1639034507,"5":0.0960085298,"6":0.0468651806,"7":0.0196084824,"8":0.0071786986,"9":0.0023361189}}