{"urawa-red-diamonds":{"0":0.7985162188,"1":0.1796661492,"2":0.0202124418,"3":0.0015159331,"4":0.0000852712,"5":0.0000038372,"6":0.0000001439,"7":0.0000000046,"8":0.0000000001,"9":0.0},"kawasaki-frontale":{"0":0.2776605562,"1":0.3557820008,"2":0.2279416887,"3":0.097358145,"4":0.0311876092,"5":0.0079924856,"6":0.0017068698,"7":0.000312444,"8":0.000050044,"9":0.0000071249}}