{"yokohama-fa-marinos":{"0":0.5187931657,"1":0.340458015,"2":0.1117127862,"3":0.024437172,"4":0.0040092235,"5":0.0005262106,"6":0.0000575543,"7":0.0000053957,"8":0.0000004426,"9":0.0000000323},"kashima-antlers":{"0":0.4432774877,"1":0.3606325323,"2":0.1466979793,"3":0.0397825028,"4":0.0080913565,"5":0.0013165597,"6":0.0001785166,"7":0.0000207477,"8":0.0000021099,"9":0.0000001907}}