{"cerezo-osaka":{"0":0.673338023,"1":0.2663104485,"2":0.0526639315,"3":0.0069429988,"4":0.0006865026,"5":0.0000543034,"6":0.0000035796,"7":0.0000002022,"8":0.00000001,"9":0.0000000004},"vegalta-sendai":{"0":0.1170531565,"1":0.2510939002,"2":0.2693141674,"3":0.1925710413,"4":0.1032723407,"5":0.0443064597,"6":0.0158404981,"7":0.0048542688,"8":0.001301628,"9":0.0003102397}}