{"sanfrecce-hiroshima":{"0":0.0924624761,"1":0.2201487525,"2":0.2620818483,"3":0.2080014669,"4":0.1238103969,"5":0.0589573319,"6":0.0233957666,"7":0.0079577437,"8":0.0023683761,"9":0.0006265545},"gamba-osaka":{"0":0.0679043506,"1":0.1826392879,"2":0.2456183527,"3":0.2202095576,"4":0.1480719439,"5":0.079652494,"6":0.0357062904,"7":0.0137196584,"8":0.0046126438,"9":0.0013784912}}