{"kawasaki-frontale":{"0":1.0,"1":0.0,"2":0.0,"3":0.0,"4":0.0,"5":0.0,"6":0.0,"7":0.0,"8":0.0,"9":0.0},"fc-tokyo":{"0":0.3990175014,"1":0.3665973294,"2":0.1684056482,"3":0.0515742298,"4":0.0118459559,"5":0.0021766944,"6":0.0003333063,"7":0.0000437465,"8":0.000005024,"9":0.0000005129}}