{"vissel-kobe":{"0":0.1278186448,"1":0.2629412122,"2":0.2704538182,"3":0.1854540468,"4":0.0953763669,"5":0.0392405624,"6":0.0134539071,"7":0.0039538013,"8":0.0010166918,"9":0.0002323867},"shimizu-s-pulse":{"0":0.5375735693,"1":0.3336663534,"2":0.1035516269,"3":0.0214244745,"4":0.0033244874,"5":0.000412695,"6":0.0000426926,"7":0.0000037855,"8":0.0000002937,"9":0.0000000203}}