{"omiya-ardija":{"0":0.4493289641,"1":0.3594631713,"2":0.1437852685,"3":0.0383427383,"4":0.0076685477,"5":0.0012269676,"6":0.0001635957,"7":0.0000186966,"8":0.0000018697,"9":0.0000001662},"cerezo-osaka":{"0":0.2185611032,"1":0.3323636086,"2":0.2527109507,"3":0.1280983095,"4":0.0486994435,"5":0.014811348,"6":0.0037539106,"7":0.0008155047,"8":0.0001550162,"9":0.0000261924}}