{"nagoya-grampus-eight":{"0":0.0243728441,"1":0.0905277066,"2":0.1681228836,"3":0.2081521416,"4":0.1932841315,"5":0.1435824977,"6":0.0888844033,"7":0.0471631528,"8":0.0218971781,"9":0.0090369306},"sagan-tosu":{"0":0.6278102917,"1":0.2922565151,"2":0.0680252233,"3":0.0105556381,"4":0.0012284579,"5":0.0001143737,"6":0.0000088738,"7":0.0000005901,"8":0.0000000343,"9":0.0000000018}}