{"consadole-sapporo":{"0":0.6996725374,"1":0.2498830491,"2":0.044621973,"3":0.0053121396,"4":0.0004742982,"5":0.0000338784,"6":0.0000020166,"7":0.0000001029,"8":0.0000000046,"9":0.0000000002},"kashiwa-reysol":{"0":0.2889853424,"1":0.3587404251,"2":0.2226664708,"3":0.09213785,"4":0.0285945052,"5":0.0070993254,"6":0.0014688259,"7":0.0002604814,"8":0.0000404195,"9":0.0000055751}}