{"albirex-niigata":{"0":0.1353352832,"1":0.2706705665,"2":0.2706705665,"3":0.1804470443,"4":0.0902235222,"5":0.0360894089,"6":0.012029803,"7":0.0034370866,"8":0.0008592716,"9":0.0001909493},"yokohama-fa-marinos":{"0":0.2572366963,"1":0.349265342,"2":0.2371090145,"3":0.1073122695,"4":0.0364260397,"5":0.0098915539,"6":0.0022383904,"7":0.0004341706,"8":0.0000736874,"9":0.0000111166}}