{"kashima-antlers":{"0":0.3858213068,"1":0.3674488636,"2":0.1749756494,"3":0.0555478252,"4":0.0132256727,"5":0.0025191757,"6":0.0003998692,"7":0.000054404,"8":0.0000064767,"9":0.0000006854},"urawa-red-diamonds":{"0":0.4603067937,"1":0.3571345813,"2":0.1385435876,"3":0.0358302382,"4":0.0069498307,"5":0.001078422,"6":0.0001394511,"7":0.0000154564,"8":0.000001499,"9":0.0000001292}}