{"vegalta-sendai":{"0":0.3678794412,"1":0.3678794412,"2":0.1839397206,"3":0.0613132402,"4":0.01532831,"5":0.003065662,"6":0.0005109437,"7":0.000072992,"8":0.000009124,"9":0.0000010138},"jubilo-iwata":{"0":0.7923448061,"1":0.1844250842,"2":0.0214632641,"3":0.0016652532,"4":0.0000969005,"5":0.0000045109,"6":0.000000175,"7":0.0000000058,"8":0.0000000002,"9":0.0}}