{"cerezo-osaka":{"0":0.0387452827,"1":0.125951083,"2":0.2047175066,"3":0.2218282235,"4":0.1802768175,"5":0.1172068383,"6":0.0635016154,"7":0.0294896628,"8":0.0119829264,"9":0.0043281615},"albirex-niigata":{"0":0.3631195152,"1":0.3678485136,"2":0.1863195494,"3":0.0629153455,"4":0.015933677,"5":0.0032282371,"6":0.0005450465,"7":0.0000788778,"8":0.0000099881,"9":0.0000011242}}