{"kashiwa-reysol":{"0":0.5219678653,"1":0.3393570181,"2":0.110316356,"3":0.0239073655,"4":0.003885839,"5":0.0005052751,"6":0.0000547507,"7":0.0000050852,"8":0.0000004133,"9":0.0000000299},"vegalta-sendai":{"0":0.3414962419,"1":0.3669099157,"2":0.1971074199,"3":0.0705919597,"4":0.0189613287,"5":0.0040744809,"6":0.0007296163,"7":0.0001119876,"8":0.0000150402,"9":0.0000017955}}