{"urawa-red-diamonds":{"0":0.5537484393,"1":0.3272901223,"2":0.0967215585,"3":0.0190555906,"4":0.0028156768,"5":0.0003328382,"6":0.000032787,"7":0.0000027684,"8":0.0000002045,"9":0.0000000134},"vissel-kobe":{"0":0.238697519,"1":0.3419480737,"2":0.2449302481,"3":0.1169589402,"4":0.0418876204,"5":0.0120012903,"6":0.0028654244,"7":0.0005864124,"8":0.0001050087,"9":0.0000167146}}