{"sagan-tosu":{"0":0.4547262445,"1":0.3583514285,"2":0.1412011599,"3":0.037091648,"4":0.0073076083,"5":0.0011517663,"6":0.0001512768,"7":0.0000170307,"8":0.0000016777,"9":0.0000001469},"sanfrecce-hiroshima":{"0":1.0,"1":0.0,"2":0.0,"3":0.0,"4":0.0,"5":0.0,"6":0.0,"7":0.0,"8":0.0,"9":0.0}}