{"yokohama-fa-marinos":{"0":0.412067889,"1":0.3653258598,"2":0.1619429557,"3":0.047857769,"4":0.0106072816,"5":0.0018808135,"6":0.0002779113,"7":0.0000351981,"8":0.0000039007,"9":0.0000003842},"omiya-ardija":{"0":0.238697519,"1":0.3419480737,"2":0.2449302481,"3":0.1169589402,"4":0.0418876204,"5":0.0120012903,"6":0.0028654244,"7":0.0005864124,"8":0.0001050087,"9":0.0000167146}}