{"gamba-osaka":{"0":0.3971236989,"1":0.3667466995,"2":0.169346657,"3":0.0521309672,"4":0.0120358343,"5":0.0022230366,"6":0.0003421651,"7":0.0000451417,"8":0.0000052111,"9":0.0000005347},"kawasaki-frontale":{"0":0.3162688011,"1":0.3640768756,"2":0.2095558761,"3":0.0804109757,"4":0.0231415308,"5":0.0053279338,"6":0.0010222199,"7":0.0001681059,"8":0.0000241897,"9":0.000003094}}