{"shimizu-s-pulse":{"0":0.2420750534,"1":0.3433852698,"2":0.2435472839,"3":0.1151578799,"4":0.040838078,"5":0.0115858237,"6":0.0027390962,"7":0.0005550612,"8":0.0000984198,"9":0.0000155121},"jubilo-iwata":{"0":0.2291248169,"1":0.3376127534,"2":0.2487342332,"3":0.1221690001,"4":0.0450036503,"5":0.0132624711,"6":0.0032570162,"7":0.0006855965,"8":0.0001262773,"9":0.0000206742}}