{"nagoya-grampus-eight":{"0":0.0753342127,"1":0.1948007813,"2":0.2518599654,"3":0.2170882538,"4":0.1403378357,"5":0.0725777016,"6":0.0312788229,"7":0.0115544905,"8":0.0037347304,"9":0.0010730382},"consadole-sapporo":{"0":0.8254220356,"1":0.1583658557,"2":0.0151920734,"3":0.0009715861,"4":0.0000466022,"5":0.0000017882,"6":0.0000000572,"7":0.0000000016,"8":0.0,"9":0.0}}