{"fc-tokyo":{"0":0.3301497448,"1":0.3658749038,"2":0.2027329224,"3":0.0748901467,"4":0.0207484828,"5":0.0045987309,"6":0.0008493925,"7":0.000134472,"8":0.0000186279,"9":0.0000022937},"kashima-antlers":{"0":0.5179858732,"1":0.3407348933,"2":0.1120689516,"3":0.0245732585,"4":0.0040411173,"5":0.0005316553,"6":0.0000582878,"7":0.0000054774,"8":0.0000004504,"9":0.0000000329}}