{"consadole-sapporo":{"0":0.7319399985,"1":0.2284068081,"2":0.0356379417,"3":0.0037070199,"4":0.0002892001,"5":0.0000180494,"6":0.0000009387,"7":0.0000000418,"8":0.0000000016,"9":0.0000000001},"kawasaki-frontale":{"0":0.2473810554,"1":0.3455481408,"2":0.2413352095,"3":0.1123677166,"4":0.0392395201,"5":0.0109621516,"6":0.0025520353,"7":0.0005092497,"8":0.0000889166,"9":0.0000138001}}