{"jubilo-iwata":{"0":0.2074705333,"1":0.326302592,"2":0.2565988043,"3":0.134523288,"4":0.052893412,"5":0.0166377915,"6":0.0043612254,"7":0.0009798838,"8":0.000192641,"9":0.0000336644},"yokohama-fa-marinos":{"0":0.3328710837,"1":0.3661581921,"2":0.2013870056,"3":0.0738419021,"4":0.0203065231,"5":0.0044674351,"6":0.0008190298,"7":0.0001287047,"8":0.0000176969,"9":0.000002163}}