{"vissel-kobe":{"0":0.4408066495,"1":0.361086298,"2":0.1478917284,"3":0.040381784,"4":0.0082696739,"5":0.0013548189,"6":0.0001849664,"7":0.000021645,"8":0.0000022163,"9":0.0000002017},"kashiwa-reysol":{"0":0.2699485727,"1":0.3535040833,"2":0.2314610069,"3":0.1010345665,"4":0.0330767926,"5":0.0086629695,"6":0.0018907275,"7":0.0003537075,"8":0.0000578986,"9":0.0000084244}}