{"vegalta-sendai":{"0":1.0,"1":0.0,"2":0.0,"3":0.0,"4":0.0,"5":0.0,"6":0.0,"7":0.0,"8":0.0,"9":0.0},"fc-tokyo":{"0":0.5922600163,"1":0.3102314371,"2":0.0812510907,"3":0.0141866984,"4":0.0018577819,"5":0.0001946248,"6":0.0000169911,"7":0.0000012714,"8":0.0000000832,"9":0.0000000048}}