{"sanfrecce-hiroshima":{"0":0.1009008405,"1":0.2314278853,"2":0.2654034685,"3":0.2029113043,"4":0.1163502053,"5":0.0533725623,"6":0.0204027029,"7":0.0066851409,"8":0.0019166441,"9":0.0004884497},"nagoya-grampus-eight":{"0":0.1198602772,"1":0.2542750166,"2":0.2697131426,"3":0.1907257223,"4":0.1011527491,"5":0.0429176664,"6":0.0151744606,"7":0.0045987906,"8":0.0012195007,"9":0.0002874537}}