{"gamba-osaka":{"0":0.1845315845,"1":0.3118463169,"2":0.2634999467,"3":0.1484325626,"4":0.0627103323,"5":0.0211952726,"6":0.0059697709,"7":0.0014412175,"8":0.0003044454,"9":0.0000571659},"shimizu-s-pulse":{"0":0.3865135956,"1":0.3674152768,"2":0.1746303198,"3":0.0553338425,"4":0.0131499249,"5":0.0025000328,"6":0.0003960836,"7":0.0000537875,"8":0.0000063912,"9":0.000000675}}