{"omiya-ardija":{"0":0.4408066495,"1":0.361086298,"2":0.1478917284,"3":0.040381784,"4":0.0082696739,"5":0.0013548189,"6":0.0001849664,"7":0.000021645,"8":0.0000022163,"9":0.0000002017},"urawa-red-diamonds":{"0":0.094690381,"1":0.2231987553,"2":0.2630556758,"3":0.2066866024,"4":0.1217974622,"5":0.0574188036,"6":0.0225573871,"7":0.0075958548,"8":0.0022380644,"9":0.0005861597}}