{"kashima-antlers":{"0":0.5570465984,"1":0.3259315203,"2":0.0953523065,"3":0.0185970811,"4":0.0027203177,"5":0.0003183351,"6":0.0000310433,"7":0.0000025948,"8":0.0000001898,"9":0.0000000123},"cerezo-osaka":{"0":0.1945813869,"1":0.3185111988,"2":0.260686249,"3":0.1422395208,"4":0.0582081372,"5":0.0190562354,"6":0.0051988737,"7":0.001215723,"8":0.0002487529,"9":0.0000452427}}