{"sagan-tosu":{"0":0.1728520679,"1":0.3034105448,"2":0.2662911696,"3":0.1558086631,"4":0.0683734825,"5":0.0240034566,"6":0.0070222878,"7":0.001760908,"8":0.0003863695,"9":0.0000753557},"albirex-niigata":{"0":1.0,"1":0.0,"2":0.0,"3":0.0,"4":0.0,"5":0.0,"6":0.0,"7":0.0,"8":0.0,"9":0.0}}