{"fc-tokyo":{"0":0.1992224313,"1":0.3214121891,"2":0.2592724992,"3":0.1394309885,"4":0.0562371654,"5":0.0181458587,"6":0.0048792198,"7":0.001124544,"8":0.000226783,"9":0.000040653},"shimizu-s-pulse":{"0":0.3025066029,"1":0.3616926774,"2":0.216229318,"3":0.0861783514,"4":0.0257598333,"5":0.0061599601,"6":0.0012275283,"7":0.000209671,"8":0.0000313367,"9":0.0000041631}}