{"cerezo-osaka":{"0":0.1380692373,"1":0.2733770899,"2":0.270643319,"3":0.1786245905,"4":0.0884191723,"5":0.0350139922,"6":0.0115546174,"7":0.0032683061,"8":0.0008089058,"9":0.0001779593},"jubilo-iwata":{"0":0.1006957007,"1":0.2311623043,"2":0.2653341232,"3":0.2030382856,"4":0.1165263204,"5":0.0535007802,"6":0.0204698637,"7":0.0067130982,"8":0.0019263673,"9":0.0004913633}}