{"omiya-ardija":{"0":0.2143811014,"1":0.3301468962,"2":0.2542131101,"3":0.1304960632,"4":0.0502409843,"5":0.0154742232,"6":0.0039717173,"7":0.0008737778,"8":0.0001682022,"9":0.0000287813},"consadole-sapporo":{"0":0.5119311081,"1":0.3427712637,"2":0.1147538579,"3":0.0256117306,"4":0.004287181,"5":0.0005741095,"6":0.0000640673,"7":0.0000061282,"8":0.0000005129,"9":0.0000000382}}