{"yokohama-fa-marinos":{"0":0.4902695192,"1":0.3494641133,"2":0.12454901,"3":0.0295928448,"4":0.0052734449,"5":0.0007517823,"6":0.0000893117,"7":0.0000090945,"8":0.0000008103,"9":0.0000000642},"vissel-kobe":{"0":0.2894848908,"1":0.3588605742,"2":0.2224311455,"3":0.0919124177,"4":0.0284848571,"5":0.007062263,"6":0.0014591249,"7":0.0002584011,"8":0.0000400409,"9":0.0000055152}}