{"kashima-antlers":{"0":0.0992612516,"1":0.2292934911,"2":0.2648339822,"3":0.2039221663,"4":0.117765051,"5":0.0544074536,"6":0.0209468696,"7":0.006912467,"8":0.0019959748,"9":0.0005123002},"gamba-osaka":{"0":0.1266805195,"1":0.261732969,"2":0.2703815366,"3":0.1862105887,"4":0.0961818171,"5":0.0397439996,"6":0.0136857598,"7":0.0040394243,"8":0.0010432252,"9":0.0002394882}}