{"nagoya-grampus-eight":{"0":0.1797838469,"1":0.3085090814,"2":0.2647007918,"3":0.1514088529,"4":0.0649543979,"5":0.0222923494,"6":0.0063756119,"7":0.0015629357,"8":0.0003352497,"9":0.0000639209},"urawa-red-diamonds":{"0":0.5473818194,"1":0.3298570442,"2":0.0993873616,"3":0.0199638961,"4":0.0030076043,"5":0.0003624817,"6":0.0000364058,"7":0.0000031341,"8":0.0000002361,"9":0.0000000158}}