{"albirex-niigata":{"0":0.6554717982,"1":0.2768712876,"2":0.0584752159,"3":0.0082333104,"4":0.0008694376,"5":0.0000734501,"6":0.0000051709,"7":0.000000312,"8":0.0000000165,"9":0.0000000008},"vegalta-sendai":{"0":0.2354490188,"1":0.3405207027,"2":0.2462408838,"3":0.1187095182,"4":0.0429212328,"5":0.0124150599,"6":0.0029925692,"7":0.0006182908,"8":0.0001117762,"9":0.000017962}}