{"kashiwa-reysol":{"0":0.0929215212,"1":0.2207815344,"2":0.2622884629,"3":0.2077324626,"4":0.1233930828,"5":0.0586363929,"6":0.0232200116,"7":0.0078815354,"8":0.002340816,"9":0.0006179754},"sagan-tosu":{"0":0.5022307256,"1":0.3458841171,"2":0.1191044438,"3":0.0273422375,"4":0.00470762,"5":0.0006484235,"6":0.0000744277,"7":0.0000073226,"8":0.0000006304,"9":0.0000000482}}