{"kawasaki-frontale":{"0":0.6554717982,"1":0.2768712876,"2":0.0584752159,"3":0.0082333104,"4":0.0008694376,"5":0.0000734501,"6":0.0000051709,"7":0.000000312,"8":0.0000000165,"9":0.0000000008},"sanfrecce-hiroshima":{"0":0.596592046,"1":0.3081527612,"2":0.0795838001,"3":0.0137022543,"4":0.0017693781,"5":0.0001827844,"6":0.0000157354,"7":0.0000011611,"8":0.000000075,"9":0.0000000043}}