{"urawa-red-diamonds":{"0":0.3551219179,"1":0.3676556327,"2":0.1903158569,"3":0.0656776291,"4":0.0169989158,"5":0.0035197755,"6":0.0006073338,"7":0.0000898242,"8":0.0000116243,"9":0.0000013372},"yokohama-fa-marinos":{"0":0.6707708329,"1":0.2678573948,"2":0.0534814429,"3":0.0071188744,"4":0.000710691,"5":0.0000567597,"6":0.0000037776,"7":0.0000002155,"8":0.0000000108,"9":0.0000000005}}