{"vissel-kobe":{"0":0.0751525453,"1":0.1945124701,"2":0.2517220202,"3":0.217171939,"4":0.1405230193,"5":0.0727413277,"6":0.0313786119,"7":0.0116021758,"8":0.0037536451,"9":0.0010794796},"omiya-ardija":{"0":0.2236933828,"1":0.3349761413,"2":0.2508098671,"3":0.125194169,"4":0.0468689095,"5":0.0140370415,"6":0.0035033624,"7":0.0007494588,"8":0.0001402874,"9":0.0000233419}}