{"sagan-tosu":{"0":0.5959210669,"1":0.3084767876,"2":0.0798410509,"3":0.0137764951,"4":0.0017828405,"5":0.0001845764,"6":0.0000159242,"7":0.0000011776,"8":0.0000000762,"9":0.0000000044},"vegalta-sendai":{"0":1.0,"1":0.0,"2":0.0,"3":0.0,"4":0.0,"5":0.0,"6":0.0,"7":0.0,"8":0.0,"9":0.0}}