{"sanfrecce-hiroshima":{"0":0.1207871359,"1":0.255310848,"2":0.2698285237,"3":0.1901144762,"4":0.1004624536,"5":0.0424700098,"6":0.014961657,"7":0.0045178337,"8":0.0011936825,"9":0.0002803464},"albirex-niigata":{"0":0.6782527356,"1":0.2633216503,"2":0.0511153792,"3":0.0066149314,"4":0.0006420375,"5":0.0000498523,"6":0.0000032257,"7":0.0000001789,"8":0.0000000087,"9":0.0000000004}}