{"fc-tokyo":{"0":0.3169839916,"1":0.3641841778,"2":0.2092063304,"3":0.0801193304,"4":0.0230123549,"5":0.0052877973,"6":0.0010125286,"7":0.0001661855,"8":0.0000238664,"9":0.0000030467},"kashiwa-reysol":{"0":0.1942708922,"1":0.3183131954,"2":0.2607783626,"3":0.1424286005,"4":0.0583423775,"5":0.0191188174,"6":0.0052210359,"7":0.0012220966,"8":0.0002503009,"9":0.0000455687}}