{"shimizu-s-pulse":{"0":0.3551219179,"1":0.3676556327,"2":0.1903158569,"3":0.0656776291,"4":0.0169989158,"5":0.0035197755,"6":0.0006073338,"7":0.0000898242,"8":0.0000116243,"9":0.0000013372},"kashima-antlers":{"0":0.4117269229,"1":0.3653643954,"2":0.1621112612,"3":0.0479522386,"4":0.0106381437,"5":0.001888047,"6":0.0002792406,"7":0.0000353995,"8":0.0000039267,"9":0.0000003872}}