{"gamba-osaka":{"0":0.0910866924,"1":0.2182385742,"2":0.2614436535,"3":0.2088014129,"4":0.1250691003,"5":0.0599317011,"6":0.0239321623,"7":0.0081914443,"8":0.0024532798,"9":0.0006531022},"nagoya-grampus-eight":{"0":0.1150254782,"1":0.2487542861,"2":0.2689782118,"3":0.1938975727,"4":0.1048308015,"5":0.0453414524,"6":0.0163425831,"7":0.0050489281,"8":0.0013648525,"9":0.0003279591}}