{"consadole-sapporo":{"0":0.6782527356,"1":0.2633216503,"2":0.0511153792,"3":0.0066149314,"4":0.0006420375,"5":0.0000498523,"6":0.0000032257,"7":0.0000001789,"8":0.0000000087,"9":0.0000000004},"cerezo-osaka":{"0":0.1302583759,"1":0.2654972191,"2":0.2705729012,"3":0.1838304123,"4":0.0936724086,"5":0.0381852819,"6":0.0129717649,"7":0.0037770727,"8":0.0009623204,"9":0.0002179373}}