{"kawasaki-frontale":{"0":0.2741396456,"1":0.3547689531,"2":0.2295563814,"3":0.0990243214,"4":0.0320372805,"5":0.008292002,"6":0.001788471,"7":0.0003306417,"8":0.0000534862,"9":0.0000076908},"jubilo-iwata":{"0":0.2236933828,"1":0.3349761413,"2":0.2508098671,"3":0.125194169,"4":0.0468689095,"5":0.0140370415,"6":0.0035033624,"7":0.0007494588,"8":0.0001402874,"9":0.0000233419}}