{"omiya-ardija":{"0":0.1284140208,"1":0.2635692252,"2":0.2704873503,"3":0.1850580409,"4":0.0949577082,"5":0.0389800575,"6":0.0133344,"7":0.0039098284,"8":0.0010031132,"9":0.0002287651},"gamba-osaka":{"0":0.2774998195,"1":0.3557367301,"2":0.2280156819,"3":0.0974337608,"4":0.0312259369,"5":0.0080059243,"6":0.0017105124,"7":0.0003132522,"8":0.0000501961,"9":0.0000071498}}