{"nagoya-grampus-eight":{"0":0.1421122721,"1":0.2772806381,"2":0.2705063789,"3":0.175931748,"4":0.0858167747,"5":0.033488072,"6":0.0108899743,"7":0.0030354059,"8":0.0007403119,"9":0.0001604945},"kawasaki-frontale":{"0":0.3576434656,"1":0.3677356975,"2":0.1890563595,"3":0.0647970944,"4":0.016656396,"5":0.0034252835,"6":0.0005869901,"7":0.000086222,"8":0.0000110819,"9":0.0000012661}}