{"albirex-niigata":{"0":0.6533104698,"1":0.2781161036,"2":0.0591974036,"3":0.008400167,"4":0.0008939937,"5":0.0000761151,"6":0.0000054004,"7":0.0000003284,"8":0.0000000175,"9":0.0000000008},"fc-tokyo":{"0":0.3747554941,"1":0.3678155775,"2":0.180502089,"3":0.0590531526,"4":0.0144898939,"5":0.0028443125,"6":0.0004652733,"7":0.0000652367,"8":0.0000080036,"9":0.0000008728}}