{"yokohama-fa-marinos":{"0":0.2788424272,"1":0.3561120155,"2":0.2273968292,"3":0.0968034694,"4":0.0309071318,"5":0.0078943517,"6":0.0016803239,"7":0.0003065651,"8":0.0000489396,"9":0.0000069446},"consadole-sapporo":{"0":0.478972971,"1":0.3525773259,"2":0.1297680436,"3":0.0318412329,"4":0.0058596713,"5":0.0008626738,"6":0.0001058373,"7":0.0000111297,"8":0.0000010241,"9":0.0000000838}}