{"kashiwa-reysol":{"0":0.3168275719,"1":0.3641608477,"2":0.2092828004,"3":0.0801830488,"4":0.0230405508,"5":0.0052965507,"6":0.0010146404,"7":0.0001666036,"8":0.0000239367,"9":0.000003057},"sanfrecce-hiroshima":{"0":0.0654994007,"1":0.1785326522,"2":0.2433145003,"3":0.2210686032,"4":0.1506424624,"5":0.0821216624,"6":0.0373066981,"7":0.0145267714,"8":0.0049494785,"9":0.0014989849}}