{"kashima-antlers":{"0":0.1295907989,"1":0.2648024035,"2":0.2705451062,"3":0.1842748996,"4":0.0941356114,"5":0.0384708426,"6":0.0131017167,"7":0.0038245287,"8":0.0009768676,"9":0.0002217895},"sagan-tosu":{"0":0.5101676545,"1":0.3433509294,"2":0.1155403127,"3":0.0259201548,"4":0.0043611689,"5":0.0005870272,"6":0.0000658464,"7":0.0000063308,"8":0.0000005326,"9":0.0000000398}}