{"vegalta-sendai":{"0":0.0828800045,"1":0.2064011679,"2":0.2570067555,"3":0.2133465717,"4":0.1328275192,"5":0.0661577065,"6":0.0274594336,"7":0.0097691307,"8":0.0030410833,"9":0.0008414885},"shimizu-s-pulse":{"0":0.7142602148,"1":0.240354231,"2":0.0404405532,"3":0.004536189,"4":0.0003816159,"5":0.0000256834,"6":0.0000014404,"7":0.0000000692,"8":0.0000000029,"9":0.0000000001}}