{"jubilo-iwata":{"0":0.3036231844,"1":0.3619090808,"2":0.2156919984,"3":0.0856993107,"4":0.0255377062,"5":0.0060880251,"6":0.001209455,"7":0.0002059474,"8":0.0000306853,"9":0.000004064},"urawa-red-diamonds":{"0":0.4690045275,"1":0.3551034279,"2":0.134432012,"3":0.0339280792,"4":0.0064221007,"5":0.0009724895,"6":0.0001227189,"7":0.0000132737,"8":0.0000012563,"9":0.0000001057}}