{"cerezo-osaka":{"0":0.0628459822,"1":0.1738991234,"2":0.2405953735,"3":0.2219146082,"4":0.1535132179,"5":0.084956311,"6":0.0391799855,"7":0.0154876707,"8":0.0053569303,"9":0.0016469991},"vissel-kobe":{"0":0.1947959908,"1":0.3186477627,"2":0.2606223985,"3":0.142108921,"4":0.058115531,"5":0.0190131058,"6":0.0051836142,"7":0.0012113384,"8":0.0002476888,"9":0.0000450189}}