{"gamba-osaka":{"0":0.3931981647,"1":0.3670275076,"2":0.1712993643,"3":0.0532993152,"4":0.012437949,"5":0.0023220197,"6":0.0003612449,"7":0.0000481716,"8":0.0000056207,"9":0.000000583},"vegalta-sendai":{"0":0.1890023225,"1":0.3148771086,"2":0.2622919979,"3":0.1456591377,"4":0.0606668843,"5":0.020214157,"6":0.005612784,"7":0.0013358394,"8":0.0002781879,"9":0.0000514955}}