{"sanfrecce-hiroshima":{"0":0.1408264113,"1":0.2760517721,"2":0.2705621062,"3":0.1767877398,"4":0.0866360373,"5":0.0339652646,"6":0.0110966063,"7":0.0031074101,"8":0.0007614037,"9":0.000165836},"yokohama-fa-marinos":{"0":0.4624141165,"1":0.3566574339,"2":0.1375439467,"3":0.0353622935,"4":0.006818685,"5":0.0010518428,"6":0.0001352134,"7":0.0000148985,"8":0.0000014364,"9":0.0000001231}}