{"vissel-kobe":{"0":0.2375208191,"1":0.3414361774,"2":0.2454072525,"3":0.1175909752,"4":0.0422592567,"5":0.0121495363,"6":0.0029108264,"7":0.000597759,"8":0.0001074098,"9":0.0000171557},"nagoya-grampus-eight":{"0":0.3218071529,"1":0.3648658565,"2":0.2068429679,"3":0.0781730466,"4":0.0221582051,"5":0.0050246071,"6":0.0009494856,"7":0.0001537899,"8":0.0000217959,"9":0.0000027458}}