{"shimizu-s-pulse":{"0":0.3685186755,"1":0.3678788861,"2":0.1836201037,"3":0.0611004396,"4":0.0152485906,"5":0.0030444235,"6":0.000506523,"7":0.0000722348,"8":0.0000090137,"9":0.0000009998},"cerezo-osaka":{"0":0.2837161797,"1":0.3574202264,"2":0.2251355886,"3":0.0945405054,"4":0.0297750809,"5":0.0075020157,"6":0.0015751494,"7":0.0002834776,"8":0.00004464,"9":0.0000062485}}