{"urawa-red-diamonds":{"0":0.4665870816,"1":0.3556842809,"2":0.1355709499,"3":0.0344490577,"4":0.0065652205,"5":0.0010009474,"6":0.0001271721,"7":0.0000138492,"8":0.0000013197,"9":0.0000001118},"albirex-niigata":{"0":0.6670237827,"1":0.2700976585,"2":0.0546852654,"3":0.0073812271,"4":0.0007472193,"5":0.0000605142,"6":0.000004084,"7":0.0000002362,"8":0.000000012,"9":0.0000000005}}