{"kawasaki-frontale":{"0":0.3187124769,"1":0.3644368521,"2":0.2083605582,"3":0.0794177317,"4":0.0227028672,"5":0.0051919909,"6":0.0009894774,"7":0.0001616334,"8":0.0000231028,"9":0.0000029352},"kashiwa-reysol":{"0":0.197954453,"1":0.3206304521,"2":0.259665507,"3":0.140194992,"4":0.0567690989,"5":0.0183899898,"6":0.0049644339,"7":0.0011487121,"8":0.0002325737,"9":0.000041856}}