{"sagan-tosu":{"0":0.1377923309,"1":0.2731054437,"2":0.2706485292,"3":0.1788091451,"4":0.0886002701,"5":0.0351212813,"6":0.0116017743,"7":0.0032849721,"8":0.0008138549,"9":0.0001792296},"omiya-ardija":{"0":0.850465161,"1":0.1377513993,"2":0.0111559232,"3":0.0006023151,"4":0.0000243895,"5":0.0000007901,"6":0.0000000213,"7":0.0000000005,"8":0.0,"9":0.0}}