{"jubilo-iwata":{"0":0.2465569352,"1":0.3452197348,"2":0.2416818354,"3":0.1127979346,"4":0.0394838549,"5":0.0110567613,"6":0.0025802101,"7":0.0005161019,"8":0.0000903283,"9":0.0000140527},"kashima-antlers":{"0":0.6800103797,"1":0.2622441102,"2":0.0505668556,"3":0.0065003224,"4":0.0006267078,"5":0.0000483376,"6":0.0000031069,"7":0.0000001712,"8":0.0000000083,"9":0.0000000004}}