{"consadole-sapporo":{"0":0.6582425371,"1":0.275265061,"2":0.0575554218,"3":0.008022877,"4":0.0008387553,"5":0.0000701504,"6":0.0000048893,"7":0.0000002921,"8":0.0000000153,"9":0.0000000007},"fc-tokyo":{"0":0.2565162201,"1":0.3490065755,"2":0.237422783,"3":0.1076762481,"4":0.03662509,"5":0.0099661513,"6":0.0022599301,"7":0.000439254,"8":0.0000747041,"9":0.0000112933}}