{"sanfrecce-hiroshima":{"0":0.1009845676,"1":0.2315361614,"2":0.2654316164,"3":0.2028594369,"4":0.1162783988,"5":0.0533203335,"6":0.0203753663,"7":0.0066737695,"8":0.001912692,"9":0.0004872663},"vissel-kobe":{"0":0.2903051155,"1":0.3590559819,"2":0.2220443101,"3":0.0915431541,"4":0.0283056647,"5":0.0070018182,"6":0.0014433347,"7":0.0002550213,"8":0.000039427,"9":0.0000054182}}