{"cerezo-osaka":{"0":0.2645975056,"1":0.3517944108,"2":0.2338633299,"3":0.1036439758,"4":0.0344498442,"5":0.0091605268,"6":0.0020298895,"7":0.0003855472,"8":0.0000640753,"9":0.0000094657},"kashiwa-reysol":{"0":0.1272793106,"1":0.2623699194,"2":0.2704209124,"3":0.1858126369,"4":0.0957572097,"5":0.039478233,"6":0.0135632162,"7":0.0039941178,"8":0.00102917,"9":0.0002357224}}