{"albirex-niigata":{"0":0.6026049087,"1":0.3052154732,"2":0.0772948276,"3":0.0130497761,"4":0.0016524067,"5":0.0001673867,"6":0.00001413,"7":0.0000010224,"8":0.0000000647,"9":0.0000000036},"jubilo-iwata":{"0":0.1857314924,"1":0.3126702822,"2":0.2631828994,"3":0.147685368,"4":0.0621553527,"5":0.020927126,"6":0.0058716397,"7":0.0014120901,"8":0.0002971485,"9":0.0000555817}}