{"urawa-red-diamonds":{"0":0.3689260392,"1":0.3678779538,"2":0.183416423,"3":0.0609651179,"4":0.0151979804,"5":0.0030309609,"6":0.000503725,"7":0.0000717563,"8":0.0000089441,"9":0.000000991},"shimizu-s-pulse":{"0":0.4958713064,"1":0.3478233983,"2":0.1219884221,"3":0.0285224728,"4":0.0050016926,"5":0.0007016763,"6":0.0000820305,"7":0.0000082199,"8":0.0000007207,"9":0.0000000562}}