{"fc-tokyo":{"0":0.5269629692,"1":0.3375856522,"2":0.1081329042,"3":0.0230908806,"4":0.0036981488,"5":0.0004738253,"6":0.0000505907,"7":0.00000463,"8":0.0000003708,"9":0.0000000264},"sagan-tosu":{"0":0.5316077811,"1":0.3358960124,"2":0.1061178327,"3":0.02235016,"4":0.0035304833,"5":0.0004461467,"6":0.0000469829,"7":0.0000042409,"8":0.0000003349,"9":0.0000000235}}