{"kashima-antlers":{"0":0.07001184,"1":0.1861678471,"2":0.2475186149,"3":0.2193914996,"4":0.1458454855,"5":0.0775632809,"6":0.0343746359,"7":0.0130578974,"8":0.004340267,"9":0.0012823516},"consadole-sapporo":{"0":0.5099812621,"1":0.3434118427,"2":0.1156235557,"3":0.0259529132,"4":0.0043690516,"5":0.0005884075,"6":0.0000660371,"7":0.0000063526,"8":0.0000005347,"9":0.00000004}}