{"yokohama-fa-marinos":{"0":0.1637099375,"1":0.2962591767,"2":0.2680640562,"3":0.1617015187,"4":0.0731561558,"5":0.0264775405,"6":0.007985887,"7":0.0020645333,"8":0.0004670127,"9":0.0000939037},"gamba-osaka":{"0":0.4309657671,"1":0.3627553579,"2":0.1526704204,"3":0.0428355856,"4":0.0090139632,"5":0.0015174585,"6":0.0002128809,"7":0.0000255982,"8":0.0000026933,"9":0.0000002519}}