{"vegalta-sendai":{"0":0.2368470016,"1":0.3411404256,"2":0.2456792554,"3":0.1179539607,"4":0.0424734787,"5":0.0122352578,"6":0.0029371571,"7":0.0006043582,"8":0.0001088102,"9":0.0000174138},"nagoya-grampus-eight":{"0":0.5099812621,"1":0.3434118427,"2":0.1156235557,"3":0.0259529132,"4":0.0043690516,"5":0.0005884075,"6":0.0000660371,"7":0.0000063526,"8":0.0000005347,"9":0.00000004}}