{"omiya-ardija":{"0":0.2406256225,"1":0.3427743242,"2":0.2441432382,"3":0.1159284045,"4":0.0412853795,"5":0.0117623118,"6":0.0027925943,"7":0.0005682981,"8":0.0001011935,"9":0.0000160168},"kawasaki-frontale":{"0":0.2137035579,"1":0.3297799509,"2":0.2544525161,"3":0.1308874453,"4":0.0504952464,"5":0.0155845041,"6":0.0040082448,"7":0.0008836264,"8":0.0001704477,"9":0.0000292254}}