{"kawasaki-frontale":{"0":0.5781730063,"1":0.3167706618,"2":0.0867764935,"3":0.0158477635,"4":0.0021706766,"5":0.000237855,"6":0.0000217194,"7":0.0000017,"8":0.0000001164,"9":0.0000000071},"vegalta-sendai":{"0":0.0842855388,"1":0.2084840708,"2":0.2578473627,"3":0.2125990159,"4":0.1314683068,"5":0.0650385539,"6":0.0268126313,"7":0.0094746071,"8":0.0029294833,"9":0.0008051343}}