{"shimizu-s-pulse":{"0":0.2450652404,"1":0.3446182931,"2":0.2423064319,"3":0.1135795905,"4":0.0399297801,"5":0.0112300974,"6":0.0026320182,"7":0.0005287464,"8":0.0000929424,"9":0.0000145221},"yokohama-fa-marinos":{"0":0.2838642184,"1":0.3574586454,"2":0.2250665545,"3":0.0944723809,"4":0.0297413051,"5":0.0074904028,"6":0.0015720598,"7":0.0002828044,"8":0.0000445155,"9":0.0000062285}}