{"vissel-kobe":{"0":0.1972032953,"1":0.320163519,"2":0.2598959584,"3":0.140648773,"4":0.0570865284,"5":0.0185362256,"6":0.0050156559,"7":0.0011632883,"8":0.0002360778,"9":0.0000425863},"kashima-antlers":{"0":0.7068486034,"1":0.2452331889,"2":0.0425404511,"3":0.004919644,"4":0.0004267038,"5":0.000029608,"6":0.000001712,"7":0.0000000849,"8":0.0000000037,"9":0.0000000001}}