{"nagoya-grampus-eight":{"0":0.3634022622,"1":0.3678520858,"2":0.1861781985,"3":0.0628193105,"4":0.0158971316,"5":0.0032183581,"6":0.0005429611,"7":0.0000785157,"8":0.0000099346,"9":0.0000011174},"cerezo-osaka":{"0":0.3838402005,"1":0.367538107,"2":0.1759641902,"3":0.0561636025,"4":0.013444569,"5":0.0025747128,"6":0.0004108937,"7":0.0000562061,"8":0.0000067274,"9":0.0000007157}}