{"kashiwa-reysol":{"0":0.2225146291,"1":0.3343866249,"2":0.2512518286,"3":0.1258572696,"4":0.0472833941,"5":0.0142111417,"6":0.0035593283,"7":0.0007641178,"8":0.0001435359,"9":0.0000239667},"albirex-niigata":{"0":0.3003757499,"1":0.3612682488,"2":0.2172524707,"3":0.0870980427,"4":0.0261886632,"5":0.0062995315,"6":0.0012627632,"7":0.0002169646,"8":0.0000326185,"9":0.000004359}}