{"gamba-osaka":{"0":0.1955113682,"1":0.3191012894,"2":0.2604084711,"3":0.1416740787,"4":0.0578078677,"5":0.0188700691,"6":0.0051330889,"7":0.0011968433,"8":0.0002441765,"9":0.000044281},"sagan-tosu":{"0":0.3658962684,"1":0.3678740861,"2":0.1849312973,"3":0.0619769753,"4":0.0155779965,"5":0.0031324404,"6":0.0005248954,"7":0.0000753904,"8":0.0000094747,"9":0.0000010584}}