{"fc-tokyo":{"0":0.2930957343,"1":0.3597034941,"2":0.220724133,"3":0.0902950045,"4":0.0277037712,"5":0.0067999238,"6":0.0013908745,"7":0.0002438513,"8":0.0000374085,"9":0.0000051011},"urawa-red-diamonds":{"0":0.1432939531,"1":0.2783996802,"2":0.2704454036,"3":0.1751455947,"4":0.0850707174,"5":0.0330560502,"6":0.0107038639,"7":0.0029708683,"8":0.0007214966,"9":0.0001557516}}