{"consadole-sapporo":{"0":0.5996814625,"1":0.3066511101,"2":0.0784040438,"3":0.0133641433,"4":0.0017084609,"5":0.0001747266,"6":0.0000148913,"7":0.0000010878,"8":0.0000000695,"9":0.000000004},"sanfrecce-hiroshima":{"0":0.0805788945,"1":0.202939438,"2":0.2555533664,"3":0.2145386286,"4":0.1350798773,"5":0.0680402345,"6":0.0285600984,"7":0.010275591,"8":0.0032349083,"9":0.0009052418}}