{"jubilo-iwata":{"0":0.0897541153,"1":0.2163685763,"2":0.2607978512,"3":0.209566843,"4":0.1262997226,"5":0.0608936784,"6":0.0244658763,"7":0.0084256333,"8":0.0025389397,"9":0.0006800639},"omiya-ardija":{"0":0.5829332812,"1":0.3145989137,"2":0.0848917704,"3":0.0152715354,"4":0.0020604453,"5":0.0002223973,"6":0.000020004,"7":0.0000015423,"8":0.000000104,"9":0.0000000062}}