{"sagan-tosu":{"0":0.3545479057,"1":0.3676349093,"2":0.1906024889,"3":0.0658793237,"4":0.0170777621,"5":0.0035416266,"6":0.0006120591,"7":0.0000906645,"8":0.0000117514,"9":0.0000013539},"kawasaki-frontale":{"0":0.6253850399,"1":0.29354808,"2":0.0688939371,"3":0.0107793235,"4":0.0012649206,"5":0.0001187476,"6":0.0000092898,"7":0.0000006229,"8":0.0000000365,"9":0.0000000019}}