{"jubilo-iwata":{"0":0.0320592047,"1":0.1102891442,"2":0.1897067545,"3":0.2175412213,"4":0.1870947469,"5":0.1287275823,"6":0.0738074813,"7":0.0362729075,"8":0.0155981253,"9":0.0059622464},"vissel-kobe":{"0":0.578325137,"1":0.3167018608,"2":0.0867159857,"3":0.0158291085,"4":0.0021670803,"5":0.0002373469,"6":0.0000216626,"7":0.0000016947,"8":0.000000116,"9":0.0000000071}}