{"cerezo-osaka":{"0":0.3469709794,"1":0.3672736863,"2":0.1943821942,"3":0.0685854334,"4":0.0181496627,"5":0.0038423349,"6":0.000677861,"7":0.0001025036,"8":0.0000135627,"9":0.0000015951},"sanfrecce-hiroshima":{"0":0.0409892909,"1":0.1309380125,"2":0.2091371034,"3":0.222692286,"4":0.1778445339,"5":0.1136228967,"6":0.0604936718,"7":0.0276062391,"8":0.0110233247,"9":0.0039125998}}