{"kashima-antlers":{"0":0.0381483722,"1":0.1246029673,"2":0.2034936035,"3":0.2215551659,"4":0.1809148692,"5":0.1181834412,"6":0.0643365479,"7":0.0300200967,"8":0.0122567259,"9":0.0044482003},"nagoya-grampus-eight":{"0":0.4398029156,"1":0.3612666807,"2":0.1483773867,"3":0.0406271416,"4":0.0083430737,"5":0.0013706478,"6":0.0001876482,"7":0.0000220199,"8":0.000002261,"9":0.0000002064}}