{"vegalta-sendai":{"0":0.008066628,"1":0.0388813062,"2":0.0937043314,"3":0.1505522419,"4":0.1814161939,"5":0.1748859265,"6":0.1404922692,"7":0.0967393584,"8":0.0582857019,"9":0.0312153592},"consadole-sapporo":{"0":0.6941415581,"1":0.2534167593,"2":0.0462586148,"3":0.0056293552,"4":0.0005137904,"5":0.0000375149,"6":0.0000022826,"7":0.000000119,"8":0.0000000054,"9":0.0000000002}}