{"omiya-ardija":{"0":0.5580744565,"1":0.3255041209,"2":0.0949272373,"3":0.0184558449,"4":0.0026911524,"5":0.0003139299,"6":0.0000305173,"7":0.0000025428,"8":0.0000001854,"9":0.000000012},"kashiwa-reysol":{"0":0.3344599641,"1":0.3663132941,"2":0.2006001372,"3":0.0732349707,"4":0.0200524325,"5":0.0043924376,"6":0.0008017942,"7":0.0001254508,"8":0.0000171748,"9":0.0000020901}}