{"gamba-osaka":{"0":0.1738106705,"1":0.3041319424,"2":0.266083314,"3":0.1551965229,"4":0.0678902795,"5":0.0237587284,"6":0.0069287923,"7":0.0017319889,"8":0.0003788268,"9":0.0000736519},"urawa-red-diamonds":{"0":0.0956615559,"1":0.224511815,"2":0.2634577421,"3":0.2061063968,"4":0.1209297737,"5":0.056762955,"6":0.0222031967,"7":0.0074442205,"8":0.0021838912,"9":0.0005694954}}