{"yokohama-fa-marinos":{"0":0.6353057403,"1":0.2882057599,"2":0.0653721152,"3":0.0098853297,"4":0.0011211173,"5":0.0001017187,"6":0.0000076908,"7":0.0000004984,"8":0.0000000283,"9":0.0000000014},"fc-tokyo":{"0":0.4499534657,"1":0.3593378372,"2":0.1434855947,"3":0.0381963967,"4":0.0076260167,"5":0.0012180443,"6":0.000162124,"7":0.0000184963,"8":0.0000018464,"9":0.0000001638}}