{"albirex-niigata":{"0":0.7116018763,"1":0.2421130644,"2":0.0411878734,"3":0.0046712085,"4":0.0003973291,"5":0.0000270372,"6":0.0000015332,"7":0.0000000745,"8":0.0000000032,"9":0.0000000001},"shimizu-s-pulse":{"0":0.3092920237,"1":0.3629447217,"2":0.2129522602,"3":0.0832976528,"4":0.0244368114,"5":0.00573517,"6":0.0011216744,"7":0.0001880358,"8":0.0000275818,"9":0.0000035963}}