{"kawasaki-frontale":{"0":0.4164532112,"1":0.3648051678,"2":0.1597812273,"3":0.046655115,"4":0.0102172505,"5":0.0017900238,"6":0.0002613379,"7":0.0000327039,"8":0.000003581,"9":0.0000003485},"yokohama-fa-marinos":{"0":0.1890545933,"1":0.3149119136,"2":0.2622774501,"3":0.1456268835,"4":0.0606433832,"5":0.0202029726,"6":0.0056087474,"7":0.0013346571,"8":0.0002778955,"9":0.0000514329}}