{"sanfrecce-hiroshima":{"0":0.065528198,"1":0.1785823418,"2":0.2433429712,"3":0.2210588163,"4":0.1506115012,"5":0.0820915435,"6":0.0372870015,"7":0.0145167604,"8":0.00494527,"9":0.0014974688},"omiya-ardija":{"0":0.4735782052,"1":0.3539704488,"2":0.1322855203,"3":0.0329584178,"4":0.0061585952,"5":0.0009206339,"6":0.0001146862,"7":0.0000122458,"8":0.0000011441,"9":0.000000095}}