{"vissel-kobe":{"0":0.4164532112,"1":0.3648051678,"2":0.1597812273,"3":0.046655115,"4":0.0102172505,"5":0.0017900238,"6":0.0002613379,"7":0.0000327039,"8":0.000003581,"9":0.0000003485},"albirex-niigata":{"0":0.5989788069,"1":0.3069940462,"2":0.0786716853,"3":0.0134405084,"4":0.0017221628,"5":0.0001765317,"6":0.0000150796,"7":0.0000011041,"8":0.0000000707,"9":0.000000004}}