{"urawa-red-diamonds":{"0":0.4031587361,"1":0.3662394379,"2":0.1663505139,"3":0.0503723168,"4":0.0114398668,"5":0.002078452,"6":0.0003146863,"7":0.0000408384,"8":0.0000046373,"9":0.0000004681},"vegalta-sendai":{"0":0.4078214353,"1":0.3657855912,"2":0.1640412778,"3":0.049044288,"4":0.0109972725,"5":0.0019727476,"6":0.0002949014,"7":0.0000377864,"8":0.0000042364,"9":0.0000004222}}