{"consadole-sapporo":{"0":0.3483938213,"1":0.3673540292,"2":0.1936730426,"3":0.0680710241,"4":0.0179438924,"5":0.0037840862,"6":0.0006650038,"7":0.0001001706,"8":0.0000132028,"9":0.0000015468},"gamba-osaka":{"0":0.5397568449,"1":0.3328337868,"2":0.1026187354,"3":0.0210928202,"4":0.0032516509,"5":0.0004010173,"6":0.0000412137,"7":0.0000036305,"8":0.0000002798,"9":0.0000000192}}