{"shimizu-s-pulse":{"0":0.1820822623,"1":0.3101401171,"2":0.2641303195,"3":0.1499641008,"4":0.0638583396,"5":0.0217539399,"6":0.006175569,"7":0.0015026895,"8":0.0003199408,"9":0.0000605504},"sagan-tosu":{"0":0.5431292944,"1":0.3315303991,"2":0.1011843834,"3":0.0205879149,"4":0.0031417563,"5":0.0003835506,"6":0.0000390204,"7":0.0000034026,"8":0.0000002596,"9":0.0000000176}}