{"fc-tokyo":{"0":0.5226334429,"1":0.3391237411,"2":0.1100244477,"3":0.0237973688,"4":0.003860379,"5":0.0005009806,"6":0.000054179,"7":0.0000050222,"8":0.0000004073,"9":0.0000000294},"cerezo-osaka":{"0":0.2604384327,"1":0.3503909475,"2":0.2357060261,"3":0.105705415,"4":0.03555372,"5":0.0095667153,"6":0.0021451586,"7":0.000412296,"8":0.0000693373,"9":0.0000103651}}