{"nagoya-grampus-eight":{"0":0.1427550858,"1":0.2778905909,"2":0.2704743585,"3":0.1755040317,"4":0.0854101253,"5":0.0332522937,"6":0.0107882899,"7":0.0030001075,"8":0.0007300105,"9":0.0001578952},"jubilo-iwata":{"0":0.1132396947,"1":0.2466641968,"2":0.2686479602,"3":0.1950606734,"4":0.1062226555,"5":0.0462758683,"6":0.0168000569,"7":0.0052278141,"8":0.0014234348,"9":0.0003445105}}