{"kashiwa-reysol":{"0":0.1175034852,"1":0.2516087188,"2":0.2693832751,"3":0.1922756605,"4":0.1029293567,"5":0.0440802645,"6":0.0157314183,"7":0.0048122123,"8":0.0012880411,"9":0.0003064518},"kashima-antlers":{"0":0.3784506187,"1":0.3677289917,"2":0.178655556,"3":0.057864729,"4":0.0140563507,"5":0.002731626,"6":0.000442373,"7":0.0000614058,"8":0.0000074583,"9":0.0000008052}}