{"yokohama-fa-marinos":{"0":0.2691086065,"1":0.3532427856,"2":0.2318403473,"3":0.1014409897,"4":0.0332888812,"5":0.008739265,"6":0.0019119185,"7":0.000358523,"8":0.0000588265,"9":0.0000085798},"nagoya-grampus-eight":{"0":0.438287211,"1":0.3615347274,"2":0.1491115367,"3":0.0409997504,"4":0.0084549772,"5":0.0013948698,"6":0.0001917669,"7":0.0000225978,"8":0.0000023301,"9":0.0000002136}}