{"sagan-tosu":{"0":0.119981364,"1":0.2544107457,"2":0.2697286702,"3":0.1906459187,"4":0.1010622998,"5":0.0428588811,"6":0.0151464632,"7":0.0045881209,"8":0.0012160922,"9":0.0002865139},"consadole-sapporo":{"0":0.8053073902,"1":0.1743741943,"2":0.0188787288,"3":0.0013626114,"4":0.000073762,"5":0.0000031944,"6":0.0000001153,"7":0.0000000036,"8":0.0000000001,"9":0.0}}