{"albirex-niigata":{"0":0.5456192141,"1":0.3305546473,"2":0.1001306149,"3":0.0202208422,"4":0.0030626182,"5":0.0003710876,"6":0.0000374696,"7":0.0000032429,"8":0.0000002456,"9":0.0000000165},"kashima-antlers":{"0":0.4205781809,"1":0.364273232,"2":0.1577530571,"3":0.0455446166,"4":0.0098618315,"5":0.0017083156,"6":0.0002466024,"7":0.0000305126,"8":0.0000033035,"9":0.0000003179}}