{"omiya-ardija":{"0":0.49321688,"1":0.3486087896,"2":0.1231994413,"3":0.0290260464,"4":0.005128948,"5":0.0007250345,"6":0.0000854098,"7":0.000008624,"8":0.0000007619,"9":0.0000000598},"shimizu-s-pulse":{"0":0.4686686416,"1":0.3551848799,"2":0.1345900789,"3":0.0340001135,"4":0.0064418254,"5":0.0009763994,"6":0.0001233289,"7":0.0000133523,"8":0.0000012649,"9":0.0000001065}}