{"cerezo-osaka":{"0":0.321120554,"1":0.3647732546,"2":0.2071800226,"3":0.078447933,"4":0.0222780101,"5":0.0050612906,"6":0.0009582193,"7":0.0001554969,"8":0.0000220794,"9":0.0000027868},"urawa-red-diamonds":{"0":0.0884648748,"1":0.2145405646,"2":0.2601464931,"3":0.2102980633,"4":0.1275010713,"5":0.061841837,"6":0.0249959521,"7":0.0086598465,"8":0.002625178,"9":0.0007073833}}