{"gamba-osaka":{"0":0.2657333863,"1":0.3521663005,"2":0.2333562692,"3":0.1030860482,"4":0.0341539999,"5":0.0090525982,"6":0.0019995104,"7":0.0003785535,"8":0.0000627103,"9":0.0000092342},"kashiwa-reysol":{"0":0.0884648748,"1":0.2145405646,"2":0.2601464931,"3":0.2102980633,"4":0.1275010713,"5":0.061841837,"6":0.0249959521,"7":0.0086598465,"8":0.002625178,"9":0.0007073833}}