{"vegalta-sendai":{"0":0.1116326244,"1":0.2447592107,"2":0.2683224171,"3":0.1961027175,"4":0.1074908581,"5":0.0471356429,"6":0.017224479,"7":0.0053950561,"8":0.0014786108,"9":0.0003602129},"sanfrecce-hiroshima":{"0":0.2265509236,"1":0.3363795334,"2":0.2497257321,"3":0.1235963846,"4":0.0458785309,"5":0.0136239558,"6":0.0033714421,"7":0.0007151241,"8":0.0001327257,"9":0.0000218966}}