{"jubilo-iwata":{"0":0.3643197871,"1":0.3678621635,"2":0.1857194917,"3":0.0625084303,"4":0.015779054,"5":0.0031864956,"6":0.0005362465,"7":0.0000773515,"8":0.000009763,"9":0.0000010953},"fc-tokyo":{"0":0.5001236483,"1":0.3465356332,"2":0.1200572553,"3":0.0277292206,"4":0.0048033937,"5":0.0006656542,"6":0.000076872,"7":0.0000076092,"8":0.0000006591,"9":0.0000000507}}