{"kawasaki-frontale":{"0":0.1819709895,"1":0.3100618253,"2":0.2641584128,"3":0.1500338779,"4":0.0639109813,"5":0.0217796865,"6":0.006185097,"7":0.001505548,"8":0.0003206644,"9":0.0000607092},"vissel-kobe":{"0":0.1269116215,"1":0.2619791331,"2":0.2703970897,"3":0.1860570222,"4":0.0960177185,"5":0.0396411902,"6":0.0136383158,"7":0.0040218698,"8":0.0010377753,"9":0.0002380269}}