{"shimizu-s-pulse":{"0":0.2797239807,"1":0.3563549093,"2":0.226989515,"3":0.0963912447,"4":0.0306994534,"5":0.0078219257,"6":0.0016607929,"7":0.0003022529,"8":0.000048132,"9":0.0000068131},"kawasaki-frontale":{"0":0.3460318384,"1":0.3672174611,"2":0.1948500814,"3":0.0689265594,"4":0.0182866382,"5":0.0038812457,"6":0.0006864788,"7":0.0001040726,"8":0.0000138055,"9":0.0000016279}}