{"vissel-kobe":{"0":0.4120133582,"1":0.3653320417,"2":0.1619698707,"3":0.0478728682,"4":0.0106122122,"5":0.0018819687,"6":0.0002781234,"7":0.0000352303,"8":0.0000039048,"9":0.0000003847},"vegalta-sendai":{"0":0.3011942119,"1":0.3614330543,"2":0.2168598326,"3":0.086743933,"4":0.0260231799,"5":0.0062455632,"6":0.0012491126,"7":0.0002141336,"8":0.00003212,"9":0.0000042827}}