{"yokohama-fa-marinos":{"0":0.5375735693,"1":0.3336663534,"2":0.1035516269,"3":0.0214244745,"4":0.0033244874,"5":0.000412695,"6":0.0000426926,"7":0.0000037855,"8":0.0000002937,"9":0.0000000203},"cerezo-osaka":{"0":0.5488116361,"1":0.3292869817,"2":0.0987860945,"3":0.0197572189,"4":0.0029635828,"5":0.0003556299,"6":0.000035563,"7":0.0000030483,"8":0.0000002286,"9":0.0000000152}}