{"sanfrecce-hiroshima":{"0":0.1190658214,"1":0.2533814524,"2":0.2696078509,"3":0.1912489189,"4":0.1017481933,"5":0.043305635,"6":0.0153596341,"7":0.0046695017,"8":0.0012421335,"9":0.0002937064},"jubilo-iwata":{"0":0.1826835241,"1":0.3105619909,"2":0.2639776923,"3":0.1495873589,"4":0.0635746276,"5":0.0216153734,"6":0.0061243558,"7":0.0014873435,"8":0.0003160605,"9":0.0000597003}}