{"fc-tokyo":{"0":0.1926793913,"1":0.3172904824,"2":0.2612455063,"3":0.1434000668,"4":0.059035214,"5":0.0194429839,"6":0.0053362166,"7":0.0012553279,"8":0.0002583979,"9":0.000047279},"gamba-osaka":{"0":0.3678794412,"1":0.3678794412,"2":0.1839397206,"3":0.0613132402,"4":0.01532831,"5":0.003065662,"6":0.0005109437,"7":0.000072992,"8":0.000009124,"9":0.0000010138}}