{"kashima-antlers":{"0":0.0260396444,"1":0.0949961413,"2":0.1732793795,"3":0.2107155297,"4":0.1921796809,"5":0.1402194885,"6":0.0852566066,"7":0.0444325172,"8":0.0202619783,"9":0.0082131594},"omiya-ardija":{"0":0.4796522688,"1":0.3523975853,"2":0.1294521742,"3":0.0317025733,"4":0.0058229216,"5":0.000855613,"6":0.0001047689,"7":0.0000109962,"8":0.0000010099,"9":0.0000000824}}