{"kashiwa-reysol":{"0":0.0997170385,"1":0.2298895271,"2":0.2649958096,"3":0.2036421,"4":0.1173700773,"5":0.0541174347,"6":0.0207938912,"7":0.0068483751,"8":0.0019735465,"9":0.000505539},"nagoya-grampus-eight":{"0":0.1108031584,"1":0.2437669484,"2":0.2681436432,"3":0.1966386717,"4":0.1081512694,"5":0.0475865586,"6":0.0174484048,"7":0.0054837844,"8":0.0015080407,"9":0.0003686322}}