{"urawa-red-diamonds":{"0":0.3629933133,"1":0.3678468481,"2":0.1863826394,"3":0.0629582455,"4":0.0159500129,"5":0.0032326557,"6":0.0005459798,"7":0.00007904,"8":0.0000100121,"9":0.0000011273},"sagan-tosu":{"0":0.5930663606,"1":0.3098469149,"2":0.0809396023,"3":0.0140956042,"4":0.0018410585,"5":0.0001923718,"6":0.0000167507,"7":0.0000012502,"8":0.0000000816,"9":0.0000000047}}