{"consadole-sapporo":{"0":0.641882667,"1":0.2845785223,"2":0.0630839089,"3":0.0093227452,"4":0.0010333092,"5":0.0000916235,"6":0.0000067702,"7":0.0000004288,"8":0.0000000238,"9":0.0000000012},"albirex-niigata":{"0":0.4723665527,"1":0.3542749146,"2":0.132853093,"3":0.0332132732,"4":0.0062274887,"5":0.0009341233,"6":0.0001167654,"7":0.0000125106,"8":0.0000011729,"9":0.0000000977}}