{"cerezo-osaka":{"0":0.2766827542,"1":0.3555051667,"2":0.2283914007,"3":0.0978187976,"4":0.0314214452,"5":0.0080745807,"6":0.0017291495,"7":0.0003173937,"8":0.0000509768,"9":0.0000072777},"kashima-antlers":{"0":0.3654671256,"1":0.3678715146,"2":0.185145861,"3":0.0621213086,"4":0.0156325004,"5":0.0031470692,"6":0.0005279623,"7":0.0000759194,"8":0.0000095524,"9":0.0000010684}}