{"shimizu-s-pulse":{"0":0.3371560827,"1":0.3665592295,"2":0.1992633021,"3":0.0722136385,"4":0.0196278349,"5":0.0042679129,"6":0.0007733524,"7":0.0001201137,"8":0.0000163236,"9":0.0000019719},"kashiwa-reysol":{"0":0.3654671256,"1":0.3678715146,"2":0.185145861,"3":0.0621213086,"4":0.0156325004,"5":0.0031470692,"6":0.0005279623,"7":0.0000759194,"8":0.0000095524,"9":0.0000010684}}