{"gamba-osaka":{"0":0.3084600965,"1":0.362799288,"2":0.2133555115,"3":0.0836469379,"4":0.024595604,"5":0.0057856868,"6":0.0011341516,"7":0.0001905638,"8":0.0000280168,"9":0.0000036614},"yokohama-fa-marinos":{"0":0.1396772252,"1":0.2749435906,"2":0.270602376,"3":0.177553138,"4":0.0873748337,"5":0.0343980924,"6":0.0112849882,"7":0.0031733726,"8":0.0007808167,"9":0.0001707751}}