{"sanfrecce-hiroshima":{"0":0.3305568097,"1":0.365918701,"2":0.2025317461,"3":0.0747326443,"4":0.0206818248,"5":0.0045788598,"6":0.0008447819,"7":0.0001335934,"8":0.0000184856,"9":0.0000022737},"kawasaki-frontale":{"0":0.312497786,"1":0.3634842668,"2":0.2113947973,"3":0.0819618425,"4":0.023833641,"5":0.0055444575,"6":0.0010748466,"7":0.0001786023,"8":0.0000259678,"9":0.0000033561}}