{"jubilo-iwata":{"0":0.0156298055,"1":0.0649977273,"2":0.1351489808,"3":0.1873424172,"4":0.1947694004,"5":0.1619926545,"6":0.1122764495,"7":0.0667014431,"8":0.034672874,"9":0.0160210853},"consadole-sapporo":{"0":0.643792835,"1":0.2835123874,"2":0.0624263501,"3":0.0091637364,"4":0.0010088776,"5":0.0000888576,"6":0.0000065218,"7":0.0000004103,"8":0.0000000226,"9":0.0000000011}}