{"omiya-ardija":{"0":0.2633418382,"1":0.3513776272,"2":0.2344219926,"3":0.1042632699,"4":0.0347796809,"5":0.0092813218,"6":0.0020640149,"7":0.0003934314,"8":0.0000656196,"9":0.0000097285},"vissel-kobe":{"0":0.1997824377,"1":0.3217548734,"2":0.2590973454,"3":0.1390943644,"4":0.0560037836,"5":0.0180391134,"6":0.0048420778,"7":0.001114042,"8":0.0002242742,"9":0.0000401333}}