{"sagan-tosu":{"0":0.4908444975,"1":0.3492986424,"2":0.1242853309,"3":0.0294816366,"4":0.0052449888,"5":0.0007464961,"6":0.0000885379,"7":0.0000090009,"8":0.0000008007,"9":0.0000000633},"fc-tokyo":{"0":0.7645857825,"1":0.2052309206,"2":0.0275441499,"3":0.0024644766,"4":0.0001653793,"5":0.0000088783,"6":0.0000003972,"7":0.0000000152,"8":0.0000000005,"9":0.0}}