{"albirex-niigata":{"0":0.5806514296,"1":0.3156448179,"2":0.0857929956,"3":0.0155458238,"4":0.0021126955,"5":0.0002296942,"6":0.0000208105,"7":0.0000016161,"8":0.0000001098,"9":0.0000000066},"urawa-red-diamonds":{"0":0.1510519323,"1":0.2855080273,"2":0.2698238692,"3":0.170000872,"4":0.0803310041,"5":0.0303672335,"6":0.0095663445,"7":0.0025830928,"8":0.0006102982,"9":0.0001281715}}