{"nagoya-grampus-eight":{"0":0.3871909839,"1":0.3673812126,"2":0.1742924823,"3":0.0551250642,"4":0.013076178,"5":0.0024814329,"6":0.0003924126,"7":0.0000531908,"8":0.0000063087,"9":0.0000006651},"vegalta-sendai":{"0":0.312497786,"1":0.3634842668,"2":0.2113947973,"3":0.0819618425,"4":0.023833641,"5":0.0055444575,"6":0.0010748466,"7":0.0001786023,"8":0.0000259678,"9":0.0000033561}}