{"yokohama-fa-marinos":{"0":0.4929125122,"1":0.3486979344,"2":0.1233385707,"3":0.0290842044,"4":0.005143713,"5":0.0007277568,"6":0.0000858054,"7":0.0000086715,"8":0.0000007668,"9":0.0000000603},"shimizu-s-pulse":{"0":0.7059162275,"1":0.2458414723,"2":0.0428082166,"3":0.0049694447,"4":0.0004326631,"5":0.0000301357,"6":0.0000017492,"7":0.000000087,"8":0.0000000038,"9":0.0000000001}}