{"kawasaki-frontale":{"0":0.2654259954,"1":0.3520661402,"2":0.2334936464,"3":0.1032368197,"4":0.0342338253,"5":0.0090816807,"6":0.002007686,"7":0.0003804333,"8":0.0000630768,"9":0.0000092962},"omiya-ardija":{"0":0.4567668974,"1":0.3579143599,"2":0.140227641,"3":0.0366266227,"4":0.0071749914,"5":0.0011244389,"6":0.0001468484,"7":0.0000164383,"8":0.0000016101,"9":0.0000001402}}