{"vegalta-sendai":{"0":0.0387847918,"1":0.1260399878,"2":0.2047977805,"3":0.2218456306,"4":0.180234438,"5":0.1171425466,"6":0.0634468842,"7":0.0294550082,"8":0.0119650922,"9":0.0043203649},"sagan-tosu":{"0":0.3792032887,"1":0.3677069204,"2":0.1782795446,"3":0.0576248715,"4":0.0139694622,"5":0.0027091895,"6":0.0004378424,"7":0.0000606526,"8":0.0000073517,"9":0.0000007921}}