{"kashima-antlers":{"0":0.122436377,"1":0.2571364413,"2":0.2700143171,"3":0.1890247607,"4":0.0992457379,"5":0.0416864603,"6":0.0145913988,"7":0.004377761,"8":0.0011492519,"9":0.0002681797},"sanfrecce-hiroshima":{"0":0.1036442367,"1":0.2349398277,"2":0.2662797487,"3":0.2012001833,"4":0.1140196934,"5":0.051691764,"6":0.0195290713,"7":0.0063240463,"8":0.0017919114,"9":0.000451321}}