{"consadole-sapporo":{"0":0.5194307212,"1":0.3402384637,"2":0.1114318112,"3":0.0243300898,"4":0.003984185,"5":0.0005219456,"6":0.000056981,"7":0.000005332,"8":0.0000004366,"9":0.0000000318},"nagoya-grampus-eight":{"0":0.1262297347,"1":0.2612515901,"2":0.2703499042,"3":0.18651005,"4":0.0965027124,"5":0.0399454014,"6":0.0137788449,"7":0.0040739158,"8":0.0010539484,"9":0.0002423673}}