{"vissel-kobe":{"0":0.2076186279,"1":0.3263873627,"2":0.2565490187,"3":0.134436167,"4":0.0528351748,"5":0.0166119327,"6":0.0043524714,"7":0.0009774733,"8":0.0001920799,"9":0.0000335511},"gamba-osaka":{"0":0.4038481177,"1":0.3661757187,"2":0.166008768,"3":0.0501742918,"4":0.0113734635,"5":0.0020625012,"6":0.000311684,"7":0.0000403727,"8":0.0000045758,"9":0.000000461}}