{"fc-tokyo":{"0":0.4032103297,"1":0.36623471,"2":0.1663249338,"3":0.0503574763,"4":0.0114348855,"5":0.0020772543,"6":0.0003144606,"7":0.0000408034,"8":0.0000046327,"9":0.0000004675},"albirex-niigata":{"0":0.5504523274,"1":0.3286282551,"2":0.0980979866,"3":0.0195219874,"4":0.0029137295,"5":0.000347908,"6":0.0000346177,"7":0.0000029525,"8":0.0000002203,"9":0.0000000146}}