{"kashiwa-reysol":{"0":0.3327257569,"1":0.3661436277,"2":0.2014589392,"3":0.0738976022,"4":0.020329908,"5":0.0044743553,"6":0.0008206241,"7":0.0001290064,"8":0.0000177454,"9":0.0000021697},"cerezo-osaka":{"0":0.1995001485,"1":0.3215823289,"2":0.2591857576,"3":0.1392639892,"4":0.0561213091,"5":0.0180928399,"6":0.004860763,"7":0.0011193228,"8":0.0002255352,"9":0.0000403944}}