{"urawa-red-diamonds":{"0":0.1429279178,"1":0.2780540934,"2":0.2704652808,"3":0.1753890576,"4":0.0853011192,"5":0.0331892127,"6":0.0107611312,"7":0.0029906949,"8":0.0007272678,"9":0.0001572042},"jubilo-iwata":{"0":0.2639251992,"1":0.3515720005,"2":0.2341626943,"3":0.1039752262,"4":0.0346260781,"5":0.0092250074,"6":0.0020480893,"7":0.0003897483,"8":0.0000648975,"9":0.0000096055}}