{"cerezo-osaka":{"0":0.1093434264,"1":0.2420056122,"2":0.2678108702,"3":0.1975785094,"4":0.1093232343,"5":0.0483921844,"6":0.017850761,"7":0.0056440578,"8":0.0015614721,"9":0.000383994},"consadole-sapporo":{"0":0.3809529642,"1":0.3676498448,"2":0.1774056394,"3":0.0570701739,"4":0.0137693118,"5":0.0026576957,"6":0.0004274812,"7":0.0000589362,"8":0.0000071098,"9":0.0000007624}}