{"urawa-red-diamonds":{"0":0.3693658207,"1":0.3678764424,"2":0.1831965348,"3":0.0608192797,"4":0.0151435102,"5":0.0030164895,"6":0.000500721,"7":0.0000712431,"8":0.0000088695,"9":0.0000009815},"fc-tokyo":{"0":0.5695190974,"1":0.3206181586,"2":0.0902480743,"3":0.0169354411,"4":0.0023835065,"5":0.0002683652,"6":0.0000251799,"7":0.0000020251,"8":0.0000001425,"9":0.0000000089}}