{"sagan-tosu":{"0":0.4080477946,"1":0.3657621966,"2":0.163929307,"3":0.0489804905,"4":0.0109761724,"5":0.0019677445,"6":0.0002939715,"7":0.0000376439,"8":0.0000042179,"9":0.0000004201},"kashima-antlers":{"0":0.8428215735,"1":0.1441224891,"2":0.0123224728,"3":0.000702381,"4":0.0000300268,"5":0.0000010269,"6":0.0000000293,"7":0.0000000007,"8":0.0,"9":0.0}}