{"jubilo-iwata":{"0":0.1399601067,"1":0.2752172527,"2":0.270593307,"3":0.177364699,"4":0.0871923907,"5":0.0342909859,"6":0.0112382868,"7":0.0031569919,"8":0.0007759878,"9":0.0001695445},"kawasaki-frontale":{"0":0.3515150875,"1":0.3675099539,"2":0.1921163145,"3":0.066952705,"4":0.0174998076,"5":0.003659219,"6":0.0006376205,"7":0.0000952334,"8":0.0000124458,"9":0.0000014458}}