{"nagoya-grampus-eight":{"0":0.176125382,"1":0.3058521419,"2":0.2655651662,"3":0.1537232055,"4":0.0667373594,"5":0.0231786743,"6":0.0067085231,"7":0.0016642496,"8":0.0003612585,"9":0.0000697052},"vissel-kobe":{"0":0.3243520023,"1":0.3651963286,"2":0.2055920072,"3":0.077160457,"4":0.0217192398,"5":0.004890851,"6":0.0009177893,"7":0.0001476233,"8":0.0000207766,"9":0.0000025992}}