{"gamba-osaka":{"0":0.0727911214,"1":0.1907244785,"2":0.2498644479,"3":0.2182283847,"4":0.1429483915,"5":0.0749095684,"6":0.0327125252,"7":0.0122445846,"8":0.0040103483,"9":0.0011675288},"omiya-ardija":{"0":0.2717542421,"1":0.3540569554,"2":0.2306428167,"3":0.1001648804,"4":0.0326251325,"5":0.0085011774,"6":0.0018459699,"7":0.0003435764,"8":0.0000559539,"9":0.0000081}}