{"vegalta-sendai":{"0":0.2235303935,"1":0.3348949982,"2":0.2508711635,"3":0.1252857185,"4":0.0469260128,"5":0.0140609845,"6":0.0035110463,"7":0.0007514682,"8":0.0001407319,"9":0.0000234273},"yokohama-fa-marinos":{"0":0.4474310621,"1":0.3598387378,"2":0.1446970586,"3":0.0387900404,"4":0.0077990557,"5":0.0012544513,"6":0.0001681451,"7":0.0000193183,"8":0.000001942,"9":0.0000001735}}