{"sanfrecce-hiroshima":{"0":0.2449716221,"1":0.3445802446,"2":0.2423455091,"3":0.1136287734,"4":0.0399579247,"5":0.0112410665,"6":0.0026353049,"7":0.0005295505,"8":0.0000931091,"9":0.000014552},"shimizu-s-pulse":{"0":0.7220114469,"1":0.2351694427,"2":0.0382990235,"3":0.0041581797,"4":0.0003385946,"5":0.000022057,"6":0.0000011974,"7":0.0000000557,"8":0.0000000023,"9":0.0000000001}}