{"albirex-niigata":{"0":0.6077547373,"1":0.3026520567,"2":0.0753579214,"3":0.0125090098,"4":0.0015573213,"5":0.0001551042,"6":0.0000128732,"7":0.0000009158,"8":0.000000057,"9":0.0000000032},"kashiwa-reysol":{"0":0.0668544042,"1":0.1808570812,"2":0.2446307329,"3":0.2205947926,"4":0.1491903592,"5":0.0807190886,"6":0.0363940589,"7":0.0140649421,"8":0.0047561271,"9":0.0014296063}}