{"gamba-osaka":{"0":0.2171270252,"1":0.3316121839,"2":0.2532311222,"3":0.1289176622,"4":0.0492231074,"5":0.0150354219,"6":0.0038271983,"7":0.0008350251,"8":0.0001594139,"9":0.0000270521},"cerezo-osaka":{"0":0.1570658576,"1":0.2907430519,"2":0.2690957906,"3":0.1660401834,"4":0.0768388344,"5":0.0284471209,"6":0.0087763639,"7":0.0023208343,"8":0.0005370092,"9":0.0001104503}}