{"yokohama-fa-marinos":{"0":0.527292424,"1":0.3374671514,"2":0.1079894884,"3":0.0230377575,"4":0.0036860412,"5":0.0004718133,"6":0.0000503267,"7":0.0000046013,"8":0.0000003681,"9":0.0000000262},"albirex-niigata":{"0":0.6709269451,"1":0.2677636043,"2":0.0534315609,"3":0.00710809,"4":0.0007092008,"5":0.0000566077,"6":0.0000037653,"7":0.0000002147,"8":0.0000000107,"9":0.0000000005}}