{"kashima-antlers":{"0":0.0445514262,"1":0.1386044372,"2":0.2156069023,"3":0.2235923431,"4":0.1739051558,"5":0.1082076525,"6":0.0561076717,"7":0.024936743,"8":0.0096976223,"9":0.0033522645},"jubilo-iwata":{"0":0.1840942007,"1":0.3115440319,"2":0.2636141808,"3":0.1487054353,"4":0.062913838,"5":0.0212939144,"6":0.0060059759,"7":0.0014519942,"8":0.0003071526,"9":0.0000577552}}