{"shimizu-s-pulse":{"0":0.1715358557,"1":0.3024113605,"2":0.266570014,"3":0.1566510206,"4":0.0690424869,"5":0.0243438694,"6":0.00715289,"7":0.0018014686,"8":0.0003969903,"9":0.0000777644},"nagoya-grampus-eight":{"0":0.2816843036,"1":0.3568850906,"2":0.2260810529,"3":0.0954791777,"4":0.0302422735,"5":0.0076632005,"6":0.0016181721,"7":0.0002928818,"8":0.000046384,"9":0.0000065297}}