{"vissel-kobe":{"0":0.4463434006,"1":0.3600503432,"2":0.1452203051,"3":0.0390481265,"4":0.0078747055,"5":0.0012704525,"6":0.0001708053,"7":0.0000196833,"8":0.0000019847,"9":0.0000001779},"urawa-red-diamonds":{"0":0.3468636453,"1":0.3672673891,"2":0.1944356766,"3":0.0686243564,"4":0.0181652708,"5":0.0038467632,"6":0.0006788406,"7":0.0001026818,"8":0.0000135902,"9":0.0000015989}}