{"omiya-ardija":{"0":0.3761460509,"1":0.3677872498,"2":0.1798070999,"3":0.0586037955,"4":0.0143253722,"5":0.0028014061,"6":0.0004565254,"7":0.0000637686,"8":0.0000077939,"9":0.0000008467},"sanfrecce-hiroshima":{"0":0.0615854082,"1":0.1716588753,"2":0.2392349936,"3":0.2222756502,"4":0.1548889146,"5":0.0863453135,"6":0.0401121517,"7":0.0159722595,"8":0.0055649954,"9":0.0017234978}}