{"kashiwa-reysol":{"0":0.2306931823,"1":0.3383500006,"2":0.2481233338,"3":0.121304741,"4":0.044478405,"5":0.0130469988,"6":0.0031892664,"7":0.0006682272,"8":0.0001225083,"9":0.0000199643},"fc-tokyo":{"0":0.2147111723,"1":0.3303248805,"2":0.2540960619,"3":0.1303056728,"4":0.0501175665,"5":0.0154207897,"6":0.0039540486,"7":0.0008690217,"8":0.0001671196,"9":0.0000285674}}