{"consadole-sapporo":{"0":0.688435716,"1":0.2570160006,"2":0.0479763201,"3":0.0059703865,"4":0.0005572361,"5":0.000041607,"6":0.0000025889,"7":0.0000001381,"8":0.0000000064,"9":0.0000000003},"vegalta-sendai":{"0":0.1652988882,"1":0.2975379988,"2":0.2677841989,"3":0.1606705194,"4":0.0723017337,"5":0.0260286241,"6":0.0078085872,"7":0.0020079224,"8":0.0004517825,"9":0.0000903565}}