{"kawasaki-frontale":{"0":0.235877083,"1":0.3407113421,"2":0.2460693026,"3":0.1184778124,"4":0.0427836545,"5":0.0123597224,"6":0.0029754887,"7":0.0006139897,"8":0.0001108593,"9":0.0000177922},"sagan-tosu":{"0":0.1961335889,"1":0.3194936289,"2":0.2602210552,"3":0.1412965006,"4":0.0575415613,"5":0.018746572,"6":0.0050895671,"7":0.0011843854,"8":0.0002411644,"9":0.0000436497}}