{"urawa-red-diamonds":{"0":0.2587956654,"1":0.3498183621,"2":0.23642762,"3":0.1065277023,"4":0.0359988123,"5":0.0097320375,"6":0.0021924925,"7":0.0004233755,"8":0.0000715354,"9":0.000010744},"kashima-antlers":{"0":0.6296523656,"1":0.2912692586,"2":0.0673687464,"3":0.010387978,"4":0.001201337,"5":0.0001111447,"6":0.000008569,"7":0.0000005663,"8":0.0000000327,"9":0.0000000017}}