{"vegalta-sendai":{"0":0.1328461941,"1":0.2681584461,"2":0.2706473929,"3":0.1821062941,"4":0.0918982684,"5":0.0371004936,"6":0.0124816155,"7":0.0035992758,"8":0.0009081707,"9":0.0002036889},"kashiwa-reysol":{"0":0.1716602988,"1":0.3025062608,"2":0.266543978,"3":0.1565712878,"4":0.068978959,"5":0.0243114653,"6":0.0071404304,"7":0.0017975909,"8":0.0003959728,"9":0.0000775331}}