{"consadole-sapporo":{"0":0.30437022,"1":0.3620515694,"2":0.2153320698,"3":0.0853799186,"4":0.0253900772,"5":0.0060403526,"6":0.0011975105,"7":0.000203493,"8":0.0000302571,"9":0.000003999},"vissel-kobe":{"0":0.1377220876,"1":0.2730364463,"2":0.2706497641,"3":0.178855963,"4":0.0886462684,"5":0.0351485554,"6":0.0116137709,"7":0.0032892148,"8":0.0008151157,"9":0.0001795535}}