{"fc-tokyo":{"0":0.1510718088,"1":0.2855257187,"2":0.2698218042,"3":0.1699877366,"4":0.0803192056,"5":0.0303606597,"6":0.0095636078,"7":0.0025821741,"8":0.0006100386,"9":0.0001281081},"omiya-ardija":{"0":0.4531471093,"1":0.3586833658,"2":0.1419558398,"3":0.0374545023,"4":0.0074116698,"5":0.0011733243,"6":0.0001547886,"7":0.000017503,"8":0.0000017318,"9":0.0000001523}}