{"jubilo-iwata":{"0":0.1445027916,"1":0.2795343576,"2":0.2703735209,"3":0.1743419341,"4":0.0843142198,"5":0.0326204373,"6":0.0105171359,"7":0.0029064202,"8":0.0007027929,"9":0.000151058},"cerezo-osaka":{"0":0.4143190784,"1":0.3650643628,"2":0.1608325515,"3":0.0472375326,"4":0.0104054705,"5":0.0018336913,"6":0.0002692833,"7":0.0000338958,"8":0.0000037333,"9":0.0000003655}}