{"nagoya-grampus-eight":{"0":0.1197884544,"1":0.2541944509,"2":0.2697038676,"3":0.1907730504,"4":0.1012064373,"5":0.0429525782,"6":0.0151910954,"7":0.0046051328,"8":0.0012215276,"9":0.0002880129},"gamba-osaka":{"0":0.4458858472,"1":0.3601385689,"2":0.1454405759,"3":0.0391570781,"4":0.0079067177,"5":0.001277239,"6":0.000171936,"7":0.0000198388,"8":0.000002003,"9":0.0000001798}}