{"albirex-niigata":{"0":0.5972290652,"1":0.3078444363,"2":0.079339907,"3":0.0136320386,"4":0.0017566741,"5":0.0001810971,"6":0.0000155579,"7":0.0000011456,"8":0.0000000738,"9":0.0000000042},"sanfrecce-hiroshima":{"0":0.0662813874,"1":0.1798774883,"2":0.2440799149,"3":0.2207984461,"4":0.1498032535,"5":0.0813085966,"6":0.0367765037,"7":0.0142579676,"8":0.0048367413,"9":0.0014584635}}