{"sagan-tosu":{"0":0.4265648021,"1":0.3634293656,"2":0.1548192715,"3":0.0439682078,"4":0.0093651292,"5":0.0015958011,"6":0.0002266014,"7":0.0000275803,"8":0.0000029373,"9":0.0000002781},"shimizu-s-pulse":{"0":0.8692035001,"1":0.1218432116,"2":0.0085398691,"3":0.0003990339,"4":0.0000139839,"5":0.000000392,"6":0.0000000092,"7":0.0000000002,"8":0.0,"9":0.0}}