{"yokohama-fa-marinos":{"0":0.3099055816,"1":0.3630505471,"2":0.2126546076,"3":0.0830407455,"4":0.024320301,"5":0.0056981862,"6":0.0011125591,"7":0.0001861927,"8":0.0000272653,"9":0.000003549},"kawasaki-frontale":{"0":0.3711092664,"1":0.3678653042,"2":0.1823248492,"3":0.0602437002,"4":0.0149292736,"5":0.0029597546,"6":0.0004889804,"7":0.0000692437,"8":0.0000085798,"9":0.000000945}}