{"cerezo-osaka":{"0":0.3920027255,"1":0.3671052551,"2":0.1718945552,"3":0.053658976,"4":0.0125627265,"5":0.0023529647,"6":0.0003672533,"7":0.0000491325,"8":0.0000057515,"9":0.0000005985},"yokohama-fa-marinos":{"0":0.22254884,"1":0.3344038223,"2":0.2512390456,"3":0.1258379915,"4":0.0472713151,"5":0.0142060578,"6":0.003557691,"7":0.0007636882,"8":0.0001434406,"9":0.0000239483}}