{"vissel-kobe":{"0":0.3111228068,"1":0.3632568988,"2":0.2120634868,"3":0.0825328165,"4":0.02409066,"5":0.0056254946,"6":0.0010946909,"7":0.0001825894,"8":0.0000266482,"9":0.0000034571},"sagan-tosu":{"0":0.3693363876,"1":0.3678765599,"2":0.1832112512,"3":0.060829032,"4":0.0151471503,"5":0.003017456,"6":0.0005009216,"7":0.0000712774,"8":0.0000088745,"9":0.0000009822}}