{"shimizu-s-pulse":{"0":0.2892278363,"1":0.3587988564,"2":0.2225522636,"3":0.0920283685,"4":0.0285412305,"5":0.0070813107,"6":0.0014641088,"7":0.0002594695,"8":0.0000402353,"9":0.0000055459},"urawa-red-diamonds":{"0":0.3295980415,"1":0.3658147433,"2":0.2030054939,"3":0.0751040088,"4":0.020839136,"5":0.004625794,"6":0.0008556805,"7":0.000135672,"8":0.0000188225,"9":0.0000023212}}