{"omiya-ardija":{"0":0.5151018333,"1":0.3417137469,"2":0.1133448546,"3":0.0250639728,"4":0.0041568014,"5":0.0005515166,"6":0.0000609785,"7":0.0000057789,"8":0.0000004792,"9":0.0000000353},"vegalta-sendai":{"0":0.234852819,"1":0.3402538866,"2":0.2464792797,"3":0.1190327531,"4":0.043113552,"5":0.0124925506,"6":0.0030165268,"7":0.0006243332,"8":0.0001130665,"9":0.0000182011}}