{"sanfrecce-hiroshima":{"0":0.3029755426,"1":0.3617840632,"2":0.2160037527,"3":0.0859769237,"4":0.0256663298,"5":0.0061296493,"6":0.0012199056,"7":0.000208099,"8":0.0000310615,"9":0.0000041212},"fc-tokyo":{"0":0.4909257176,"1":0.3492752141,"2":0.1242480999,"3":0.0294659525,"4":0.0052409797,"5":0.0007457521,"6":0.0000884291,"7":0.0000089877,"8":0.0000007993,"9":0.0000000632}}