{"kashima-antlers":{"0":0.214700013,"1":0.3303188714,"2":0.2541000237,"3":0.1303121067,"4":0.0501217343,"5":0.0154225931,"6":0.0039546447,"7":0.000869182,"8":0.000167156,"9":0.0000285746},"albirex-niigata":{"0":0.463764014,"1":0.3563467365,"2":0.1369047541,"3":0.0350649331,"4":0.0067357935,"5":0.0010351291,"6":0.000132562,"7":0.0000145511,"8":0.0000013976,"9":0.0000001193}}