{"kashiwa-reysol":{"0":0.0787173341,"1":0.2000909534,"2":0.254304786,"3":0.2154717579,"4":0.1369264786,"5":0.0696104611,"6":0.0294903778,"7":0.0107087646,"8":0.0034025652,"9":0.0009609948},"jubilo-iwata":{"0":0.099745001,"1":0.229926026,"2":0.2650056489,"3":0.2036248939,"4":0.1173458875,"5":0.0540997008,"6":0.0207845491,"7":0.0068444659,"8":0.0019721801,"9":0.0005051275}}