{"gamba-osaka":{"0":0.0213589637,"1":0.0821526356,"2":0.157991175,"3":0.2025596315,"4":0.1947754564,"5":0.1498323359,"6":0.096049614,"7":0.0527762961,"8":0.0253740765,"9":0.0108439888},"consadole-sapporo":{"0":0.3476629722,"1":0.367313488,"2":0.1940373426,"3":0.0683348902,"4":0.0180493243,"5":0.0038139007,"6":0.0006715782,"7":0.0001013624,"8":0.0000133864,"9":0.0000015715}}