{"kawasaki-frontale":{"0":0.2126917067,"1":0.329227949,"2":0.2548078721,"3":0.1314733492,"4":0.0508772789,"5":0.0157507055,"6":0.0040634498,"7":0.0008985516,"8":0.0001738598,"9":0.0000299022},"nagoya-grampus-eight":{"0":0.1721734973,"1":0.3028966737,"2":0.2664358812,"3":0.1562426727,"4":0.0687175822,"5":0.0241783171,"6":0.0070892946,"7":0.0017816943,"8":0.0003918063,"9":0.0000765874}}