{"albirex-niigata":{"0":0.5749478512,"1":0.3182198,"2":0.0880635008,"3":0.0162470095,"4":0.0022480822,"5":0.0002488519,"6":0.0000229556,"7":0.0000018151,"8":0.0000001256,"9":0.0000000077},"cerezo-osaka":{"0":0.2429496913,"1":0.3437497342,"2":0.2431859022,"3":0.1146946497,"4":0.0405703904,"5":0.0114806163,"6":0.0027073224,"7":0.0005472275,"8":0.0000967841,"9":0.0000152155}}