{"vegalta-sendai":{"0":0.1336354423,"1":0.2689600053,"2":0.2706598012,"3":0.1815802264,"4":0.0913638961,"5":0.0367765221,"6":0.0123363151,"7":0.0035469369,"8":0.0008923383,"9":0.0001995506},"kawasaki-frontale":{"0":0.3350979155,"1":0.3663734433,"2":0.2002839972,"3":0.0729923348,"4":0.0199512231,"5":0.0043626641,"6":0.0007949738,"7":0.0001241672,"8":0.0000169695,"9":0.0000020615}}