{"nagoya-grampus-eight":{"0":0.2953196442,"1":0.3602004751,"2":0.219667714,"3":0.0893093484,"4":0.0272325854,"5":0.0066431004,"6":0.0013504282,"7":0.0002353019,"8":0.0000358746,"9":0.0000048618},"kashiwa-reysol":{"0":0.1379503772,"1":0.2732605558,"2":0.2706456222,"3":0.178703808,"4":0.0884968618,"5":0.0350600008,"6":0.0115748328,"7":0.0032754482,"8":0.0008110261,"9":0.0001785033}}