{"fc-tokyo":{"0":0.4180543216,"1":0.364603526,"2":0.1589933704,"3":0.0462216993,"4":0.0100779933,"5":0.0017578921,"6":0.0002555225,"7":0.0000318361,"8":0.0000034707,"9":0.0000003363},"yokohama-fa-marinos":{"0":0.3142249395,"1":0.3637613014,"2":0.2105534408,"3":0.0812487956,"4":0.0235143395,"5":0.0054442571,"6":0.0010504206,"7":0.0001737165,"8":0.0000251378,"9":0.0000032334}}