{"sagan-tosu":{"0":0.3166367694,"1":0.3641322848,"2":0.2093760638,"3":0.0802608244,"4":0.023074987,"5":0.005307247,"6":0.0010172223,"7":0.0001671151,"8":0.0000240228,"9":0.0000030696},"gamba-osaka":{"0":0.6776680285,"1":0.2636791013,"2":0.0512984718,"3":0.0066533732,"4":0.0006472031,"5":0.0000503651,"6":0.0000032662,"7":0.0000001816,"8":0.0000000088,"9":0.0000000004}}