{"kashima-antlers":{"0":0.0456821503,"1":0.1409772921,"2":0.21753132,"3":0.2237706724,"4":0.172641739,"5":0.1065561263,"6":0.0548062137,"7":0.0241620838,"8":0.0093206677,"9":0.0031960027},"vissel-kobe":{"0":0.2042219644,"1":0.3244163555,"2":0.2576754465,"3":0.1364432559,"4":0.054186659,"5":0.0172156198,"6":0.0045579725,"7":0.0010343653,"8":0.0002053923,"9":0.0000362528}}