{"jubilo-iwata":{"0":0.140531478,"1":0.2757682601,"2":0.2705733062,"3":0.1769841437,"4":0.0868250481,"5":0.0340757712,"6":0.011144616,"7":0.0031241921,"8":0.0007663346,"9":0.0001670885},"sanfrecce-hiroshima":{"0":0.1137443066,"1":0.2472576324,"2":0.2687446018,"3":0.1947325422,"4":0.1058275108,"5":0.0460096167,"6":0.0166693016,"7":0.005176538,"8":0.0014065962,"9":0.0003397402}}