{"consadole-sapporo":{"0":0.5108021857,"1":0.3431430533,"2":0.1152570979,"3":0.025808864,"4":0.0043344237,"5":0.0005823497,"6":0.0000652011,"7":0.0000062572,"8":0.0000005254,"9":0.0000000392},"shimizu-s-pulse":{"0":0.3863050952,"1":0.3674255229,"2":0.1747343182,"3":0.0553982237,"4":0.0131726979,"5":0.0025057839,"6":0.0003972201,"7":0.0000539724,"8":0.0000064168,"9":0.0000006781}}