{"urawa-red-diamonds":{"0":0.1235747441,"1":0.2583835558,"2":0.2701282628,"3":0.1882712135,"4":0.098414498,"5":0.0411551537,"6":0.0143419475,"7":0.0042839583,"8":0.0011196709,"9":0.0002601256},"omiya-ardija":{"0":0.5977937919,"1":0.3075705336,"2":0.0791239675,"3":0.0135700087,"4":0.0017454743,"5":0.0001796126,"6":0.0000154021,"7":0.0000011321,"8":0.0000000728,"9":0.0000000042}}