{"shimizu-s-pulse":{"0":0.3243994046,"1":0.3652022943,"2":0.2055686815,"3":0.0771416892,"4":0.0217111387,"5":0.0048883922,"6":0.0009172089,"7":0.0001475107,"8":0.0000207581,"9":0.0000025966},"fc-tokyo":{"0":0.3727970371,"1":0.3678467189,"2":0.1814810676,"3":0.0596904022,"4":0.0147244455,"5":0.0029057843,"6":0.0004778665,"7":0.0000673601,"8":0.0000083082,"9":0.0000009109}}