{"kawasaki-frontale":{"0":0.3173170315,"1":0.3642335939,"2":0.2090434766,"3":0.0799837904,"4":0.0229524265,"5":0.0052692065,"6":0.0010080465,"7":0.0001652986,"8":0.0000237173,"9":0.0000030249},"kashima-antlers":{"0":0.3974650225,"1":0.3667204442,"2":0.169177005,"3":0.0520302944,"4":0.0120014162,"5":0.0022146174,"6":0.0003405522,"7":0.0000448871,"8":0.0000051769,"9":0.0000005307}}