{"yokohama-fa-marinos":{"0":0.3883036113,"1":0.3673226904,"2":0.173737708,"3":0.0547834224,"4":0.0129558376,"5":0.0024511609,"6":0.0003864532,"7":0.0000522246,"8":0.0000061753,"9":0.0000006491},"urawa-red-diamonds":{"0":0.3794239401,"1":0.3677001667,"2":0.1781693223,"3":0.0575546968,"4":0.0139440803,"5":0.0027026448,"6":0.0004365227,"7":0.0000604335,"8":0.0000073208,"9":0.0000007883}}