{"kashiwa-reysol":{"0":0.0274973487,"1":0.0988162786,"2":0.177556335,"3":0.212692703,"4":0.1910866173,"5":0.1373402841,"6":0.0822591778,"7":0.0422302835,"8":0.0189701901,"9":0.0075747246},"consadole-sapporo":{"0":0.3624338962,"1":0.3678389369,"2":0.186662292,"3":0.0631486732,"4":0.0160226051,"5":0.0032523106,"6":0.0005501355,"7":0.0000797628,"8":0.000010119,"9":0.0000011411}}