{"vissel-kobe":{"0":0.2630308717,"1":0.3512734867,"2":0.2345600379,"3":0.1044170491,"4":0.0348618212,"5":0.00931148,"6":0.0020725552,"7":0.0003954092,"8":0.0000660078,"9":0.0000097947},"jubilo-iwata":{"0":0.2913000539,"1":0.359289903,"2":0.2215743401,"3":0.0910967026,"4":0.0280897008,"5":0.0069291754,"6":0.0014244091,"7":0.0002509812,"8":0.0000386951,"9":0.000005303}}