{"cerezo-osaka":{"0":0.1981425955,"1":0.320746958,"2":0.2596075086,"3":0.1400814709,"4":0.0566898621,"5":0.0183535507,"6":0.0049516911,"7":0.0011450915,"8":0.0002317047,"9":0.0000416751},"nagoya-grampus-eight":{"0":0.2023920707,"1":0.3233311527,"2":0.2582686021,"3":0.1375322076,"4":0.0549285936,"5":0.0175502187,"6":0.0046728876,"7":0.0010664521,"8":0.0002129636,"9":0.0000378022}}