{"omiya-ardija":{"0":0.3173170315,"1":0.3642335939,"2":0.2090434766,"3":0.0799837904,"4":0.0229524265,"5":0.0052692065,"6":0.0010080465,"7":0.0001652986,"8":0.0000237173,"9":0.0000030249},"sagan-tosu":{"0":0.1989633585,"1":0.3212531226,"2":0.2593532035,"3":0.1395868853,"4":0.0563454536,"5":0.0181954638,"6":0.0048965042,"7":0.0011294379,"8":0.0002279537,"9":0.0000408958}}