{"sanfrecce-hiroshima":{"0":0.3883036113,"1":0.3673226904,"2":0.173737708,"3":0.0547834224,"4":0.0129558376,"5":0.0024511609,"6":0.0003864532,"7":0.0000522246,"8":0.0000061753,"9":0.0000006491},"vegalta-sendai":{"0":0.3334325754,"1":0.3662138679,"2":0.2011090202,"3":0.0736269915,"4":0.0202164,"5":0.0044407935,"6":0.0008128981,"7":0.0001275454,"8":0.0000175106,"9":0.0000021369}}