{"gamba-osaka":{"0":0.242580349,"1":0.3435962128,"2":0.2433386668,"3":0.1148901037,"4":0.0406832259,"5":0.0115249256,"6":0.0027206936,"7":0.0005505216,"8":0.0000974714,"9":0.0000153401},"albirex-niigata":{"0":0.2171713866,"1":0.3316355699,"2":0.2532151057,"3":0.1288922653,"4":0.0492068275,"5":0.0150284386,"6":0.0038249091,"7":0.000834414,"8":0.0001592759,"9":0.000027025}}