{"sagan-tosu":{"0":0.3527233651,"1":0.3675628595,"2":0.1915133345,"3":0.06652351,"4":0.0173305584,"5":0.0036119352,"6":0.0006273156,"7":0.0000933868,"8":0.0000121645,"9":0.0000014085},"kashiwa-reysol":{"0":0.5253677863,"1":0.3381565042,"2":0.1088283526,"3":0.0233493667,"4":0.0037572442,"5":0.0004836751,"6":0.0000518868,"7":0.000004771,"8":0.0000003839,"9":0.0000000275}}