{"cerezo-osaka":{"0":0.4263035162,"1":0.3634679582,"2":0.1549470643,"3":0.0440361471,"4":0.0093863456,"5":0.0016005666,"6":0.0002274415,"7":0.0000277025,"8":0.0000029524,"9":0.0000002797},"shimizu-s-pulse":{"0":0.3698187722,"1":0.3678743384,"2":0.182970064,"3":0.0606693479,"4":0.0150875901,"5":0.0030016525,"6":0.0004976451,"7":0.0000707184,"8":0.0000087933,"9":0.0000009719}}