{"vegalta-sendai":{"0":0.0414435536,"1":0.1319323589,"2":0.2099982484,"3":0.2228377465,"4":0.1773466981,"5":0.1129139091,"6":0.0599087879,"7":0.0272450013,"8":0.0108415453,"9":0.0038348026},"vissel-kobe":{"0":0.3251484143,"1":0.3652956405,"2":0.2051999935,"3":0.0768455878,"4":0.0215834962,"5":0.0048496974,"6":0.0009080844,"7":0.0001457441,"8":0.0000204675,"9":0.000002555}}