{"urawa-red-diamonds":{"0":0.1398648678,"1":0.2751251817,"2":0.2705964221,"3":0.1774281394,"4":0.0872537719,"5":0.0343270047,"6":0.0112539858,"7":0.0031624963,"8":0.0007776098,"9":0.0001699577},"gamba-osaka":{"0":0.3139309915,"1":0.3637148241,"2":0.2106967405,"3":0.0813698233,"4":0.023568405,"5":0.0054611864,"6":0.0010545388,"7":0.0001745385,"8":0.0000252772,"9":0.000003254}}