{"jubilo-iwata":{"0":0.2342289295,"1":0.3399730579,"2":0.2467280202,"3":0.1193716473,"4":0.0433156827,"5":0.0125741642,"6":0.0030418083,"7":0.0006307217,"8":0.0001144331,"9":0.000018455},"albirex-niigata":{"0":0.433114249,"1":0.3624099639,"2":0.1516239448,"3":0.0422906339,"4":0.0088467114,"5":0.0014805038,"6":0.0002064695,"7":0.0000246806,"8":0.0000025814,"9":0.00000024}}