{"nagoya-grampus-eight":{"0":0.3232196705,"1":0.3650517598,"2":0.2061489437,"3":0.0776097925,"4":0.021913573,"5":0.0049499391,"6":0.0009317626,"7":0.0001503363,"8":0.0000212242,"9":0.0000026635},"sanfrecce-hiroshima":{"0":0.0979255727,"1":0.2275347246,"2":0.2643438761,"3":0.204738522,"4":0.1189299229,"5":0.0552678662,"6":0.0214029192,"7":0.0071043858,"8":0.0020634223,"9":0.0005327178}}