{"fc-tokyo":{"0":0.2941864046,"1":0.3599493287,"2":0.2202065038,"3":0.0898106121,"4":0.0274717569,"5":0.0067225679,"6":0.0013708903,"7":0.0002396202,"8":0.0000366482,"9":0.0000049823},"kawasaki-frontale":{"0":0.2188775956,"1":0.3325281739,"2":0.2525954887,"3":0.1279179448,"4":0.0485845987,"5":0.0147623587,"6":0.0037379341,"7":0.0008112613,"8":0.0001540628,"9":0.0000260065}}