{"consadole-sapporo":{"0":0.2928322558,"1":0.3596434986,"2":0.2208490416,"3":0.0904123099,"4":0.0277600903,"5":0.0068187406,"6":0.0013957455,"7":0.0002448846,"8":0.0000375945,"9":0.0000051302},"omiya-ardija":{"0":0.3741721293,"1":0.3678259263,"2":0.1807936795,"3":0.0592424337,"4":0.0145594108,"5":0.0028624948,"6":0.0004689908,"7":0.0000658623,"8":0.0000080932,"9":0.000000884}}