{"kashima-antlers":{"0":0.2030141374,"1":0.3237019128,"2":0.2580680579,"3":0.1371614231,"4":0.0546752748,"5":0.0174357227,"6":0.0046334842,"7":0.001055428,"8":0.0002103573,"9":0.0000372678},"yokohama-fa-marinos":{"0":0.4648666507,"1":0.3560900334,"2":0.1363833173,"3":0.0348234201,"4":0.0066687258,"5":0.001021655,"6":0.0001304321,"7":0.0000142731,"8":0.0000013667,"9":0.0000001163}}