{"vissel-kobe":{"0":0.3317591035,"1":0.3660451347,"2":0.2019372478,"3":0.074268896,"4":0.0204860754,"5":0.0045206465,"6":0.0008313063,"7":0.0001310312,"8":0.0000180716,"9":0.0000022155},"cerezo-osaka":{"0":0.4357193733,"1":0.361976868,"2":0.1503573871,"3":0.0416368114,"4":0.0086475169,"5":0.0014367968,"6":0.0001989381,"7":0.0000236099,"8":0.0000024518,"9":0.0000002263}}