{"albirex-niigata":{"0":0.6477910111,"1":0.2812625318,"2":0.0610602883,"3":0.0088371975,"4":0.0009592494,"5":0.0000832988,"6":0.0000060279,"7":0.0000003739,"8":0.0000000203,"9":0.000000001},"nagoya-grampus-eight":{"0":0.2372976172,"1":0.3413384217,"2":0.2454974464,"3":0.1177111285,"4":0.0423301035,"5":0.0121778642,"6":0.0029195215,"7":0.0005999367,"8":0.0001078716,"9":0.0000172408}}