{"fc-tokyo":{"0":0.2073618587,"1":0.3262403184,"2":0.2566352993,"3":0.1345872417,"4":0.0529361871,"5":0.0166567937,"6":0.0043676609,"7":0.0009816567,"8":0.0001930538,"9":0.0000337477},"jubilo-iwata":{"0":0.1502647648,"1":0.28480529,"2":0.2699037706,"3":0.1705212834,"4":0.0807996533,"5":0.0306288287,"6":0.0096754246,"7":0.0026197683,"8":0.0006206744,"9":0.000130711}}