{"shimizu-s-pulse":{"0":0.3455971487,"1":0.3671905743,"2":0.1950665947,"3":0.0690848822,"4":0.0183503522,"5":0.0038993819,"6":0.0006905035,"7":0.0001048067,"8":0.0000139194,"9":0.0000016432},"vegalta-sendai":{"0":0.2826429153,"1":0.3571393802,"2":0.225635475,"3":0.095035478,"4":0.0300210176,"5":0.0075867372,"6":0.0015977301,"7":0.0002884065,"8":0.0000455528,"9":0.0000063955}}