{"omiya-ardija":{"0":0.4239422107,"1":0.3638094541,"2":0.1561030202,"3":0.0446536919,"4":0.0095799822,"5":0.0016442279,"6":0.0002351679,"7":0.0000288302,"8":0.0000030926,"9":0.0000002949},"yokohama-fa-marinos":{"0":0.2956900721,"1":0.3602816247,"2":0.2194913888,"3":0.0891459467,"4":0.0271548232,"5":0.0066173232,"6":0.0013438057,"7":0.0002339073,"8":0.0000356254,"9":0.0000048231}}