{"gamba-osaka":{"0":0.1014264193,"1":0.2321064165,"2":0.2655786774,"3":0.202585334,"4":0.1159001674,"5":0.0530456911,"6":0.0202318182,"7":0.006614133,"8":0.0018919907,"9":0.0004810747},"kashima-antlers":{"0":0.2440858069,"1":0.3442184572,"2":0.2427145351,"3":0.1140948804,"4":0.0402251612,"5":0.0113453896,"6":0.0026666118,"7":0.0005372215,"8":0.0000947011,"9":0.000014839}}