{"kawasaki-frontale":{"0":0.0417398251,"1":0.1325781885,"2":0.2105540213,"3":0.2229275489,"4":0.1770211692,"5":0.1124544526,"6":0.0595315049,"7":0.0270128419,"8":0.0107251097,"9":0.003785129},"consadole-sapporo":{"0":0.3924403563,"1":0.3670772154,"2":0.1716766381,"3":0.0535270997,"4":0.0125169203,"5":0.0023415921,"6":0.0003650428,"7":0.0000487786,"8":0.0000057033,"9":0.0000005927}}