{"sanfrecce-hiroshima":{"0":0.2414781897,"1":0.3431347415,"2":0.2437931371,"3":0.1154747422,"4":0.0410217128,"5":0.0116581749,"6":0.002760998,"7":0.0005604732,"8":0.0000995524,"9":0.0000157179},"sagan-tosu":{"0":0.3828983497,"1":0.3675769519,"2":0.1764343144,"3":0.0564581414,"4":0.0135497525,"5":0.0026015138,"6":0.000416236,"7":0.0000570829,"8":0.0000068499,"9":0.0000007306}}