{"kashiwa-reysol":{"0":0.3178250923,"1":0.3643083062,"2":0.2087949396,"3":0.0797773499,"4":0.022861278,"5":0.0052409666,"6":0.0010012466,"7":0.0001639547,"8":0.0000234917,"9":0.0000029919},"urawa-red-diamonds":{"0":0.1607885485,"1":0.2938676251,"2":0.2685458072,"3":0.1636039368,"4":0.074753303,"5":0.0273248012,"6":0.0083234311,"7":0.0021732064,"8":0.0004964867,"9":0.0001008235}}