{"nagoya-grampus-eight":{"0":0.2123853688,"1":0.3290598822,"2":0.2549149376,"3":0.131651064,"4":0.0509934887,"5":0.0158013817,"6":0.0040803194,"7":0.0009031221,"8":0.0001749068,"9":0.0000301103},"omiya-ardija":{"0":0.3675238303,"1":0.3678792692,"2":0.1841175259,"3":0.0614318631,"4":0.0153728187,"5":0.0030775372,"6":0.0005134189,"7":0.0000734165,"8":0.0000091859,"9":0.0000010216}}