{"jubilo-iwata":{"0":0.2013518218,"1":0.3227068757,"2":0.2586014039,"3":0.1381536231,"4":0.0553547562,"5":0.0177434307,"6":0.0047395706,"7":0.0010851596,"8":0.0002173984,"9":0.0000387139},"shimizu-s-pulse":{"0":0.451485164,"1":0.3590267661,"2":0.1427513339,"3":0.0378392277,"4":0.0075225592,"5":0.001196407,"6":0.0001585664,"7":0.0000180134,"8":0.0000017906,"9":0.0000001582}}