{"kashima-antlers":{"0":0.2013518218,"1":0.3227068757,"2":0.2586014039,"3":0.1381536231,"4":0.0553547562,"5":0.0177434307,"6":0.0047395706,"7":0.0010851596,"8":0.0002173984,"9":0.0000387139},"fc-tokyo":{"0":0.4590803725,"1":0.3574078336,"2":0.1391263569,"3":0.03610468,"4":0.007027144,"5":0.0010941684,"6":0.0001419738,"7":0.0000157901,"8":0.0000015366,"9":0.0000001329}}