{"cerezo-osaka":{"0":0.223321606,"1":0.334790881,"2":0.2509495969,"3":0.1254030576,"4":0.0469992591,"5":0.0140917161,"6":0.0035209148,"7":0.0007540504,"8":0.0001413036,"9":0.0000235371},"sagan-tosu":{"0":0.2662017053,"1":0.3523182144,"2":0.2331467487,"3":0.1028566491,"4":0.0340327187,"5":0.0090084672,"6":0.0019871192,"7":0.0003757077,"8":0.0000621562,"9":0.0000091404}}