{"vegalta-sendai":{"0":0.0863009876,"1":0.2114300183,"2":0.2589927059,"3":0.2115033058,"4":0.12954124,"5":0.0634729856,"6":0.0259172285,"7":0.0090707124,"8":0.0027778084,"9":0.0007561547},"gamba-osaka":{"0":0.2479121446,"1":0.3457583209,"2":0.2411112546,"3":0.1120910833,"4":0.0390828218,"5":0.0109016126,"6":0.0025340451,"7":0.0005048834,"8":0.0000880189,"9":0.0000136398}}