{"kashiwa-reysol":{"0":0.1927835096,"1":0.3173577905,"2":0.261215203,"3":0.1433363947,"4":0.0589896429,"5":0.0194216017,"6":0.0053285994,"7":0.0012531248,"8":0.0002578598,"9":0.0000471651},"kawasaki-frontale":{"0":0.1125983455,"1":0.2459067084,"2":0.2685213045,"3":0.1954770882,"4":0.1067269842,"5":0.0466168153,"6":0.0169679634,"7":0.0052938307,"8":0.0014451683,"9":0.0003506827}}