{"yokohama-fa-marinos":{"0":0.2839806399,"1":0.3574888049,"2":0.2250122503,"3":0.0944188314,"4":0.0297147679,"5":0.0074812824,"6":0.0015696344,"7":0.0002822761,"8":0.0000444179,"9":0.0000062128},"sanfrecce-hiroshima":{"0":0.1650113842,"1":0.2973077454,"2":0.2678357494,"3":0.1608568669,"4":0.0724555955,"5":0.0261092407,"6":0.0078403474,"7":0.0020180391,"8":0.0004544979,"9":0.0000909875}}