{"urawa-red-diamonds":{"0":0.0379739047,"1":0.1242071768,"2":0.2031318993,"3":0.2214717356,"4":0.1811005429,"5":0.1184707621,"6":0.0645834686,"7":0.0301776044,"8":0.0123383251,"9":0.0044840984},"consadole-sapporo":{"0":0.4828853202,"1":0.3515289653,"2":0.1279523401,"3":0.0310487479,"4":0.0056506865,"5":0.0008227129,"6":0.0000998192,"7":0.0000103809,"8":0.0000009446,"9":0.0000000764}}