{"albirex-niigata":{"0":0.3446657739,"1":0.3671311245,"2":0.1955303845,"3":0.069425025,"4":0.0184875388,"5":0.0039385117,"6":0.000699204,"7":0.0001063969,"8":0.0000141665,"9":0.0000016767},"vissel-kobe":{"0":0.2360246012,"1":0.3407768596,"2":0.2460100927,"3":0.1183980348,"4":0.0427363401,"5":0.01234071,"6":0.0029696257,"7":0.0006125147,"8":0.0001105451,"9":0.0000177341}}