{"shimizu-s-pulse":{"0":0.1712371429,"1":0.3021831934,"2":0.2666322295,"3":0.1568424879,"4":0.0691952153,"5":0.0244218407,"6":0.0071828943,"7":0.0018108137,"8":0.0003994442,"9":0.0000783224},"vissel-kobe":{"0":0.2216139928,"1":0.3339319937,"2":0.2515873998,"3":0.1263654894,"4":0.0476024543,"5":0.0143456487,"6":0.0036027141,"7":0.0007755193,"8":0.0001460708,"9":0.0000244558}}