{"kawasaki-frontale":{"0":0.2218214826,"1":0.3340370562,"2":0.2515102541,"3":0.1262482844,"4":0.0475287659,"5":0.014314546,"6":0.0035926704,"7":0.000772877,"8":0.0001454827,"9":0.0000243422},"gamba-osaka":{"0":0.0971190065,"1":0.226463865,"2":0.264036279,"3":0.2052281987,"4":0.1196387113,"5":0.0557951444,"6":0.021684022,"7":0.0072233138,"8":0.0021054318,"9":0.0005454982}}