{"vegalta-sendai":{"0":0.2584789095,"1":0.3497067599,"2":0.2365663376,"3":0.1066867797,"4":0.0360852343,"5":0.0097642399,"6":0.0022017404,"7":0.0004255465,"8":0.0000719674,"9":0.0000108186},"urawa-red-diamonds":{"0":0.4198874436,"1":0.364365137,"2":0.1580923115,"3":0.045729181,"4":0.0099205868,"5":0.0017217547,"6":0.0002490141,"7":0.0000308695,"8":0.0000033484,"9":0.0000003229}}