{"consadole-sapporo":{"0":0.3678794412,"1":0.3678794412,"2":0.1839397206,"3":0.0613132402,"4":0.01532831,"5":0.003065662,"6":0.0005109437,"7":0.000072992,"8":0.000009124,"9":0.0000010138},"kashima-antlers":{"0":0.1818550288,"1":0.3099801627,"2":0.2641876386,"3":0.1501066129,"4":0.0639658862,"5":0.0218065521,"6":0.0061950432,"7":0.0015085332,"8":0.0003214204,"9":0.0000608751}}