{"omiya-ardija":{"0":0.534903753,"1":0.3346724016,"2":0.1046969813,"3":0.0218351993,"4":0.0034153988,"5":0.0004273815,"6":0.0000445665,"7":0.0000039834,"8":0.0000003115,"9":0.0000000217},"albirex-niigata":{"0":0.4579516191,"1":0.3576564298,"2":0.1396633579,"3":0.0363586428,"4":0.0070989499,"5":0.0011088442,"6":0.000144333,"7":0.0000161033,"8":0.0000015721,"9":0.0000001364}}