{"sanfrecce-hiroshima":{"0":0.2335064791,"1":0.3396457878,"2":0.2470151184,"3":0.1197649059,"4":0.0435508749,"5":0.0126693454,"6":0.0030713565,"7":0.0006382039,"8":0.0001160371,"9":0.0000187535},"kashiwa-reysol":{"0":0.1807313144,"1":0.3091849758,"2":0.2644681405,"3":0.1508124107,"4":0.0645003492,"5":0.0220687145,"6":0.0062923194,"7":0.0015377924,"8":0.0003288461,"9":0.0000625079}}