{"cerezo-osaka":{"0":0.1605938125,"1":0.293706331,"2":0.2685763775,"3":0.1637310537,"4":0.0748609898,"5":0.0273823086,"6":0.0083464791,"7":0.0021806691,"8":0.0004985219,"9":0.0001013039},"fc-tokyo":{"0":0.3276850061,"1":0.3655989737,"2":0.2039498407,"3":0.0758491143,"4":0.0211562612,"5":0.0047208186,"6":0.0008778382,"7":0.0001399152,"8":0.000019513,"9":0.000002419}}