{"sagan-tosu":{"0":0.2048875232,"1":0.3248069853,"2":0.2574573016,"3":0.1360485153,"4":0.0539192277,"5":0.0170955669,"6":0.0045169169,"7":0.0010229488,"8":0.0002027093,"9":0.000035706},"nagoya-grampus-eight":{"0":0.5488116361,"1":0.3292869817,"2":0.0987860945,"3":0.0197572189,"4":0.0029635828,"5":0.0003556299,"6":0.000035563,"7":0.0000030483,"8":0.0000002286,"9":0.0000000152}}