{"yokohama-fa-marinos":{"0":0.1495686192,"1":0.2841803765,"2":0.2699713577,"3":0.1709818599,"4":0.0812163834,"5":0.0308622257,"6":0.0097730381,"7":0.0026526818,"8":0.0006300119,"9":0.0001330025},"jubilo-iwata":{"0":0.2930908273,"1":0.3597023789,"2":0.2207264598,"3":0.0902971881,"4":0.0277048191,"5":0.0068002738,"6":0.0013909651,"7":0.0002438705,"8":0.000037412,"9":0.0000051016}}