{"albirex-niigata":{"0":0.3886795709,"1":0.3673021945,"2":0.1735502869,"3":0.0546683404,"4":0.0129153954,"5":0.0024410097,"6":0.000384459,"7":0.000051902,"8":0.0000061309,"9":0.0000006437},"sagan-tosu":{"0":0.286771189,"1":0.3581974703,"2":0.2237069703,"3":0.0931419356,"4":0.0290852141,"5":0.0072658973,"6":0.0015126032,"7":0.0002699069,"8":0.0000421416,"9":0.0000058486}}