{"urawa-red-diamonds":{"0":0.2165356673,"1":0.331299571,"2":0.2534441718,"3":0.1292565276,"4":0.0494406218,"5":0.0151288303,"6":0.0038578517,"7":0.0008432162,"8":0.0001612651,"9":0.0000274151},"cerezo-osaka":{"0":0.2279086453,"1":0.3370336769,"2":0.2492044548,"3":0.1228420472,"4":0.0454150245,"5":0.0134320422,"6":0.003310574,"7":0.0006993873,"8":0.0001292827,"9":0.0000212427}}