{"fc-tokyo":{"0":0.0525781552,"1":0.1548665663,"2":0.2280762158,"3":0.2239293755,"4":0.1648934492,"5":0.0971372319,"6":0.0476855502,"7":0.0200650887,"8":0.0073876008,"9":0.0024177603},"consadole-sapporo":{"0":0.4646479948,"1":0.3561411464,"2":0.1364866712,"3":0.0348712144,"4":0.0066819799,"5":0.0010243143,"6":0.0001308519,"7":0.0000143278,"8":0.0000013727,"9":0.0000001169}}