{"jubilo-iwata":{"0":0.182351674,"1":0.3103293942,"2":0.2640621027,"3":0.1497952292,"4":0.0637310611,"5":0.0216917357,"6":0.006152565,"7":0.0014957924,"8":0.0003181958,"9":0.0000601679},"vegalta-sendai":{"0":0.35988639,"1":0.3677919714,"2":0.1879356069,"3":0.064021322,"4":0.0163569177,"5":0.0033432456,"6":0.0005694477,"7":0.0000831367,"8":0.0000106204,"9":0.000001206}}