{"kashiwa-reysol":{"0":0.206725462,"1":0.3258745011,"2":0.2568483567,"3":0.1349621365,"4":0.0531873511,"5":0.0167685212,"6":0.0044055479,"7":0.0009921065,"8":0.0001954901,"9":0.0000342404},"omiya-ardija":{"0":0.3555344413,"1":0.3676699528,"2":0.1901098438,"3":0.0655329641,"4":0.0169424527,"5":0.0035041504,"6":0.0006039597,"7":0.000089225,"8":0.0000115338,"9":0.0000013253}}