{"vissel-kobe":{"0":0.4240092534,"1":0.3637999394,"2":0.156070174,"3":0.0446360698,"4":0.009574437,"5":0.0016429734,"6":0.0002349452,"7":0.0000287976,"8":0.0000030885,"9":0.0000002944},"kawasaki-frontale":{"0":0.3840904054,"1":0.3675273991,"2":0.1758393169,"3":0.0560855517,"4":0.0134167481,"5":0.0025676364,"6":0.0004094855,"7":0.0000559753,"8":0.0000066952,"9":0.0000007118}}