{"kashima-antlers":{"0":0.2421538967,"1":0.3434182535,"2":0.2435147616,"3":0.1151160691,"4":0.040813879,"5":0.0115763002,"6":0.0027362164,"7":0.0005543503,"8":0.0000982712,"9":0.0000154852},"shimizu-s-pulse":{"0":0.5442679384,"1":0.3310855996,"2":0.1007019397,"3":0.0204194538,"4":0.003105358,"5":0.0003778063,"6":0.0000383041,"7":0.0000033287,"8":0.0000002531,"9":0.0000000171}}