{"gamba-osaka":{"0":0.2078561363,"1":0.3265230941,"2":0.2564690485,"3":0.1342965199,"4":0.052741906,"5":0.0165705479,"6":0.0043384707,"7":0.0009736204,"8":0.0001911837,"9":0.0000333702},"sanfrecce-hiroshima":{"0":0.0194118368,"1":0.0765189809,"2":0.1508140239,"3":0.1981632055,"4":0.1952835103,"5":0.1539565302,"6":0.1011461625,"7":0.0569578931,"8":0.0280650923,"9":0.0122921121}}