{"nagoya-grampus-eight":{"0":0.4184491089,"1":0.3645528637,"2":0.1587992274,"3":0.0461152956,"4":0.0100439114,"5":0.0017500511,"6":0.0002541074,"7":0.0000316255,"8":0.000003444,"9":0.0000003334},"yokohama-fa-marinos":{"0":0.2903756279,"1":0.3590726723,"2":0.2220110292,"3":0.0915114607,"4":0.0282903088,"5":0.0069966456,"6":0.0014419852,"7":0.0002547329,"8":0.0000393747,"9":0.00000541}}