{"vegalta-sendai":{"0":0.0965106234,"1":0.2256516999,"2":0.2637983668,"3":0.2055958464,"4":0.1201760246,"5":0.0561967653,"6":0.0218989633,"7":0.0073145734,"8":0.0021377775,"9":0.0005553714},"cerezo-osaka":{"0":0.3486508768,"1":0.3673679239,"2":0.1935448904,"3":0.0679783984,"4":0.0179069412,"5":0.0037736523,"6":0.0006627063,"7":0.0000997547,"8":0.0000131387,"9":0.0000015382}}