{"vissel-kobe":{"0":0.4815925115,"1":0.351878908,"2":0.1285513821,"3":0.0313089862,"4":0.005719032,"5":0.0008357301,"6":0.000101772,"7":0.0000106229,"8":0.0000009702,"9":0.0000000788},"yokohama-fa-marinos":{"0":0.3486508768,"1":0.3673679239,"2":0.1935448904,"3":0.0679783984,"4":0.0179069412,"5":0.0037736523,"6":0.0006627063,"7":0.0000997547,"8":0.0000131387,"9":0.0000015382}}