{"omiya-ardija":{"0":0.394582511,"1":0.3669329336,"2":0.1706104224,"3":0.0528850798,"4":0.012294816,"5":0.0022866563,"6":0.0003544039,"7":0.0000470814,"8":0.0000054728,"9":0.0000005655},"kashima-antlers":{"0":0.3178426499,"1":0.3643108735,"2":0.2087863486,"3":0.0797702228,"4":0.022858134,"5":0.0052399933,"6":0.0010010124,"7":0.0001639085,"8":0.000023484,"9":0.0000029908}}