{"kawasaki-frontale":{"0":0.4216820649,"1":0.364124002,"2":0.1572112023,"3":0.0452508157,"4":0.0097685611,"5":0.0016870376,"6":0.0002427939,"7":0.0000299505,"8":0.0000032328,"9":0.0000003102},"urawa-red-diamonds":{"0":0.2527287256,"1":0.3476128436,"2":0.2390600608,"3":0.1096041449,"4":0.0376884428,"5":0.0103676278,"6":0.0023766726,"7":0.0004669953,"8":0.0000802904,"9":0.0000122705}}