{"sanfrecce-hiroshima":{"0":0.0153286876,"1":0.0640437045,"2":0.1337882337,"3":0.1863237155,"4":0.1946164809,"5":0.1626226679,"6":0.1132403757,"7":0.0675887994,"8":0.0352984972,"9":0.0163864613},"consadole-sapporo":{"0":0.538510993,"1":0.333309962,"2":0.1031506619,"3":0.0212816102,"4":0.0032930492,"5":0.0004076448,"6":0.0000420518,"7":0.0000037183,"8":0.0000002877,"9":0.0000000198}}