{"nagoya-grampus-eight":{"0":0.3305306251,"1":0.3659158988,"2":0.2025446885,"3":0.0747427683,"4":0.0206861068,"5":0.0045801356,"6":0.0008450777,"7":0.0001336498,"8":0.0000184947,"9":0.000002275},"fc-tokyo":{"0":0.4786229725,"1":0.3526695587,"2":0.12993089,"3":0.0319128502,"4":0.0058786829,"5":0.0008663322,"6":0.0001063917,"7":0.0000111991,"8":0.0000010315,"9":0.0000000845}}