{"kashiwa-reysol":{"0":0.2648829753,"1":0.3518883321,"2":0.2337360454,"3":0.103503553,"4":0.0343752676,"5":0.0091332828,"6":0.002022211,"7":0.0003837773,"8":0.0000637294,"9":0.0000094069},"gamba-osaka":{"0":0.0670877117,"1":0.1812545193,"2":0.2448525963,"3":0.2205105253,"4":0.1489413197,"5":0.0804805728,"6":0.0362397901,"7":0.0139872874,"8":0.0047237769,"9":0.0014180539}}