{"sagan-tosu":{"0":0.1816476928,"1":0.3098339669,"2":0.2642397641,"3":0.1502367083,"4":0.0640641708,"5":0.0218546747,"6":0.0062128696,"7":0.0015138866,"8":0.0003227769,"9":0.0000611729},"jubilo-iwata":{"0":0.3882643426,"1":0.3673248102,"2":0.1737572851,"3":0.0547954531,"4":0.0129600682,"5":0.0024522234,"6":0.000386662,"7":0.0000522584,"8":0.00000618,"9":0.0000006496}}