{"shimizu-s-pulse":{"0":0.4597128219,"1":0.3572673295,"2":0.1388257393,"3":0.0359629598,"4":0.0069871831,"5":0.0010860225,"6":0.0001406677,"7":0.0000156172,"8":0.0000015171,"9":0.000000131},"albirex-niigata":{"0":0.395177182,"1":0.3668908153,"2":0.1703145785,"3":0.0527078801,"4":0.0122337764,"5":0.0022716191,"6":0.0003515032,"7":0.0000466204,"8":0.0000054104,"9":0.0000005581}}