{"cerezo-osaka":{"0":0.2343783696,"1":0.3400404759,"2":0.2466685075,"3":0.1192904118,"4":0.0432671842,"5":0.0125545663,"6":0.0030357329,"7":0.0006291853,"8":0.0001141042,"9":0.0000183938},"omiya-ardija":{"0":0.2362929508,"1":0.3408958058,"2":0.2459022795,"3":0.1182530067,"4":0.0426503985,"5":0.0123062003,"6":0.0029589909,"7":0.0006098408,"8":0.0001099759,"9":0.0000176289}}