{"shimizu-s-pulse":{"0":0.3368512371,"1":0.3665325063,"2":0.1994145536,"3":0.0723285811,"4":0.0196754332,"5":0.0042818224,"6":0.0007765184,"7":0.0001207058,"8":0.0000164177,"9":0.0000019849},"gamba-osaka":{"0":0.0832544533,"1":0.2069583873,"2":0.2572341321,"3":0.2131488028,"4":0.1324641828,"5":0.0658573147,"6":0.0272852744,"7":0.0096895999,"8":0.0030108659,"9":0.0008316191}}