{"consadole-sapporo":{"0":0.4001480107,"1":0.3665038755,"2":0.1678442566,"3":0.0512440138,"4":0.0117338642,"5":0.002149458,"6":0.0003281222,"7":0.0000429334,"8":0.0000049155,"9":0.0000005002},"sagan-tosu":{"0":0.0693979121,"1":0.1851465854,"2":0.2469761484,"3":0.2196357651,"4":0.1464914819,"5":0.0781648809,"6":0.0347559947,"7":0.0132464951,"8":0.0044175381,"9":0.0013095048}}