{"albirex-niigata":{"0":0.4421591432,"1":0.3608396253,"2":0.1472379767,"3":0.0400529215,"4":0.0081716512,"5":0.0013337531,"6":0.0001814094,"7":0.0000211494,"8":0.0000021575,"9":0.0000001956},"kawasaki-frontale":{"0":0.2864116397,"1":0.3581076916,"2":0.2238755362,"3":0.0933057418,"4":0.0291656301,"5":0.0072933045,"6":0.0015198337,"7":0.0002714695,"8":0.0000424281,"9":0.0000058943}}