{"kashima-antlers":{"0":0.1495863627,"1":0.2841963446,"2":0.2699696711,"3":0.1709701168,"4":0.0812057352,"5":0.0308562528,"6":0.0097705367,"7":0.0026518372,"8":0.000629772,"9":0.0001329436},"vegalta-sendai":{"0":0.372898183,"1":0.3678453621,"2":0.1814305038,"3":0.0596573653,"4":0.01471225,"5":0.0029025794,"6":0.0004772082,"7":0.0000672488,"8":0.0000082922,"9":0.0000009089}}