{"jubilo-iwata":{"0":0.0843326578,"1":0.2085534897,"2":0.2578749394,"3":0.2125737125,"4":0.1314229585,"5":0.0650014296,"6":0.0267912719,"7":0.0094649204,"8":0.0029258271,"9":0.0008039477},"nagoya-grampus-eight":{"0":0.2261853255,"1":0.3362020016,"2":0.249865427,"3":0.1238000395,"4":0.046004113,"5":0.0136761081,"6":0.0033880292,"7":0.0007194241,"8":0.000133669,"9":0.0000220762}}