{"yokohama-fa-marinos":{"0":0.2343783696,"1":0.3400404759,"2":0.2466685075,"3":0.1192904118,"4":0.0432671842,"5":0.0125545663,"6":0.0030357329,"7":0.0006291853,"8":0.0001141042,"9":0.0000183938},"kashiwa-reysol":{"0":0.271956318,"1":0.3541180804,"2":0.2305510234,"3":0.1000678914,"4":0.0325749461,"5":0.0084832575,"6":0.0018410278,"7":0.0003424611,"8":0.0000557404,"9":0.0000080645}}