{"urawa-red-diamonds":{"0":0.4308510318,"1":0.3627735022,"2":0.1527263534,"3":0.0428648342,"4":0.0090229713,"5":0.0015194555,"6":0.0002132285,"7":0.0000256481,"8":0.0000026994,"9":0.0000002525},"sanfrecce-hiroshima":{"0":0.1397405934,"1":0.2750049433,"2":0.2706003926,"3":0.1775109242,"4":0.0873339315,"5":0.0343740674,"6":0.0112745078,"7":0.003169695,"8":0.0007797321,"9":0.0001704986}}