{"fc-tokyo":{"0":0.1350728361,"1":0.2704078647,"2":0.2706703117,"3":0.1806220089,"4":0.0903986567,"5":0.0361945576,"6":0.0120765622,"7":0.0034537952,"8":0.0008642868,"9":0.0001922501},"vissel-kobe":{"0":0.2694075653,"1":0.3533360862,"2":0.2317054268,"3":0.101296201,"4":0.0332132499,"5":0.0087120343,"6":0.001904349,"7":0.0003568015,"8":0.0000584945,"9":0.0000085241}}