{"vegalta-sendai":{"0":0.3603023251,"1":0.3678008679,"2":0.1877277345,"3":0.0638782294,"4":0.0163019127,"5":0.003328237,"6":0.0005662506,"7":0.0000825765,"8":0.0000105369,"9":0.0000011951},"albirex-niigata":{"0":0.4555544639,"1":0.3581751417,"2":0.1408058117,"3":0.0369023871,"4":0.0072535332,"5":0.0011406036,"6":0.0001494647,"7":0.0000167879,"8":0.0000016499,"9":0.0000001441}}