{"gamba-osaka":{"0":0.0959001079,"1":0.2248328327,"2":0.2635544618,"3":0.2059632587,"4":0.1207175463,"5":0.0566032062,"6":0.0221172139,"7":0.0074075231,"8":0.0021708192,"9":0.0005654859},"fc-tokyo":{"0":0.2806376597,"1":0.3566037229,"2":0.2265665544,"3":0.0959653537,"4":0.0304855756,"5":0.0077475488,"6":0.00164079,"7":0.0002978481,"8":0.0000473091,"9":0.0000066795}}