{"sagan-tosu":{"0":0.2333759629,"1":0.3395864258,"2":0.2470668768,"3":0.1198360456,"4":0.0435934938,"5":0.0126866183,"6":0.003076726,"7":0.0006395654,"8":0.0001163293,"9":0.0000188079},"urawa-red-diamonds":{"0":0.3608835315,"1":0.3678124954,"2":0.1874372476,"3":0.0636786809,"4":0.0162253279,"5":0.0033073708,"6":0.0005618121,"7":0.0000817998,"8":0.0000104213,"9":0.0000011802}}