{"omiya-ardija":{"0":0.2610160363,"1":0.3505898052,"2":0.2354514559,"3":0.10541738,"4":0.035398456,"5":0.0095092531,"6":0.0021287627,"7":0.0004084711,"8":0.0000685809,"9":0.0000102351},"jubilo-iwata":{"0":0.3788304003,"1":0.3677180419,"2":0.178465823,"3":0.0577436085,"4":0.014012449,"5":0.0027202834,"6":0.0004400814,"7":0.0000610246,"8":0.0000074043,"9":0.0000007986}}