{"kawasaki-frontale":{"0":0.2812383677,"1":0.3567656866,"2":0.226288035,"3":0.0956860981,"4":0.0303457142,"5":0.0076990274,"6":0.0016277703,"7":0.0002949875,"8":0.0000467759,"9":0.0000065931},"shimizu-s-pulse":{"0":0.3222445839,"1":0.3649240888,"2":0.2066281285,"3":0.0779982921,"4":0.0220821831,"5":0.0050013691,"6":0.0009439621,"7":0.0001527121,"8":0.0000216172,"9":0.00000272}}