{"sanfrecce-hiroshima":{"0":0.1480372862,"1":0.2827943108,"2":0.2701097279,"3":0.17199607,"4":0.0821406406,"5":0.031382507,"6":0.0099916206,"7":0.0027267006,"8":0.000651099,"9":0.0001381987},"cerezo-osaka":{"0":0.478983615,"1":0.3525745169,"2":0.1297630922,"3":0.0318390568,"4":0.005859094,"5":0.0008625628,"6":0.0001058205,"7":0.0000111276,"8":0.0000010239,"9":0.0000000837}}