{"nagoya-grampus-eight":{"0":0.4436940963,"1":0.3605546638,"2":0.1464969522,"3":0.0396821141,"4":0.0080616192,"5":0.0013102065,"6":0.00017745,"7":0.0000205999,"8":0.0000020925,"9":0.0000001889},"kashima-antlers":{"0":0.4828737725,"1":0.3515321064,"2":0.1279576867,"3":0.0310510653,"4":0.0056512939,"5":0.0008228284,"6":0.0000998365,"7":0.000010383,"8":0.0000009449,"9":0.0000000764}}