{"kashiwa-reysol":{"0":0.2338513926,"1":0.339802312,"2":0.2468781776,"3":0.1195770451,"4":0.0434384375,"5":0.0126238132,"6":0.0030572129,"7":0.0006346204,"8":0.0001152684,"9":0.0000186103},"vissel-kobe":{"0":0.2069812079,"1":0.3260217456,"2":0.2567628715,"3":0.1348114005,"4":0.0530862784,"5":0.016723529,"6":0.0043902811,"7":0.0009878931,"8":0.0001945072,"9":0.0000340415}}