{"consadole-sapporo":{"0":0.5143399511,"1":0.3419696398,"2":0.1136828223,"3":0.0251947982,"4":0.0041878217,"5":0.0005568721,"6":0.000061708,"7":0.0000058611,"8":0.0000004871,"9":0.000000036},"yokohama-fa-marinos":{"0":0.1742611923,"1":0.3044691552,"2":0.265984254,"3":0.1549092295,"4":0.0676643515,"5":0.023644631,"6":0.0068853165,"7":0.001718575,"8":0.0003753368,"9":0.0000728654}}