{"albirex-niigata":{"0":0.1709352262,"1":0.3019520496,"2":0.2666947074,"3":0.1570361189,"4":0.0693499213,"5":0.0245009193,"6":0.0072133589,"7":0.0018203123,"8":0.000401941,"9":0.0000788908},"consadole-sapporo":{"0":0.6630083186,"1":0.2724750316,"2":0.0559892242,"3":0.0076699217,"4":0.0007880226,"5":0.0000647704,"6":0.0000044364,"7":0.0000002605,"8":0.0000000134,"9":0.0000000006}}