{"fc-tokyo":{"0":0.2399197035,"1":0.342473616,"2":0.2444321494,"3":0.1163049705,"4":0.041504911,"5":0.0118492452,"6":0.0028190361,"7":0.0005748623,"8":0.0001025735,"9":0.0000162687},"vegalta-sendai":{"0":0.372824028,"1":0.3678463595,"2":0.1814675746,"3":0.0596815849,"4":0.0147211902,"5":0.0029049288,"6":0.0004776907,"7":0.0000673304,"8":0.0000083039,"9":0.0000009103}}