{"cerezo-osaka":{"0":0.2233928207,"1":0.334826416,"2":0.2509228553,"3":0.1253630265,"4":0.0469742635,"5":0.0140812263,"6":0.0035175455,"7":0.0007531686,"8":0.0001411083,"9":0.0000234996},"kawasaki-frontale":{"0":0.2443796652,"1":0.3443388315,"2":0.2425922606,"3":0.1139401069,"4":0.0401363215,"5":0.0113106744,"6":0.0026561842,"7":0.0005346642,"8":0.0000941699,"9":0.0000147432}}