{"urawa-red-diamonds":{"0":0.2351040087,"1":0.3403664853,"2":0.2463789217,"3":0.1188964948,"4":0.0430324245,"5":0.0124598429,"6":0.0030064091,"7":0.0006217801,"8":0.000112521,"9":0.0000181},"nagoya-grampus-eight":{"0":0.1695455883,"1":0.300881269,"2":0.2669769794,"3":0.1579287576,"4":0.0700664133,"5":0.0248684399,"6":0.0073553941,"7":0.0018647326,"8":0.0004136521,"9":0.0000815645}}