{"vissel-kobe":{"0":0.4413970548,"1":0.3609791274,"2":0.1476062526,"3":0.040237979,"4":0.00822676,"5":0.0013455861,"6":0.0001834057,"7":0.0000214273,"8":0.0000021904,"9":0.000000199},"sanfrecce-hiroshima":{"0":0.2089643955,"1":0.3271528601,"2":0.2560938518,"3":0.1336461105,"4":0.0523088002,"5":0.0163788415,"6":0.0042737622,"7":0.0009558522,"8":0.0001870592,"9":0.0000325398}}