{"kashima-antlers":{"0":0.1852263903,"1":0.3123243811,"2":0.2633170113,"3":0.1479996496,"4":0.0623883817,"5":0.0210395643,"6":0.0059127364,"7":0.0014242738,"8":0.0003001971,"9":0.0000562428},"kashiwa-reysol":{"0":0.0887639932,"1":0.214966348,"2":0.260299977,"3":0.2101292556,"4":0.1272214021,"5":0.0616203017,"6":0.0248717427,"7":0.0086048207,"8":0.0026048666,"9":0.0007009332}}