{"shimizu-s-pulse":{"0":0.3841054191,"1":0.3675267513,"2":0.1758318241,"3":0.0560808708,"4":0.0134150804,"5":0.0025672124,"6":0.0004094012,"7":0.0000559615,"8":0.0000066933,"9":0.0000007116},"omiya-ardija":{"0":0.135860177,"1":0.2711944437,"2":0.2706695512,"3":0.1800971164,"4":0.0898742707,"5":0.0358801282,"6":0.0119368943,"7":0.0034039402,"8":0.000849338,"9":0.0001883765}}