{"jubilo-iwata":{"0":0.2007123776,"1":0.3223204652,"2":0.2588043735,"3":0.1385364588,"4":0.0556183136,"5":0.0178632937,"6":0.004781058,"7":0.001096831,"8":0.0002201727,"9":0.0000392857},"gamba-osaka":{"0":0.051191723,"1":0.1521508833,"2":0.2261097098,"3":0.2240127246,"4":0.1664513904,"5":0.0989446128,"6":0.0490134907,"7":0.02081097,"8":0.0077317369,"9":0.0025533438}}