{"yokohama-fa-marinos":{"0":0.144604912,"1":0.2796297487,"2":0.2703670132,"3":0.1742740706,"4":0.084250621,"5":0.0325839277,"6":0.0105015284,"7":0.0029010472,"8":0.0007012375,"9":0.0001506687},"sagan-tosu":{"0":0.3326027475,"1":0.3661312503,"2":0.2015198212,"3":0.0739447731,"4":0.0203497208,"5":0.0044802208,"6":0.000821976,"7":0.0001292624,"8":0.0000177866,"9":0.0000021755}}