{"kashiwa-reysol":{"0":0.1275894204,"1":0.2626986836,"2":0.2704401279,"3":0.1856064695,"4":0.0955380451,"5":0.0393413789,"6":0.0135002422,"7":0.0039708799,"8":0.0010219744,"9":0.000233798},"albirex-niigata":{"0":0.2231301601,"1":0.3346952402,"2":0.2510214302,"3":0.1255107151,"4":0.0470665182,"5":0.0141199554,"6":0.0035299889,"7":0.0007564262,"8":0.0001418299,"9":0.0000236383}}