{"sagan-tosu":{"0":0.5894900668,"1":0.3115439731,"2":0.0823250913,"3":0.0145028658,"4":0.0019161818,"5":0.0002025394,"6":0.0000178403,"7":0.0000013469,"8":0.000000089,"9":0.0000000052},"fc-tokyo":{"0":0.5730294418,"1":0.3190732119,"2":0.0888328829,"3":0.0164879214,"4":0.0022951936,"5":0.0002556011,"6":0.0000237206,"7":0.0000018869,"8":0.0000001313,"9":0.0000000081}}