{"avispa-fukuoka":{"0":0.689630218,"1":0.2562664104,"2":0.0476142659,"3":0.0058978163,"4":0.0005479068,"5":0.0000407204,"6":0.0000025219,"7":0.0000001339,"8":0.0000000062,"9":0.0000000003},"urawa-red-diamonds":{"0":0.3246524674,"1":0.3652340258,"2":0.2054441395,"3":0.0770415523,"4":0.0216679366,"5":0.0048752857,"6":0.0009141161,"7":0.0001469115,"8":0.0000206594,"9":0.0000025824}}