{"sagan-tosu":{"0":0.7361949405,"1":0.2254673058,"2":0.0345258458,"3":0.0035246323,"4":0.0002698638,"5":0.0000165297,"6":0.0000008437,"7":0.0000000369,"8":0.0000000014,"9":0.0},"avispa-fukuoka":{"0":0.8297609373,"1":0.1548480337,"2":0.0144486879,"3":0.0008987934,"4":0.0000419327,"5":0.0000015651,"6":0.0000000487,"7":0.0000000013,"8":0.0,"9":0.0}}