{"vegalta-sendai":{"0":0.5059759241,"1":0.3447042909,"2":0.1174176898,"3":0.0266642341,"4":0.0045413603,"5":0.000618775,"6":0.0000702584,"7":0.0000068378,"8":0.0000005823,"9":0.0000000441},"kawasaki-frontale":{"0":0.0915724332,"1":0.2189153482,"2":0.2616722521,"3":0.2085200759,"4":0.1246233266,"5":0.059585528,"6":0.0237411088,"7":0.0081080126,"8":0.0024229022,"9":0.0006435834}}