{"shonan-bellmare":{"0":0.6092867177,"1":0.3018810486,"2":0.0747859463,"3":0.0123513059,"4":0.001529914,"5":0.0001516042,"6":0.0000125191,"7":0.0000008861,"8":0.0000000549,"9":0.000000003},"yokohama-fa-marinos":{"0":0.1465403377,"1":0.2814240577,"2":0.2702310554,"3":0.1729888196,"4":0.0830542912,"5":0.0319003982,"6":0.0102105441,"7":0.0028012694,"8":0.0006724638,"9":0.0001434929}}