{"jubilo-iwata":{"0":0.1369441887,"1":0.272269946,"2":0.2706610781,"3":0.1793744782,"4":0.089157269,"5":0.0354521722,"6":0.0117475607,"7":0.0033366124,"8":0.000829224,"9":0.0001831831},"nagoya-grampus-eight":{"0":0.3483358302,"1":0.3673508684,"2":0.193701952,"3":0.0680919333,"4":0.0179522379,"5":0.0037864438,"6":0.0006655232,"7":0.0001002647,"8":0.0000132172,"9":0.0000015488}}