{"kashima-antlers":{"0":0.2497472932,"1":0.3464758433,"2":0.2403339561,"3":0.111138889,"4":0.0385459035,"5":0.0106949903,"6":0.0024728702,"7":0.0004900896,"8":0.000084988,"9":0.0000131005},"gamba-osaka":{"0":0.5996772793,"1":0.3066531542,"2":0.078405636,"3":0.013364597,"4":0.0017085422,"5":0.0001747373,"6":0.0000148924,"7":0.0000010879,"8":0.0000000695,"9":0.000000004}}