{"sanfrecce-hiroshima":{"0":0.1348103895,"1":0.2701446535,"2":0.2706695459,"3":0.1807969722,"4":0.0905741308,"5":0.0363000467,"6":0.012123526,"7":0.0034705949,"8":0.0008693346,"9":0.0001935608},"jubilo-iwata":{"0":0.4028903215,"1":0.3662639287,"2":0.1664836039,"3":0.050449577,"4":0.0114658129,"5":0.0020846933,"6":0.0003158626,"7":0.0000410211,"8":0.0000046615,"9":0.0000004709}}