{"kashiwa-reysol":{"0":0.1707981674,"1":0.3018469431,"2":0.2667229352,"3":0.1571240564,"4":0.0694202649,"5":0.0245369082,"6":0.0072272348,"7":0.0018246421,"8":0.00040308,"9":0.0000791503},"urawa-red-diamonds":{"0":0.1742857956,"1":0.3044875371,"2":0.2659788192,"3":0.1548935476,"4":0.0676520348,"5":0.0236384169,"6":0.0068829508,"7":0.0017178457,"8":0.0003751472,"9":0.0000728227}}