{"ventforet-kofu":{"0":0.3532853207,"1":0.3675860542,"2":0.1912328355,"3":0.0663246007,"4":0.0172523431,"5":0.0035901411,"6":0.0006225779,"7":0.0000925399,"8":0.0000120357,"9":0.0000013914},"vissel-kobe":{"0":0.2856920178,"1":0.3579266474,"2":0.2242125731,"3":0.093634228,"4":0.0293271978,"5":0.0073484626,"6":0.0015344091,"7":0.0002746244,"8":0.0000430076,"9":0.0000059869}}