{"shonan-bellmare":{"0":0.4478460316,"1":0.359757308,"2":0.1444975634,"3":0.0386919095,"4":0.0077703587,"5":0.0012483948,"6":0.0001671405,"7":0.0000191807,"8":0.000001926,"9":0.0000001719},"albirex-niigata":{"0":0.385605221,"1":0.3674590929,"2":0.1750834502,"3":0.055614743,"4":0.0132493947,"5":0.0025251787,"6":0.0004010578,"7":0.0000545978,"8":0.0000065036,"9":0.0000006886}}