{"vissel-kobe":{"0":0.073479869,"1":0.1918371125,"2":0.2504187762,"3":0.2179264226,"4":0.1422375142,"5":0.0742691417,"6":0.0323162836,"7":0.012052791,"8":0.0039333437,"9":0.0011409947},"ventforet-kofu":{"0":0.1886905214,"1":0.3146691931,"2":0.2623785772,"3":0.1458516208,"4":0.0608072566,"5":0.0202810085,"6":0.0056369274,"7":0.0013429151,"8":0.0002799385,"9":0.000051871}}