{"fc-tokyo":{"0":0.1408491083,"1":0.2760735646,"2":0.2705612197,"3":0.1767726263,"4":0.0866215087,"5":0.0339567768,"6":0.0110929213,"7":0.0031061227,"8":0.0007610257,"9":0.0001657401},"omiya-ardija":{"0":0.4082952534,"1":0.3657364776,"2":0.1638069142,"3":0.0489108174,"4":0.010953146,"5":0.0019622883,"6":0.0002929581,"7":0.0000374888,"8":0.0000041976,"9":0.0000004178}}