{"omiya-ardija":{"0":0.185521316,"1":0.3125265175,"2":0.2632388187,"3":0.1478160983,"4":0.0622522137,"5":0.0209738352,"6":0.0058887031,"7":0.0014171463,"8":0.000298413,"9":0.0000558558},"nagoya-grampus-eight":{"0":0.1849813999,"1":0.3121561123,"2":0.2633817198,"3":0.1481522174,"4":0.0625017167,"5":0.0210943294,"6":0.0059327801,"7":0.0014302238,"8":0.0003016878,"9":0.0000565665}}