{"gamba-osaka":{"0":0.3436952209,"1":0.367066496,"2":0.1960135088,"3":0.0697808091,"4":0.018631476,"5":0.0039796833,"6":0.0007083836,"7":0.0001080791,"8":0.0000144286,"9":0.0000017122},"kashima-antlers":{"0":0.3319885272,"1":0.3660687654,"2":0.201823753,"3":0.0741806478,"4":0.0204489131,"5":0.0045096187,"6":0.0008287588,"7":0.0001305479,"8":0.0000179937,"9":0.0000022045}}