{"sanfrecce-hiroshima":{"0":0.1342214189,"1":0.2695521057,"2":0.2706659574,"3":0.1811896079,"4":0.0909691626,"5":0.0365380273,"6":0.0122296703,"7":0.0035086303,"8":0.0008807822,"9":0.0001965382},"kawasaki-frontale":{"0":0.3289778993,"1":0.3657460174,"2":0.2033117568,"3":0.0753449452,"4":0.0209414627,"5":0.0046563958,"6":0.0008628028,"7":0.0001370334,"8":0.0000190436,"9":0.0000023524}}