{"yokohama-fa-marinos":{"0":0.4951509755,"1":0.3480379377,"2":0.1223166389,"3":0.0286584852,"4":0.005035959,"5":0.0007079476,"6":0.0000829352,"7":0.0000083278,"8":0.0000007317,"9":0.0000000571},"vegalta-sendai":{"0":0.8877033589,"1":0.1057411354,"2":0.0062978176,"3":0.0002500604,"4":0.0000074467,"5":0.0000001774,"6":0.0000000035,"7":0.0000000001,"8":0.0,"9":0.0}}