{"avispa-fukuoka":{"0":0.4581416226,"1":0.3576147781,"2":0.1395729216,"3":0.0363158006,"4":0.007086819,"5":0.0011063615,"6":0.0001439334,"7":0.0000160502,"8":0.000001566,"9":0.0000001358},"yokohama-fa-marinos":{"0":0.2079171939,"1":0.3265579435,"2":0.256448465,"3":0.1342606348,"4":0.0527179547,"5":0.0165599261,"6":0.0043348791,"7":0.0009726325,"8":0.000190954,"9":0.0000333239}}