{"yokohama-fa-marinos":{"0":0.3317252291,"1":0.3660416321,"2":0.2019540039,"3":0.0742819325,"4":0.0204915676,"5":0.004522277,"6":0.0008316831,"7":0.0001311028,"8":0.0000180831,"9":0.0000022171},"avispa-fukuoka":{"0":0.5536995849,"1":0.3273100994,"2":0.0967419013,"3":0.0190624436,"4":0.0028171099,"5":0.0003330573,"6":0.0000328135,"7":0.000002771,"8":0.0000002048,"9":0.0000000134}}