{"vegalta-sendai":{"0":0.7821077878,"1":0.1922129309,"2":0.0236193856,"3":0.0019349214,"4":0.0001188829,"5":0.0000058434,"6":0.0000002393,"7":0.0000000084,"8":0.0000000003,"9":0.0},"fc-tokyo":{"0":0.2986946893,"1":0.3609227496,"2":0.2180574945,"3":0.0878287131,"4":0.0265315904,"5":0.006411801,"6":0.0012912655,"7":0.000222897,"8":0.0000336667,"9":0.0000045201}}