{"fc-tokyo":{"0":0.2214874916,"1":0.3338678444,"2":0.2516343852,"3":0.1264369817,"4":0.047647434,"5":0.0143646451,"6":0.0036088517,"7":0.0007771349,"8":0.0001464306,"9":0.0000245253},"ventforet-kofu":{"0":0.3383265105,"1":0.3666592725,"2":0.1986823644,"3":0.0717735963,"4":0.0194460483,"5":0.004214907,"6":0.0007613133,"7":0.0001178669,"8":0.0000159672,"9":0.0000019227}}