{"albirex-niigata":{"0":0.2474487661,"1":0.3455750009,"2":0.2413066817,"3":0.1123324208,"4":0.039219509,"5":0.0109544146,"6":0.0025497344,"7":0.0005086909,"8":0.0000888016,"9":0.0000137796},"shonan-bellmare":{"0":0.2734058304,"1":0.3545521421,"2":0.2298912596,"3":0.0993741775,"4":0.0322170594,"5":0.0083558038,"6":0.001805965,"7":0.0003345674,"8":0.0000542333,"9":0.0000078144}}