{"gamba-osaka":{"0":0.1910591116,"1":0.316235771,"2":0.2617123622,"3":0.1443930274,"4":0.0597488389,"5":0.019778926,"6":0.0054562554,"7":0.0012901491,"8":0.0002669274,"9":0.0000490901},"vegalta-sendai":{"0":0.3157800476,"1":0.3640026165,"2":0.2097946115,"3":0.0806107374,"4":0.0232301879,"5":0.005355531,"6":0.0010288951,"7":0.000169431,"8":0.0000244131,"9":0.0000031268}}