{"urawa-red-diamonds":{"0":0.0673081079,"1":0.1816292178,"2":0.2450609133,"3":0.2204302147,"4":0.1487063326,"5":0.0802560516,"6":0.0360948191,"7":0.0139144217,"8":0.0046934641,"9":0.0014072437},"jubilo-iwata":{"0":0.4818229426,"1":0.3518167879,"2":0.1284445398,"3":0.0312624835,"4":0.0057067989,"5":0.0008333965,"6":0.0001014214,"7":0.0000105794,"8":0.0000009656,"9":0.0000000783}}