{"kawasaki-frontale":{"0":0.0159320404,"1":0.0659494558,"2":0.1364963495,"3":0.1883387131,"4":0.1949034038,"5":0.1613575295,"6":0.1113211802,"7":0.0658293517,"8":0.0340619422,"9":0.01566631},"shonan-bellmare":{"0":0.2917169915,"1":0.3593869186,"2":0.2213771584,"3":0.0909100911,"4":0.0279996525,"5":0.0068989528,"6":0.0014165518,"7":0.0002493073,"8":0.0000383924,"9":0.0000052554}}