{"omiya-ardija":{"0":0.2551229698,"1":0.3485004299,"2":0.2380274691,"3":0.1083826038,"4":0.0370129197,"5":0.0101120009,"6":0.0023021817,"7":0.0004492575,"8":0.0000767113,"9":0.0000116431},"kashiwa-reysol":{"0":0.1403986742,"1":0.275640397,"2":0.2705781551,"3":0.1770725888,"4":0.0869102913,"5":0.0341256602,"6":0.0111663098,"7":0.0031317818,"8":0.0007685663,"9":0.0001676559}}