{"sanfrecce-hiroshima":{"0":0.3660716834,"1":0.3678749922,"2":0.1848435922,"3":0.0619180506,"4":0.0155557664,"5":0.0031264792,"6":0.0005236468,"7":0.0000751752,"8":0.0000094432,"9":0.0000010544},"kashima-antlers":{"0":0.3589290502,"1":0.3677696672,"2":0.1884140167,"3":0.0643515853,"4":0.0164841499,"5":0.0033780327,"6":0.0005768726,"7":0.0000844402,"8":0.000010815,"9":0.0000012313}}