{"kashima-antlers":{"0":0.5321822725,"1":0.3356842027,"2":0.1058696332,"3":0.022259769,"4":0.0035101943,"5":0.0004428245,"6":0.0000465533,"7":0.0000041949,"8":0.0000003308,"9":0.0000000232},"sagan-tosu":{"0":0.4918333278,"1":0.349012496,"2":0.1238323183,"3":0.0292911061,"4":0.0051963549,"5":0.0007374827,"6":0.0000872215,"7":0.000008842,"8":0.0000007843,"9":0.0000000618}}