{"nagoya-grampus-eight":{"0":0.3978778742,"1":0.3666882951,"2":0.1689718309,"3":0.0519087192,"4":0.0119599009,"5":0.0022044733,"6":0.0003386108,"7":0.000044581,"8":0.0000051358,"9":0.0000005259},"sanfrecce-hiroshima":{"0":0.0543154573,"1":0.1582180172,"2":0.2304403041,"3":0.2237534203,"4":0.1629454316,"5":0.0949302626,"6":0.0460877949,"7":0.0191787539,"8":0.0069833353,"9":0.0022602313}}