{"ventforet-kofu":{"0":0.412819114,"1":0.3652399618,"2":0.1615722543,"3":0.0476501225,"4":0.010539561,"5":0.0018649664,"6":0.0002750035,"7":0.0000347583,"8":0.000003844,"9":0.0000003779},"gamba-osaka":{"0":0.0610276297,"1":0.1706594073,"2":0.2386184213,"3":0.222426457,"4":0.1554999249,"5":0.0869688866,"6":0.0405337132,"7":0.0161928048,"8":0.0056602528,"9":0.0017587214}}