{"urawa-red-diamonds":{"0":0.2026937391,"1":0.3235111896,"2":0.2581714912,"3":0.1373523204,"4":0.0548056057,"5":0.0174945973,"6":0.0046537352,"7":0.0010610909,"8":0.0002116955,"9":0.0000375421},"kashiwa-reysol":{"0":0.4120133582,"1":0.3653320417,"2":0.1619698707,"3":0.0478728682,"4":0.0106122122,"5":0.0018819687,"6":0.0002781234,"7":0.0000352303,"8":0.0000039048,"9":0.0000003847}}