{"vissel-kobe":{"0":0.2420237997,"1":0.3433638143,"2":0.24356842,"3":0.1151850656,"4":0.0408538164,"5":0.0115920188,"6":0.00274097,"7":0.0005555238,"8":0.0000985165,"9":0.0000155297},"sagan-tosu":{"0":0.5619431,"1":0.3238785355,"2":0.0933344548,"3":0.0179312499,"4":0.00258369,"5":0.0002978244,"6":0.0000286087,"7":0.0000023555,"8":0.0000001697,"9":0.0000000109}}