{"vissel-kobe":{"0":0.2659052107,"1":0.3522221329,"2":0.233279428,"3":0.1030018398,"4":0.0341094554,"5":0.0090363819,"6":0.0019949551,"7":0.0003775069,"8":0.0000625064,"9":0.0000091997},"albirex-niigata":{"0":0.1709893772,"1":0.3019935462,"2":0.2666835315,"3":0.1570013816,"4":0.0693221485,"5":0.0244867158,"6":0.0072078846,"7":0.0018186047,"8":0.000401492,"9":0.0000787885}}