{"jubilo-iwata":{"0":0.4259436255,"1":0.3635208528,"2":0.1551231225,"3":0.0441298538,"4":0.0094156369,"5":0.0016071518,"6":0.0002286035,"7":0.0000278716,"8":0.0000029734,"9":0.000000282},"omiya-ardija":{"0":0.368786665,"1":0.3678783234,"2":0.1834861096,"3":0.0610113911,"4":0.0152152792,"5":0.0030355606,"6":0.0005046806,"7":0.0000719197,"8":0.0000089678,"9":0.000000994}}