{"nagoya-grampus-eight":{"0":0.5536995849,"1":0.3273100994,"2":0.0967419013,"3":0.0190624436,"4":0.0028171099,"5":0.0003330573,"6":0.0000328135,"7":0.000002771,"8":0.0000002048,"9":0.0000000134},"kawasaki-frontale":{"0":0.0939932771,"1":0.2222501133,"2":0.2627587546,"3":0.2071004963,"4":0.1224239387,"5":0.0578950646,"6":0.022815789,"7":0.007706952,"8":0.0022779168,"9":0.0005984675}}