{"kawasaki-frontale":{"0":0.0093275526,"1":0.0436042809,"2":0.101920267,"3":0.1588183639,"4":0.1856103313,"5":0.1735375898,"6":0.1352084178,"7":0.0902957086,"8":0.052764101,"9":0.0274067446},"nagoya-grampus-eight":{"0":0.4317105234,"1":0.3626368397,"2":0.1523074727,"3":0.0426460923,"4":0.0089556794,"5":0.0015045541,"6":0.0002106376,"7":0.0000252765,"8":0.000002654,"9":0.0000002477}}