{"vegalta-sendai":{"0":0.694045755,"1":0.2534775801,"2":0.0462872103,"3":0.0056349647,"4":0.0005144968,"5":0.0000375806,"6":0.0000022875,"7":0.0000001193,"8":0.0000000054,"9":0.0000000002},"kashima-antlers":{"0":0.1121968905,"1":0.245430698,"2":0.268439826,"3":0.1957373731,"4":0.1070438759,"5":0.0468316957,"6":0.0170740557,"7":0.0053356424,"8":0.0014589647,"9":0.0003546095}}