{"sagan-tosu":{"0":0.5782054134,"1":0.3167560091,"2":0.0867636025,"3":0.0158437883,"4":0.0021699101,"5":0.0002377467,"6":0.0000217073,"7":0.0000016988,"8":0.0000001163,"9":0.0000000071},"ventforet-kofu":{"0":0.5580351458,"1":0.3255205017,"2":0.0949434797,"3":0.0184612322,"4":0.002692263,"5":0.0003140974,"6":0.0000305372,"7":0.0000025448,"8":0.0000001856,"9":0.000000012}}