{"yokohama-fa-marinos":{"0":0.3148180681,"1":0.3638542464,"2":0.210264159,"3":0.081004994,"4":0.0234055904,"5":0.0054102508,"6":0.0010421589,"7":0.0001720694,"8":0.0000248589,"9":0.0000031923},"vissel-kobe":{"0":0.4132424012,"1":0.3651909592,"2":0.1613634471,"3":0.0475334185,"4":0.0105015692,"5":0.0018560913,"6":0.0002733778,"7":0.0000345128,"8":0.0000038125,"9":0.0000003744}}