{"sanfrecce-hiroshima":{"0":0.1054267236,"1":0.2371826255,"2":0.2667995168,"3":0.2000764376,"4":0.1125299477,"5":0.0506326053,"6":0.0189850256,"7":0.0061016221,"8":0.0017158823,"9":0.0004289208},"shonan-bellmare":{"0":0.4317105234,"1":0.3626368397,"2":0.1523074727,"3":0.0426460923,"4":0.0089556794,"5":0.0015045541,"6":0.0002106376,"7":0.0000252765,"8":0.000002654,"9":0.0000002477}}