{"omiya-ardija":{"0":0.4963565154,"1":0.3476782965,"2":0.121767514,"3":0.0284311246,"4":0.0049787223,"5":0.00069748,"6":0.0000814262,"7":0.000008148,"8":0.0000007134,"9":0.0000000555},"gamba-osaka":{"0":0.2455795462,"1":0.3448266807,"2":0.2420914965,"3":0.1133096634,"4":0.0397754981,"5":0.0111700288,"6":0.0026140369,"7":0.0005243513,"8":0.0000920325,"9":0.0000143584}}