{"shonan-bellmare":{"0":0.6454625945,"1":0.2825757902,"2":0.0618541476,"3":0.0090263349,"4":0.0009879053,"5":0.0000864986,"6":0.0000063113,"7":0.0000003947,"8":0.0000000216,"9":0.0000000011},"sagan-tosu":{"0":0.4281112903,"1":0.3631976714,"2":0.1540633844,"3":0.0435676919,"4":0.0092404035,"5":0.0015678601,"6":0.0002216881,"7":0.0000268677,"8":0.0000028492,"9":0.0000002686}}