{"kashiwa-reysol":{"0":0.3111641428,"1":0.3632638226,"2":0.2120433987,"3":0.0825156083,"4":0.0240828964,"5":0.0056230419,"6":0.001094089,"7":0.0001824682,"8":0.0000266275,"9":0.000003454},"sanfrecce-hiroshima":{"0":0.1199200231,"1":0.2543420025,"2":0.2697208212,"3":0.190686348,"4":0.1011081101,"5":0.0428886495,"6":0.0151606389,"7":0.0045935225,"8":0.0012178176,"9":0.0002869896}}