{"vegalta-sendai":{"0":0.47279001,"1":0.3541688605,"2":0.1326546449,"3":0.0331240392,"4":0.0062033371,"5":0.0009293889,"6":0.0001160348,"7":0.0000124174,"8":0.0000011627,"9":0.0000000968},"urawa-red-diamonds":{"0":0.2529212755,"1":0.3476850609,"2":0.2389773287,"3":0.109505546,"4":0.0376336889,"5":0.0103468333,"6":0.0023705923,"7":0.0004655427,"8":0.0000799964,"9":0.0000122188}}