{"avispa-fukuoka":{"0":0.5261920106,"1":0.3378621512,"2":0.1084688012,"3":0.0232155448,"4":0.003726612,"5":0.0004785634,"6":0.0000512134,"7":0.0000046977,"8":0.000000377,"9":0.0000000269},"fc-tokyo":{"0":0.3170051658,"1":0.36418733,"2":0.2091959779,"3":0.0801107078,"4":0.0230085405,"5":0.0052866135,"6":0.001012243,"7":0.0001661289,"8":0.0000238569,"9":0.0000030453}}