{"gamba-osaka":{"0":1.0,"1":0.0,"2":0.0,"3":0.0,"4":0.0,"5":0.0,"6":0.0,"7":0.0,"8":0.0,"9":0.0},"omiya-ardija":{"0":0.4663998972,"1":0.3557287351,"2":0.1356592634,"3":0.0344896432,"4":0.006576415,"5":0.001003182,"6":0.0001275231,"7":0.0000138948,"8":0.0000013247,"9":0.0000001123}}