{"kashima-antlers":{"0":0.0509475542,"1":0.1516687557,"2":0.2257557976,"3":0.2240218821,"4":0.166725963,"5":0.0992672554,"6":0.049252417,"7":0.0209460575,"8":0.0077944431,"9":0.0025781926},"nagoya-grampus-eight":{"0":0.43831993,"1":0.3615289965,"2":0.1490956792,"3":0.0409916803,"4":0.008452548,"5":0.0013943428,"6":0.0001916771,"7":0.0000225852,"8":0.0000023286,"9":0.0000002134}}