{"kashiwa-reysol":{"0":0.48169951,"1":0.3518500769,"2":0.1285017672,"3":0.0312873868,"4":0.0057133489,"5":0.0008346458,"6":0.000101609,"7":0.0000106027,"8":0.0000009681,"9":0.0000000786},"jubilo-iwata":{"0":0.2110720878,"1":0.3283343588,"2":0.2553711679,"3":0.1324146797,"4":0.0514945977,"5":0.0160205415,"6":0.0041534737,"7":0.0009229942,"8":0.0001794711,"9":0.0000310197}}