{"kawasaki-frontale":{"0":0.080326236,"1":0.2025553749,"2":0.2553877907,"3":0.2146669724,"4":0.135329225,"5":0.0682508313,"6":0.0286842203,"7":0.0103331174,"8":0.0032570748,"9":0.0009125813},"albirex-niigata":{"0":0.3782904382,"1":0.3677334958,"2":0.1787355828,"3":0.057915871,"4":0.0140749035,"5":0.0027364231,"6":0.000443343,"7":0.0000615672,"8":0.0000074811,"9":0.000000808}}