{"fc-tokyo":{"0":0.0497870684,"1":0.1493612051,"2":0.2240418077,"3":0.2240418077,"4":0.1680313557,"5":0.1008188134,"6":0.0504094067,"7":0.0216040315,"8":0.0081015118,"9":0.0027005039},"vissel-kobe":{"0":0.5130546643,"1":0.3423987696,"2":0.1142538267,"3":0.0254166352,"4":0.0042405933,"5":0.0005660114,"6":0.0000629568,"7":0.0000060022,"8":0.0000005007,"9":0.0000000371}}