{"ventforet-kofu":{"0":0.3750690408,"1":0.36780964,"2":0.1803453719,"3":0.0589516054,"4":0.0144526517,"5":0.0028345846,"6":0.0004632869,"7":0.0000649029,"8":0.0000079558,"9":0.0000008669},"jubilo-iwata":{"0":0.2226118557,"1":0.3344354856,"2":0.2512154926,"3":0.125802487,"4":0.0472490736,"5":0.0141966984,"6":0.0035546772,"7":0.0007628975,"8":0.0001432651,"9":0.0000239145}}