{"albirex-niigata":{"0":0.48169951,"1":0.3518500769,"2":0.1285017672,"3":0.0312873868,"4":0.0057133489,"5":0.0008346458,"6":0.000101609,"7":0.0000106027,"8":0.0000009681,"9":0.0000000786},"yokohama-fa-marinos":{"0":0.2881009197,"1":0.358525589,"2":0.2230825887,"3":0.0925379627,"4":0.0287895884,"5":0.0071654087,"6":0.0014861588,"7":0.000264206,"8":0.0000410987,"9":0.0000056828}}