{"urawa-red-diamonds":{"0":0.0538399711,"1":0.1573063503,"2":0.2298040596,"3":0.2238091711,"4":0.1634780033,"5":0.0955280158,"6":0.0465179903,"7":0.0194162047,"8":0.0070911356,"9":0.0023020498},"avispa-fukuoka":{"0":0.3114032239,"1":0.3633037612,"2":0.2119271941,"3":0.082416131,"4":0.0240380382,"5":0.0056088756,"6":0.0010906147,"7":0.0001817691,"8":0.000026508,"9":0.0000034362}}