{"sanfrecce-hiroshima":{"0":0.2275194657,"1":0.3368470012,"2":0.2493542736,"3":0.1230579532,"4":0.0455474242,"5":0.0134867698,"6":0.0033279042,"7":0.000703861,"8":0.00013026,"9":0.0000214281},"yokohama-fa-marinos":{"0":0.1828452624,"1":0.3106751362,"2":0.2639363989,"3":0.149486102,"4":0.0634985212,"5":0.0215782585,"6":0.0061106573,"7":0.0014832442,"8":0.0003150253,"9":0.0000594738}}