{"ventforet-kofu":{"0":0.6983922586,"1":0.2507049133,"2":0.0449983178,"3":0.0053844141,"4":0.0004832166,"5":0.0000346925,"6":0.0000020756,"7":0.0000001064,"8":0.0000000048,"9":0.0000000002},"kawasaki-frontale":{"0":0.2966276063,"1":0.3604849382,"2":0.2190446673,"3":0.0887333722,"4":0.0269589238,"5":0.0065525162,"6":0.0013271879,"7":0.0002304146,"8":0.0000350022,"9":0.0000047264}}