{"jubilo-iwata":{"0":1.0,"1":0.0,"2":0.0,"3":0.0,"4":0.0,"5":0.0,"6":0.0,"7":0.0,"8":0.0,"9":0.0},"avispa-fukuoka":{"0":0.677809578,"1":0.2635926137,"2":0.0512541193,"3":0.0066440525,"4":0.0006459495,"5":0.0000502405,"6":0.0000032563,"7":0.0000001809,"8":0.0000000088,"9":0.0000000004}}