{"nagoya-grampus-eight":{"0":0.3058637968,"1":0.3623309593,"2":0.2146114143,"3":0.0847439944,"4":0.0250972599,"5":0.00594612,"6":0.0011739775,"7":0.0001986731,"8":0.0000294189,"9":0.0000038722},"vegalta-sendai":{"0":0.5580351458,"1":0.3255205017,"2":0.0949434797,"3":0.0184612322,"4":0.002692263,"5":0.0003140974,"6":0.0000305372,"7":0.0000025448,"8":0.0000001856,"9":0.000000012}}