{"urawa-red-diamonds":{"0":0.287436519,"1":0.3583624132,"2":0.2233947511,"3":0.0928393771,"4":0.0289369487,"5":0.0072154469,"6":0.0014993137,"7":0.0002670392,"8":0.0000416165,"9":0.0000057651},"omiya-ardija":{"0":0.4509223276,"1":0.3591416768,"2":0.1430210217,"3":0.0379701828,"4":0.0075604346,"5":0.001204317,"6":0.0001598651,"7":0.0000181895,"8":0.0000018109,"9":0.0000001603}}