{"omiya-ardija":{"0":0.4989185116,"1":0.3469042776,"2":0.1206034403,"3":0.0279523599,"4":0.0048589063,"5":0.0006756917,"6":0.0000783028,"7":0.0000077778,"8":0.000000676,"9":0.0000000522},"sanfrecce-hiroshima":{"0":1.0,"1":0.0,"2":0.0,"3":0.0,"4":0.0,"5":0.0,"6":0.0,"7":0.0,"8":0.0,"9":0.0}}