{"gamba-osaka":{"0":0.1371043469,"1":0.2724281178,"2":0.2706591041,"3":0.1792677183,"4":0.0890518211,"5":0.035389425,"6":0.0117198745,"7":0.0033267918,"8":0.0008262973,"9":0.0001824293},"avispa-fukuoka":{"0":0.5122069437,"1":0.3426800438,"2":0.1146310235,"3":0.0255637327,"4":0.004275704,"5":0.0005721119,"6":0.000063793,"7":0.000006097,"8":0.0000005099,"9":0.0000000379}}