{"vissel-kobe":{"0":0.0630326417,"1":0.1742286866,"2":0.2407929797,"3":0.2218588309,"4":0.1533101408,"5":0.0847529907,"6":0.0390443265,"7":0.0154175033,"8":0.005326945,"9":0.0016360247},"gamba-osaka":{"0":0.0608100626,"1":0.1702681754,"2":0.2383754455,"3":0.2224837491,"4":0.1557386244,"5":0.0872136297,"6":0.0406996938,"7":0.0162798775,"8":0.0056979571,"9":0.0017726978}}