{"ventforet-kofu":{"0":0.646382635,"1":0.2820578771,"2":0.0615399005,"3":0.0089512582,"4":0.0009765009,"5":0.0000852219,"6":0.000006198,"7":0.0000003864,"8":0.0000000211,"9":0.000000001},"kashima-antlers":{"0":0.1000815514,"1":0.2303647037,"2":0.2651232718,"3":0.20341759,"4":0.117055122,"5":0.0538867916,"6":0.0206724992,"7":0.0067976195,"8":0.0019558195,"9":0.0005002052}}