{"shonan-bellmare":{"0":0.2961773422,"1":0.3603876644,"2":0.2192592919,"3":0.0889313404,"4":0.0270528443,"5":0.0065835633,"6":0.0013351432,"7":0.0002320854,"8":0.0000353001,"9":0.0000047726},"urawa-red-diamonds":{"0":0.1198766031,"1":0.2542933238,"2":0.2697152441,"3":0.1907149634,"4":0.1011405493,"5":0.0429097352,"6":0.0151706823,"7":0.0045973504,"8":0.0012190405,"9":0.0002873268}}