{"albirex-niigata":{"0":0.2379017666,"1":0.3416025367,"2":0.2452531032,"3":0.1173861007,"4":0.0421386002,"5":0.0121013416,"6":0.0028960476,"7":0.000594061,"8":0.0001066263,"9":0.0000170116},"kashiwa-reysol":{"0":0.1737739435,"1":0.304104401,"2":0.2660913509,"3":0.1552199547,"4":0.0679087302,"5":0.0237680556,"6":0.0069323495,"7":0.0017330874,"8":0.0003791129,"9":0.0000737164}}