{"yokohama-fa-marinos":{"0":0.6983922586,"1":0.2507049133,"2":0.0449983178,"3":0.0053844141,"4":0.0004832166,"5":0.0000346925,"6":0.0000020756,"7":0.0000001064,"8":0.0000000048,"9":0.0000000002},"sagan-tosu":{"0":0.677809578,"1":0.2635926137,"2":0.0512541193,"3":0.0066440525,"4":0.0006459495,"5":0.0000502405,"6":0.0000032563,"7":0.0000001809,"8":0.0000000088,"9":0.0000000004}}