{"albirex-niigata":{"0":0.3080512304,"1":0.3627269899,"2":0.2135535525,"3":0.083818999,"4":0.024673991,"5":0.0058106715,"6":0.0011403338,"7":0.0001918187,"8":0.0000282331,"9":0.0000036938},"vegalta-sendai":{"0":0.4509223276,"1":0.3591416768,"2":0.1430210217,"3":0.0379701828,"4":0.0075604346,"5":0.001204317,"6":0.0001598651,"7":0.0000181895,"8":0.0000018109,"9":0.0000001603}}