{"fc-tokyo":{"0":0.4243728457,"1":0.3637481534,"2":0.1558920658,"3":0.0445405902,"4":0.0095444122,"5":0.0016361849,"6":0.0002337407,"7":0.0000286213,"8":0.0000030666,"9":0.0000002921},"kashiwa-reysol":{"0":0.4883054439,"1":0.3500242562,"2":0.1254511715,"3":0.0299750587,"4":0.0053716366,"5":0.000770093,"6":0.0000920023,"7":0.0000094212,"8":0.0000008442,"9":0.0000000672}}