{"sagan-tosu":{"0":0.22929927,"1":0.3376952885,"2":0.2486665307,"3":0.1220726605,"4":0.0449449341,"5":0.013238326,"6":0.0032494073,"7":0.0006836415,"8":0.0001258522,"9":0.000020594},"nagoya-grampus-eight":{"0":0.423087193,"1":0.3639298687,"2":0.1565220497,"3":0.0448788886,"4":0.0096509468,"5":0.0016603045,"6":0.000238026,"7":0.0000292492,"8":0.0000031449,"9":0.0000003006}}