{"vissel-kobe":{"0":0.1128361873,"1":0.2461880451,"2":0.2685687764,"3":0.1953227465,"4":0.1065396799,"5":0.0464900421,"6":0.0169054699,"7":0.0052692374,"8":0.0014370647,"9":0.0003483793},"shonan-bellmare":{"0":0.1559208021,"1":0.2897643224,"2":0.2692500341,"3":0.1667920565,"4":0.0774918847,"5":0.0288022934,"6":0.0089210643,"7":0.0023684242,"8":0.000550187,"9":0.0001136079}}