{"kashima-antlers":{"0":0.6818770044,"1":0.2610947846,"2":0.0499873776,"3":0.0063801553,"4":0.0006107499,"5":0.000046772,"6":0.0000029849,"7":0.0000001633,"8":0.0000000078,"9":0.0000000003},"fc-tokyo":{"0":0.436210816,"1":0.3618934177,"2":0.150118751,"3":0.0415143213,"4":0.0086103777,"5":0.0014286849,"6":0.0001975466,"7":0.0000234129,"8":0.000002428,"9":0.0000002238}}