{"jubilo-iwata":{"0":0.59482947,"1":0.3090023221,"2":0.0802603434,"3":0.013897895,"4":0.0018049214,"5":0.0001875243,"6":0.0000162359,"7":0.0000012049,"8":0.0000000782,"9":0.0000000045},"kawasaki-frontale":{"0":0.1065716177,"1":0.2386072503,"2":0.2671134262,"3":0.1993501381,"4":0.1115831525,"5":0.0499655533,"6":0.0186449631,"7":0.0059635596,"8":0.0016690051,"9":0.0004151999}}