{"omiya-ardija":{"0":0.2136559154,"1":0.3297540678,"2":0.2544693065,"3":0.1309149945,"4":0.0505131719,"5":0.015592289,"6":0.0040108264,"7":0.0008843233,"8":0.0001706068,"9":0.000029257},"jubilo-iwata":{"0":0.0237840822,"1":0.0889224693,"2":0.1662289404,"3":0.2071621931,"4":0.1936313291,"5":0.1447873902,"6":0.0902203708,"7":0.0481871993,"8":0.0225199186,"9":0.0093551213}}