{"gamba-osaka":{"0":0.3336974079,"1":0.3662397997,"2":0.2009778735,"3":0.0735257896,"4":0.0201740183,"5":0.0044282804,"6":0.0008100215,"7":0.0001270022,"8":0.0000174234,"9":0.0000021247},"yokohama-fa-marinos":{"0":0.3510428979,"1":0.3674881507,"2":0.1923519059,"3":0.0671209954,"4":0.0175663506,"5":0.0036778557,"6":0.0006416919,"7":0.0000959647,"8":0.0000125575,"9":0.0000014606}}