{"vegalta-sendai":{"0":0.252954549,"1":0.3476975256,"2":0.2389630267,"3":0.109488514,"4":0.0376242348,"5":0.0103432442,"6":0.0023695432,"7":0.0004652921,"8":0.0000799456,"9":0.0000122099},"shonan-bellmare":{"0":0.1873674636,"1":0.313781208,"2":0.2627421128,"3":0.1466699642,"4":0.0614064439,"5":0.0205672722,"6":0.0057406121,"7":0.0013733869,"8":0.0002874986,"9":0.0000534966}}