{"avispa-fukuoka":{"0":0.1927654736,"1":0.317346135,"2":0.261220455,"3":0.1433474232,"4":0.0589975345,"5":0.0194253039,"6":0.0053299181,"7":0.0012535061,"8":0.0002579529,"9":0.0000471848},"albirex-niigata":{"0":0.3022815545,"1":0.3616485625,"2":0.2163375184,"3":0.0862751425,"4":0.0258048174,"5":0.0061745581,"6":0.0012312032,"7":0.0002104296,"8":0.0000314696,"9":0.0000041834}}