{"sagan-tosu":{"0":0.3010697772,"1":0.3614081416,"2":0.2169195561,"3":0.0867977012,"4":0.0260482771,"5":0.0062537392,"6":0.0012511785,"7":0.0002145616,"8":0.0000321953,"9":0.0000042942},"kashiwa-reysol":{"0":0.5198165702,"1":0.3401052109,"2":0.1112618961,"3":0.0242654511,"4":0.0039690955,"5":0.0005193794,"6":0.0000566365,"7":0.0000052937,"8":0.0000004329,"9":0.0000000315}}