{"urawa-red-diamonds":{"0":0.1745245857,"1":0.3046657638,"2":0.2659259361,"3":0.1547413852,"4":0.0675326088,"5":0.0235781953,"6":0.0068600353,"7":0.0017107847,"8":0.0003733124,"9":0.0000724097},"ventforet-kofu":{"0":0.265682167,"1":0.3521496359,"2":0.2333791678,"3":0.1031111596,"4":0.0341672888,"5":0.0090574376,"6":0.0020008703,"7":0.0003788661,"8":0.0000627712,"9":0.0000092445}}