{"kawasaki-frontale":{"0":0.1452862148,"1":0.2802643127,"2":0.2703218783,"3":0.1738214359,"4":0.0838275423,"5":0.0323414971,"6":0.0103980586,"7":0.0028654815,"8":0.000690957,"9":0.0001480989},"fc-tokyo":{"0":0.3840578736,"1":0.3675288005,"2":0.1758555527,"3":0.0560956953,"4":0.0134203625,"5":0.0025685555,"6":0.0004096683,"7":0.0000560053,"8":0.0000066994,"9":0.0000007123}}