{"sanfrecce-hiroshima":{"0":0.3658553503,"1":0.3678738626,"2":0.1849517558,"3":0.0619907264,"4":0.0155831861,"5":0.0031338325,"6":0.0005251871,"7":0.0000754407,"8":0.0000094821,"9":0.0000010594},"vegalta-sendai":{"0":0.6428665097,"1":0.2840301124,"2":0.0627448339,"3":0.0092406028,"4":0.0010206666,"5":0.0000901898,"6":0.0000066412,"7":0.0000004192,"8":0.0000000231,"9":0.0000000011}}