{"nagoya-grampus-eight":{"0":0.1850846208,"1":0.3122270479,"2":0.2633544836,"3":0.1480879261,"4":0.0624539411,"5":0.0210712371,"6":0.0059243263,"7":0.0014277137,"8":0.0003010588,"9":0.0000564299},"ventforet-kofu":{"0":0.2682535175,"1":0.3529740904,"2":0.2322256753,"3":0.1018559449,"4":0.0335060933,"5":0.0088176162,"6":0.0019337367,"7":0.0003634935,"8":0.0000597866,"9":0.000008741}}