{"kashima-antlers":{"0":0.3350791757,"1":0.3663716937,"2":0.2002932855,"3":0.0729994536,"4":0.0199541895,"5":0.004363536,"6":0.0007951733,"7":0.0001242048,"8":0.0000169755,"9":0.0000020623},"urawa-red-diamonds":{"0":0.5411544057,"1":0.3322962053,"2":0.1020233476,"3":0.0208825004,"4":0.0032057281,"5":0.0003936959,"6":0.0000402915,"7":0.0000035344,"8":0.0000002713,"9":0.0000000185}}