{"fc-tokyo":{"0":0.3827663307,"1":0.3675822118,"2":0.1765002191,"3":0.0564995192,"4":0.013564554,"5":0.0026052912,"6":0.0004169901,"7":0.0000572069,"8":0.0000068672,"9":0.0000007328},"nagoya-grampus-eight":{"0":0.4328008976,"1":0.362461004,"2":0.1517764637,"3":0.04236979,"4":0.0088709362,"5":0.0014858419,"6":0.0002073932,"7":0.0000248124,"8":0.0000025975,"9":0.0000002417}}