{"kawasaki-frontale":{"0":0.2624739852,"1":0.3510860703,"2":0.2348069441,"3":0.1046928482,"4":0.035009375,"5":0.0093657311,"6":0.0020879388,"7":0.0003989763,"8":0.000066709,"9":0.0000099145},"kashima-antlers":{"0":0.2241375181,"1":0.3351966487,"2":0.2506425391,"3":0.1249449294,"4":0.0467136448,"5":0.0139720091,"6":0.0034825128,"7":0.0007440117,"8":0.0001390833,"9":0.0000231109}}