{"avispa-fukuoka":{"0":0.5353720311,"1":0.3344969054,"2":0.1044957275,"3":0.0217627465,"4":0.003399305,"5":0.0004247727,"6":0.0000442325,"7":0.000003948,"8":0.0000003083,"9":0.0000000214},"sagan-tosu":{"0":0.4093582633,"1":0.3656242919,"2":0.1632813293,"3":0.0486123654,"4":0.0108547104,"5":0.0019390085,"6":0.0002886423,"7":0.0000368293,"8":0.0000041118,"9":0.0000004081}}