{"yokohama-fa-marinos":{"0":0.2355568762,"1":0.3405688105,"2":0.2461976839,"3":0.118651107,"4":0.0428865281,"5":0.0124010932,"6":0.002988256,"7":0.0006172042,"8":0.0001115444,"9":0.000017919},"jubilo-iwata":{"0":0.4534466273,"1":0.3586208288,"2":0.1418126094,"3":0.0373854771,"4":0.0073918351,"5":0.0011692075,"6":0.0001541167,"7":0.0000174125,"8":0.0000017214,"9":0.0000001513}}