{"sanfrecce-hiroshima":{"0":0.1068342903,"1":0.2389323619,"2":0.2671832864,"3":0.1991830322,"4":0.1113670344,"5":0.0498139474,"6":0.0185679524,"7":0.005932398,"8":0.0016584585,"9":0.0004121226},"vissel-kobe":{"0":0.2958355159,"1":0.3603133602,"2":0.2194221292,"3":0.0890818494,"4":0.0271243468,"5":0.0066072287,"6":0.0013412142,"7":0.000233362,"8":0.000035528,"9":0.0000048079}}