{"omiya-ardija":{"0":0.2613523453,"1":0.350705001,"2":0.2353030304,"3":0.1052499318,"4":0.0353083472,"5":0.009475954,"6":0.0021192747,"7":0.0004062607,"8":0.0000681444,"9":0.0000101602},"albirex-niigata":{"0":0.3546198669,"1":0.3676375582,"2":0.1905665571,"3":0.0658540128,"4":0.0170678596,"5":0.0035388803,"6":0.0006114648,"7":0.0000905587,"8":0.0000117354,"9":0.0000013518}}