{"kashiwa-reysol":{"0":0.3917270109,"1":0.3671226697,"2":0.1720318626,"3":0.0537421852,"4":0.0125916607,"5":0.0023601559,"6":0.0003686525,"7":0.0000493568,"8":0.0000057821,"9":0.0000006021},"gamba-osaka":{"0":0.2111760166,"1":0.3283920715,"2":0.2553352277,"3":0.1323541465,"4":0.0514547687,"5":0.0160030844,"6":0.0041476348,"7":0.000921405,"8":0.0001791054,"9":0.0000309467}}