{"shonan-bellmare":{"0":0.2536244051,"1":0.347947531,"2":0.2386747526,"3":0.1091460301,"4":0.0374343822,"5":0.010271252,"6":0.0023485232,"7":0.0004602773,"8":0.0000789318,"9":0.0000120319},"vissel-kobe":{"0":0.325751121,"1":0.3653695006,"2":0.2049031659,"3":0.0766079404,"4":0.0214812806,"5":0.0048187738,"6":0.0009008068,"7":0.0001443378,"8":0.0000202365,"9":0.000002522}}