{"sagan-tosu":{"0":0.5297796479,"1":0.3365658939,"2":0.1069091663,"3":0.0226395882,"4":0.0035956993,"5":0.0004568653,"6":0.000048374,"7":0.0000043902,"8":0.0000003486,"9":0.0000000246},"kashima-antlers":{"0":0.3078379354,"1":0.3626890585,"2":0.2136568272,"3":0.083908863,"4":0.0247149742,"5":0.0058237466,"6":0.0011435721,"7":0.0001924765,"8":0.0000283465,"9":0.0000037108}}