{"avispa-fukuoka":{"0":0.3150322659,"1":0.3638875371,"2":0.2101596471,"3":0.0809170834,"4":0.0233664305,"5":0.0053980203,"6":0.0010391911,"7":0.0001714784,"8":0.0000247589,"9":0.0000031776},"vegalta-sendai":{"0":0.2630864148,"1":0.3512921146,"2":0.23453539,"3":0.1043895699,"4":0.0348471364,"5":0.0093060862,"6":0.0020710272,"7":0.0003950552,"8":0.0000659383,"9":0.0000097828}}