{"shonan-bellmare":{"0":0.8248832903,"1":0.1588010612,"2":0.0152856636,"3":0.0009808982,"4":0.000047209,"5":0.0000018177,"6":0.0000000583,"7":0.0000000016,"8":0.0,"9":0.0},"kawasaki-frontale":{"0":0.0591525036,"1":0.1672617701,"2":0.2364777317,"3":0.2228910111,"4":0.157563682,"5":0.0891065594,"6":0.0419934913,"7":0.016963189,"8":0.0059957163,"9":0.001883745}}