{"yokohama-fa-marinos":{"0":0.1567753835,"1":0.2904955635,"2":0.2691355956,"3":0.1662308091,"4":0.0770039777,"5":0.0285367682,"6":0.0088128255,"7":0.0023328067,"8":0.0005403192,"9":0.0001112422},"nagoya-grampus-eight":{"0":0.3921934759,"1":0.3670930934,"2":0.1717995677,"3":0.0536014651,"4":0.0125427428,"5":0.0023480015,"6":0.0003662882,"7":0.000048978,"8":0.0000057304,"9":0.000000596}}