{"kashima-antlers":{"0":0.5391310457,"1":0.3330733325,"2":0.1028857879,"3":0.021187497,"4":0.003272391,"5":0.0004043344,"6":0.0000416327,"7":0.0000036744,"8":0.0000002838,"9":0.0000000195},"sanfrecce-hiroshima":{"0":0.475627989,"1":0.3534483221,"2":0.1313271288,"3":0.0325305732,"4":0.0060435239,"5":0.0008982118,"6":0.0001112464,"7":0.0000118099,"8":0.000001097,"9":0.0000000906}}