{"gamba-osaka":{"0":0.2524680461,"1":0.34751484,"2":0.2391719781,"3":0.1097377311,"4":0.0377626898,"5":0.0103958464,"6":0.0023849295,"7":0.0004689693,"8":0.0000806903,"9":0.0000123409},"sanfrecce-hiroshima":{"0":0.1204163449,"1":0.254897319,"2":0.2697833224,"3":0.1903591123,"4":0.1007380422,"5":0.0426484576,"6":0.0150463758,"7":0.004550024,"8":0.0012039364,"9":0.0002831658}}