{"albirex-niigata":{"0":0.410897386,"1":0.3654569692,"2":0.162520864,"3":0.0481826561,"4":0.0107135553,"5":0.0019057524,"6":0.0002824998,"7":0.0000358941,"8":0.0000039906,"9":0.0000003944},"fc-tokyo":{"0":0.4529380128,"1":0.3587269061,"2":0.1420558548,"3":0.0375027457,"4":0.0074255436,"5":0.0011762061,"6":0.0001552592,"7":0.0000175665,"8":0.0000017391,"9":0.000000153}}