{"vegalta-sendai":{"0":0.5033645208,"1":0.3455298829,"2":0.1185928835,"3":0.0271356598,"4":0.0046567552,"5":0.0006393172,"6":0.0000731422,"7":0.0000071725,"8":0.0000006154,"9":0.0000000469},"gamba-osaka":{"0":0.1269172241,"1":0.2619850957,"2":0.2703974611,"3":0.186053299,"4":0.0960137437,"5":0.0396387015,"6":0.013637168,"7":0.0040214453,"8":0.0010376436,"9":0.0002379916}}