{"kashiwa-reysol":{"0":0.5033645208,"1":0.3455298829,"2":0.1185928835,"3":0.0271356598,"4":0.0046567552,"5":0.0006393172,"6":0.0000731422,"7":0.0000071725,"8":0.0000006154,"9":0.0000000469},"fc-tokyo":{"0":0.3280205897,"1":0.3656376298,"2":0.2037842753,"3":0.0757180106,"4":0.0211003172,"5":0.0047040157,"6":0.0008739112,"7":0.0001391615,"8":0.00001939,"9":0.0000024015}}