{"vissel-kobe":{"0":0.0281701739,"1":0.1005531969,"2":0.179461892,"3":0.2135292342,"4":0.190547698,"5":0.1360316786,"6":0.0809273207,"7":0.041267055,"8":0.0184128004,"9":0.0073027039},"avispa-fukuoka":{"0":0.3045284313,"1":0.362081511,"2":0.2152557974,"3":0.0853123894,"4":0.0253589121,"5":0.0060303028,"6":0.0011949958,"7":0.000202977,"8":0.0000301672,"9":0.0000039854}}