{"jubilo-iwata":{"0":0.3644332891,"1":0.3678632494,"2":0.1856627459,"3":0.0624700533,"4":0.0157645017,"5":0.0031825747,"6":0.0005354214,"7":0.0000772087,"8":0.0000097419,"9":0.0000010926},"kashiwa-reysol":{"0":0.4214728148,"1":0.364152512,"2":0.1573138852,"3":0.0453063989,"4":0.0097861822,"5":0.0016910523,"6":0.0002435115,"7":0.0000300563,"8":0.0000032461,"9":0.0000003116}}