{"nagoya-grampus-eight":{"0":0.1514178774,"1":0.2858333236,"2":0.2697854781,"3":0.1697590826,"4":0.0801140586,"5":0.0302464518,"6":0.0095160976,"7":0.0025662358,"8":0.0006055392,"9":0.0001270093},"omiya-ardija":{"0":0.3280205897,"1":0.3656376298,"2":0.2037842753,"3":0.0757180106,"4":0.0211003172,"5":0.0047040157,"6":0.0008739112,"7":0.0001391615,"8":0.00001939,"9":0.0000024015}}