{"yokohama-fa-marinos":{"0":0.3571280004,"1":0.3677207801,"2":0.1893138762,"3":0.0649763728,"4":0.0167259095,"5":0.0034444034,"6":0.0005910947,"7":0.0000869467,"8":0.0000111907,"9":0.0000012803},"urawa-red-diamonds":{"0":0.2853571397,"1":0.3578417801,"2":0.2243692583,"3":0.0937873792,"4":0.029402666,"5":0.0073742696,"6":0.0015412393,"7":0.000276105,"8":0.0000432799,"9":0.0000060304}}