{"kawasaki-frontale":{"0":0.2906622844,"1":0.3591403481,"2":0.2218756896,"3":0.0913826993,"4":0.0282279609,"5":0.0069756554,"6":0.0014365121,"7":0.0002535635,"8":0.0000391627,"9":0.0000053766},"sagan-tosu":{"0":0.4099405543,"1":0.3655616686,"2":0.1629935513,"3":0.0484494593,"4":0.010801118,"5":0.0019263645,"6":0.0002863037,"7":0.0000364728,"8":0.0000040655,"9":0.0000004028}}