{"ventforet-kofu":{"0":0.5984759228,"1":0.3072389764,"2":0.0788634806,"3":0.013495355,"4":0.0017320242,"5":0.0001778335,"6":0.0000152157,"7":0.0000011159,"8":0.0000000716,"9":0.0000000041},"urawa-red-diamonds":{"0":0.182351674,"1":0.3103293942,"2":0.2640621027,"3":0.1497952292,"4":0.0637310611,"5":0.0216917357,"6":0.006152565,"7":0.0014957924,"8":0.0003181958,"9":0.0000601679}}