{"albirex-niigata":{"0":0.3185207055,"1":0.3644092817,"2":0.208454462,"3":0.0794953457,"4":0.0227370162,"5":0.0052025376,"6":0.0009920093,"7":0.0001621323,"8":0.0000231863,"9":0.0000029474},"jubilo-iwata":{"0":0.1560157734,"1":0.2898458176,"2":0.2692375141,"3":0.1667296532,"4":0.0774375109,"5":0.0287726532,"6":0.0089089637,"7":0.0023644366,"8":0.0005490808,"9":0.0001133424}}