{"vissel-kobe":{"0":0.2770873554,"1":0.3556201353,"2":0.2282054344,"3":0.0976279933,"4":0.0313244898,"5":0.0080405108,"6":0.0017198954,"7":0.000315336,"8":0.0000505887,"9":0.0000072141},"omiya-ardija":{"0":0.3078379354,"1":0.3626890585,"2":0.2136568272,"3":0.083908863,"4":0.0247149742,"5":0.0058237466,"6":0.0011435721,"7":0.0001924765,"8":0.0000283465,"9":0.0000037108}}