{"ventforet-kofu":{"0":0.4387924251,"1":0.3614459637,"2":0.1488667274,"3":0.0408752709,"4":0.0084175346,"5":0.0013867532,"6":0.0001903848,"7":0.0000224036,"8":0.0000023068,"9":0.0000002111},"shonan-bellmare":{"0":0.0352941978,"1":0.1180250926,"2":0.1973401204,"3":0.2199708682,"4":0.1838976639,"5":0.1229921073,"6":0.0685483534,"7":0.032746887,"8":0.013688349,"9":0.0050860379}}