{"sagan-tosu":{"0":0.5054375309,"1":0.3448756085,"2":0.1176596296,"3":0.0267609308,"4":0.004564952,"5":0.0006229615,"6":0.0000708443,"7":0.0000069056,"8":0.000000589,"9":0.0000000447},"vissel-kobe":{"0":0.5076966535,"1":0.3441529136,"2":0.1166456654,"3":0.0263569104,"4":0.0044666473,"5":0.0006055623,"6":0.0000684155,"7":0.0000066253,"8":0.0000005614,"9":0.0000000423}}