{"fc-tokyo":{"0":0.3614894023,"1":0.3678236198,"2":0.1871344145,"3":0.0634711624,"4":0.0161458348,"5":0.0032857502,"6":0.0005572208,"7":0.0000809978,"8":0.0000103021,"9":0.0000011647},"jubilo-iwata":{"0":0.4806454059,"1":0.3521330725,"2":0.1289908311,"3":0.0315006566,"4":0.0057695459,"5":0.0008453833,"6":0.0001032249,"7":0.0000108036,"8":0.0000009894,"9":0.0000000805}}