{"jubilo-iwata":{"0":0.4954493867,"1":0.3479491876,"2":0.1221806308,"3":0.0286020815,"4":0.0050217395,"5":0.0007053436,"6":0.0000825593,"7":0.0000082829,"8":0.0000007271,"9":0.0000000567},"yokohama-fa-marinos":{"0":0.2486779387,"1":0.3460593836,"2":0.2407875375,"3":0.1116930426,"4":0.0388579157,"5":0.010814909,"6":0.0025083318,"7":0.0004986552,"8":0.0000867409,"9":0.000013412}}