{"fc-tokyo":{"0":0.4954493867,"1":0.3479491876,"2":0.1221806308,"3":0.0286020815,"4":0.0050217395,"5":0.0007053436,"6":0.0000825593,"7":0.0000082829,"8":0.0000007271,"9":0.0000000567},"kawasaki-frontale":{"0":0.1314128001,"1":0.2666906825,"2":0.2706126043,"3":0.1830614676,"4":0.092876774,"5":0.0376970436,"6":0.0127504706,"7":0.003696565,"8":0.0009377316,"9":0.0002114493}}