{"kashima-antlers":{"0":0.0917961163,"1":0.2192261345,"2":0.2617763146,"3":0.2083901144,"4":0.1244185514,"5":0.0594269108,"6":0.0236537457,"7":0.0080699325,"8":0.0024090618,"9":0.000639254},"vegalta-sendai":{"0":0.4924282775,"1":0.3488393721,"2":0.1235600321,"3":0.0291769082,"4":0.0051672776,"5":0.0007321066,"6":0.0000864382,"7":0.0000087476,"8":0.0000007746,"9":0.000000061}}