{"sanfrecce-hiroshima":{"0":0.0706478424,"1":0.1872201529,"2":0.2480711687,"3":0.2191334775,"4":0.1451785426,"5":0.0769460129,"6":0.0339851009,"7":0.0128660198,"8":0.0042619458,"9":0.0012549289},"nagoya-grampus-eight":{"0":0.3935951514,"1":0.3670008844,"2":0.1711017637,"3":0.0531802779,"4":0.012396754,"5":0.0023118271,"6":0.0003592704,"7":0.0000478565,"8":0.0000055779,"9":0.0000005779}}