{"avispa-fukuoka":{"0":0.3950558743,"1":0.3668994797,"2":0.1703749229,"3":0.0527439911,"4":0.0122462063,"5":0.0022746791,"6":0.0003520931,"7":0.0000467141,"8":0.0000054231,"9":0.0000005596},"nagoya-grampus-eight":{"0":0.1687373754,"1":0.3002532709,"2":0.2671371013,"3":0.1584489669,"4":0.070486489,"5":0.0250848975,"6":0.0074393936,"7":0.0018911064,"8":0.0004206321,"9":0.0000831642}}