{"shonan-bellmare":{"0":0.4954493867,"1":0.3479491876,"2":0.1221806308,"3":0.0286020815,"4":0.0050217395,"5":0.0007053436,"6":0.0000825593,"7":0.0000082829,"8":0.0000007271,"9":0.0000000567},"kashima-antlers":{"0":0.3625090345,"1":0.3678400497,"2":0.1866247311,"3":0.0631230708,"4":0.0160128378,"5":0.0032496641,"6":0.0005495756,"7":0.0000796654,"8":0.0000101046,"9":0.0000011392}}