{"albirex-niigata":{"0":0.3682393503,"1":0.3678792652,"2":0.1837597661,"3":0.0611933585,"4":0.01528338,"5":0.003053687,"6":0.0005084502,"7":0.0000725647,"8":0.0000090617,"9":0.0000010059},"vissel-kobe":{"0":0.3862976344,"1":0.3674258875,"2":0.1747380397,"3":0.0554005285,"4":0.0131735135,"5":0.0025059899,"6":0.0003972609,"7":0.0000539791,"8":0.0000064178,"9":0.0000006782}}