{"omiya-ardija":{"0":0.3295508527,"1":0.3658095548,"2":0.2030288031,"3":0.0751223223,"4":0.0208469065,"5":0.0046281158,"6":0.0008562204,"7":0.0001357751,"8":0.0000188392,"9":0.0000023236},"avispa-fukuoka":{"0":0.5973783005,"1":0.3077721063,"2":0.0792828174,"3":0.0136156266,"4":0.0017537087,"5":0.0001807038,"6":0.0000155166,"7":0.000001142,"8":0.0000000735,"9":0.0000000042}}