{"sanfrecce-hiroshima":{"0":0.0185424551,"1":0.0739416054,"2":0.1474281856,"3":0.1959660805,"4":0.195363108,"5":0.1558095926,"6":0.1035534523,"7":0.0589913293,"8":0.0294049088,"9":0.0130286365},"albirex-niigata":{"0":0.3334357504,"1":0.3662141801,"2":0.201107448,"3":0.0736257776,"4":0.0202158915,"5":0.0044406433,"6":0.0008128635,"7":0.0001275389,"8":0.0000175096,"9":0.0000021368}}