{"gamba-osaka":{"0":0.1898466835,"1":0.3154375664,"2":0.2620558244,"3":0.1451386104,"4":0.0602883459,"5":0.0200342811,"6":0.0055479548,"7":0.0013168772,"8":0.0002735053,"9":0.0000504933},"kashiwa-reysol":{"0":0.2408143887,"1":0.3428543839,"2":0.2440658326,"3":0.1158278528,"4":0.0412268629,"5":0.0117391745,"6":0.0027855668,"7":0.000566556,"8":0.0001008278,"9":0.0000159502}}