{"urawa-red-diamonds":{"0":0.164878815,"1":0.297201406,"2":0.2678593843,"3":0.1609428226,"4":0.0725266511,"5":0.0261465036,"6":0.0078550395,"7":0.0020227226,"8":0.000455756,"9":0.00009128},"vegalta-sendai":{"0":0.6288480998,"1":0.2917009673,"2":0.0676550143,"3":0.0104609434,"4":0.0012131178,"5":0.0001125447,"6":0.0000087009,"7":0.0000005766,"8":0.0000000334,"9":0.0000000017}}