{"kashiwa-reysol":{"0":0.241197928,"1":0.3430165953,"2":0.2439083653,"3":0.1156237365,"4":0.0411082101,"5":0.0116923047,"6":0.002771344,"7":0.0005630331,"8":0.0001000888,"9":0.0000158156},"yokohama-fa-marinos":{"0":0.1082505942,"1":0.2406742413,"2":0.2675462933,"3":0.1982791308,"4":0.1102088163,"5":0.0490055938,"6":0.0181590753,"7":0.0057675984,"8":0.0016028923,"9":0.000395969}}