{"gamba-osaka":{"0":0.3168895644,"1":0.3641701032,"2":0.2092524951,"3":0.0801577913,"4":0.0230293724,"5":0.0052930799,"6":0.001013803,"7":0.0001664378,"8":0.0000239088,"9":0.0000030529},"sagan-tosu":{"0":0.3935951514,"1":0.3670008844,"2":0.1711017637,"3":0.0531802779,"4":0.012396754,"5":0.0023118271,"6":0.0003592704,"7":0.0000478565,"8":0.0000055779,"9":0.0000005779}}