{"kawasaki-frontale":{"0":0.083640162,"1":0.2075306018,"2":0.2574657299,"3":0.2129440237,"4":0.1320908531,"5":0.0655495963,"6":0.0271072868,"7":0.0096084933,"8":0.002980112,"9":0.0008215942},"ventforet-kofu":{"0":0.3296671878,"1":0.365822334,"2":0.2029713374,"3":0.07507718,"4":0.0208277546,"5":0.0046223938,"6":0.0008548899,"7":0.000135521,"8":0.000018798,"9":0.0000023177}}