{"urawa-red-diamonds":{"0":0.0869819956,"1":0.2124147415,"2":0.2593641482,"3":0.2111270964,"4":0.1288959494,"5":0.0629541771,"6":0.025622918,"7":0.0089389361,"8":0.0027286707,"9":0.0007403957},"shonan-bellmare":{"0":0.3296671878,"1":0.365822334,"2":0.2029713374,"3":0.07507718,"4":0.0208277546,"5":0.0046223938,"6":0.0008548899,"7":0.000135521,"8":0.000018798,"9":0.0000023177}}