{"omiya-ardija":{"0":0.2695661469,"1":0.3533854424,"2":0.2316338167,"3":0.1012194592,"4":0.0331731968,"5":0.0086976239,"6":0.001900346,"7":0.0003558918,"8":0.0000583192,"9":0.0000084948},"ventforet-kofu":{"0":0.1147836895,"1":0.2484729279,"2":0.2689354044,"3":0.1940553506,"4":0.1050181897,"5":0.0454666986,"6":0.0164036717,"7":0.0050727321,"8":0.0013726216,"9":0.0003301469}}