{"yokohama-fa-marinos":{"0":0.5880322702,"1":0.312229524,"2":0.082892794,"3":0.014671291,"4":0.0019475165,"5":0.0002068159,"6":0.0000183023,"7":0.0000013883,"8":0.0000000921,"9":0.0000000054},"sanfrecce-hiroshima":{"0":0.4345982085,"1":0.3621651738,"2":0.1509021557,"3":0.0419172655,"4":0.0087327636,"5":0.0014554606,"6":0.0002021473,"7":0.0000240652,"8":0.0000025068,"9":0.0000002321}}