{"yokohama-fa-marinos":{"0":0.4422260661,"1":0.3608273122,"2":0.147205648,"3":0.040036701,"4":0.008166827,"5":0.0013327185,"6":0.0001812351,"7":0.0000211251,"8":0.0000021546,"9":0.0000001953},"omiya-ardija":{"0":0.443955887,"1":0.3605055323,"2":0.1463706672,"3":0.039619128,"4":0.0080429809,"5":0.0013062285,"6":0.0001767828,"7":0.0000205076,"8":0.0000020816,"9":0.0000001878}}