{"shonan-bellmare":{"0":0.5639851979,"1":0.3230097042,"2":0.0924982335,"3":0.0176587537,"4":0.0025284125,"5":0.0002896182,"6":0.0000276454,"7":0.0000022619,"8":0.0000001619,"9":0.0000000103},"sanfrecce-hiroshima":{"0":0.0663428915,"1":0.1799828683,"2":0.244139441,"3":0.2207768151,"4":0.1497373854,"5":0.0812450694,"6":0.0367352108,"7":0.0142370913,"8":0.0048280088,"9":0.0014553328}}