{"jubilo-iwata":{"0":0.374629335,"1":0.3678178926,"2":0.1805651473,"3":0.0590940482,"4":0.0145049027,"5":0.0028482354,"6":0.0004660749,"7":0.0000653715,"8":0.0000080229,"9":0.0000008752},"gamba-osaka":{"0":0.2443121923,"1":0.3443112236,"2":0.2426203489,"3":0.1139756315,"4":0.0401567036,"5":0.0113186359,"6":0.0026585748,"7":0.0005352502,"8":0.0000942916,"9":0.0000147651}}