{"sagan-tosu":{"0":0.6514390575,"1":0.2791881675,"2":0.0598260359,"3":0.0085465766,"4":0.0009157046,"5":0.000078489,"6":0.0000056064,"7":0.0000003432,"8":0.0000000184,"9":0.0000000009},"kawasaki-frontale":{"0":0.2540305479,"1":0.3480982508,"2":0.2384996474,"3":0.1089387487,"4":0.0373197123,"5":0.010227846,"6":0.0023358708,"7":0.0004572637,"8":0.0000783236,"9":0.0000119252}}