{"kawasaki-frontale":{"0":0.6237682329,"1":0.2944038858,"2":0.0694758432,"3":0.0109303195,"4":0.0012897132,"5":0.0001217428,"6":0.0000095766,"7":0.0000006457,"8":0.0000000381,"9":0.000000002},"urawa-red-diamonds":{"0":0.2508961804,"1":0.3469181753,"2":0.2398446644,"3":0.110545689,"4":0.0382133246,"5":0.0105676354,"6":0.0024353399,"7":0.0004810548,"8":0.0000831453,"9":0.000012774}}