{"ventforet-kofu":{"0":0.3077180219,"1":0.3626676687,"2":0.2137148762,"3":0.0839594156,"4":0.0247380421,"5":0.0058311099,"6":0.0011453966,"7":0.0001928474,"8":0.0000284106,"9":0.0000037204},"albirex-niigata":{"0":0.1555322372,"1":0.289430291,"2":0.2693007407,"3":0.167047452,"4":0.077714745,"5":0.0289239089,"6":0.0089707612,"7":0.0023848157,"8":0.0005547386,"9":0.0001147016}}