{"vissel-kobe":{"0":0.2070075527,"1":0.3260368955,"2":0.2567540552,"3":0.134795879,"4":0.0530758773,"5":0.0167189014,"6":0.0043887116,"7":0.0009874601,"8":0.0001944062,"9":0.0000340211},"fc-tokyo":{"0":0.3943757564,"1":0.3669473673,"2":0.1707132959,"3":0.0529467929,"4":0.0123161008,"5":0.002291906,"6":0.0003554177,"7":0.0000472427,"8":0.0000054946,"9":0.0000005681}}