{"ventforet-kofu":{"0":0.4127324354,"1":0.3652499428,"2":0.1616150189,"3":0.0476740469,"4":0.0105473555,"5":0.0018667886,"6":0.0002753375,"7":0.0000348088,"8":0.0000038505,"9":0.0000003786},"fc-tokyo":{"0":0.3291929878,"1":0.3657699865,"2":0.203205548,"3":0.0752613141,"4":0.0209059206,"5":0.0046457601,"6":0.0008603259,"7":0.0001365597,"8":0.0000189666,"9":0.0000023416}}