{"vegalta-sendai":{"0":0.4310382518,"1":0.3627438794,"2":0.1526350869,"3":0.0428171153,"4":0.0090082762,"5":0.0015161982,"6":0.0002126616,"7":0.0000255667,"8":0.0000026895,"9":0.0000002515},"kashiwa-reysol":{"0":0.3304454326,"1":0.3659067675,"2":0.2025867954,"3":0.074775714,"4":0.0207000438,"5":0.0045842886,"6":0.000846041,"7":0.0001338333,"8":0.0000185244,"9":0.0000022792}}