{"avispa-fukuoka":{"0":0.70188739,"1":0.2484557133,"2":0.0439744625,"3":0.0051887271,"4":0.0004591794,"5":0.0000325083,"6":0.0000019179,"7":0.000000097,"8":0.0000000043,"9":0.0000000002},"gamba-osaka":{"0":0.227300697,"1":0.3367417734,"2":0.2494383507,"3":0.1231794324,"4":0.045622012,"5":0.0135176332,"6":0.0033376872,"7":0.0007063888,"8":0.0001308127,"9":0.000021533}}