{"avispa-fukuoka":{"0":0.4950005788,"1":0.3480825988,"2":0.122385206,"3":0.0286869433,"4":0.0050431384,"5":0.0007092633,"6":0.0000831252,"7":0.0000083505,"8":0.000000734,"9":0.0000000573},"kashima-antlers":{"0":0.1314688277,"1":0.266748346,"2":0.2706142641,"3":0.18302414,"4":0.0928383319,"5":0.037673526,"6":0.0127398397,"7":0.0036927072,"8":0.0009365562,"9":0.0002111399}}