{"kashima-antlers":{"0":0.1703480632,"1":0.3015009968,"2":0.2668150414,"3":0.1574130038,"4":0.0696517716,"5":0.0246554944,"6":0.0072730072,"7":0.0018389399,"8":0.0004068451,"9":0.0000800089},"kashiwa-reysol":{"0":0.8623033568,"1":0.1277486455,"2":0.0094628626,"3":0.0004673019,"4":0.0000173075,"5":0.0000005128,"6":0.0000000127,"7":0.0000000003,"8":0.0,"9":0.0}}