{"sagan-tosu":{"0":0.3308154241,"1":0.3659462656,"2":0.202403908,"3":0.0746327094,"4":0.0206395767,"5":0.004566278,"6":0.0008418654,"7":0.0001330382,"8":0.0000183958,"9":0.000002261},"jubilo-iwata":{"0":0.3782415667,"1":0.3677348565,"2":0.1787599997,"3":0.0579314814,"4":0.0140805684,"5":0.0027378883,"6":0.0004436393,"7":0.0000616166,"8":0.0000074881,"9":0.0000008089}}