{"vissel-kobe":{"0":0.0944313649,"1":0.2228468788,"2":0.2629461697,"3":0.2068406448,"4":0.1220298789,"5":0.0575952231,"6":0.0226529884,"7":0.0076369114,"8":0.0022527762,"9":0.0005906985},"vegalta-sendai":{"0":0.5954019719,"1":0.3087269484,"2":0.08004032,"3":0.0138341294,"4":0.0017933131,"5":0.0001859732,"6":0.0000160718,"7":0.0000011905,"8":0.0000000772,"9":0.0000000044}}