{"shonan-bellmare":{"0":0.70188739,"1":0.2484557133,"2":0.0439744625,"3":0.0051887271,"4":0.0004591794,"5":0.0000325083,"6":0.0000019179,"7":0.000000097,"8":0.0000000043,"9":0.0000000002},"omiya-ardija":{"0":0.1083680232,"1":0.2408178294,"2":0.267575366,"3":0.1982039748,"4":0.1101133193,"5":0.048939253,"6":0.0181256493,"7":0.0057541744,"8":0.0015983818,"9":0.0003946622}}