{"nagoya-grampus-eight":{"0":0.0781853831,"1":0.1992689409,"2":0.2539356415,"3":0.2157329344,"4":0.1374581529,"5":0.0700671646,"6":0.0297630434,"7":0.0108366075,"8":0.0034523705,"9":0.0009776624},"albirex-niigata":{"0":0.2110720878,"1":0.3283343588,"2":0.2553711679,"3":0.1324146797,"4":0.0514945977,"5":0.0160205415,"6":0.0041534737,"7":0.0009229942,"8":0.0001794711,"9":0.0000310197}}