{"nagoya-grampus-eight":{"0":0.5445518001,"1":0.3309743408,"2":0.1005818127,"3":0.020377614,"4":0.0030963388,"5":0.0003763861,"6":0.0000381274,"7":0.0000033105,"8":0.0000002515,"9":0.000000017},"urawa-red-diamonds":{"0":0.1899545192,"1":0.3155088732,"2":0.2620254826,"3":0.1450722084,"4":0.0602401686,"5":0.0200114299,"6":0.0055397328,"7":0.0013144762,"8":0.0002729133,"9":0.0000503668}}