{"fc-tokyo":{"0":0.4035158304,"1":0.3662065789,"2":0.1661734786,"3":0.0502696685,"4":0.0114054282,"5":0.0020701755,"6":0.0003131277,"7":0.0000405965,"8":0.0000046054,"9":0.0000004644},"yokohama-fa-marinos":{"0":0.2030751438,"1":0.3237381707,"2":0.2580483293,"3":0.1371250932,"4":0.0546504929,"5":0.0174245358,"6":0.0046296388,"7":0.0010543534,"8":0.0002101035,"9":0.0000372159}}