{"omiya-ardija":{"0":0.6265794639,"1":0.292913164,"2":0.0684654753,"3":0.0106687394,"4":0.0012468547,"5":0.0001165758,"6":0.0000090828,"7":0.0000006066,"8":0.0000000354,"9":0.0000000018},"kashima-antlers":{"0":0.1869183603,"1":0.3134776668,"2":0.2628640852,"3":0.1469483254,"4":0.0616111468,"5":0.0206654055,"6":0.0057762679,"7":0.0013838975,"8":0.0002901139,"9":0.0000540606}}