{"omiya-ardija":{"0":0.357430859,"1":0.3677296348,"2":0.1891625763,"3":0.0648709938,"4":0.0166850359,"5":0.0034331575,"6":0.0005886797,"7":0.0000865202,"8":0.0000111266,"9":0.0000012719},"vegalta-sendai":{"0":0.3889732887,"1":0.3672859291,"2":0.1734038784,"3":0.0545785588,"4":0.0128838774,"5":0.0024331063,"6":0.0003829079,"7":0.0000516512,"8":0.0000060964,"9":0.0000006396}}