{"yokohama-fa-marinos":{"0":0.2846242568,"1":0.3576546758,"2":0.2247118158,"3":0.0941231931,"4":0.0295684568,"5":0.007431058,"6":0.0015562931,"7":0.0002793736,"8":0.0000438821,"9":0.0000061268},"shonan-bellmare":{"0":0.3315422588,"1":0.3660226537,"2":0.2020445048,"3":0.0743523778,"4":0.0205212563,"5":0.0045310934,"6":0.0008337212,"7":0.0001314897,"8":0.0000181456,"9":0.0000022259}}