{"kashiwa-reysol":{"0":0.174600032,"1":0.304722007,"2":0.2659091768,"3":0.1546933242,"4":0.0674949192,"5":0.0235592022,"6":0.0068528122,"7":0.0017085602,"8":0.0003727347,"9":0.0000722798},"vissel-kobe":{"0":0.2932685119,"1":0.359742708,"2":0.2206421942,"3":0.0902181416,"4":0.0276668968,"5":0.006787612,"6":0.0013876896,"7":0.0002431761,"8":0.000037287,"9":0.0000050821}}