{"albirex-niigata":{"0":0.3021752997,"1":0.3616276757,"2":0.216388593,"3":0.0863208696,"4":0.0258260813,"5":0.0061814621,"6":0.001232942,"7":0.0002107887,"8":0.0000315326,"9":0.000004193},"ventforet-kofu":{"0":0.1168730862,"1":0.2508875583,"2":0.2692859792,"3":0.1926890785,"4":0.1034098054,"5":0.0443972765,"6":0.0158843589,"7":0.0048712034,"8":0.0013071062,"9":0.000311769}}