{"gamba-osaka":{"0":0.2029274405,"1":0.3236503547,"2":0.2580960757,"3":0.1372130621,"4":0.0547105114,"5":0.0174516333,"6":0.0046389548,"7":0.0010569572,"8":0.0002107185,"9":0.0000373418},"vissel-kobe":{"0":0.3930304104,"1":0.3670386373,"2":0.1713828723,"3":0.0533496766,"4":0.0124553928,"5":0.0023263393,"6":0.0003620824,"7":0.0000483053,"8":0.0000056389,"9":0.0000005851}}