{"urawa-red-diamonds":{"0":0.3160429575,"1":0.3640426558,"2":0.2096662054,"3":0.0805032359,"4":0.0231824591,"5":0.0053406689,"6":0.0010252991,"7":0.0001687169,"8":0.0000242926,"9":0.0000031091},"kawasaki-frontale":{"0":0.1618568194,"1":0.2947482547,"2":0.2683746474,"3":0.1629072725,"4":0.0741652938,"5":0.0270116403,"6":0.0081982272,"7":0.0021327608,"8":0.0004854812,"9":0.0000982314}}