{"gamba-osaka":{"0":0.5207202275,"1":0.3397920128,"2":0.1108643432,"3":0.0241145605,"4":0.0039339431,"5":0.0005134129,"6":0.0000558373,"7":0.0000052052,"8":0.0000004246,"9":0.0000000308},"kawasaki-frontale":{"0":0.1114998321,"1":0.2446007713,"2":0.2682942933,"3":0.1961886096,"4":0.1075963172,"5":0.047207501,"6":0.0172601025,"7":0.0054091489,"8":0.001483278,"9":0.0003615461}}