{"urawa-red-diamonds":{"0":0.0475869012,"1":0.144911524,"2":0.2206421228,"3":0.2239662979,"4":0.170505416,"5":0.1038445415,"6":0.0527045272,"7":0.0229279582,"8":0.0087275208,"9":0.002953003},"nagoya-grampus-eight":{"0":0.3339159058,"1":0.3662610362,"2":0.2008696566,"3":0.0734423721,"4":0.020139112,"5":0.0044179818,"6":0.0008076557,"7":0.0001265557,"8":0.0000173518,"9":0.0000021147}}