{"jubilo-iwata":{"0":0.3516138077,"1":0.3675144321,"2":0.192067056,"3":0.0669175608,"4":0.017485924,"5":0.003655334,"6":0.0006367725,"7":0.0000950812,"8":0.0000124226,"9":0.0000014427},"sagan-tosu":{"0":0.3398888282,"1":0.3667865053,"2":0.1979063877,"3":0.0711893481,"4":0.0192057594,"5":0.0041451279,"6":0.0007455266,"7":0.0001149322,"8":0.0000155034,"9":0.0000018589}}