{"vegalta-sendai":{"0":0.4733276237,"1":0.3540336698,"2":0.1324028359,"3":0.0330110051,"4":0.0061727896,"5":0.0009234092,"6":0.0001151133,"7":0.0000123001,"8":0.00000115,"9":0.0000000956},"sagan-tosu":{"0":0.7265525653,"1":0.2320931806,"2":0.0370704386,"3":0.0039473152,"4":0.000315237,"5":0.0000201401,"6":0.0000010723,"7":0.0000000489,"8":0.000000002,"9":0.0000000001}}