{"sanfrecce-hiroshima":{"0":0.0589852826,"1":0.1669559143,"2":0.2362816292,"3":0.2229291428,"4":0.157748413,"5":0.0893003454,"6":0.0421269515,"7":0.017034137,"8":0.006026821,"9":0.0018954133},"ventforet-kofu":{"0":0.3617221857,"1":0.3678276238,"2":0.1870180572,"3":0.0633915662,"4":0.016115385,"5":0.0032774787,"6":0.0005554664,"7":0.0000806917,"8":0.0000102567,"9":0.0000011589}}