{"kashima-antlers":{"0":0.0952024934,"1":0.2238923825,"2":0.2632693598,"3":0.2063811641,"4":0.1213391816,"5":0.0570718634,"6":0.0223697843,"7":0.0075154459,"8":0.0022093054,"9":0.0005773036},"shonan-bellmare":{"0":0.4303848203,"1":0.3628469146,"2":0.1529536792,"3":0.0429838352,"4":0.009059655,"5":0.0015275947,"6":0.0002146463,"7":0.0000258519,"8":0.0000027244,"9":0.0000002552}}