{"albirex-niigata":{"0":0.382932092,"1":0.3675756003,"2":0.1764174703,"3":0.0564475694,"4":0.0135459718,"5":0.0026005492,"6":0.0004160435,"7":0.0000570513,"8":0.0000068454,"9":0.0000007301},"avispa-fukuoka":{"0":0.6671927736,"1":0.2699970756,"2":0.0546307033,"3":0.0073692495,"4":0.0007455401,"5":0.0000603405,"6":0.0000040697,"7":0.0000002353,"8":0.0000000119,"9":0.0000000005}}