{"fc-tokyo":{"0":0.2612250765,"1":0.3506614586,"2":0.2353592163,"3":0.1053132764,"4":0.0353424216,"5":0.0094885417,"6":0.0021228602,"7":0.0004070957,"8":0.0000683093,"9":0.0000101885},"avispa-fukuoka":{"0":0.4539611807,"1":0.3585129324,"2":0.1415666451,"3":0.0372671168,"4":0.0073578667,"5":0.0011621656,"6":0.0001529688,"7":0.000017258,"8":0.0000017037,"9":0.0000001495}}