{"kashiwa-reysol":{"0":0.1163496778,"1":0.2502862095,"2":0.2692022354,"3":0.1930319258,"4":0.1038104058,"5":0.044662458,"6":0.0160126461,"7":0.0049208123,"8":0.0013231789,"9":0.0003162626},"nagoya-grampus-eight":{"0":0.306388972,"1":0.3624274641,"2":0.2143576936,"3":0.0845212267,"4":0.0249950363,"5":0.0059133248,"6":0.0011658118,"7":0.0001970055,"8":0.0000291297,"9":0.0000038286}}