{"jubilo-iwata":{"0":0.3520198205,"1":0.3675325584,"2":0.1918644542,"3":0.066773166,"4":0.0174289281,"5":0.0036393965,"6":0.0006332961,"7":0.0000944577,"8":0.0000123275,"9":0.0000014301},"sanfrecce-hiroshima":{"0":0.0121243965,"1":0.0534993316,"2":0.1180338529,"3":0.1736095264,"4":0.1915145545,"5":0.1690129584,"6":0.1242959497,"7":0.0783514721,"8":0.0432160826,"9":0.0211880559}}