{"vissel-kobe":{"0":0.4023408641,"1":0.3663135045,"2":0.1667560961,"3":0.0506080088,"4":0.0115190866,"5":0.0020975234,"6":0.0003182837,"7":0.0000413976,"8":0.0000047113,"9":0.0000004766},"urawa-red-diamonds":{"0":0.3026748144,"1":0.3617255416,"2":0.2161484227,"3":0.0861060579,"4":0.0257262571,"5":0.0061490708,"6":0.0012247886,"7":0.0002091058,"8":0.0000312377,"9":0.000004148}}