{"ventforet-kofu":{"0":0.5305095931,"1":0.336299176,"2":0.1065929224,"3":0.022523697,"4":0.0035695399,"5":0.0004525586,"6":0.0000478141,"7":0.00000433,"8":0.0000003431,"9":0.0000000242},"omiya-ardija":{"0":0.2498643796,"1":0.3465211641,"2":0.2402841841,"3":0.1110783315,"4":0.0385118847,"5":0.0106819413,"6":0.0024690185,"7":0.0004891609,"8":0.0000847983,"9":0.0000130668}}