{"sagan-tosu":{"0":0.3569657245,"1":0.3677159299,"2":0.1893949416,"3":0.0650328891,"4":0.0167478469,"5":0.0034504434,"6":0.0005923925,"7":0.0000871761,"8":0.0000112252,"9":0.0000012848},"albirex-niigata":{"0":0.5532987434,"1":0.3274738451,"2":0.0969088766,"3":0.0191187388,"4":0.0028288908,"5":0.0003348599,"6":0.0000330315,"7":0.0000027929,"8":0.0000002066,"9":0.0000000136}}