{"avispa-fukuoka":{"0":0.8261781243,"1":0.1577544844,"2":0.0150612057,"3":0.00095862,"4":0.0000457609,"5":0.0000017476,"6":0.0000000556,"7":0.0000000015,"8":0.0,"9":0.0},"omiya-ardija":{"0":0.3790830381,"1":0.367710547,"2":0.1783396153,"3":0.0576631423,"4":0.013983312,"5":0.0027127625,"6":0.0004385633,"7":0.0000607723,"8":0.0000073686,"9":0.0000007942}}