{"yokohama-fa-marinos":{"0":0.3976983654,"1":0.3667023263,"2":0.1690610369,"3":0.0519615542,"4":0.0119779363,"5":0.0022088786,"6":0.0003394536,"7":0.0000447139,"8":0.0000051536,"9":0.000000528},"kashima-antlers":{"0":0.2498643796,"1":0.3465211641,"2":0.2402841841,"3":0.1110783315,"4":0.0385118847,"5":0.0106819413,"6":0.0024690185,"7":0.0004891609,"8":0.0000847983,"9":0.0000130668}}