{"gamba-osaka":{"0":0.8528837647,"1":0.1357211054,"2":0.010798786,"3":0.0005728108,"4":0.0000227881,"5":0.0000007253,"6":0.0000000192,"7":0.0000000004,"8":0.0,"9":0.0},"urawa-red-diamonds":{"0":0.3166919374,"1":0.3641405552,"2":0.2093490997,"3":0.0802383309,"4":0.0230650254,"5":0.0053041522,"6":0.0010164752,"7":0.000166967,"8":0.0000239979,"9":0.0000030659}}