{"nagoya-grampus-eight":{"0":0.1599217148,"1":0.2931478362,"2":0.268680379,"3":0.1641700584,"4":0.0752338378,"5":0.0275817912,"6":0.008426563,"7":0.002206641,"8":0.0005056162,"9":0.0001029811},"yokohama-fa-marinos":{"0":0.1138583667,"1":0.2473914593,"2":0.2687660813,"3":0.1946583138,"4":0.1057383961,"5":0.0459496774,"6":0.0166399098,"7":0.005165028,"8":0.0014028216,"9":0.0003386723}}