{"vissel-kobe":{"0":0.2170648646,"1":0.3315793994,"2":0.253253557,"3":0.1289532548,"4":0.049245928,"5":0.0150452126,"6":0.0038304085,"7":0.0008358822,"8":0.0001596074,"9":0.00002709},"jubilo-iwata":{"0":0.155299464,"1":0.2892297218,"2":0.269330717,"3":0.1672005091,"4":0.077848557,"5":0.0289970305,"6":0.0090006783,"7":0.0023946947,"8":0.0005574849,"9":0.0001153622}}