{"avispa-fukuoka":{"0":0.3363734031,"1":0.3664900634,"2":0.1996515856,"3":0.0725090248,"4":0.0197502514,"5":0.0043037118,"6":0.0007815063,"7":0.0001216396,"8":0.0000165663,"9":0.0000020055},"jubilo-iwata":{"0":0.2827596898,"1":0.3571701345,"2":0.2255811376,"3":0.0949815316,"4":0.0299941679,"5":0.007577474,"6":0.0015952577,"7":0.000287866,"8":0.0000454525,"9":0.0000063793}}