{"kawasaki-frontale":{"0":0.1581639898,"1":0.2916738315,"2":0.2689411922,"3":0.1653202014,"4":0.0762176912,"5":0.0281109576,"6":0.00864001,"7":0.0022761771,"8":0.0005246938,"9":0.0001075111},"kashiwa-reysol":{"0":0.4137337492,"1":0.3651335338,"2":0.1611211289,"3":0.0473982179,"4":0.0104576185,"5":0.0018458379,"6":0.000271502,"7":0.0000342299,"8":0.0000037761,"9":0.0000003703}}