{"sagan-tosu":{"0":0.1682755893,"1":0.2998927169,"2":0.2672272373,"3":0.158746539,"4":0.0707276247,"5":0.0252094788,"6":0.0074878548,"7":0.0019063567,"8":0.0004246772,"9":0.0000840933},"shonan-bellmare":{"0":0.3553448095,"1":0.3676634295,"2":0.1902045475,"3":0.0655994351,"4":0.0169683872,"5":0.0035113249,"6":0.0006055085,"7":0.0000894999,"8":0.0000115753,"9":0.0000013307}}