{"vegalta-sendai":{"0":0.2868990514,"1":0.3582292886,"2":0.2236469981,"3":0.0930837341,"4":0.0290566662,"5":0.0072561752,"6":0.0015100401,"7":0.0002693534,"8":0.0000420402,"9":0.0000058325},"sanfrecce-hiroshima":{"0":0.1080506225,"1":0.2404294298,"2":0.2674964263,"3":0.1984070423,"4":0.1103716271,"5":0.0491188052,"6":0.0182161627,"7":0.0057905419,"8":0.001610607,"9":0.0003982057}}