{"shonan-bellmare":{"0":0.6699176553,"1":0.2683693321,"2":0.0537544412,"3":0.0071780183,"4":0.0007188794,"5":0.0000575967,"6":0.0000038455,"7":0.0000002201,"8":0.000000011,"9":0.0000000005},"gamba-osaka":{"0":0.1311172054,"1":0.2663860611,"2":0.2706034397,"3":0.1832583914,"4":0.0930798535,"5":0.0378213911,"6":0.0128067243,"7":0.0037169938,"8":0.0009439601,"9":0.0002130899}}