{"kawasaki-frontale":{"0":0.1127900423,"1":0.2461335006,"2":0.2685596125,"3":0.195352699,"4":0.1065759944,"5":0.0465146072,"6":0.0169175737,"7":0.0052739985,"8":0.0014386329,"9":0.0003488249},"vegalta-sendai":{"0":0.4775685262,"1":0.3529458822,"2":0.1304219069,"3":0.0321293333,"4":0.0059362768,"5":0.0008774382,"6":0.0001080781,"7":0.0000114107,"8":0.0000010541,"9":0.0000000866}}