{"fc-tokyo":{"0":0.3415910393,"1":0.3669169573,"2":0.1970602827,"3":0.0705568462,"4":0.0189470012,"5":0.0040703503,"6":0.0007286884,"7":0.0001118163,"8":0.0000150133,"9":0.0000017918},"sanfrecce-hiroshima":{"0":0.1588617019,"1":0.2922612496,"2":0.2688396163,"3":0.1648633187,"4":0.0758256379,"5":0.0278996075,"6":0.0085545835,"7":0.0022482927,"8":0.000517029,"9":0.0001056877}}