{"nagoya-grampus-eight":{"0":0.3250545137,"1":0.3652840327,"2":0.2052462263,"3":0.0768826623,"4":0.0215994608,"5":0.0048545323,"6":0.0009092235,"7":0.0001459644,"8":0.0000205037,"9":0.0000025601},"fc-tokyo":{"0":0.2834382763,"1":0.3573478963,"2":0.2252651276,"3":0.0946684883,"4":0.0298385821,"5":0.0075238635,"6":0.0015809655,"7":0.0002847456,"8":0.0000448745,"9":0.0000062862}}