{"kashima-antlers":{"0":0.0969295572,"1":0.2262113682,"2":0.2639627405,"3":0.2053428434,"4":0.1198057819,"5":0.0559198466,"6":0.021750684,"7":0.0072515872,"8":0.0021154428,"9":0.000548551},"albirex-niigata":{"0":0.5961080518,"1":0.3083865655,"2":0.0797693249,"3":0.0137557769,"4":0.0017790805,"5":0.0001840755,"6":0.0000158714,"7":0.000001173,"8":0.0000000759,"9":0.0000000044}}