{"ventforet-kofu":{"0":0.3999021315,"1":0.3665244733,"2":0.1679663334,"3":0.0513156987,"4":0.011758164,"5":0.0021553548,"6":0.0003292432,"7":0.000043109,"8":0.0000049389,"9":0.000000503},"kashiwa-reysol":{"0":0.187091028,"1":0.3135944974,"2":0.2628172764,"3":0.1468412687,"4":0.0615323652,"5":0.0206276179,"6":0.0057625313,"7":0.0013798464,"8":0.0002891054,"9":0.000053843}}