{"kashiwa-reysol":{"0":0.5923710616,"1":0.310178548,"2":0.0812081632,"3":0.0141741282,"4":0.0018554715,"5":0.0001943132,"6":0.0000169578,"7":0.0000012685,"8":0.000000083,"9":0.0000000048},"kawasaki-frontale":{"0":0.1450184492,"1":0.2800152982,"2":0.2703399729,"3":0.173999305,"4":0.083993567,"5":0.0324365401,"6":0.0104385884,"7":0.0028794016,"8":0.0006949775,"9":0.0001491031}}