{"nagoya-grampus-eight":{"0":0.0483384698,"1":0.1464427264,"2":0.2218261378,"3":0.2240094659,"4":0.1696607126,"5":0.1027983609,"6":0.0519050779,"7":0.0224639806,"8":0.008506906,"9":0.0028635451},"vissel-kobe":{"0":0.3958067198,"1":0.3668452525,"2":0.1700014585,"3":0.0525207758,"4":0.012169448,"5":0.0022558001,"6":0.0003484569,"7":0.0000461372,"8":0.0000053452,"9":0.0000005504}}