{"vegalta-sendai":{"0":0.5100592689,"1":0.3433863582,"2":0.1155887151,"3":0.0259391998,"4":0.0043657512,"5":0.0005878295,"6":0.0000659572,"7":0.0000063435,"8":0.0000005338,"9":0.0000000399},"avispa-fukuoka":{"0":0.3391540626,"1":0.3667275636,"2":0.1982714063,"3":0.0714636776,"4":0.0193184332,"5":0.0041778075,"6":0.0007529111,"7":0.0001163033,"8":0.0000157199,"9":0.0000018887}}