{"omiya-ardija":{"0":0.8294372054,"1":0.1551112884,"2":0.0145035161,"3":0.0009040906,"4":0.000042268,"5":0.0000015809,"6":0.0000000493,"7":0.0000000013,"8":0.0,"9":0.0},"urawa-red-diamonds":{"0":0.2588190743,"1":0.3498265943,"2":0.236417363,"3":0.1065159529,"4":0.0359924333,"5":0.0097296618,"6":0.0021918107,"7":0.0004232155,"8":0.0000715036,"9":0.0000107385}}