{"sanfrecce-hiroshima":{"0":0.2680624152,"1":0.3529136679,"2":0.2323116743,"3":0.1019488502,"4":0.0335548184,"5":0.0088352215,"6":0.001938647,"7":0.0003646139,"8":0.0000600034,"9":0.0000087774},"sagan-tosu":{"0":0.7572598811,"1":0.2105551865,"2":0.0292723064,"3":0.002713043,"4":0.0001885896,"5":0.0000104874,"6":0.000000486,"7":0.0000000193,"8":0.0000000007,"9":0.0}}