{"kashiwa-reysol":{"0":0.2165962452,"1":0.3313316688,"2":0.2534223865,"3":0.129221788,"4":0.0494182974,"5":0.0151192344,"6":0.0038546999,"7":0.0008423732,"8":0.0001610744,"9":0.0000273776},"kashima-antlers":{"0":0.1158277381,"1":0.2496842036,"2":0.2691160275,"3":0.1933734299,"4":0.104211417,"5":0.0449286934,"6":0.0161417654,"7":0.0049708594,"8":0.0013394299,"9":0.000320816}}