{"gamba-osaka":{"0":0.1339231019,"1":0.2692509915,"2":0.270663147,"3":0.1813884727,"4":0.0911699054,"5":0.0366592277,"6":0.0122838321,"7":0.0035280737,"8":0.0008866444,"9":0.0001980655},"ventforet-kofu":{"0":0.3622781615,"1":0.3678365809,"2":0.1867401415,"3":0.0632017627,"4":0.0160428662,"5":0.0032578023,"6":0.0005512978,"7":0.0000799652,"8":0.000010149,"9":0.000001145}}