{"jubilo-iwata":{"0":0.2694994819,"1":0.3533647053,"2":0.2316639239,"3":0.101251715,"4":0.033190029,"5":0.0087036789,"6":0.0019020277,"7":0.0003562739,"8":0.0000583928,"9":0.0000085071},"vissel-kobe":{"0":0.3385672652,"1":0.3666793486,"2":0.1985628241,"3":0.07168333,"4":0.0194088439,"5":0.0042040817,"6":0.0007588595,"7":0.0001174099,"8":0.0000158948,"9":0.0000019127}}