{"fc-tokyo":{"0":0.2656016695,"1":0.3521234254,"2":0.2334151494,"3":0.1031506342,"4":0.0341881837,"5":0.0090650487,"6":0.0020030095,"7":0.0003793579,"8":0.0000628671,"9":0.0000092607},"shonan-bellmare":{"0":0.4749314327,"1":0.3536267437,"2":0.1316525557,"3":0.0326754989,"4":0.0060824203,"5":0.0009057756,"6":0.0001124045,"7":0.0000119564,"8":0.0000011128,"9":0.0000000921}}