{"urawa-red-diamonds":{"0":0.1473443131,"1":0.2821618791,"2":0.2701676241,"3":0.172455484,"4":0.0825623371,"5":0.0316210971,"6":0.0100923114,"7":0.0027609438,"8":0.0006608951,"9":0.0001406226},"sagan-tosu":{"0":0.3854691081,"1":0.3674654742,"2":0.175151357,"3":0.0556569256,"4":0.0132643564,"5":0.0025289669,"6":0.0004018083,"7":0.0000547202,"8":0.0000065206,"9":0.0000006907}}