{"kawasaki-frontale":{"0":0.1109058014,"1":0.2438900725,"2":0.2681661677,"3":0.1965724223,"4":0.1080693294,"5":0.0475304921,"6":0.0174205121,"7":0.0054727138,"8":0.0015043629,"9":0.0003675784},"avispa-fukuoka":{"0":0.693051045,"1":0.2541082915,"2":0.046584609,"3":0.0056934409,"4":0.0005218773,"5":0.0000382694,"6":0.0000023386,"7":0.0000001225,"8":0.0000000056,"9":0.0000000002}}