{"albirex-niigata":{"0":0.2197748831,"1":0.3329922471,"2":0.2522668539,"3":0.127407502,"4":0.0482604174,"5":0.0146243689,"6":0.0036930225,"7":0.0007993555,"8":0.0001513931,"9":0.0000254871},"nagoya-grampus-eight":{"0":0.5005161375,"1":0.3464149457,"2":0.119879566,"3":0.0276568328,"4":0.0047854302,"5":0.000662414,"6":0.0000764112,"7":0.000007555,"8":0.0000006536,"9":0.0000000503}}