{"sanfrecce-hiroshima":{"0":0.2082650198,"1":0.3267561275,"2":0.2563310127,"3":0.1340563243,"4":0.0525817123,"5":0.0164995511,"6":0.0043144783,"7":0.0009670249,"8":0.000189651,"9":0.0000330613},"omiya-ardija":{"0":0.3898294228,"1":0.3672372535,"2":0.1729771952,"3":0.0543174924,"4":0.0127923943,"5":0.0024102048,"6":0.0003784206,"7":0.0000509271,"8":0.000005997,"9":0.0000006277}}