{"vegalta-sendai":{"0":0.3559169538,"1":0.3676828035,"2":0.1899188035,"3":0.065399037,"4":0.0168902472,"5":0.0034897205,"6":0.0006008472,"7":0.0000886728,"8":0.0000114505,"9":0.0000013143},"yokohama-fa-marinos":{"0":0.1370224135,"1":0.272347224,"2":0.2706601371,"3":0.179322334,"4":0.0891057504,"5":0.0354215097,"6":0.011734029,"7":0.0033318118,"8":0.0008277931,"9":0.0001828145}}