{"jubilo-iwata":{"0":0.7414017718,"1":0.2218367506,"2":0.0331881753,"3":0.0033101067,"4":0.0002476064,"5":0.0000148174,"6":0.0000007389,"7":0.0000000316,"8":0.0000000012,"9":0.0},"kashima-antlers":{"0":0.2133725784,"1":0.3295999178,"2":0.2545690422,"3":0.1310789106,"4":0.0506199045,"5":0.0156386697,"6":0.0040262158,"7":0.0008884797,"8":0.000171556,"9":0.000029445}}