{"shonan-bellmare":{"0":0.6879660776,"1":0.2573101471,"2":0.0481190236,"3":0.0059990909,"4":0.0005609386,"5":0.00004196,"6":0.0000026156,"7":0.0000001398,"8":0.0000000065,"9":0.0000000003},"fc-tokyo":{"0":0.313945277,"1":0.3637170892,"2":0.2106897773,"3":0.0813639384,"4":0.0235657748,"5":0.0054603625,"6":0.0010543383,"7":0.0001744985,"8":0.0000252704,"9":0.000003253}}