{"yokohama-fa-marinos":{"0":0.6383817007,"1":0.2865177712,"2":0.0642972951,"3":0.0096192804,"4":0.0010793287,"5":0.0000968846,"6":0.0000072473,"7":0.0000004647,"8":0.0000000261,"9":0.0000000013},"ventforet-kofu":{"0":0.4061291726,"1":0.3659565038,"2":0.1648787771,"3":0.0495232099,"4":0.0111561432,"5":0.0020105244,"6":0.0003019419,"7":0.0000388679,"8":0.0000043779,"9":0.0000004383}}