{"albirex-niigata":{"0":0.4310481694,"1":0.3627423079,"2":0.1526302526,"3":0.0428145886,"4":0.0090074983,"5":0.0015160258,"6":0.0002126316,"7":0.0000255624,"8":0.000002689,"9":0.0000002514},"gamba-osaka":{"0":0.0985616369,"1":0.2283745246,"2":0.2645802419,"3":0.2043505934,"4":0.1183738193,"5":0.0548561602,"6":0.0211842895,"7":0.0070122213,"8":0.0020309787,"9":0.0005228807}}