{"sagan-tosu":{"0":0.5153655688,"1":0.3416249035,"2":0.113227951,"3":0.0250188023,"4":0.0041461083,"5":0.0005496735,"6":0.0000607278,"7":0.0000057507,"8":0.0000004765,"9":0.0000000351},"sanfrecce-hiroshima":{"0":0.3863208812,"1":0.3674247511,"2":0.1747264441,"3":0.0553933473,"4":0.0131709725,"5":0.002505348,"6":0.000397134,"7":0.0000539584,"8":0.0000064149,"9":0.0000006779}}