{"vegalta-sendai":{"0":0.5377885343,"1":0.333584772,"2":0.1034596249,"3":0.0213916519,"4":0.0033172562,"5":0.0004115321,"6":0.0000425449,"7":0.00000377,"8":0.0000002923,"9":0.0000000201},"omiya-ardija":{"0":0.206626574,"1":0.3258174819,"2":0.2568813621,"3":0.1350204493,"4":0.0532264824,"5":0.0167859517,"6":0.0044114659,"7":0.0009937407,"8":0.0001958715,"9":0.0000343176}}