{"kawasaki-frontale":{"0":0.1115627906,"1":0.2446759092,"2":0.2683076507,"3":0.1961478912,"4":0.107546305,"5":0.0471734165,"6":0.0172432022,"7":0.005402462,"8":0.0014810632,"9":0.0003609133},"vissel-kobe":{"0":0.3554496599,"1":0.3676670489,"2":0.1901521848,"3":0.065562676,"4":0.0169540432,"5":0.0035073563,"6":0.0006046517,"7":0.0000893478,"8":0.0000115524,"9":0.0000013277}}