{"kashima-antlers":{"0":0.163788594,"1":0.2963228427,"2":0.2680504942,"3":0.1616504188,"4":0.0731136254,"5":0.0264551234,"6":0.0079770078,"7":0.0020616904,"8":0.0004662458,"9":0.0000937247},"yokohama-fa-marinos":{"0":0.3072941414,"1":0.3625916837,"2":0.2139200059,"3":0.0841382947,"4":0.0248197426,"5":0.0058572104,"6":0.0011518691,"7":0.000194164,"8":0.000028638,"9":0.0000037546}}