{"urawa-red-diamonds":{"0":0.0169094494,"1":0.0689885697,"2":0.1407326352,"3":0.1913908801,"4":0.1952130841,"5":0.1592892961,"6":0.1083136066,"7":0.0631295439,"8":0.0321951416,"9":0.0145947112},"albirex-niigata":{"0":0.2991629361,"1":0.3610199341,"2":0.2178334565,"3":0.0876247363,"4":0.0264356582,"5":0.0063803356,"6":0.001283263,"7":0.0002212285,"8":0.0000333714,"9":0.0000044746}}