{"omiya-ardija":{"0":0.5861450267,"1":0.3131116596,"2":0.083630251,"3":0.0148914265,"4":0.0019887055,"5":0.0002124685,"6":0.0000189164,"7":0.0000014436,"8":0.0000000964,"9":0.0000000057},"kawasaki-frontale":{"0":0.1289287976,"1":0.2641099952,"2":0.2705140001,"3":0.184715524,"4":0.0945972061,"5":0.0387563804,"6":0.0132320418,"7":0.003872253,"8":0.0009915364,"9":0.0002256841}}