{"gamba-osaka":{"0":0.2623081571,"1":0.3510300338,"2":0.2348803903,"3":0.1047750761,"4":0.0350534262,"5":0.0093819464,"6":0.002092542,"7":0.0004000448,"8":0.0000669193,"9":0.0000099504},"jubilo-iwata":{"0":0.3067205576,"1":0.3624879317,"2":0.2141974142,"3":0.0843807995,"4":0.0249306908,"5":0.0058927087,"6":0.0011606851,"7":0.0001959598,"8":0.0000289486,"9":0.0000038013}}