{"avispa-fukuoka":{"0":0.4047080354,"1":0.3660945876,"2":0.1655826366,"3":0.0499280977,"4":0.0112911066,"5":0.002042763,"6":0.000307977,"7":0.000039799,"8":0.0000045002,"9":0.0000004523},"shonan-bellmare":{"0":0.2212507409,"1":0.3337475931,"2":0.2517222213,"3":0.1265708538,"4":0.0477317247,"5":0.0144002666,"6":0.0036203678,"7":0.0007801679,"8":0.0001471064,"9":0.000024656}}