{"nagoya-grampus-eight":{"0":0.4401203483,"1":0.3612098818,"2":0.148223752,"3":0.0405494271,"4":0.0083198004,"5":0.0013656238,"6":0.0001867962,"7":0.0000219007,"8":0.0000022468,"9":0.0000002049},"gamba-osaka":{"0":0.1302833639,"1":0.2655231602,"2":0.2705738724,"3":0.183813772,"4":0.0936551148,"5":0.0381746392,"6":0.0129669291,"7":0.0037753093,"8":0.0009617806,"9":0.0002177945}}