{"fc-tokyo":{"0":0.4969326877,"1":0.347505376,"2":0.1215053762,"3":0.0283229315,"4":0.0049515615,"5":0.0006925261,"6":0.000080714,"7":0.0000080633,"8":0.0000007048,"9":0.0000000548},"urawa-red-diamonds":{"0":0.3666511303,"1":0.3678773883,"2":0.1845538737,"3":0.0617237036,"4":0.0154825343,"5":0.0031068631,"6":0.0005195423,"7":0.0000744686,"8":0.0000093397,"9":0.0000010412}}