{"yokohama-fa-marinos":{"0":0.2516112277,"1":0.3471908175,"2":0.2395391192,"3":0.1101776252,"4":0.0380077035,"5":0.0104891389,"6":0.0024122749,"7":0.000475518,"8":0.0000820191,"9":0.0000125751},"albirex-niigata":{"0":0.4829352604,"1":0.3515153778,"2":0.1279292184,"3":0.0310387273,"4":0.0056480603,"5":0.0008222138,"6":0.0000997445,"7":0.0000103716,"8":0.0000009437,"9":0.0000000763}}