{"sanfrecce-hiroshima":{"0":0.2260660412,"1":0.3361439502,"2":0.2499109434,"3":0.1238665351,"4":0.0460451581,"5":0.0136931679,"6":0.0033934594,"7":0.0007208329,"8":0.0001339783,"9":0.0000221351},"kashiwa-reysol":{"0":0.5914060006,"1":0.3106374952,"2":0.0815815644,"3":0.0142836409,"4":0.0018756296,"5":0.0001970358,"6":0.0000172489,"7":0.0000012943,"8":0.000000085,"9":0.000000005}}