{"ventforet-kofu":{"0":0.2941174141,"1":0.3599338983,"2":0.2202392735,"3":0.0898411955,"4":0.0274863797,"5":0.0067274356,"6":0.001372146,"7":0.0002398857,"8":0.0000366958,"9":0.0000049897},"vegalta-sendai":{"0":0.2115583488,"1":0.3286039441,"2":0.2552027672,"3":0.1321316102,"4":0.0513085025,"5":0.0159390318,"6":0.0041262287,"7":0.0009155833,"8":0.0001777667,"9":0.0000306797}}