{"vissel-kobe":{"0":0.1955964577,"1":0.3191550591,"2":0.2603829154,"3":0.1416224093,"4":0.0577713791,"5":0.0188531307,"6":0.005127114,"7":0.0011951315,"8":0.0002437622,"9":0.0000441941},"kashiwa-reysol":{"0":0.3037739098,"1":0.3619379779,"2":0.2156194057,"3":0.0856347974,"4":0.0255078567,"5":0.0060783772,"6":0.0012070356,"7":0.0002054498,"8":0.0000305984,"9":0.0000040508}}