{"fc-tokyo":{"0":0.4097709792,"1":0.3655799912,"2":0.163077349,"3":0.0484968587,"4":0.0108167013,"5":0.0019300389,"6":0.0002869829,"7":0.0000365763,"8":0.000004079,"9":0.0000004043},"sagan-tosu":{"0":0.5914060006,"1":0.3106374952,"2":0.0815815644,"3":0.0142836409,"4":0.0018756296,"5":0.0001970358,"6":0.0000172489,"7":0.0000012943,"8":0.000000085,"9":0.000000005}}