{"shonan-bellmare":{"0":0.459782937,"1":0.3572516993,"2":0.138792424,"3":0.0359472738,"4":0.0069827649,"5":0.0010851228,"6":0.0001405235,"7":0.0000155981,"8":0.000001515,"9":0.0000001308},"avispa-fukuoka":{"0":0.4861909426,"1":0.3506184682,"2":0.1264249285,"3":0.0303906078,"4":0.0054790759,"5":0.0007902513,"6":0.0000949821,"7":0.0000097852,"8":0.0000008821,"9":0.0000000707}}