{"ventforet-kofu":{"0":0.1816275529,"1":0.3098197532,"2":0.2642448185,"3":0.1502493485,"4":0.0640737258,"5":0.0218593551,"6":0.0062146041,"7":0.0015144077,"8":0.000322909,"9":0.0000612019},"nagoya-grampus-eight":{"0":0.1703457963,"1":0.3014992515,"2":0.266815503,"3":0.1574144597,"4":0.0696529395,"5":0.0246560932,"6":0.0072732385,"7":0.0018390122,"8":0.0004068642,"9":0.0000800132}}