{"kashima-antlers":{"0":0.1225647078,"1":0.257277559,"2":0.270027741,"3":0.1889398651,"4":0.0991516811,"5":0.0416261792,"6":0.0145630309,"7":0.0043670705,"8":0.0011458735,"9":0.000267258},"jubilo-iwata":{"0":0.5069475025,"1":0.3443936838,"2":0.1169815502,"3":0.0264903873,"4":0.0044990468,"5":0.0006112835,"6":0.0000692124,"7":0.000006717,"8":0.0000005704,"9":0.0000000431}}