{"kashiwa-reysol":{"0":0.0718065728,"1":0.1891226624,"2":0.2490536733,"3":0.2186508002,"4":0.1439694859,"5":0.0758367693,"6":0.0332895518,"7":0.012525333,"8":0.0041236203,"9":0.0012067451},"ventforet-kofu":{"0":0.3054004579,"1":0.3622450687,"2":0.2148351228,"3":0.0849408941,"4":0.0251877651,"5":0.0059751998,"6":0.0011812287,"7":0.0002001561,"8":0.0000296764,"9":0.0000039111}}