{"avispa-fukuoka":{"0":0.3142064041,"1":0.3637583788,"2":0.2105624781,"3":0.0812564232,"4":0.0235177453,"5":0.0054453231,"6":0.0010506798,"7":0.0001737682,"8":0.0000251465,"9":0.0000032347},"vissel-kobe":{"0":0.1624704561,"1":0.2952509152,"2":0.2682737066,"3":0.1625076117,"4":0.0738296092,"5":0.0268335059,"6":0.0081272388,"7":0.0021098998,"8":0.0004792793,"9":0.000096775}}