{"albirex-niigata":{"0":0.4621788011,"1":0.356711192,"2":0.1376554639,"3":0.0354143205,"4":0.0068332237,"5":0.0010547811,"6":0.0001356806,"7":0.0000149598,"8":0.0000014433,"9":0.0000001238},"kashima-antlers":{"0":0.3363420556,"1":0.3664872553,"2":0.1996671336,"3":0.0725208742,"4":0.0197551687,"5":0.0043051515,"6":0.0007818346,"7":0.0001217011,"8":0.0000165761,"9":0.0000020069}}