{"omiya-ardija":{"0":0.3863208812,"1":0.3674247511,"2":0.1747264441,"3":0.0553933473,"4":0.0131709725,"5":0.002505348,"6":0.000397134,"7":0.0000539584,"8":0.0000064149,"9":0.0000006779},"sagan-tosu":{"0":0.4710753466,"1":0.3545959497,"2":0.1334587858,"3":0.0334864654,"4":0.0063016273,"5":0.0009486939,"6":0.0001190195,"7":0.0000127986,"8":0.0000012043,"9":0.0000001007}}