{"albirex-niigata":{"0":0.5705791118,"1":0.3201539072,"2":0.0898197306,"3":0.0167993869,"4":0.0023565485,"5":0.0002644535,"6":0.000024731,"7":0.0000019824,"8":0.000000139,"9":0.0000000087},"kawasaki-frontale":{"0":0.0323467775,"1":0.1109895852,"2":0.1904160008,"3":0.2177877218,"4":0.1868205334,"5":0.1282052501,"6":0.0733171824,"7":0.0359384162,"8":0.0154141703,"9":0.0058766368}}