{"vegalta-sendai":{"0":0.2115583488,"1":0.3286039441,"2":0.2552027672,"3":0.1321316102,"4":0.0513085025,"5":0.0159390318,"6":0.0041262287,"7":0.0009155833,"8":0.0001777667,"9":0.0000306797},"nagoya-grampus-eight":{"0":0.3526597584,"1":0.3675601777,"2":0.1915450814,"3":0.0665460523,"4":0.0173394314,"5":0.0036144098,"6":0.000627854,"7":0.0000934831,"8":0.0000121791,"9":0.0000014104}}