{"gamba-osaka":{"0":0.2492631271,"1":0.3462878534,"2":0.2405395431,"3":0.1113895492,"4":0.0386868771,"5":0.0107491194,"6":0.0024888622,"7":0.0004939489,"8":0.0000857771,"9":0.0000132406},"fc-tokyo":{"0":0.4195624261,"1":0.3644079887,"2":0.1582519954,"3":0.0458162185,"4":0.0099483384,"5":0.0017281118,"6":0.0002501566,"7":0.0000310388,"8":0.0000033698,"9":0.0000003252}}