{"kashiwa-reysol":{"0":0.2502135282,"1":0.3466559838,"2":0.2401356394,"3":0.1108978891,"4":0.0384106099,"5":0.0106431238,"6":0.0024575693,"7":0.0004864023,"8":0.0000842352,"9":0.000012967},"avispa-fukuoka":{"0":0.4803832158,"1":0.3522031039,"2":0.1291125734,"3":0.0315538703,"4":0.0057835967,"5":0.0008480732,"6":0.0001036305,"7":0.0000108541,"8":0.0000009947,"9":0.000000081}}