{"nagoya-grampus-eight":{"0":0.5573940946,"1":0.325787238,"2":0.0952085118,"3":0.0185492445,"4":0.0027104284,"5":0.0003168397,"6":0.0000308646,"7":0.0000025771,"8":0.0000001883,"9":0.0000000122},"kashima-antlers":{"0":0.3820181705,"1":0.3676111593,"2":0.176873739,"3":0.0567344394,"4":0.0136487049,"5":0.0026267945,"6":0.0004212884,"7":0.0000579143,"8":0.0000069663,"9":0.0000007448}}