{"vissel-kobe":{"0":0.0885205038,"1":0.2146198268,"2":0.2601751463,"3":0.2102667083,"4":0.1274490163,"5":0.0618005651,"6":0.0249727954,"7":0.0086495812,"8":0.0026213865,"9":0.0007061785},"yokohama-fa-marinos":{"0":0.1034933235,"1":0.2347485423,"2":0.2662339763,"3":0.2012949103,"4":0.1141467033,"5":0.0517826103,"6":0.0195759685,"7":0.0063433078,"8":0.0017985246,"9":0.0004532778}}