{"urawa-red-diamonds":{"0":0.1302833639,"1":0.2655231602,"2":0.2705738724,"3":0.183813772,"4":0.0936551148,"5":0.0381746392,"6":0.0129669291,"7":0.0037753093,"8":0.0009617806,"9":0.0002177945},"sanfrecce-hiroshima":{"0":0.1957473157,"1":0.3192502982,"2":0.2603375493,"3":0.1415308301,"4":0.0577067424,"5":0.0188231391,"6":0.0051165391,"7":0.0011921029,"8":0.0002430297,"9":0.0000440405}}