{"urawa-red-diamonds":{"0":0.311191457,"1":0.3632683947,"2":0.2120301243,"3":0.0825042388,"4":0.0240777677,"5":0.0056214217,"6":0.0010936916,"7":0.0001823882,"8":0.0000266138,"9":0.0000034519},"fc-tokyo":{"0":0.5817778142,"1":0.3151296494,"2":0.0853476134,"3":0.0154099857,"4":0.0020867689,"5":0.0002260666,"6":0.0000204088,"7":0.0000015793,"8":0.0000001069,"9":0.0000000064}}