{"sanfrecce-hiroshima":{"0":0.3925181841,"1":0.3670721777,"2":0.1716378872,"3":0.0535036724,"4":0.0125087896,"5":0.002339575,"6":0.000364651,"7":0.0000487159,"8":0.0000056947,"9":0.0000005917},"gamba-osaka":{"0":0.6542983319,"1":0.2775480307,"2":0.0588668086,"3":0.0083236071,"4":0.0008827016,"5":0.000074887,"6":0.0000052944,"7":0.0000003208,"8":0.000000017,"9":0.0000000008}}