{"sagan-tosu":{"0":0.6599229561,"1":0.2742852195,"2":0.0570008824,"3":0.0078971337,"4":0.0008205757,"5":0.0000682115,"6":0.0000047252,"7":0.0000002806,"8":0.0000000146,"9":0.0000000007},"omiya-ardija":{"0":0.3329520841,"1":0.3661662823,"2":0.2013469095,"3":0.0738108703,"4":0.0202934996,"5":0.0044635824,"6":0.0008181424,"7":0.0001285368,"8":0.0000176699,"9":0.0000021592}}