{"shonan-bellmare":{"0":0.6406191188,"1":0.2852806322,"2":0.0635206137,"3":0.0094290041,"4":0.0010497315,"5":0.0000934933,"6":0.0000069391,"7":0.0000004414,"8":0.0000000246,"9":0.0000000012},"vegalta-sendai":{"0":0.2735853023,"1":0.3546053501,"2":0.2298094109,"3":0.099288529,"4":0.0321730035,"5":0.008340155,"6":0.0018016706,"7":0.0003336029,"8":0.0000540496,"9":0.000007784}}