{"jubilo-iwata":{"0":0.3537798472,"1":0.3676057263,"2":0.1909859636,"3":0.0661499276,"4":0.0171837743,"5":0.0035710648,"6":0.0006184373,"7":0.0000918009,"8":0.0000119236,"9":0.0000013766},"ventforet-kofu":{"0":0.1078507126,"1":0.2401843241,"2":0.2674461215,"3":0.1985348215,"4":0.1105346242,"5":0.049232283,"6":0.0182734423,"7":0.0058135842,"8":0.0016183618,"9":0.0004004559}}