{"kawasaki-frontale":{"0":0.2516795413,"1":0.3472167585,"2":0.2395098878,"3":0.1101425069,"4":0.0379881138,"5":0.0104816702,"6":0.002410083,"7":0.0004749925,"8":0.0000819124,"9":0.0000125562},"yokohama-fa-marinos":{"0":0.2608709956,"1":0.3505399908,"2":0.2355154218,"3":0.1054896548,"4":0.035437384,"5":0.00952365,"6":0.0021328679,"7":0.0004094281,"8":0.0000687701,"9":0.0000102676}}