{"jubilo-iwata":{"0":0.204205434,"1":0.3244066259,"2":0.2576808483,"3":0.1364530691,"4":0.0541933176,"5":0.0172186126,"6":0.0045589972,"7":0.0010346506,"8":0.0002054595,"9":0.0000362665},"shonan-bellmare":{"0":0.3970020365,"1":0.3667559872,"2":0.1694071337,"3":0.0521668865,"4":0.0120481233,"5":0.0022260447,"6":0.0003427418,"7":0.0000452328,"8":0.0000052233,"9":0.0000005362}}