{"omiya-ardija":{"0":0.37987948,"1":0.3676858176,"2":0.1779417784,"3":0.0574100223,"4":0.0138918079,"5":0.0026891796,"6":0.00043381,"7":0.0000599836,"8":0.0000072573,"9":0.0000007805},"vissel-kobe":{"0":0.436210816,"1":0.3618934177,"2":0.150118751,"3":0.0415143213,"4":0.0086103777,"5":0.0014286849,"6":0.0001975466,"7":0.0000234129,"8":0.000002428,"9":0.0000002238}}