{"urawa-red-diamonds":{"0":0.2104237505,"1":0.3279731747,"2":0.2555947298,"3":0.1327927016,"4":0.0517437359,"5":0.0161298877,"6":0.004190093,"7":0.0009329732,"8":0.0001817702,"9":0.0000314792},"gamba-osaka":{"0":0.2599487935,"1":0.350221371,"2":0.235921481,"3":0.1059500263,"4":0.0356858393,"5":0.0096156965,"6":0.0021591576,"7":0.0004155671,"8":0.0000699852,"9":0.0000104766}}