{"jubilo-iwata":{"0":0.2390908056,"1":0.3421178692,"2":0.2447702582,"3":0.1167482218,"4":0.0417641038,"5":0.0119521503,"6":0.0028504123,"7":0.0005826698,"8":0.0001042186,"9":0.0000165697},"albirex-niigata":{"0":0.3878737268,"1":0.36734568,"2":0.1739520355,"3":0.0549152334,"4":0.0130022172,"5":0.0024628161,"6":0.0003887454,"7":0.0000525959,"8":0.0000062265,"9":0.0000006552}}