{"vissel-kobe":{"0":0.2837957349,"1":0.3574408822,"2":0.2250984926,"3":0.0945038912,"4":0.0297569256,"5":0.0074957728,"6":0.0015734883,"7":0.0002831156,"8":0.000044573,"9":0.0000062378},"kawasaki-frontale":{"0":0.1985479317,"1":0.3209973529,"2":0.2594821808,"3":0.139837087,"4":0.0565195195,"5":0.0182753011,"6":0.0049243552,"7":0.0011373324,"8":0.0002298442,"9":0.0000412883}}