{"ventforet-kofu":{"0":0.3869461898,"1":0.3673936596,"2":0.1744145628,"3":0.0552004441,"4":0.0131027864,"5":0.0024881396,"6":0.0003937355,"7":0.0000534057,"8":0.0000063384,"9":0.0000006687},"yokohama-fa-marinos":{"0":0.1258425164,"1":0.2608368069,"2":0.270321358,"3":0.186767191,"4":0.0967792109,"5":0.0401193191,"6":0.0138593794,"7":0.0041038098,"8":0.0010632581,"9":0.0002448712}}