{"kashima-antlers":{"0":0.1138538687,"1":0.2473861839,"2":0.2687652368,"3":0.1946612415,"4":0.105741909,"5":0.0459520394,"6":0.0166410678,"7":0.0051654814,"8":0.0014029702,"9":0.0003387144},"ventforet-kofu":{"0":0.4767606287,"1":0.3531560212,"2":0.1307985264,"3":0.0322959324,"4":0.0059807282,"5":0.0008860338,"6":0.0001093869,"7":0.0000115753,"8":0.0000010718,"9":0.0000000882}}