{"kashima-antlers":{"0":0.2783495797,"1":0.3559750075,"2":0.2276242092,"3":0.0970344913,"4":0.0310238063,"5":0.0079351294,"6":0.001691343,"7":0.0003090029,"8":0.0000493971,"9":0.0000070192},"omiya-ardija":{"0":0.4841050219,"1":0.3511956382,"2":0.1273880364,"3":0.0308046951,"4":0.0055868428,"5":0.0008105988,"6":0.0000980086,"7":0.0000101572,"8":0.0000009211,"9":0.0000000742}}