{"shonan-bellmare":{"0":0.5661541495,"1":0.3220788051,"2":0.0916135268,"3":0.0173726392,"4":0.0024707753,"5":0.0002811193,"6":0.0000266543,"7":0.0000021662,"8":0.000000154,"9":0.0000000097},"nagoya-grampus-eight":{"0":0.118441829,"1":0.2526759019,"2":0.269520962,"3":0.1916593508,"4":0.1022183204,"5":0.04361315,"6":0.0155068978,"7":0.0047259117,"8":0.0012602431,"9":0.0002987243}}