{"shonan-bellmare":{"0":0.5847376773,"1":0.3137655289,"2":0.0841820281,"3":0.0150571328,"4":0.0020198841,"5":0.0002167707,"6":0.0000193862,"7":0.0000014861,"8":0.0000000997,"9":0.0000000059},"kashiwa-reysol":{"0":0.1380349114,"1":0.2733434462,"2":0.2706439944,"3":0.1786474677,"4":0.0884416014,"5":0.0350272723,"6":0.0115604514,"7":0.0032703669,"8":0.0008095174,"9":0.0001781162}}