{"fc-tokyo":{"0":0.5751718463,"1":0.3181197372,"2":0.0879738532,"3":0.0162190478,"4":0.0022426338,"5":0.0002480741,"6":0.0000228677,"7":0.0000018068,"8":0.0000001249,"9":0.0000000077},"gamba-osaka":{"0":0.2110720878,"1":0.3283343588,"2":0.2553711679,"3":0.1324146797,"4":0.0514945977,"5":0.0160205415,"6":0.0041534737,"7":0.0009229942,"8":0.0001794711,"9":0.0000310197}}