{"nagoya-grampus-eight":{"0":0.3218883642,"1":0.3648767125,"2":0.2068030879,"3":0.0781405804,"4":0.0221440733,"5":0.005020285,"6":0.0009484578,"7":0.0001535893,"8":0.0000217626,"9":0.000002741},"avispa-fukuoka":{"0":0.4766375937,"1":0.3531879033,"2":0.1308559131,"3":0.0323213599,"4":0.0059875225,"5":0.0008873494,"6":0.0001095875,"7":0.0000116006,"8":0.0000010745,"9":0.0000000885}}