{"avispa-fukuoka":{"0":0.4509294218,"1":0.3591402328,"2":0.1430176216,"3":0.0379685301,"4":0.0075599562,"5":0.001204217,"6":0.0001598487,"7":0.0000181872,"8":0.0000018106,"9":0.0000001602},"sanfrecce-hiroshima":{"0":0.2465969639,"1":0.3452357495,"2":0.2416650247,"3":0.1127770115,"4":0.039471954,"5":0.0110521471,"6":0.0025788343,"7":0.0005157669,"8":0.0000902592,"9":0.0000140403}}