{"sagan-tosu":{"0":0.4041894625,"1":0.3661437326,"2":0.1658395942,"3":0.0500764564,"4":0.0113407092,"5":0.0020546452,"6":0.0003102074,"7":0.000040144,"8":0.0000045457,"9":0.0000004575},"vegalta-sendai":{"0":0.4841050219,"1":0.3511956382,"2":0.1273880364,"3":0.0308046951,"4":0.0055868428,"5":0.0008105988,"6":0.0000980086,"7":0.0000101572,"8":0.0000009211,"9":0.0000000742}}