{"sanfrecce-hiroshima":{"0":0.1586890764,"1":0.2921161984,"2":0.2688649884,"3":0.1649763174,"4":0.0759224513,"5":0.0279517385,"6":0.0085756329,"7":0.0022551568,"8":0.000518914,"9":0.0001061357},"fc-tokyo":{"0":0.3894228799,"1":0.3672606022,"2":0.1731797962,"3":0.0544413451,"4":0.0128357643,"5":0.0024210547,"6":0.0003805452,"7":0.0000512697,"8":0.000006044,"9":0.0000006333}}