{"vegalta-sendai":{"0":0.3056895651,"1":0.3622987438,"2":0.2146955519,"3":0.0848179958,"4":0.025131258,"5":0.0059570389,"6":0.001176699,"7":0.0001992295,"8":0.0000295155,"9":0.0000038868},"albirex-niigata":{"0":0.3056895651,"1":0.3622987438,"2":0.2146955519,"3":0.0848179958,"4":0.025131258,"5":0.0059570389,"6":0.001176699,"7":0.0001992295,"8":0.0000295155,"9":0.0000038868}}