{"yokohama-fa-marinos":{"0":0.6102862556,"1":0.3013759287,"2":0.0744138095,"3":0.0122491868,"4":0.0015122453,"5":0.0001493576,"6":0.0000122928,"7":0.0000008672,"8":0.0000000535,"9":0.0000000029},"kashiwa-reysol":{"0":0.3545035081,"1":0.3676332677,"2":0.1906246573,"3":0.0658949433,"4":0.0170838742,"5":0.0035433221,"6":0.000612426,"7":0.0000907298,"8":0.0000117613,"9":0.0000013552}}