{"sagan-tosu":{"0":0.8952813219,"1":0.0990335882,"2":0.0054774133,"3":0.0002019655,"4":0.0000055852,"5":0.0000001236,"6":0.0000000023,"7":0.0,"8":0.0,"9":0.0},"urawa-red-diamonds":{"0":0.3932407209,"1":0.3670246728,"2":0.1712781806,"3":0.0532865451,"4":0.0124335272,"5":0.0023209251,"6":0.0003610328,"7":0.0000481377,"8":0.0000056161,"9":0.0000005824}}