{"kawasaki-frontale":{"0":0.088818171,"1":0.2150433601,"2":0.2603276233,"3":0.2100986251,"4":0.127170808,"5":0.061580277,"6":0.0248493252,"7":0.0085948989,"8":0.0026012075,"9":0.0006997722},"jubilo-iwata":{"0":0.2044766303,"1":0.3245660798,"2":0.2575921269,"3":0.1362921306,"4":0.0540841788,"5":0.0171695806,"6":0.0045422171,"7":0.0010299812,"8":0.0002043613,"9":0.0000360426}}