{"kashiwa-reysol":{"0":0.221184726,"1":0.3337140175,"2":0.2517466903,"3":0.1266081989,"4":0.0477552536,"5":0.0144102152,"6":0.0036235857,"7":0.0007810158,"8":0.0001472954,"9":0.0000246926},"sagan-tosu":{"0":0.3061154945,"1":0.362377323,"2":0.2144898357,"3":0.0846371755,"4":0.0250482201,"5":0.0059303806,"6":0.001170057,"7":0.0001978722,"8":0.00002928,"9":0.0000038513}}