{"kashiwa-reysol":{"0":0.120108365,"1":0.2545529728,"2":0.269744809,"3":0.1905622006,"4":0.1009675193,"5":0.0427973226,"6":0.015117162,"7":0.0045769603,"8":0.0012125288,"9":0.0002855318},"vegalta-sendai":{"0":0.299427682,"1":0.3610745577,"2":0.2177067186,"3":0.0875095634,"4":0.0263815595,"5":0.0063626114,"6":0.0012787601,"7":0.0002202906,"8":0.0000332056,"9":0.0000044491}}