{"vissel-kobe":{"0":0.1155681665,"1":0.2493839383,"2":0.2690721439,"3":0.1935431211,"4":0.1044114206,"5":0.045061771,"6":0.0162064264,"7":0.004995966,"8":0.0013475961,"9":0.0003231078},"sanfrecce-hiroshima":{"0":0.0830486528,"1":0.2066523433,"2":0.2571094747,"3":0.2132576253,"4":0.1326637655,"5":0.0660222101,"6":0.0273808263,"7":0.0097332136,"8":0.0030274293,"9":0.0008370266}}