{"nagoya-grampus-eight":{"0":0.1667142412,"1":0.298664239,"2":0.2675246188,"3":0.1597544719,"4":0.0715489982,"5":0.0256356349,"6":0.0076542625,"7":0.0019589161,"8":0.0004386684,"9":0.0000873181},"jubilo-iwata":{"0":0.3270747163,"1":0.365527793,"2":0.2042508344,"3":0.0760879732,"4":0.0212583452,"5":0.0047515235,"6":0.000885024,"7":0.0001412962,"8":0.0000197385,"9":0.000002451}}