{"yokohama-fa-marinos":{"0":0.6297665933,"1":0.2912078608,"2":0.0673281332,"3":0.0103776446,"4":0.0011996713,"5":0.000110947,"6":0.0000085504,"7":0.0000005648,"8":0.0000000326,"9":0.0000000017},"kawasaki-frontale":{"0":0.1751994806,"1":0.3051677227,"2":0.2657751572,"3":0.1543117198,"4":0.0671961982,"5":0.0234088717,"6":0.0067957127,"7":0.0016909967,"8":0.0003681786,"9":0.0000712561}}