{"omiya-ardija":{"0":0.3413371988,"1":0.3668980429,"2":0.1971864983,"3":0.0706508994,"4":0.0189853881,"5":0.0040814196,"6":0.0007311757,"7":0.0001122756,"8":0.0000150854,"9":0.0000018017},"shonan-bellmare":{"0":0.6085377771,"1":0.3022584539,"2":0.0750653258,"3":0.0124282228,"4":0.001543263,"5":0.0001533066,"6":0.0000126911,"7":0.0000009005,"8":0.0000000559,"9":0.0000000031}}