{"kawasaki-frontale":{"0":0.164858001,"1":0.2971847005,"2":0.2678630873,"3":0.1609563198,"4":0.0725378134,"5":0.0261523593,"6":0.007857349,"7":0.0020234591,"8":0.0004559538,"9":0.0000913261},"sanfrecce-hiroshima":{"0":0.1836036214,"1":0.3112037459,"2":0.2637414521,"3":0.1490118172,"4":0.0631428663,"5":0.0214051296,"6":0.0060468638,"7":0.0014641842,"8":0.0003102196,"9":0.0000584239}}