{"fc-tokyo":{"0":0.3650561286,"1":0.3678685795,"2":0.185351349,"3":0.0622597752,"4":0.0156848586,"5":0.0031611395,"6":0.0005309156,"7":0.0000764294,"8":0.0000096273,"9":0.0000010779},"kashima-antlers":{"0":0.3092995742,"1":0.3629460314,"2":0.2129485986,"3":0.0832944877,"4":0.0244353745,"5":0.0057347135,"6":0.0011215618,"7":0.000188013,"8":0.0000275779,"9":0.0000035957}}