{"gamba-osaka":{"0":0.3250086412,"1":0.3652783522,"2":0.2052688109,"3":0.0769007789,"4":0.0216072638,"5":0.0048568959,"6":0.0009097804,"7":0.0001460722,"8":0.0000205214,"9":0.0000025627},"shonan-bellmare":{"0":0.2449104256,"1":0.3445553537,"2":0.2423710453,"3":0.1136609314,"4":0.0399763325,"5":0.0112482426,"6":0.0026374556,"7":0.0005300769,"8":0.0000932182,"9":0.0000145717}}