{"albirex-niigata":{"0":0.6297665933,"1":0.2912078608,"2":0.0673281332,"3":0.0103776446,"4":0.0011996713,"5":0.000110947,"6":0.0000085504,"7":0.0000005648,"8":0.0000000326,"9":0.0000000017},"omiya-ardija":{"0":0.2520440865,"1":0.3473548755,"2":0.2393537797,"3":0.1099552377,"4":0.0378837374,"5":0.0104419041,"6":0.0023984205,"7":0.000472198,"8":0.000081345,"9":0.0000124562}}