{"nagoya-grampus-eight":{"0":0.2268304104,"1":0.3365148522,"2":0.2496187473,"3":0.1234408498,"4":0.0457827494,"5":0.0135842237,"6":0.0033588185,"7":0.0007118549,"8":0.0001320093,"9":0.0000217603},"sagan-tosu":{"0":0.5631384919,"1":0.3233708427,"2":0.0928445697,"3":0.0177713695,"4":0.002551212,"5":0.0002929963,"6":0.0000280412,"7":0.0000023003,"8":0.0000001651,"9":0.0000000105}}