{"ventforet-kofu":{"0":0.2803780126,"1":0.3565333186,"2":0.2266868328,"3":0.0960862421,"4":0.0305462137,"5":0.0077686141,"6":0.0016464497,"7":0.0002990932,"8":0.0000475415,"9":0.0000067172},"avispa-fukuoka":{"0":0.2827180063,"1":0.3571591621,"2":0.2256005351,"3":0.0950007856,"4":0.0300037495,"5":0.0075807793,"6":0.0015961398,"7":0.0002880588,"8":0.0000454883,"9":0.0000063851}}