{"jubilo-iwata":{"0":0.3399531828,"1":0.366791592,"2":0.1978744115,"3":0.0711653585,"4":0.0191959191,"5":0.0041422773,"6":0.0007448832,"7":0.0001148128,"8":0.0000154846,"9":0.0000018563},"fc-tokyo":{"0":0.3423589863,"1":0.3669730311,"2":0.1966783565,"3":0.0702728768,"4":0.0188312938,"5":0.0040370355,"6":0.0007212133,"7":0.0001104379,"8":0.0000147972,"9":0.0000017623}}