{"yokohama-fa-marinos":{"0":0.2836367686,"1":0.3573995858,"2":0.2251726117,"3":0.0945770637,"4":0.0297932136,"5":0.0075082524,"6":0.0015768091,"7":0.0002838394,"8":0.0000447069,"9":0.0000062593},"gamba-osaka":{"0":0.2619380654,"1":0.3509045945,"2":0.2350441779,"3":0.1049587578,"4":0.0351519264,"5":0.0094182359,"6":0.0021028522,"7":0.00040244,"8":0.000067391,"9":0.0000100311}}