{"vegalta-sendai":{"0":0.2654364478,"1":0.3520695518,"2":0.233488977,"3":0.1032316903,"4":0.0342311081,"5":0.0090806903,"6":0.0020074074,"7":0.0003803692,"8":0.0000630643,"9":0.0000092941},"vissel-kobe":{"0":0.1832532053,"1":0.3109598804,"2":0.2638318033,"3":0.1492308704,"4":0.0633069604,"5":0.0214849446,"6":0.0060762519,"7":0.0014729585,"8":0.0003124304,"9":0.0000589065}}