{"albirex-niigata":{"0":0.6301077725,"1":0.2910243525,"2":0.067206895,"3":0.0103468242,"4":0.0011947075,"5":0.0001103586,"6":0.0000084951,"7":0.0000005605,"8":0.0000000324,"9":0.0000000017},"urawa-red-diamonds":{"0":0.4186287974,"1":0.3645296812,"2":0.1587108786,"3":0.0460669264,"4":0.0100284322,"5":0.0017464929,"6":0.0002534658,"7":0.0000315301,"8":0.0000034319,"9":0.000000332}}