{"avispa-fukuoka":{"0":0.2035882307,"1":0.3240423886,"2":0.2578819739,"3":0.13681978,"4":0.0544424992,"5":0.0173307439,"6":0.0045974299,"7":0.0010453608,"8":0.0002079818,"9":0.0000367817},"ventforet-kofu":{"0":0.2067891666,"1":0.3259112083,"2":0.25682708,"3":0.1349245793,"4":0.0531621571,"5":0.0167573023,"6":0.0044017398,"7":0.0009910552,"8":0.0001952448,"9":0.0000341907}}