{"urawa-red-diamonds":{"0":0.3147379039,"1":0.3638417498,"2":0.210303267,"3":0.0810379131,"4":0.0234202615,"5":0.0054148349,"6":0.0010432718,"7":0.0001722911,"8":0.0000248964,"9":0.0000031978},"kashima-antlers":{"0":0.4225935072,"1":0.3639986092,"2":0.1567641069,"3":0.0450093024,"4":0.0096921292,"5":0.0016696525,"6":0.000239691,"7":0.0000294938,"8":0.0000031755,"9":0.0000003039}}