{"sanfrecce-hiroshima":{"0":0.7104641894,"1":0.2428627586,"2":0.0415097062,"3":0.0047298475,"4":0.0004042089,"5":0.0000276347,"6":0.0000015744,"7":0.0000000769,"8":0.0000000033,"9":0.0000000001},"urawa-red-diamonds":{"0":0.5506474659,"1":0.3285495826,"2":0.0980162762,"3":0.0194941462,"4":0.0029078467,"5":0.0003469994,"6":0.0000345068,"7":0.0000029413,"8":0.0000002194,"9":0.0000000145}}