{"jubilo-iwata":{"0":0.4427962152,"1":0.3607219998,"2":0.1469302996,"3":0.0398987086,"4":0.0081258271,"5":0.0013239339,"6":0.0001797562,"7":0.0000209197,"8":0.0000021303,"9":0.0000001928},"urawa-red-diamonds":{"0":0.218736742,"1":0.3324549914,"2":0.252646904,"3":0.1279981947,"4":0.0486356777,"5":0.0147841407,"6":0.0037450356,"7":0.0008131469,"8":0.0001544864,"9":0.0000260891}}