{"kashiwa-reysol":{"0":0.284262145,"1":0.3575615328,"2":0.2248808925,"3":0.0942894414,"4":0.029650692,"5":0.0074592745,"6":0.0015637852,"7":0.0002810029,"8":0.0000441827,"9":0.0000061751},"omiya-ardija":{"0":0.2510288874,"1":0.3469689294,"2":0.2397880164,"3":0.1104773136,"4":0.0381750838,"5":0.0105530229,"6":0.0024310423,"7":0.0004800222,"8":0.0000829351,"9":0.0000127369}}