{"fc-tokyo":{"0":0.3161168729,"1":0.3640538733,"2":0.2096300988,"3":0.0804730317,"4":0.0231690566,"5":0.0053364977,"6":0.0010242903,"7":0.0001685167,"8":0.0000242589,"9":0.0000031042},"vegalta-sendai":{"0":0.4299431971,"1":0.3629159894,"2":0.1531690887,"3":0.0430967872,"4":0.009094523,"5":0.0015353413,"6":0.0002159975,"7":0.0000260463,"8":0.0000027482,"9":0.0000002578}}