{"avispa-fukuoka":{"0":0.8574207444,"1":0.1318940584,"2":0.0101444027,"3":0.0005201594,"4":0.0000200036,"5":0.0000006154,"6":0.0000000158,"7":0.0000000003,"8":0.0,"9":0.0},"kawasaki-frontale":{"0":0.1067274587,"1":0.2388002137,"2":0.2671549701,"3":0.1992510166,"4":0.1114548822,"5":0.0498755428,"6":0.0185992284,"7":0.0059450489,"8":0.0016627386,"9":0.000413371}}