{"sagan-tosu":{"0":0.4604290547,"1":0.3571071618,"2":0.1384855318,"3":0.0358029644,"4":0.0069421634,"5":0.0010768635,"6":0.0001392019,"7":0.0000154235,"8":0.0000014953,"9":0.0000001289},"yokohama-fa-marinos":{"0":0.3171569282,"1":0.3642098816,"2":0.2091217723,"3":0.0800489276,"4":0.0229812183,"5":0.0052781359,"6":0.0010101988,"7":0.0001657243,"8":0.0000237889,"9":0.0000030354}}