{"sagan-tosu":{"0":0.7414799609,"1":0.2217819526,"2":0.0331682831,"3":0.0033069568,"4":0.0002472836,"5":0.0000147929,"6":0.0000007374,"7":0.0000000315,"8":0.0000000012,"9":0.0},"gamba-osaka":{"0":0.4569794377,"1":0.3578683129,"2":0.1401263589,"3":0.0365784391,"4":0.0071612983,"5":0.0011216267,"6":0.0001463941,"7":0.0000163777,"8":0.0000016032,"9":0.0000001395}}