{"sanfrecce-hiroshima":{"0":0.0950150553,"1":0.2236388286,"2":0.2631915833,"3":0.2064930911,"4":0.1215067256,"5":0.0571985602,"6":0.0224382318,"7":0.007544759,"8":0.0022197812,"9":0.000580527},"avispa-fukuoka":{"0":0.6505957156,"1":0.2796695311,"2":0.0601103302,"3":0.0086131461,"4":0.0009256265,"5":0.0000795792,"6":0.0000057014,"7":0.0000003501,"8":0.0000000188,"9":0.0000000009}}