{"vegalta-sendai":{"0":0.1327917438,"1":0.2681029737,"2":0.2706463613,"3":0.1821425847,"4":0.0919352499,"5":0.0371229614,"6":0.0124917108,"7":0.0036029185,"8":0.0009092745,"9":0.0002039779},"ventforet-kofu":{"0":0.2345195208,"1":0.340104067,"2":0.2466122563,"3":0.119213717,"4":0.0432214234,"5":0.0125360838,"6":0.0030300058,"7":0.0006277378,"8":0.0001137945,"9":0.0000183363}}