{"omiya-ardija":{"0":0.38398843,"1":0.367531783,"2":0.1758902104,"3":0.0561173528,"4":0.0134280809,"5":0.0025705183,"6":0.0004100589,"7":0.0000560693,"8":0.0000067083,"9":0.0000007134},"yokohama-fa-marinos":{"0":0.1368502147,"1":0.2721770504,"2":0.2706621503,"3":0.1794371213,"4":0.0892191995,"5":0.0354890471,"6":0.01176384,"7":0.0033423897,"8":0.0008309466,"9":0.000183627}}