{"vissel-kobe":{"0":0.3747690488,"1":0.3678153263,"2":0.1804953139,"3":0.0590487599,"4":0.0144882822,"5":0.0028438913,"6":0.0004651873,"7":0.0000652223,"8":0.0000080015,"9":0.0000008726},"kashima-antlers":{"0":0.2153659367,"1":0.3306764486,"2":0.2538630652,"3":0.1299285271,"4":0.0498736065,"5":0.0153153533,"6":0.0039192415,"7":0.000859667,"8":0.0001649934,"9":0.0000281482}}