{"shonan-bellmare":{"0":0.5335913474,"1":0.3351620651,"2":0.1052618361,"3":0.0220391969,"4":0.0034608426,"5":0.0004347684,"6":0.0000455148,"7":0.0000040841,"8":0.0000003207,"9":0.0000000224},"jubilo-iwata":{"0":0.1921226686,"1":0.3169296294,"2":0.2614069197,"3":0.1437407999,"4":0.0592794681,"5":0.0195577336,"6":0.005377142,"7":0.0012671782,"8":0.0002612955,"9":0.0000478932}}