{"nagoya-grampus-eight":{"0":0.3161424107,"1":0.3640577449,"2":0.2096176234,"3":0.0804625982,"4":0.0231644277,"5":0.0053350572,"6":0.001023942,"7":0.0001684476,"8":0.0000242472,"9":0.0000031025},"kashiwa-reysol":{"0":0.3273692086,"1":0.365562283,"2":0.204105608,"3":0.075972643,"4":0.0212090295,"5":0.0047366833,"6":0.0008815494,"7":0.0001406281,"8":0.0000196293,"9":0.0000024355}}