{"fc-tokyo":{"0":0.1873081795,"1":0.3137412006,"2":0.2627582555,"3":0.1467066927,"4":0.0614334276,"5":0.0205801982,"6":0.0057453053,"7":0.0013747695,"8":0.0002878424,"9":0.0000535707},"albirex-niigata":{"0":0.3191655151,"1":0.3645015258,"2":0.2081386554,"3":0.0792346018,"4":0.0226223792,"5":0.0051671571,"6":0.0009835214,"7":0.0001604609,"8":0.0000229067,"9":0.0000029067}}