{"gamba-osaka":{"0":0.1206015464,"1":0.2551040096,"2":0.2698060583,"3":0.1902369396,"4":0.1006002981,"5":0.0425592211,"6":0.0150039922,"7":0.0045339132,"8":0.0011988024,"9":0.0002817536},"albirex-niigata":{"0":0.3564075353,"1":0.3676986831,"2":0.1896737697,"3":0.0652275728,"4":0.0168235028,"5":0.0034712957,"6":0.000596878,"7":0.0000879696,"8":0.0000113446,"9":0.0000013004}}