{"vissel-kobe":{"0":0.1461922152,"1":0.2811032129,"2":0.2702572644,"3":0.1732198604,"4":0.0832682151,"5":0.0320221741,"6":0.0102622154,"7":0.0028189323,"8":0.000677542,"9":0.0001447556},"nagoya-grampus-eight":{"0":0.541130126,"1":0.3323055755,"2":0.1020336794,"3":0.0208861411,"4":0.0032065213,"5":0.0003938221,"6":0.0000403074,"7":0.0000035361,"8":0.0000002714,"9":0.0000000185}}