{"kashima-antlers":{"0":0.2386638783,"1":0.3419335198,"2":0.2449439203,"3":0.1169769767,"4":0.0418982018,"5":0.0120055031,"6":0.0028667122,"7":0.0005867337,"8":0.0001050766,"9":0.000016727},"kawasaki-frontale":{"0":0.2753807617,"1":0.355131182,"2":0.228988684,"3":0.0984346443,"4":0.0317353429,"5":0.0081851831,"6":0.0017592694,"7":0.0003241078,"8":0.0000522462,"9":0.0000074863}}