{"shonan-bellmare":{"0":0.4201430746,"1":0.3643312568,"2":0.1579667412,"3":0.0456608116,"4":0.009898807,"5":0.0017167698,"6":0.000248119,"7":0.000030737,"8":0.0000033317,"9":0.000000321},"ventforet-kofu":{"0":0.2573930317,"1":0.3493212248,"2":0.2370408346,"3":0.1072334063,"4":0.0363829827,"5":0.0098754407,"6":0.0022337441,"7":0.0004330755,"8":0.0000734686,"9":0.0000110787}}