{"kawasaki-frontale":{"0":0.4127837377,"1":0.3652440376,"2":0.1615897076,"3":0.0476598857,"4":0.0105427416,"5":0.0018657099,"6":0.0002751398,"7":0.0000347789,"8":0.0000038467,"9":0.0000003782},"omiya-ardija":{"0":0.320574542,"1":0.364698566,"2":0.2074479203,"3":0.0786670484,"4":0.0223737041,"5":0.0050906462,"6":0.0009652208,"7":0.0001568678,"8":0.0000223074,"9":0.0000028198}}