{"kashima-antlers":{"0":0.1674441322,"1":0.2992403333,"2":0.2673870262,"3":0.1592829437,"4":0.0711638571,"5":0.0254354644,"6":0.0075759765,"7":0.0019341528,"8":0.0004320669,"9":0.0000857943},"vissel-kobe":{"0":0.3349168311,"1":0.3663564933,"2":0.2003737461,"3":0.0730611465,"4":0.0199799047,"5":0.0043710958,"6":0.000796904,"7":0.0001245303,"8":0.0000170275,"9":0.0000020696}}