{"kashiwa-reysol":{"0":0.1169163309,"1":0.2509371375,"2":0.2692927777,"3":0.1926607353,"4":0.1033767761,"5":0.0443754471,"6":0.0158738128,"7":0.0048671303,"8":0.0013057882,"9":0.000311401},"shonan-bellmare":{"0":0.1131188017,"1":0.2465216902,"2":0.2686244145,"3":0.1951392216,"4":0.1063175397,"5":0.0463399173,"6":0.016831559,"7":0.0052401853,"8":0.0014275029,"9":0.0003456645}}