{"albirex-niigata":{"0":0.5527488206,"1":0.3276980188,"2":0.0971381462,"3":0.0191961682,"4":0.0028451197,"5":0.0003373468,"6":0.0000333328,"7":0.0000028231,"8":0.0000002092,"9":0.0000000138},"sanfrecce-hiroshima":{"0":0.3472494258,"1":0.3672898676,"2":0.1942434412,"3":0.0684845364,"4":0.0181092281,"5":0.0038308694,"6":0.0006753261,"7":0.0001020429,"8":0.0000134915,"9":0.0000015856}}