{"ventforet-kofu":{"0":0.3637690994,"1":0.3678563926,"2":0.1859948053,"3":0.0626948782,"4":0.0158498288,"5":0.0032055833,"6":0.0005402669,"7":0.0000780482,"8":0.0000098656,"9":0.0000011085},"sanfrecce-hiroshima":{"0":0.0922154485,"1":0.2198072889,"2":0.2619693612,"3":0.2081458006,"4":0.1240355192,"5":0.0591308976,"6":0.0234910067,"7":0.007999116,"8":0.0023833642,"9":0.0006312281}}