{"vegalta-sendai":{"0":0.1511149532,"1":0.285564111,"2":0.2698173138,"3":0.1699592258,"4":0.0802936013,"5":0.0303463958,"6":0.0095576704,"7":0.0025801811,"8":0.0006094757,"9":0.0001279706},"jubilo-iwata":{"0":0.4338589704,"1":0.362287751,"2":0.1512616121,"3":0.0421029513,"4":0.0087893674,"5":0.0014678872,"6":0.0002042897,"7":0.0000243699,"8":0.0000025437,"9":0.000000236}}