{"ventforet-kofu":{"0":0.4600807431,"1":0.3571851923,"2":0.1386509472,"3":0.0358807057,"4":0.0069640259,"5":0.0010813089,"6":0.0001399129,"7":0.0000155174,"8":0.0000015059,"9":0.0000001299},"sagan-tosu":{"0":0.1744078568,"1":0.3045786812,"2":0.2659518177,"3":0.1548157585,"4":0.0675909624,"5":0.0236076133,"6":0.0068712269,"7":0.0017142324,"8":0.0003742081,"9":0.0000726113}}