{"kashima-antlers":{"0":0.0883043161,"1":0.2143115987,"2":0.2600635131,"3":0.21038846,"4":0.1276514252,"5":0.0619611412,"6":0.0250629335,"7":0.0086895564,"8":0.0026361576,"9":0.0007108739},"avispa-fukuoka":{"0":0.707010706,"1":0.2451273074,"2":0.0424939795,"3":0.0049110217,"4":0.0004256744,"5":0.0000295171,"6":0.0000017056,"7":0.0000000845,"8":0.0000000037,"9":0.0000000001}}