{"urawa-red-diamonds":{"0":0.1422398203,"1":0.2774018968,"2":0.2705002444,"3":0.1758468684,"4":0.085735933,"5":0.0334411424,"6":0.0108697132,"7":0.0030283654,"8":0.0007382552,"9":0.000159975},"vissel-kobe":{"0":0.4583618652,"1":0.3575663988,"2":0.1394681138,"3":0.0362661869,"4":0.0070727796,"5":0.0011034899,"6":0.0001434714,"7":0.0000159888,"8":0.0000015591,"9":0.0000001351}}