{"urawa-red-diamonds":{"0":0.1688820429,"1":0.3003659645,"2":0.2671086607,"3":0.158355795,"4":0.070411114,"5":0.0250460046,"6":0.0074242819,"7":0.001886356,"8":0.0004193734,"9":0.0000828754},"yokohama-fa-marinos":{"0":0.308746261,"1":0.3628495668,"2":0.2132168462,"3":0.083526669,"4":0.0245408767,"5":0.0057682619,"6":0.0011298444,"7":0.0001896905,"8":0.0000278664,"9":0.0000036388}}