{"nagoya-grampus-eight":{"0":0.2508552314,"1":0.3469025002,"2":0.2398621387,"3":0.1105667934,"4":0.0382251317,"5":0.0105721485,"6":0.0024366675,"7":0.0004813739,"8":0.0000832102,"9":0.0000127855},"shonan-bellmare":{"0":0.360378918,"1":0.3678024538,"2":0.1876894544,"3":0.0638519055,"4":0.0162918017,"5":0.0033254801,"6":0.0005656638,"7":0.0000824737,"8":0.0000105216,"9":0.0000011931}}