{"avispa-fukuoka":{"0":0.3584058429,"1":0.3677563988,"2":0.188675452,"3":0.0645326205,"4":0.0165540578,"5":0.0033971883,"6":0.0005809698,"7":0.000085161,"8":0.0000109228,"9":0.0000012453},"kashiwa-reysol":{"0":0.1251413724,"1":0.260082716,"2":0.270266411,"3":0.1872325698,"4":0.0972818868,"5":0.040436407,"6":0.0140065729,"7":0.0041585739,"8":0.0010803513,"9":0.0002494785}}