{"omiya-ardija":{"0":0.2592931414,"1":0.3499928547,"2":0.2362094842,"3":0.1062782086,"4":0.0358634762,"5":0.0096816756,"6":0.0021780479,"7":0.0004199886,"8":0.0000708624,"9":0.0000106278},"fc-tokyo":{"0":0.3537532648,"1":0.3676046865,"2":0.1909992344,"3":0.0661593081,"4":0.0171874539,"5":0.0035720878,"6":0.0006186592,"7":0.0000918404,"8":0.0000119296,"9":0.0000013774}}