{"kawasaki-frontale":{"0":0.1203528881,"1":0.2548264337,"2":0.2697754591,"3":0.1904009651,"4":0.1007852816,"5":0.042679082,"6":0.0150609296,"7":0.0045555592,"8":0.0012057011,"9":0.0002836515},"gamba-osaka":{"0":0.2628801113,"1":0.3512228658,"2":0.2346269195,"3":0.1044916618,"4":0.0349017093,"5":0.009326136,"6":0.0020767085,"7":0.0003963716,"8":0.0000661969,"9":0.000009827}}