{"yokohama-fa-marinos":{"0":0.3967064916,"1":0.3667783936,"2":0.1695540567,"3":0.0522542197,"4":0.0120780219,"5":0.0022333678,"6":0.0003441466,"7":0.0000454548,"8":0.0000052532,"9":0.0000005397},"fc-tokyo":{"0":0.4583618652,"1":0.3575663988,"2":0.1394681138,"3":0.0362661869,"4":0.0070727796,"5":0.0011034899,"6":0.0001434714,"7":0.0000159888,"8":0.0000015591,"9":0.0000001351}}