{"albirex-niigata":{"0":0.4453081502,"1":0.3602492901,"2":0.145718814,"3":0.0392949611,"4":0.0079472955,"5":0.0012858546,"6":0.0001733736,"7":0.0000200368,"8":0.0000020262,"9":0.0000001821},"sagan-tosu":{"0":0.589595133,"1":0.3114944248,"2":0.0822842415,"3":0.0144907814,"4":0.0019139395,"5":0.0002022342,"6":0.0000178074,"7":0.000001344,"8":0.0000000888,"9":0.0000000052}}