{"jubilo-iwata":{"0":0.2804757367,"1":0.3565598451,"2":0.2266415709,"3":0.0960407299,"4":0.030523378,"5":0.0077606791,"6":0.0016443172,"7":0.000298624,"8":0.0000474539,"9":0.000006703},"vegalta-sendai":{"0":0.2724880515,"1":0.354278205,"2":0.2303092665,"3":0.0998130047,"4":0.0324432319,"5":0.0084362818,"6":0.0018280867,"7":0.0003395437,"8":0.0000551827,"9":0.0000079718}}