{"gamba-osaka":{"0":0.1619893447,"1":0.2948570095,"2":0.2683530087,"3":0.1628209266,"4":0.0740926689,"5":0.0269730615,"6":0.0081828389,"7":0.0021278008,"8":0.0004841345,"9":0.0000979148},"nagoya-grampus-eight":{"0":0.2724880515,"1":0.354278205,"2":0.2303092665,"3":0.0998130047,"4":0.0324432319,"5":0.0084362818,"6":0.0018280867,"7":0.0003395437,"8":0.0000551827,"9":0.0000079718}}