{"yokohama-fa-marinos":{"0":0.1972538327,"1":0.3201950235,"2":0.2598805095,"3":0.1406182155,"4":0.0570651178,"5":0.018526349,"6":0.0050121922,"7":0.0011623015,"8":0.0002358403,"9":0.0000425368},"montedio-yamagata":{"0":0.5733363579,"1":0.3189371101,"2":0.0887096019,"3":0.0164492063,"4":0.0022876023,"5":0.0002545107,"6":0.0000235967,"7":0.0000018752,"8":0.0000001304,"9":0.0000000081}}