{"kashiwa-reysol":{"0":0.1664652417,"1":0.2984669763,"2":0.2675709807,"3":0.1599154689,"4":0.0716808596,"5":0.0257043083,"6":0.0076811702,"7":0.0019674426,"8":0.0004409454,"9":0.0000878446},"sagan-tosu":{"0":0.1916355887,"1":0.316612594,"2":0.261547282,"3":0.1440392917,"4":0.0594939777,"5":0.0196587103,"6":0.0054132214,"7":0.0012776437,"8":0.0002638589,"9":0.0000484375}}