{"albirex-niigata":{"0":0.4376267552,"1":0.361649888,"2":0.1494317246,"3":0.0411629056,"4":0.008504142,"5":0.0014055457,"6":0.0001935879,"7":0.0000228541,"8":0.0000023608,"9":0.0000002168},"kashima-antlers":{"0":0.154260901,"1":0.2883305846,"2":0.269460782,"3":0.1678839427,"4":0.0784483868,"5":0.029325732,"6":0.0091355029,"7":0.0024393228,"8":0.0005699203,"9":0.0001183604}}