{"vegalta-sendai":{"0":0.0835942265,"1":0.2074625482,"2":0.2574382867,"3":0.2129684676,"4":0.1321352646,"5":0.0655861531,"6":0.0271284095,"7":0.0096181095,"8":0.002983755,"9":0.0008227806},"montedio-yamagata":{"0":0.2721128357,"1":0.3541653216,"2":0.2304798939,"3":0.0999928155,"4":0.0325361238,"5":0.0084694033,"6":0.001837209,"7":0.0003415997,"8":0.0000555757,"9":0.0000080371}}