{"yokohama-fa-marinos":{"0":0.5895617977,"1":0.3115101475,"2":0.0822972014,"3":0.0144946147,"4":0.0019146507,"5":0.000202331,"6":0.0000178178,"7":0.0000013449,"8":0.0000000888,"9":0.0000000052},"kawasaki-frontale":{"0":0.6303131866,"1":0.2909137784,"2":0.0671339489,"3":0.0103282998,"4":0.0011917269,"5":0.0001100056,"6":0.000008462,"7":0.0000005579,"8":0.0000000322,"9":0.0000000017}}