{"kawasaki-frontale":{"0":0.2071993151,"1":0.3261470701,"2":0.2566898237,"3":0.1346829322,"4":0.0530002279,"5":0.0166852569,"6":0.0043773051,"7":0.0009843146,"8":0.000193673,"9":0.0000338729},"fc-tokyo":{"0":0.1686204897,"1":0.3001621283,"2":0.2671600095,"3":0.1585242639,"4":0.0705474473,"5":0.0251163687,"6":0.0074516277,"7":0.0018949539,"8":0.0004216521,"9":0.0000833983}}