{"gamba-osaka":{"0":0.2013441339,"1":0.322702242,"2":0.2586038515,"3":0.138158222,"4":0.0553579177,"5":0.0177448668,"6":0.0047400672,"7":0.0010852991,"8":0.0002174315,"9":0.0000387207},"fc-tokyo":{"0":0.7351414806,"1":0.2261973786,"2":0.0347995967,"3":0.0035691894,"4":0.000274553,"5":0.0000168956,"6":0.0000008664,"7":0.0000000381,"8":0.0000000015,"9":0.0000000001}}