{"matsumoto-yamaga":{"0":0.3041015709,"1":0.362000539,"2":0.2154615477,"3":0.0854946766,"4":0.0254430772,"5":0.0060574548,"6":0.0012017925,"7":0.0002043723,"8":0.0000304104,"9":0.0000040223},"urawa-red-diamonds":{"0":0.0355186867,"1":0.1185505904,"2":0.1978429356,"3":0.2201132137,"4":0.1836677667,"5":0.1226054463,"6":0.0682032915,"7":0.032520268,"8":0.0135678474,"9":0.0050317061}}