{"shonan-bellmare":{"0":0.4330304793,"1":0.3624236309,"2":0.1516647147,"3":0.0423117842,"4":0.0088531819,"5":0.0014819291,"6":0.0002067161,"7":0.0000247158,"8":0.0000025857,"9":0.0000002405},"urawa-red-diamonds":{"0":0.0900030169,"1":0.2167193524,"2":0.2609205741,"3":0.2094246015,"4":0.1260690074,"5":0.0607126173,"6":0.0243651075,"7":0.008381291,"8":0.0025226765,"9":0.0006749315}}