{"nagoya-grampus-eight":{"0":0.1970223005,"1":0.3200505819,"2":0.2599512206,"3":0.1407582445,"4":0.0571632728,"5":0.0185716426,"6":0.0050280814,"7":0.0011668298,"8":0.0002369304,"9":0.0000427643},"matsumoto-yamaga":{"0":0.4994969205,"1":0.3467277085,"2":0.1203411862,"3":0.0278450991,"4":0.0048321957,"5":0.0006708574,"6":0.000077613,"7":0.0000076965,"8":0.0000006678,"9":0.0000000515}}