{"sagan-tosu":{"0":0.4218887191,"1":0.3640957438,"2":0.1571098073,"3":0.045195972,"4":0.0097511857,"5":0.0016830814,"6":0.000242087,"7":0.0000298463,"8":0.0000032197,"9":0.0000003087},"albirex-niigata":{"0":0.4076134837,"1":0.3658069726,"2":0.1641441544,"3":0.0491029522,"4":0.011016688,"5":0.0019773543,"6":0.0002957581,"7":0.0000379177,"8":0.0000042536,"9":0.0000004241}}