{"shimizu-s-pulse":{"0":0.2425210746,"1":0.3435715224,"2":0.2433631617,"3":0.114921493,"4":0.0407013621,"5":0.0115320526,"6":0.0027228458,"7":0.0005510521,"8":0.0000975821,"9":0.0000153602},"vissel-kobe":{"0":0.1686204897,"1":0.3001621283,"2":0.2671600095,"3":0.1585242639,"4":0.0705474473,"5":0.0251163687,"6":0.0074516277,"7":0.0018949539,"8":0.0004216521,"9":0.0000833983}}