{"shonan-bellmare":{"0":0.3041015709,"1":0.362000539,"2":0.2154615477,"3":0.0854946766,"4":0.0254430772,"5":0.0060574548,"6":0.0012017925,"7":0.0002043723,"8":0.0000304104,"9":0.0000040223},"nagoya-grampus-eight":{"0":0.5129693065,"1":0.3424271549,"2":0.114291786,"3":0.0254314183,"4":0.0042441176,"5":0.000566623,"6":0.0000630405,"7":0.0000060117,"8":0.0000005016,"9":0.0000000372}}