{"vegalta-sendai":{"0":0.146040936,"1":0.2809635292,"2":0.2702684154,"3":0.1733202801,"4":0.0833613487,"5":0.0320752515,"6":0.01028476,"7":0.0028266463,"8":0.0006797619,"9":0.000145308},"sanfrecce-hiroshima":{"0":0.1439432374,"1":0.2790103938,"2":0.2704079791,"3":0.174713862,"4":0.0846635527,"5":0.0328212865,"6":0.0106031149,"7":0.0029360574,"8":0.0007113833,"9":0.0001532111}}