{"shimizu-s-pulse":{"0":0.5350811147,"1":0.3346059801,"2":0.1046207377,"3":0.0218077369,"4":0.0034092958,"5":0.0004263917,"6":0.0000444397,"7":0.00000397,"8":0.0000003103,"9":0.0000000216},"kashima-antlers":{"0":0.0275851915,"1":0.0990439733,"2":0.1778075139,"3":0.2128045484,"4":0.191017416,"5":0.1371686968,"6":0.08208349,"7":0.0421026881,"8":0.0188960874,"9":0.0075384391}}