{"sanfrecce-hiroshima":{"0":0.5398638201,"1":0.3327927658,"2":0.1025731128,"3":0.021076667,"4":0.0032481165,"5":0.0004004527,"6":0.0000411424,"7":0.0000036231,"8":0.0000002792,"9":0.0000000191},"ventforet-kofu":{"0":0.7939226578,"1":0.183212921,"2":0.0211399524,"3":0.0016261502,"4":0.0000938164,"5":0.00000433,"6":0.0000001665,"7":0.0000000055,"8":0.0000000002,"9":0.0}}