{"vissel-kobe":{"0":0.160140689,"1":0.2933301074,"2":0.268646752,"3":0.1640269797,"4":0.075112159,"5":0.0275166265,"6":0.0084003791,"7":0.0021981423,"8":0.0005032928,"9":0.0001024314},"kashiwa-reysol":{"0":0.1383426116,"1":0.2736447262,"2":0.2706376413,"3":0.1784424009,"4":0.0882407477,"5":0.0349084277,"6":0.0115082729,"7":0.0032519452,"8":0.0008040524,"9":0.0001767148}}