{"gamba-osaka":{"0":0.2425210746,"1":0.3435715224,"2":0.2433631617,"3":0.114921493,"4":0.0407013621,"5":0.0115320526,"6":0.0027228458,"7":0.0005510521,"8":0.0000975821,"9":0.0000153602},"ventforet-kofu":{"0":0.6267061635,"1":0.2928456811,"2":0.068420097,"3":0.010657057,"4":0.0012449507,"5":0.0001163475,"6":0.0000090611,"7":0.0000006049,"8":0.0000000353,"9":0.0000000018}}