{"montedio-yamagata":{"0":0.3925603738,"1":0.3670694404,"2":0.1716168812,"3":0.053490976,"4":0.012504384,"5":0.0023384822,"6":0.0003644388,"7":0.000048682,"8":0.0000056901,"9":0.0000005912},"urawa-red-diamonds":{"0":0.1530826586,"1":0.2873020512,"2":0.269600977,"3":0.1686603268,"4":0.0791344661,"5":0.0297035532,"6":0.0092911588,"7":0.0024910622,"8":0.0005843961,"9":0.0001218646}}