{"kashima-antlers":{"0":0.1718171407,"1":0.30262574,"2":0.2665110656,"3":0.1564708234,"4":0.0688989738,"5":0.0242706902,"6":0.0071247602,"7":0.0017927164,"8":0.0003946944,"9":0.0000772428},"shonan-bellmare":{"0":0.2866445894,"1":0.3581659101,"2":0.2237663363,"3":0.0931995887,"4":0.0291135057,"5":0.0072755361,"6":0.0015151452,"7":0.0002704561,"8":0.0000422423,"9":0.0000058647}}