{"fc-tokyo":{"0":0.1250626587,"1":0.2599978135,"2":0.2702599788,"3":0.1872847959,"4":0.097338482,"5":0.0404721805,"6":0.0140232085,"7":0.0041647735,"8":0.0010822895,"9":0.0002500017},"yokohama-fa-marinos":{"0":0.345274808,"1":0.3671702836,"2":0.1952271264,"3":0.0692024611,"4":0.0183977275,"5":0.0039128825,"6":0.0006935028,"7":0.0001053544,"8":0.0000140044,"9":0.0000016547}}