{"yokohama-fa-marinos":{"0":0.296536663,"1":0.3604653462,"2":0.2190880286,"3":0.0887733311,"4":0.0269778694,"5":0.0065587755,"6":0.0013287909,"7":0.0002307511,"8":0.0000350622,"9":0.0000047357},"kashiwa-reysol":{"0":0.2952581522,"1":0.3601869591,"2":0.2196969746,"3":0.0893364949,"4":0.027245514,"5":0.0066473889,"6":0.0013515307,"7":0.0002355342,"8":0.0000359162,"9":0.0000048683}}