{"sagan-tosu":{"0":0.2231301601,"1":0.3346952402,"2":0.2510214302,"3":0.1255107151,"4":0.0470665182,"5":0.0141199554,"6":0.0035299889,"7":0.0007564262,"8":0.0001418299,"9":0.0000236383},"kawasaki-frontale":{"0":0.123681274,"1":0.2584997243,"2":0.2701383375,"3":0.1882006427,"4":0.0983370657,"5":0.0411058256,"6":0.0143188539,"7":0.0042752976,"8":0.0011169468,"9":0.0002593858}}