{"sanfrecce-hiroshima":{"0":0.1639759162,"1":0.2964743128,"2":0.268018073,"3":0.1615287493,"4":0.0730124369,"5":0.0264018187,"6":0.0079559052,"7":0.0020549372,"8":0.000464425,"9":0.0000932997},"matsumoto-yamaga":{"0":0.6977507268,"1":0.251115857,"2":0.0451874654,"3":0.0054208897,"4":0.0004877356,"5":0.0000351066,"6":0.0000021058,"7":0.0000001083,"8":0.0000000049,"9":0.0000000002}}