{"kashima-antlers":{"0":0.1318653403,"1":0.2671557545,"2":0.2706253097,"3":0.1827599494,"4":0.0925667276,"5":0.0375075572,"6":0.0126648894,"7":0.0036655339,"8":0.0009282845,"9":0.0002089645},"shimizu-s-pulse":{"0":0.4352853202,"1":0.3620501123,"2":0.1505682339,"3":0.0417452212,"4":0.008680434,"5":0.0014439964,"6":0.0002001749,"7":0.0000237852,"8":0.0000024729,"9":0.0000002285}}