{"urawa-red-diamonds":{"0":0.1768505362,"1":0.3063847701,"2":0.2653981982,"3":0.1532630654,"4":0.0663801621,"5":0.0230000668,"6":0.0066410789,"7":0.0016436199,"8":0.0003559362,"9":0.0000685158},"montedio-yamagata":{"0":1.0,"1":0.0,"2":0.0,"3":0.0,"4":0.0,"5":0.0,"6":0.0,"7":0.0,"8":0.0,"9":0.0}}