{"albirex-niigata":{"0":0.2807014651,"1":0.3566209872,"2":0.2265369874,"3":0.0959356637,"4":0.0304706916,"5":0.0077423808,"6":0.0016394021,"7":0.000297543,"8":0.0000472522,"9":0.0000066702},"shimizu-s-pulse":{"0":0.2791244439,"1":0.3561900221,"2":0.2272666092,"3":0.0966714552,"4":0.0308405521,"5":0.0078711107,"6":0.0016740509,"7":0.0003051789,"8":0.0000486798,"9":0.0000069022}}