{"sagan-tosu":{"0":0.5730060322,"1":0.3190835861,"2":0.0888422889,"3":0.0164908771,"4":0.0022957735,"5":0.0002556844,"6":0.00002373,"7":0.0000018878,"8":0.0000001314,"9":0.0000000081},"gamba-osaka":{"0":0.2966118164,"1":0.3604815386,"2":0.2190521963,"3":0.088740309,"4":0.0269622124,"5":0.0065536026,"6":0.0013274661,"7":0.000230473,"8":0.0000350126,"9":0.000004728}}