{"fc-tokyo":{"0":0.1586731122,"1":0.2921027748,"2":0.2688673268,"3":0.1649867687,"4":0.0759314106,"5":0.0279565648,"6":0.0085775824,"7":0.0022557928,"8":0.0005190887,"9":0.0001061772},"albirex-niigata":{"0":0.3298871214,"1":0.3658463811,"2":0.2028626853,"3":0.0749918931,"4":0.0207915912,"5":0.0046115946,"6":0.0008523801,"7":0.0001350419,"8":0.0000187203,"9":0.0000023068}}