{"kashiwa-reysol":{"0":0.2509754885,"1":0.3469485153,"2":0.2398108138,"3":0.110504823,"4":0.0381904668,"5":0.0105589003,"6":0.0024327706,"7":0.0004804374,"8":0.0000830196,"9":0.0000127518},"vegalta-sendai":{"0":0.8992182464,"1":0.0955235121,"2":0.0050737079,"3":0.0001796592,"4":0.0000047713,"5":0.0000001014,"6":0.0000000018,"7":0.0,"8":0.0,"9":0.0}}