{"ventforet-kofu":{"0":0.7198346355,"1":0.2366339508,"2":0.0388947849,"3":0.0042620097,"4":0.0003502666,"5":0.0000230289,"6":0.0000012617,"7":0.0000000593,"8":0.0000000024,"9":0.0000000001},"vegalta-sendai":{"0":0.4318179529,"1":0.3626196376,"2":0.1522551352,"3":0.04261881,"4":0.0089472991,"5":0.001502701,"6":0.0002103158,"7":0.0000252304,"8":0.0000026484,"9":0.0000002471}}