{"matsumoto-yamaga":{"0":0.4344207598,"1":0.3621947123,"2":0.1509884215,"3":0.0419617822,"4":0.0087463221,"5":0.0014584347,"6":0.0002026596,"7":0.000024138,"8":0.0000025156,"9":0.000000233},"sanfrecce-hiroshima":{"0":0.2934990845,"1":0.3597948805,"2":0.2205328105,"3":0.090115643,"4":0.0276177582,"5":0.0067712157,"6":0.0013834505,"7":0.0002422779,"8":0.0000371255,"9":0.0000050568}}