{"vissel-kobe":{"0":0.3983379372,"1":0.3666519649,"2":0.1687432339,"3":0.0517734922,"4":0.0119137866,"5":0.0021932198,"6":0.0003364599,"7":0.0000442423,"8":0.0000050904,"9":0.0000005206},"shonan-bellmare":{"0":0.3397041814,"1":0.3667718428,"2":0.197998129,"3":0.0712582129,"4":0.0192340185,"5":0.0041533174,"6":0.0007473757,"7":0.0001152752,"8":0.0000155575,"9":0.0000018664}}