{"nagoya-grampus-eight":{"0":0.4548085181,"1":0.358333984,"2":0.1411618725,"3":0.037072815,"4":0.0073022211,"5":0.001150653,"6":0.0001510959,"7":0.0000170065,"8":0.0000016749,"9":0.0000001466},"gamba-osaka":{"0":0.4510358147,"1":0.3591185634,"2":0.1429666319,"3":0.0379437506,"4":0.0075527845,"5":0.0012027183,"6":0.0001596024,"7":0.0000181538,"8":0.0000018068,"9":0.0000001598}}