{"kawasaki-frontale":{"0":0.1768505362,"1":0.3063847701,"2":0.2653981982,"3":0.1532630654,"4":0.0663801621,"5":0.0230000668,"6":0.0066410789,"7":0.0016436199,"8":0.0003559362,"9":0.0000685158},"vissel-kobe":{"0":0.412227927,"1":0.3653076751,"2":0.1618639699,"3":0.0478134762,"4":0.010592823,"5":0.0018774272,"6":0.0002772894,"7":0.000035104,"8":0.0000038886,"9":0.0000003829}}