{"ventforet-kofu":{"0":0.2727123374,"1":0.3543454345,"2":0.2302071995,"3":0.0997056347,"4":0.0323878237,"5":0.0084165444,"6":0.0018226556,"7":0.0003383208,"8":0.0000549491,"9":0.0000079331},"nagoya-grampus-eight":{"0":0.5221165195,"1":0.3393049902,"2":0.1102511337,"3":0.0238827659,"4":0.0038801404,"5":0.0005043131,"6":0.0000546225,"7":0.000005071,"8":0.0000004119,"9":0.0000000297}}