{"urawa-red-diamonds":{"0":0.1270903354,"1":0.2621692062,"2":0.2704088098,"3":0.1859382483,"4":0.0958910109,"5":0.0395618914,"6":0.013601755,"7":0.0040083539,"8":0.0010335827,"9":0.0002369037},"sanfrecce-hiroshima":{"0":0.3884378408,"1":0.3673154145,"2":0.1736707904,"3":0.0547423137,"4":0.0129413857,"5":0.0024475321,"6":0.0003857401,"7":0.0000521092,"8":0.0000061595,"9":0.0000006472}}