{"fc-tokyo":{"0":0.1912025831,"1":0.3163297157,"2":0.2616713838,"3":0.1443049446,"4":0.0596853104,"5":0.0197489354,"6":0.0054455114,"7":0.0012870247,"8":0.0002661602,"9":0.0000489268},"montedio-yamagata":{"0":0.5913509451,"1":0.3106636301,"2":0.081602889,"3":0.0142899068,"4":0.001876785,"5":0.0001971922,"6":0.0000172657,"7":0.0000012958,"8":0.0000000851,"9":0.000000005}}