{"shimizu-s-pulse":{"0":0.1665782268,"1":0.2985565316,"2":0.2675499803,"3":0.1598424069,"4":0.0716209969,"5":0.0256731229,"6":0.007668948,"7":0.0019635687,"8":0.0004399106,"9":0.0000876053},"nagoya-grampus-eight":{"0":0.2935208945,"1":0.3597998061,"2":0.2205224618,"3":0.0901059521,"4":0.0276131144,"5":0.0067696667,"6":0.0013830502,"7":0.0002421931,"8":0.0000371102,"9":0.0000050544}}