{"matsumoto-yamaga":{"0":0.3095698801,"1":0.3629927965,"2":0.212817491,"3":0.0831812365,"4":0.0243839853,"5":0.0057183929,"6":0.0011175374,"7":0.0001871989,"8":0.000027438,"9":0.0000035748},"kashima-antlers":{"0":0.1025532327,"1":0.2335519911,"2":0.265942531,"3":0.2018834707,"4":0.114941005,"5":0.0523527145,"6":0.0198711121,"7":0.0064648485,"8":0.0018403592,"9":0.0004656872}}