{"albirex-niigata":{"0":0.5110291367,"1":0.3430685114,"2":0.115155864,"3":0.0257691444,"4":0.0043248914,"5":0.0005806847,"6":0.0000649717,"7":0.0000062311,"8":0.0000005229,"9":0.000000039},"kashiwa-reysol":{"0":0.2341922539,"1":0.3399564975,"2":0.2467426192,"3":0.1193915899,"4":0.0433275931,"5":0.0125789786,"6":0.0030433013,"7":0.0006310993,"8":0.000114514,"9":0.00001847}}