{"vegalta-sendai":{"0":0.2357990051,"1":0.3406766279,"2":0.2461006244,"3":0.1185200517,"4":0.0428087171,"5":0.0123697972,"6":0.0029785967,"7":0.0006147719,"8":0.0001110259,"9":0.0000178231},"vissel-kobe":{"0":0.1191169173,"1":0.2534390817,"2":0.2696148019,"3":0.1912152904,"4":0.1017097921,"5":0.0432805632,"6":0.0153476467,"7":0.0046649167,"8":0.0012406636,"9":0.0002932997}}