{"shonan-bellmare":{"0":0.4698955912,"1":0.3548861808,"2":0.1340129634,"3":0.0337375292,"4":0.006370023,"5":0.0009621853,"6":0.0001211142,"7":0.0000130673,"8":0.0000012336,"9":0.0000001035},"vegalta-sendai":{"0":0.2085154926,"1":0.3268984819,"2":0.2562462294,"3":0.1339093199,"4":0.0524838141,"5":0.0164562153,"6":0.0042998498,"7":0.0009630078,"8":0.0001887185,"9":0.0000328735}}