{"vissel-kobe":{"0":0.43207295,"1":0.3625786993,"2":0.1521309228,"3":0.0425541043,"4":0.0089274345,"5":0.0014983107,"6":0.0002095539,"7":0.0000251214,"8":0.0000026351,"9":0.0000002457},"fc-tokyo":{"0":0.3366506014,"1":0.3665147677,"2":0.1995140873,"3":0.0724043059,"4":0.0197068171,"5":0.0042910005,"6":0.000778609,"7":0.000121097,"8":0.0000164799,"9":0.0000019935}}