{"shimizu-s-pulse":{"0":0.0284263269,"1":0.1012102188,"2":0.1801764334,"3":0.2138357671,"4":0.1903373312,"5":0.1355369128,"6":0.0804284977,"7":0.0409086864,"8":0.0182066132,"9":0.0072026162},"matsumoto-yamaga":{"0":0.0239276905,"1":0.0893153423,"2":0.1666945328,"3":0.2074079441,"4":0.1935488879,"5":0.1444927181,"6":0.0898917832,"7":0.0479343939,"8":0.0223657022,"9":0.0092760977}}