{"yokohama-fa-marinos":{"0":0.5013205859,"1":0.3461666224,"2":0.119515669,"3":0.0275089012,"4":0.0047487893,"5":0.0006558168,"6":0.0000754746,"7":0.0000074451,"8":0.0000006426,"9":0.0000000493},"sagan-tosu":{"0":0.7418431016,"1":0.2215273409,"2":0.0330759716,"3":0.0032923548,"4":0.0002457887,"5":0.0000146794,"6":0.0000007306,"7":0.0000000312,"8":0.0000000012,"9":0.0}}