{"gamba-osaka":{"0":0.3867410235,"1":0.3674039723,"2":0.1745168868,"3":0.0552636808,"4":0.0131251242,"5":0.0024937736,"6":0.0003948475,"7":0.0000535864,"8":0.0000063634,"9":0.0000006717},"yokohama-fa-marinos":{"0":0.4648088504,"1":0.3561035548,"2":0.1364106359,"3":0.0348360495,"4":0.0066722272,"5":0.0010223574,"6":0.0001305429,"7":0.0000142875,"8":0.0000013683,"9":0.0000001165}}