{"kashiwa-reysol":{"0":0.2412868734,"1":0.3430541261,"2":0.2438718107,"3":0.1155764364,"4":0.0410807401,"5":0.0116814622,"6":0.0027680562,"7":0.0005622194,"8":0.0000999182,"9":0.0000157845},"kawasaki-frontale":{"0":0.1120354329,"1":0.2452388509,"2":0.2684065765,"3":0.1958419721,"4":0.1071715861,"5":0.0469184363,"6":0.0171169411,"7":0.0053525655,"8":0.0014645557,"9":0.0003562027}}