{"albirex-niigata":{"0":0.2120315047,"1":0.328865191,"2":0.2550383114,"3":0.1318565419,"4":0.0511280469,"5":0.0158601288,"6":0.0040998972,"7":0.000908432,"8":0.0001761246,"9":0.0000303525},"sagan-tosu":{"0":0.1296378153,"1":0.2648514507,"2":0.2705471808,"3":0.1842435998,"4":0.0941029139,"5":0.038450653,"6":0.0130925162,"7":0.0038211645,"8":0.000975835,"9":0.0002215157}}