{"montedio-yamagata":{"0":0.3088359482,"1":0.3628652702,"2":0.2131733774,"3":0.0834890019,"4":0.0245237475,"5":0.0057628112,"6":0.0011284977,"7":0.0001894175,"8":0.0000278194,"9":0.0000036318},"kawasaki-frontale":{"0":0.1267627832,"1":0.2618206425,"2":0.2703871244,"3":0.186155928,"4":0.096123372,"5":0.039707369,"6":0.0136688501,"7":0.0040331656,"8":0.0010412816,"9":0.0002389669}}