{"nagoya-grampus-eight":{"0":0.4143190784,"1":0.3650643628,"2":0.1608325515,"3":0.0472375326,"4":0.0104054705,"5":0.0018336913,"6":0.0002692833,"7":0.0000338958,"8":0.0000037333,"9":0.0000003655},"kashima-antlers":{"0":0.0712232845,"1":0.1881673227,"2":0.2485629634,"3":0.218895771,"4":0.1445771262,"5":0.076392688,"6":0.0336374255,"7":0.0126954154,"8":0.0041925586,"9":0.0012307188}}