{"sanfrecce-hiroshima":{"0":0.1779462525,"1":0.3071839405,"2":0.2651417828,"3":0.1525690978,"4":0.0658440062,"5":0.0227329556,"6":0.0065405507,"7":0.0016129687,"8":0.0003480532,"9":0.0000667595},"urawa-red-diamonds":{"0":0.6079298071,"1":0.3025641436,"2":0.0752924597,"3":0.012490915,"4":0.0015541691,"5":0.0001547007,"6":0.0000128323,"7":0.0000009124,"8":0.0000000568,"9":0.0000000031}}