{"shonan-bellmare":{"0":0.2807513956,"1":0.3566344871,"2":0.2265138471,"3":0.0959124347,"4":0.0304590489,"5":0.0077383389,"6":0.0016383169,"7":0.0002973044,"8":0.0000472077,"9":0.000006663},"ventforet-kofu":{"0":0.4406346652,"1":0.361117368,"2":0.1479749141,"3":0.0404237461,"4":0.0082822108,"5":0.0013575192,"6":0.0001854234,"7":0.0000217088,"8":0.0000022239,"9":0.0000002025}}