{"ventforet-kofu":{"0":0.5557634153,"1":0.3264624257,"2":0.0958840691,"3":0.018774503,"4":0.0027570949,"5":0.0003239104,"6":0.0000317115,"7":0.0000026611,"8":0.0000001954,"9":0.0000000128},"gamba-osaka":{"0":0.6790253796,"1":0.262848534,"2":0.0508739098,"3":0.0065643755,"4":0.0006352621,"5":0.0000491816,"6":0.000003173,"7":0.0000001755,"8":0.0000000085,"9":0.0000000004}}