{"nagoya-grampus-eight":{"0":0.2573032316,"1":0.3492891369,"2":0.2370800017,"3":0.1072787008,"4":0.0364077091,"5":0.009884693,"6":0.0022364118,"7":0.0004337041,"8":0.0000735942,"9":0.0000111005},"urawa-red-diamonds":{"0":0.207662294,"1":0.3264123374,"2":0.2565343278,"3":0.134410486,"4":0.0528180153,"5":0.0166043161,"6":0.0043498939,"7":0.0009767638,"8":0.0001919148,"9":0.0000335178}}