{"ventforet-kofu":{"0":0.4761861768,"1":0.353304607,"2":0.1310665359,"3":0.0324147803,"4":0.0060125072,"5":0.0008921916,"6":0.0001103264,"7":0.0000116938,"8":0.0000010845,"9":0.0000000894},"matsumoto-yamaga":{"0":0.5554125075,"1":0.3266070951,"2":0.0960297014,"3":0.0188232358,"4":0.0027672236,"5":0.0003254499,"6":0.0000318965,"7":0.0000026795,"8":0.000000197,"9":0.0000000129}}