{"sanfrecce-hiroshima":{"0":0.0440460728,"1":0.1375347029,"2":0.2147273672,"3":0.2234967673,"4":0.1744682303,"5":0.1089560757,"6":0.0567029043,"7":0.0252937001,"8":0.0098725077,"9":0.0034252326},"vissel-kobe":{"0":0.7647994832,"1":0.2050745517,"2":0.0274945085,"3":0.0024574738,"4":0.0001647377,"5":0.0000088346,"6":0.0000003948,"7":0.0000000151,"8":0.0000000005,"9":0.0}}