{"kashima-antlers":{"0":0.4529380128,"1":0.3587269061,"2":0.1420558548,"3":0.0375027457,"4":0.0074255436,"5":0.0011762061,"6":0.0001552592,"7":0.0000175665,"8":0.0000017391,"9":0.000000153},"sagan-tosu":{"0":0.4415042788,"1":0.3609595793,"2":0.1475544226,"3":0.0402119035,"4":0.008218987,"5":0.0013439154,"6":0.0001831236,"7":0.000021388,"8":0.0000021858,"9":0.0000001986}}