{"montedio-yamagata":{"0":0.4625538176,"1":0.3566254624,"2":0.1374777546,"3":0.0353314331,"4":0.0068100663,"5":0.0010501018,"6":0.0001349367,"7":0.0000148622,"8":0.0000014323,"9":0.0000001227},"shonan-bellmare":{"0":1.0,"1":0.0,"2":0.0,"3":0.0,"4":0.0,"5":0.0,"6":0.0,"7":0.0,"8":0.0,"9":0.0}}