{"sagan-tosu":{"0":0.2936047414,"1":0.3598187273,"2":0.2204826733,"3":0.0900687032,"4":0.027595268,"5":0.0067637152,"6":0.0013815123,"7":0.0002418674,"8":0.0000370517,"9":0.0000050453},"shonan-bellmare":{"0":0.2663086205,"1":0.3523527801,"2":0.2330988786,"3":0.10280433,"4":0.0340050872,"5":0.0089984222,"6":0.0019843012,"7":0.0003750611,"8":0.0000620304,"9":0.0000091192}}