{"urawa-red-diamonds":{"0":0.3964557524,"1":0.3667972304,"2":0.1696787188,"3":0.0523283988,"4":0.0121034388,"5":0.0022395981,"6":0.0003453426,"7":0.000045644,"8":0.0000052787,"9":0.0000005426},"matsumoto-yamaga":{"0":0.167359578,"1":0.2991737589,"2":0.2674030943,"3":0.159337537,"4":0.0712083683,"5":0.0254585671,"6":0.0075850008,"7":0.001937004,"8":0.0004328261,"9":0.0000859694}}