{"sanfrecce-hiroshima":{"0":0.1920999281,"1":0.3169148554,"2":0.2614134907,"3":0.1437547278,"4":0.0592894662,"5":0.0195624358,"6":0.0053788208,"7":0.0012676648,"8":0.0002614146,"9":0.0000479184},"yokohama-fa-marinos":{"0":0.5554125075,"1":0.3266070951,"2":0.0960297014,"3":0.0188232358,"4":0.0027672236,"5":0.0003254499,"6":0.0000318965,"7":0.0000026795,"8":0.000000197,"9":0.0000000129}}