{"kashima-antlers":{"0":0.2936047414,"1":0.3598187273,"2":0.2204826733,"3":0.0900687032,"4":0.027595268,"5":0.0067637152,"6":0.0013815123,"7":0.0002418674,"8":0.0000370517,"9":0.0000050453},"fc-tokyo":{"0":0.1790609121,"1":0.3079900046,"2":0.2648759067,"3":0.1518647682,"4":0.0653029604,"5":0.0224646003,"6":0.0064399616,"7":0.0015824175,"8":0.0003402255,"9":0.000065022}}