{"kawasaki-frontale":{"0":0.1980800634,"1":0.3207082553,"2":0.2596267975,"3":0.1401191953,"4":0.0567161857,"5":0.0183656534,"6":0.0049559225,"7":0.0011462935,"8":0.0002319932,"9":0.0000417352},"albirex-niigata":{"0":0.1530499178,"1":0.2872733414,"2":0.2696047597,"3":0.168681916,"4":0.0791536159,"5":0.0297141273,"6":0.0092955257,"7":0.0024925171,"8":0.0005848041,"9":0.0001219636}}