{"montedio-yamagata":{"0":0.2171455311,"1":0.3316219408,"2":0.2532244413,"3":0.1289070672,"4":0.0492163154,"5":0.0150325083,"6":0.0038262431,"7":0.0008347701,"8":0.0001593563,"9":0.0000270408},"albirex-niigata":{"0":0.3677826435,"1":0.3678794284,"2":0.1839881194,"3":0.0613455124,"4":0.015340414,"5":0.0030688902,"6":0.0005116163,"7":0.0000731073,"8":0.0000091408,"9":0.0000010159}}