{"vegalta-sendai":{"0":0.1346067483,"1":0.2699400671,"2":0.2706685985,"3":0.1809327308,"4":0.0907105218,"5":0.0363821348,"6":0.0121601084,"7":0.0034836934,"8":0.0008732739,"9":0.0001945846},"kashiwa-reysol":{"0":0.1325581778,"1":0.2678647707,"2":0.2706416782,"3":0.182298249,"4":0.0920940516,"5":0.0372195099,"6":0.0125351193,"7":0.0036185911,"8":0.0009140261,"9":0.0002052226}}