{"vegalta-sendai":{"0":0.0816163891,"1":0.2045082421,"2":0.2562207269,"3":0.2140062433,"4":0.1340602087,"5":0.0671836084,"6":0.0280572767,"7":0.0100434036,"8":0.0031457512,"9":0.0008758209},"shimizu-s-pulse":{"0":0.3036922539,"1":0.3619223321,"2":0.2156587348,"3":0.0856697432,"4":0.0255240238,"5":0.0060836021,"6":0.0012083458,"7":0.0002057192,"8":0.0000306455,"9":0.0000040579}}