{"gamba-osaka":{"0":0.1178432414,"1":0.2519959875,"2":0.2694341099,"3":0.1920526335,"4":0.1026713379,"5":0.0439104778,"6":0.0156496943,"7":0.004780758,"8":0.0012778966,"9":0.0003036282},"nagoya-grampus-eight":{"0":0.2624124339,"1":0.3510652832,"2":0.2348342097,"3":0.1047233638,"4":0.0350257196,"5":0.0093717466,"6":0.0020896462,"7":0.0003993725,"8":0.000066787,"9":0.0000099278}}