{"kawasaki-frontale":{"0":0.1040899344,"1":0.2355034765,"2":0.2664133078,"3":0.2009200363,"4":0.1136453955,"5":0.0514245415,"6":0.0193913375,"7":0.0062675573,"8":0.0017725436,"9":0.0004455978},"shimizu-s-pulse":{"0":0.5646332084,"1":0.3227324549,"2":0.0922335384,"3":0.0175729163,"4":0.0025110772,"5":0.0002870558,"6":0.0000273458,"7":0.0000022329,"8":0.0000001595,"9":0.0000000101}}