{"fc-tokyo":{"0":0.6296473238,"1":0.2912719681,"2":0.0673705392,"3":0.0103884343,"4":0.0012014105,"5":0.0001111534,"6":0.0000085698,"7":0.0000005663,"8":0.0000000327,"9":0.0000000017},"ventforet-kofu":{"0":0.5115274741,"1":0.3429044793,"2":0.1149336916,"3":0.025682086,"4":0.0043040221,"5":0.0005770437,"6":0.0000644706,"7":0.000006174,"8":0.0000005173,"9":0.0000000385}}