{"vissel-kobe":{"0":0.5334061048,"1":0.33523092,"2":0.1053416606,"3":0.0220681025,"4":0.0034672974,"5":0.00043582,"6":0.0000456501,"7":0.0000040985,"8":0.000000322,"9":0.0000000225},"gamba-osaka":{"0":0.2570763732,"1":0.349207935,"2":0.2371788982,"3":0.1073931873,"4":0.0364702449,"5":0.0099081053,"6":0.0022431654,"7":0.0004352965,"8":0.0000739124,"9":0.0000111557}}