{"kashiwa-reysol":{"0":0.3398029756,"1":0.3667797003,"2":0.1979490444,"3":0.071221361,"4":0.019218894,"5":0.0041489338,"6":0.0007463858,"7":0.0001150915,"8":0.0000155286,"9":0.0000018624},"yokohama-fa-marinos":{"0":0.651142642,"1":0.2793574804,"2":0.0599258878,"3":0.0085699323,"4":0.0009191821,"5":0.0000788707,"6":0.0000056396,"7":0.0000003456,"8":0.0000000185,"9":0.0000000009}}