{"yokohama-fa-marinos":{"0":0.6619931967,"1":0.2730721936,"2":0.0563211399,"3":0.0077441567,"4":0.0007986162,"5":0.0000658858,"6":0.0000045297,"7":0.0000002669,"8":0.0000000138,"9":0.0000000006},"vegalta-sendai":{"0":0.7900063578,"1":0.1862157843,"2":0.0219468603,"3":0.0017243962,"4":0.0001016162,"5":0.0000047905,"6":0.0000001882,"7":0.0000000063,"8":0.0000000002,"9":0.0}}