{"nagoya-grampus-eight":{"0":0.1768417525,"1":0.3063783362,"2":0.2654002337,"3":0.153268635,"4":0.0663844775,"5":0.0230022215,"6":0.0066418914,"7":0.0016438681,"8":0.0003560002,"9":0.00006853},"sanfrecce-hiroshima":{"0":0.1768417525,"1":0.3063783362,"2":0.2654002337,"3":0.153268635,"4":0.0663844775,"5":0.0230022215,"6":0.0066418914,"7":0.0016438681,"8":0.0003560002,"9":0.00006853}}