{"sagan-tosu":{"0":0.2956142485,"1":0.3602650519,"2":0.2195274894,"3":0.0891793756,"4":0.0271707238,"5":0.0066225916,"6":0.0013451586,"7":0.0002341921,"8":0.0000356762,"9":0.000004831},"kashima-antlers":{"0":0.1687031993,"1":0.3002266302,"2":0.2671438059,"3":0.1584709813,"4":0.0705043071,"5":0.025094095,"6":0.0074429685,"7":0.0018922305,"8":0.0004209301,"9":0.0000832326}}