{"kashima-antlers":{"0":0.1446275083,"1":0.2796508462,"2":0.2703655642,"3":0.174259055,"4":0.0842365549,"5":0.0325758552,"6":0.0104980783,"7":0.0028998598,"8":0.0007008939,"9":0.0001505827},"albirex-niigata":{"0":0.1706983794,"1":0.3017703494,"2":0.2667434338,"3":0.1571880949,"4":0.0694715241,"5":0.024563146,"6":0.0072373555,"7":0.0018278015,"8":0.0004039115,"9":0.0000793398}}