{"shonan-bellmare":{"0":0.6368813688,"1":0.2873429613,"2":0.0648205313,"3":0.0097484002,"4":0.001099551,"5":0.0000992173,"6":0.0000074607,"7":0.0000004809,"8":0.0000000271,"9":0.0000000014},"fc-tokyo":{"0":0.2129122862,"1":0.3293486927,"2":0.2547306295,"3":0.1313454808,"4":0.0507937602,"5":0.0157143196,"6":0.004051348,"7":0.0008952756,"8":0.0001731099,"9":0.0000297533}}