{"matsumoto-yamaga":{"0":0.4056178779,"1":0.366006757,"2":0.1651319548,"3":0.0496685958,"4":0.0112045367,"5":0.0020220687,"6":0.0003041002,"7":0.0000392004,"8":0.0000044215,"9":0.0000004433},"kashiwa-reysol":{"0":0.0291379367,"1":0.1030234192,"2":0.1821306875,"3":0.2146540246,"4":0.1897388253,"5":0.134172455,"6":0.079065911,"7":0.039936353,"8":0.0176504417,"9":0.0069341021}}