{"kawasaki-frontale":{"0":0.1373591501,"1":0.2726793753,"2":0.270655583,"3":0.1790978741,"4":0.088884316,"5":0.0352898511,"6":0.0116759781,"7":0.0033112344,"8":0.0008216647,"9":0.000181237},"urawa-red-diamonds":{"0":0.1920499086,"1":0.3168823492,"2":0.2614279381,"3":0.143785366,"4":0.0593114635,"5":0.0195727829,"6":0.0053825153,"7":0.0012687358,"8":0.0002616767,"9":0.0000479741}}