{"shonan-bellmare":{"0":0.3715047385,"1":0.3678616367,"2":0.1821271302,"3":0.0601137099,"4":0.0148810536,"5":0.002947025,"6":0.0004863542,"7":0.0000687978,"8":0.0000085154,"9":0.0000009369},"kashiwa-reysol":{"0":0.2294414417,"1":0.3377624529,"2":0.2486113096,"3":0.121994186,"4":0.0448971372,"5":0.0132186819,"6":0.00324322,"7":0.0006820526,"8":0.0001255068,"9":0.0000205288}}