{"shimizu-s-pulse":{"0":0.6619931967,"1":0.2730721936,"2":0.0563211399,"3":0.0077441567,"4":0.0007986162,"5":0.0000658858,"6":0.0000045297,"7":0.0000002669,"8":0.0000000138,"9":0.0000000006},"gamba-osaka":{"0":0.3895133487,"1":0.3672554431,"2":0.1731347089,"3":0.0544137656,"4":0.0128261019,"5":0.0024186364,"6":0.0003800714,"7":0.0000511933,"8":0.0000060335,"9":0.0000006321}}