{"matsumoto-yamaga":{"0":0.2360549557,"1":0.3407903296,"2":0.2459979041,"3":0.1183816237,"4":0.0427266105,"5":0.0123368015,"6":0.0029684208,"7":0.0006122116,"8":0.0001104805,"9":0.0000177222},"kawasaki-frontale":{"0":0.1595772301,"1":0.2928604848,"2":0.2687327744,"3":0.1643952389,"4":0.0754256565,"5":0.0276846444,"6":0.0084679357,"7":0.0022200838,"8":0.0005092948,"9":0.0001038524}}