{"vissel-kobe":{"0":0.4189174433,"1":0.3644922802,"2":0.1585689788,"3":0.0459893069,"4":0.0100036103,"5":0.0017407911,"6":0.0002524383,"7":0.0000313774,"8":0.0000034126,"9":0.0000003299},"sanfrecce-hiroshima":{"0":0.1539369584,"1":0.2880487025,"2":0.2695001118,"3":0.168097292,"4":0.0786364226,"5":0.0294290854,"6":0.0091780102,"7":0.0024534291,"8":0.0005738608,"9":0.0001193128}}