{"montedio-yamagata":{"0":0.380314353,"1":0.3676716099,"2":0.177724574,"3":0.057272166,"4":0.0138420686,"5":0.0026763837,"6":0.0004312355,"7":0.0000595571,"8":0.0000071972,"9":0.0000007731},"nagoya-grampus-eight":{"0":0.501120298,"1":0.3462285695,"2":0.1196062331,"3":0.0275456779,"4":0.0047578898,"5":0.0006574539,"6":0.0000757068,"7":0.0000074724,"8":0.0000006453,"9":0.0000000495}}