{"sagan-tosu":{"0":0.2583304693,"1":0.3496543266,"2":0.2366312972,"3":0.106761386,"4":0.036125801,"5":0.0097793672,"6":0.0022060877,"7":0.0004265677,"8":0.0000721708,"9":0.0000108538},"montedio-yamagata":{"0":1.0,"1":0.0,"2":0.0,"3":0.0,"4":0.0,"5":0.0,"6":0.0,"7":0.0,"8":0.0,"9":0.0}}