{"vissel-kobe":{"0":0.7091061824,"1":0.2437552502,"2":0.0418954336,"3":0.0048005184,"4":0.0004125446,"5":0.0000283624,"6":0.0000016249,"7":0.0000000798,"8":0.0000000034,"9":0.0000000001},"ventforet-kofu":{"0":0.5547233742,"1":0.3268905598,"2":0.0963159685,"3":0.0189192081,"4":0.0027872048,"5":0.000328492,"6":0.0000322626,"7":0.000002716,"8":0.0000002001,"9":0.0000000131}}