{"urawa-red-diamonds":{"0":0.1645380716,"1":0.2969275919,"2":0.2679197403,"3":0.161163842,"4":0.0727096031,"5":0.0262425433,"6":0.0078929404,"7":0.002034815,"8":0.0004590068,"9":0.0000920366},"ventforet-kofu":{"0":0.5622787387,"1":0.3237362435,"2":0.0931967974,"3":0.017886254,"4":0.0025745366,"5":0.0002964618,"6":0.0000284484,"7":0.0000023399,"8":0.0000001684,"9":0.0000000108}}