{"yokohama-fa-marinos":{"0":0.2629260222,"1":0.3512382905,"2":0.2346065552,"3":0.104468936,"4":0.0348895577,"5":0.0093216704,"6":0.0020754428,"7":0.0003960783,"8":0.0000661393,"9":0.0000098171},"shimizu-s-pulse":{"0":0.5336051284,"1":0.3351569401,"2":0.1052558986,"3":0.0220370476,"4":0.0034603629,"5":0.0004346902,"6":0.0000455048,"7":0.0000040831,"8":0.0000003206,"9":0.0000000224}}