{"fc-tokyo":{"0":0.5671314437,"1":0.3216566397,"2":0.091216062,"3":0.0172448276,"4":0.0024451621,"5":0.0002773617,"6":0.0000262183,"7":0.0000021243,"8":0.0000001506,"9":0.0000000095},"vegalta-sendai":{"0":0.5745508541,"1":0.3183969317,"2":0.0882224831,"3":0.0162966531,"4":0.0022577655,"5":0.0002502357,"6":0.000023112,"7":0.0000018297,"8":0.0000001267,"9":0.0000000078}}