{"albirex-niigata":{"0":0.492158124,"1":0.348918073,"2":0.1236836453,"3":0.0292287221,"4":0.0051804638,"5":0.0007345434,"6":0.0000867931,"7":0.0000087903,"8":0.000000779,"9":0.0000000614},"gamba-osaka":{"0":0.1777685728,"1":0.3070548076,"2":0.2651836975,"3":0.1526815228,"4":0.0659306576,"5":0.0227760453,"6":0.0065567403,"7":0.001617897,"8":0.0003493187,"9":0.000067041}}