{"kashiwa-reysol":{"0":0.4592761496,"1":0.3573644331,"2":0.139033279,"3":0.0360607657,"4":0.0070147531,"5":0.0010916409,"6":0.0001415683,"7":0.0000157364,"8":0.0000015306,"9":0.0000001323},"vissel-kobe":{"0":0.1684441091,"1":0.3000244407,"2":0.2671944584,"3":0.1586379173,"4":0.0706395324,"5":0.0251639387,"6":0.0074701303,"7":0.001900776,"8":0.0004231962,"9":0.0000837529}}