{"kawasaki-frontale":{"0":0.0919799717,"1":0.2194811758,"2":0.2618612816,"3":0.2082831039,"4":0.1242504746,"5":0.0592969095,"6":0.023582227,"7":0.0080387918,"8":0.002397755,"9":0.0006357206},"montedio-yamagata":{"0":0.5561416857,"1":0.3263062274,"2":0.0957271832,"3":0.0187220732,"4":0.0027462107,"5":0.000322258,"6":0.0000315132,"7":0.0000026414,"8":0.0000001937,"9":0.0000000126}}