{"ventforet-kofu":{"0":0.6351501976,"1":0.2882907218,"2":0.0654266822,"3":0.0098989213,"4":0.0011232647,"5":0.0001019686,"6":0.0000077138,"7":0.0000005002,"8":0.0000000284,"9":0.0000000014},"fc-tokyo":{"0":0.2924844929,"1":0.3595639481,"2":0.2210138244,"3":0.0905673124,"4":0.0278345871,"5":0.0068436545,"6":0.0014022005,"7":0.0002462552,"8":0.0000378415,"9":0.0000051689}}