{"albirex-niigata":{"0":0.2493522088,"1":0.3463225122,"2":0.2405017446,"3":0.1113434003,"4":0.0386609029,"5":0.0107391397,"6":0.002485912,"7":0.0004932365,"8":0.0000856313,"9":0.0000132147},"vissel-kobe":{"0":0.2068771268,"1":0.3259618595,"2":0.2567976834,"3":0.1348727329,"4":0.0531273895,"5":0.0167418244,"6":0.0043964875,"7":0.0009896055,"8":0.0001949066,"9":0.0000341223}}