{"nagoya-grampus-eight":{"0":0.0987844757,"1":0.2286677679,"2":0.2646617684,"3":0.2042143275,"4":0.1181795877,"5":0.0547127721,"6":0.0211083226,"7":0.0069802654,"8":0.0020197527,"9":0.0005194837},"shimizu-s-pulse":{"0":0.2936137367,"1":0.3598207558,"2":0.2204784043,"3":0.0900647076,"4":0.0275933541,"5":0.006763077,"6":0.0013813474,"7":0.0002418325,"8":0.0000370454,"9":0.0000050443}}