{"sanfrecce-hiroshima":{"0":0.1122153234,"1":0.2454525856,"2":0.2684436043,"3":0.1957254284,"4":0.1070293054,"5":0.0468218046,"6":0.0170691676,"7":0.0053337143,"8":0.001458328,"9":0.0003544281},"kashima-antlers":{"0":0.5271431475,"1":0.3375208698,"2":0.1080544612,"3":0.0230618166,"4":0.0036915231,"5":0.000472724,"6":0.0000504462,"7":0.0000046143,"8":0.0000003693,"9":0.0000000263}}