{"fc-tokyo":{"0":0.3040764313,"1":0.3619957515,"2":0.2154736616,"3":0.0855054213,"4":0.025448042,"5":0.0060590576,"6":0.001202194,"7":0.0002044548,"8":0.0000304248,"9":0.0000040244},"sanfrecce-hiroshima":{"0":0.3751639469,"1":0.3678077911,"2":0.1802979368,"3":0.0589208944,"4":0.0144413957,"5":0.0028316462,"6":0.0004626873,"7":0.0000648021,"8":0.0000079414,"9":0.0000008651}}