{"shimizu-s-pulse":{"0":0.1657260169,"1":0.2978791504,"2":0.2677068751,"3":0.1603938396,"4":0.0720737479,"5":0.0259093499,"6":0.0077616612,"7":0.0019929943,"8":0.0004477808,"9":0.0000894278},"shonan-bellmare":{"0":0.1431446511,"1":0.278258832,"2":0.270453618,"3":0.1752448946,"4":0.0851646207,"5":0.0331102947,"6":0.0107271815,"7":0.0029789377,"8":0.0007238445,"9":0.0001563423}}