{"vegalta-sendai":{"0":0.0884701913,"1":0.2145481412,"2":0.2601492336,"3":0.2102950674,"4":0.1274960956,"5":0.0618378912,"6":0.0249937379,"7":0.0086588648,"8":0.0026248154,"9":0.0007072681},"matsumoto-yamaga":{"0":0.3901530362,"1":0.3672183645,"2":0.1728159398,"3":0.054219055,"4":0.0127579634,"5":0.0024016004,"6":0.0003767375,"7":0.0000506559,"8":0.0000059598,"9":0.0000006233}}