{"ventforet-kofu":{"0":0.3858213068,"1":0.3674488636,"2":0.1749756494,"3":0.0555478252,"4":0.0132256727,"5":0.0025191757,"6":0.0003998692,"7":0.000054404,"8":0.0000064767,"9":0.0000006854},"sagan-tosu":{"0":0.7389529639,"1":0.2235487958,"2":0.0338141036,"3":0.0034098256,"4":0.000257886,"5":0.0000156032,"6":0.0000007867,"7":0.000000034,"8":0.0000000013,"9":0.0}}