{"montedio-yamagata":{"0":0.3470796251,"1":0.3672800266,"2":0.1943280564,"3":0.0685460516,"4":0.0181338761,"5":0.0038378574,"6":0.0006768708,"7":0.0001023236,"8":0.0000135349,"9":0.0000015914},"matsumoto-yamaga":{"0":0.3261335955,"1":0.3654157933,"2":0.2047147302,"3":0.0764574156,"4":0.021416643,"5":0.0047992477,"6":0.0008962181,"7":0.0001434523,"8":0.0000200914,"9":0.0000025013}}