{"albirex-niigata":{"0":0.3714601479,"1":0.3678620713,"2":0.1821494234,"3":0.0601283561,"4":0.0148864836,"5":0.0029484577,"6":0.0004866497,"7":0.000068848,"8":0.0000085226,"9":0.0000009378},"urawa-red-diamonds":{"0":0.0835076581,"1":0.207334228,"2":0.2573864665,"3":0.2130144928,"4":0.1322189976,"5":0.0656551134,"6":0.0271682712,"7":0.0096362634,"8":0.0029906348,"9":0.0008250221}}