{"urawa-red-diamonds":{"0":0.6211451576,"1":0.2957834084,"2":0.070424621,"3":0.0111785113,"4":0.0013307752,"5":0.0001267405,"6":0.0000100588,"7":0.0000006843,"8":0.0000000407,"9":0.0000000022},"yokohama-fa-marinos":{"0":0.3410827194,"1":0.3668788915,"2":0.1973130173,"3":0.0707452835,"4":0.0190239418,"5":0.0040925455,"6":0.0007336776,"7":0.000112738,"8":0.000015158,"9":0.0000018116}}