{"gamba-osaka":{"0":0.0933159058,"1":0.2213233718,"2":0.2624634809,"3":0.2075005402,"4":0.1230356144,"5":0.0583623056,"6":0.0230702761,"7":0.0078167524,"8":0.0023174372,"9":0.0006107129},"sagan-tosu":{"0":0.3682037069,"1":0.3678792983,"2":0.1837775878,"3":0.0612052231,"4":0.0152878244,"5":0.003054871,"6":0.0005086966,"7":0.0000726069,"8":0.0000090679,"9":0.0000010067}}