{"shonan-bellmare":{"0":0.8383103986,"1":0.1478501585,"2":0.0130379328,"3":0.0007664864,"4":0.0000337957,"5":0.0000011921,"6":0.000000035,"7":0.0000000009,"8":0.0,"9":0.0},"gamba-osaka":{"0":0.2705794408,"1":0.3536986154,"2":0.2311755656,"3":0.100730094,"4":0.0329183314,"5":0.0086060997,"6":0.0018749673,"7":0.0003501339,"8":0.0000572114,"9":0.0000083096}}