{"vegalta-sendai":{"0":0.1083680232,"1":0.2408178294,"2":0.267575366,"3":0.1982039748,"4":0.1101133193,"5":0.048939253,"6":0.0181256493,"7":0.0057541744,"8":0.0015983818,"9":0.0003946622},"kawasaki-frontale":{"0":0.1926155928,"1":0.3172492116,"2":0.2612640566,"3":0.1434390899,"4":0.0590631547,"5":0.019456098,"6":0.0053408896,"7":0.0012566799,"8":0.0002587282,"9":0.000047349}}