{"kashiwa-reysol":{"0":0.2297787711,"1":0.3379214608,"2":0.2484801209,"3":0.1218081274,"4":0.0447839243,"5":0.0131721908,"6":0.0032285881,"7":0.0006782979,"8":0.0001246914,"9":0.0000203751},"kashima-antlers":{"0":0.3250089889,"1":0.3652783953,"2":0.2052686397,"3":0.0769006416,"4":0.0216072047,"5":0.004856878,"6":0.0009097762,"7":0.0001460714,"8":0.0000205212,"9":0.0000025627}}