{"nagoya-grampus-eight":{"0":0.2769631075,"1":0.3555848928,"2":0.2282625602,"3":0.097686558,"4":0.0313542339,"5":0.0080509581,"6":0.0017227319,"7":0.0003159665,"8":0.0000507075,"9":0.0000072335},"yokohama-fa-marinos":{"0":0.4324931295,"1":0.3625109138,"2":0.1519263008,"3":0.0424476432,"4":0.0088947852,"5":0.0014911019,"6":0.0002083042,"7":0.0000249426,"8":0.0000026133,"9":0.0000002434}}