{"kawasaki-frontale":{"0":0.0777047641,"1":0.1985231392,"2":0.2535973004,"3":0.2159667332,"4":0.1379400425,"5":0.0704829121,"6":0.0300120787,"7":0.0109537172,"8":0.0034981226,"9":0.0009930154},"ventforet-kofu":{"0":0.3686914087,"1":0.3678785458,"2":0.1835337375,"3":0.0610430321,"4":0.0152271122,"5":0.0030387081,"6":0.0005053348,"7":0.0000720315,"8":0.0000089841,"9":0.000000996}}