{"kashima-antlers":{"0":0.1471755728,"1":0.2820073878,"2":0.2701812716,"3":0.1725673928,"4":0.0826653478,"5":0.0316794946,"6":0.0101169999,"7":0.0027693539,"8":0.0006633049,"9":0.0001412198},"vissel-kobe":{"0":0.2799264619,"1":0.3564103062,"2":0.2268958524,"3":0.0962967437,"4":0.0306519359,"5":0.0078053827,"6":0.0016563391,"7":0.0003012711,"8":0.0000479484,"9":0.0000067832}}