{"shimizu-s-pulse":{"0":0.058351495,"1":0.1657923696,"2":0.2355304678,"3":0.2230685743,"4":0.1584495288,"5":0.090039588,"6":0.0426378012,"7":0.0173065026,"8":0.0061465565,"9":0.0019404476},"albirex-niigata":{"0":0.0670143828,"1":0.1811296915,"2":0.2447830134,"3":0.2205370939,"4":0.1490195615,"5":0.0805554452,"6":0.0362881875,"7":0.0140116365,"8":0.0047339155,"9":0.0014216727}}