{"sanfrecce-hiroshima":{"0":0.2025488487,"1":0.3234247745,"2":0.2582181667,"3":0.1374387016,"4":0.054864643,"5":0.0175212892,"6":0.0046629237,"7":0.0010636623,"8":0.0002123036,"9":0.0000376668},"shimizu-s-pulse":{"0":0.687857745,"1":0.2573779531,"2":0.0481519698,"3":0.006005726,"4":0.0005617955,"5":0.0000420418,"6":0.0000026218,"7":0.0000001401,"8":0.0000000066,"9":0.0000000003}}