{"montedio-yamagata":{"0":0.5872773612,"1":0.3125831116,"2":0.083187441,"3":0.0147590621,"4":0.0019639075,"5":0.0002090611,"6":0.0000185457,"7":0.0000014102,"8":0.0000000938,"9":0.0000000055},"fc-tokyo":{"0":0.500116911,"1":0.3465377021,"2":0.1200603063,"3":0.0277304644,"4":0.0048037025,"5":0.00066571,"6":0.0000768799,"7":0.0000076102,"8":0.0000006591,"9":0.0000000507}}