{"matsumoto-yamaga":{"0":0.291210335,"1":0.3592689487,"2":0.2216167526,"3":0.0911368956,"4":0.0281091129,"5":0.0069356958,"6":0.0014261056,"7":0.0002513429,"8":0.0000387605,"9":0.0000053132},"nagoya-grampus-eight":{"0":0.2773353428,"1":0.3556903096,"2":0.2280913695,"3":0.0975111803,"4":0.0312652019,"5":0.0080196986,"6":0.0017142478,"7":0.0003140815,"8":0.0000503523,"9":0.0000071754}}