{"kashima-antlers":{"0":0.3764018704,"1":0.3677814779,"2":0.1796792553,"3":0.0585214078,"4":0.0142952862,"5":0.0027935788,"6":0.0004549333,"7":0.0000635021,"8":0.000007756,"9":0.000000842},"vegalta-sendai":{"0":0.4223762662,"1":0.364028675,"2":0.1568706468,"3":0.0450667791,"4":0.0097102993,"5":0.0016737813,"6":0.0002404272,"7":0.000029602,"8":0.0000031891,"9":0.0000003054}}