{"matsumoto-yamaga":{"0":0.450054273,"1":0.3593175244,"2":0.1434372376,"3":0.0381728132,"4":0.0076191704,"5":0.0012166095,"6":0.0001618875,"7":0.0000184641,"8":0.0000018427,"9":0.0000001635},"vegalta-sendai":{"0":0.3105869643,"1":0.3631666472,"2":0.2123238075,"3":0.0827561297,"4":0.0241915064,"5":0.0056573838,"6":0.0011025216,"7":0.000184167,"8":0.0000269181,"9":0.0000034972}}