{"vissel-kobe":{"0":0.4004412889,"1":0.3664791094,"2":0.1676986632,"3":0.051158608,"4":0.0117049375,"5":0.0021424439,"6":0.0003267899,"7":0.0000427249,"8":0.0000048877,"9":0.000000497},"kawasaki-frontale":{"0":0.1428370841,"1":0.277968189,"2":0.2704700763,"3":0.175449482,"4":0.0853583911,"5":0.0332223491,"6":0.0107753952,"7":0.0029956377,"8":0.0007287078,"9":0.0001575669}}