{"gamba-osaka":{"0":0.0450140214,"1":0.1395786337,"2":0.2164014051,"3":0.2236711398,"4":0.1733888191,"5":0.1075281599,"6":0.055570217,"7":0.0246158696,"8":0.0095410533,"9":0.003287191},"albirex-niigata":{"0":0.2907492353,"1":0.3591608201,"2":0.2218346242,"3":0.0913436688,"4":0.0282090742,"5":0.0069693007,"6":0.001434856,"7":0.0002532099,"8":0.0000390986,"9":0.0000053665}}