{"yokohama-fa-marinos":{"0":0.3752684523,"1":0.3678057274,"2":0.1802457045,"3":0.0588870909,"4":0.0144290102,"5":0.0028284139,"6":0.0004620278,"7":0.0000646914,"8":0.0000079256,"9":0.0000008631},"ventforet-kofu":{"0":0.4391319286,"1":0.3613859877,"2":0.1487022733,"3":0.0407917791,"4":0.0083924536,"5":0.001381323,"6":0.0001894612,"7":0.000022274,"8":0.0000022913,"9":0.0000002095}}