{"sagan-tosu":{"0":0.3939813866,"1":0.366974598,"2":0.1709095406,"3":0.0530646558,"4":0.0123567898,"5":0.0023019504,"6":0.0003573592,"7":0.0000475518,"8":0.0000055365,"9":0.000000573},"kashiwa-reysol":{"0":0.2727464695,"1":0.3543556494,"2":0.230191662,"3":0.0996893024,"4":0.0323793994,"5":0.0084135447,"6":0.0018218306,"7":0.000338135,"8":0.0000549137,"9":0.0000079272}}