{"urawa-red-diamonds":{"0":0.1519489256,"1":0.2863038113,"2":0.269728371,"3":0.1694083726,"4":0.0798002726,"5":0.0300721076,"6":0.0094436985,"7":0.0025419884,"8":0.0005987053,"9":0.000125343},"shonan-bellmare":{"0":0.4751721312,"1":0.3535652046,"2":0.1315400733,"3":0.0326253652,"4":0.0060689554,"5":0.0009031554,"6":0.000112003,"7":0.0000119056,"8":0.0000011073,"9":0.0000000915}}