{"sanfrecce-hiroshima":{"0":0.1329475777,"1":0.2682616729,"2":0.270649253,"3":0.1820387219,"4":0.0918294506,"5":0.0370587001,"6":0.0124628432,"7":0.0035925043,"8":0.0009061196,"9":0.000203152},"kashiwa-reysol":{"0":0.5917503159,"1":0.3104739322,"2":0.0814482561,"3":0.014244499,"4":0.0018684171,"5":0.0001960607,"6":0.0000171445,"7":0.000001285,"8":0.0000000843,"9":0.0000000049}}