{"yokohama-fa-marinos":{"0":0.5872773612,"1":0.3125831116,"2":0.083187441,"3":0.0147590621,"4":0.0019639075,"5":0.0002090611,"6":0.0000185457,"7":0.0000014102,"8":0.0000000938,"9":0.0000000055},"shonan-bellmare":{"0":0.2727464695,"1":0.3543556494,"2":0.230191662,"3":0.0996893024,"4":0.0323793994,"5":0.0084135447,"6":0.0018218306,"7":0.000338135,"8":0.0000549137,"9":0.0000079272}}