{"montedio-yamagata":{"0":0.2993045368,"1":0.361049179,"2":0.2177656761,"3":0.0875631215,"4":0.0264067106,"5":0.0063708498,"6":0.0012808527,"7":0.0002207264,"8":0.0000332826,"9":0.000004461},"sagan-tosu":{"0":0.2693681515,"1":0.3533238047,"2":0.2317232202,"3":0.1013152809,"4":0.0332232117,"5":0.0087156195,"6":0.0019053452,"7":0.000357028,"8":0.0000585381,"9":0.0000085315}}