{"urawa-red-diamonds":{"0":0.3270173879,"1":0.3655210481,"2":0.2042791019,"3":0.0761104396,"4":0.0212679575,"5":0.0047544176,"6":0.000885702,"7":0.0001414266,"8":0.0000197598,"9":0.000002454},"nagoya-grampus-eight":{"0":0.3357667412,"1":0.3664351995,"2":0.1999524356,"3":0.0727386026,"4":0.0198456109,"5":0.0043316562,"6":0.0007878839,"7":0.0001228354,"8":0.0000167569,"9":0.0000020319}}