{"fc-tokyo":{"0":0.3432779274,"1":0.3670378666,"2":0.1962211735,"3":0.0699341992,"4":0.0186936715,"5":0.0039975103,"6":0.0007123663,"7":0.0001088104,"8":0.0000145427,"9":0.0000017277},"gamba-osaka":{"0":0.3501684363,"1":0.3674460949,"2":0.1927881252,"3":0.0674334943,"4":0.0176901825,"5":0.0037126067,"6":0.0006492984,"7":0.0000973336,"8":0.000012767,"9":0.0000014886}}