{"shonan-bellmare":{"0":0.8587240173,"1":0.1307902734,"2":0.0099601824,"3":0.0005056708,"4":0.0000192544,"5":0.0000005865,"6":0.0000000149,"7":0.0000000003,"8":0.0,"9":0.0},"sagan-tosu":{"0":0.2265023407,"1":0.3363559759,"2":0.2497443121,"3":0.1236234345,"4":0.0458952001,"5":0.0136308744,"6":0.0033736414,"7":0.0007156939,"8":0.0001328507,"9":0.0000219204}}