{"albirex-niigata":{"0":0.5437689921,"1":0.3312808013,"2":0.1009132287,"3":0.020493148,"4":0.0031212641,"5":0.000380314,"6":0.0000386165,"7":0.0000033609,"8":0.0000002559,"9":0.0000000173},"fc-tokyo":{"0":0.1720448638,"1":0.3027989603,"2":0.2664630851,"3":0.1563250099,"4":0.0687830044,"5":0.0242116175,"6":0.0071020745,"7":0.0017856644,"8":0.0003928462,"9":0.0000768233}}