{"sagan-tosu":{"0":0.4567536415,"1":0.3579172285,"2":0.1402339586,"3":0.0366296294,"4":0.0071758461,"5":0.0011246146,"6":0.0001468767,"7":0.000016442,"8":0.0000016105,"9":0.0000001402},"yokohama-fa-marinos":{"0":0.1876277271,"1":0.3139566228,"2":0.2626710949,"3":0.1465087831,"4":0.0612881202,"5":0.0205106266,"6":0.0057200564,"7":0.0013673349,"8":0.0002859944,"9":0.0000531726}}