{"vegalta-sendai":{"0":0.095795606,"1":0.2246922783,"2":0.2635121904,"3":0.2060259925,"4":0.1208104724,"5":0.0566731219,"6":0.0221548312,"7":0.0074235727,"8":0.0021765344,"9":0.0005672384},"kashima-antlers":{"0":0.0548035668,"1":0.1591495579,"2":0.2310851581,"3":0.223690433,"4":0.1623992544,"5":0.0943214869,"6":0.0456515997,"7":0.0189388922,"8":0.0068748179,"9":0.0022182746}}