{"gamba-osaka":{"0":0.1872361517,"1":0.313692568,"2":0.2627778512,"3":0.1467513231,"4":0.0614662272,"5":0.0205959143,"6":0.005751013,"7":0.0013764512,"8":0.0002882607,"9":0.0000536608},"matsumoto-yamaga":{"0":0.371576691,"1":0.3678609241,"2":0.1820911574,"3":0.060090082,"4":0.0148722953,"5":0.0029447145,"6":0.0004858779,"7":0.000068717,"8":0.0000085037,"9":0.0000009354}}