{"shonan-bellmare":{"0":0.2171782059,"1":0.3316391641,"2":0.2532126432,"3":0.1288883615,"4":0.0492043254,"5":0.0150273655,"6":0.0038245573,"7":0.0008343201,"8":0.0001592547,"9":0.0000270209},"kawasaki-frontale":{"0":0.2338384001,"1":0.3397964252,"2":0.2468833402,"3":0.1195841179,"4":0.0434426678,"5":0.0126255253,"6":0.0030577444,"7":0.000634755,"8":0.0001152973,"9":0.0000186157}}