{"ventforet-kofu":{"0":0.7197956845,"1":0.2366600963,"2":0.0389054855,"3":0.004263884,"4":0.0003504783,"5":0.0000230466,"6":0.0000012629,"7":0.0000000593,"8":0.0000000024,"9":0.0000000001},"vissel-kobe":{"0":0.3018795227,"1":0.3615693374,"2":0.2165307282,"3":0.0864482528,"4":0.0258853575,"5":0.0062007197,"6":0.0012377952,"7":0.0002117916,"8":0.0000317086,"9":0.0000042198}}