{"urawa-red-diamonds":{"0":0.2353534937,"1":0.3404780542,"2":0.2462791259,"3":0.1187612674,"4":0.0429519917,"5":0.0124274429,"6":0.0029963946,"7":0.0006192549,"8":0.0001119819,"9":0.0000180001},"vegalta-sendai":{"0":0.5895421319,"1":0.311519422,"2":0.0823048473,"3":0.0144968765,"4":0.0019150703,"5":0.0002023881,"6":0.000017824,"7":0.0000013455,"8":0.0000000889,"9":0.0000000052}}