{"vissel-kobe":{"0":0.1930274105,"1":0.317515242,"2":0.2611440744,"3":0.1431873048,"4":0.0588830255,"5":0.0193716095,"6":0.0053108012,"7":0.0012479799,"8":0.0002566039,"9":0.0000468993},"nagoya-grampus-eight":{"0":0.2051528434,"1":0.324962104,"2":0.2573699863,"3":0.1358913528,"4":0.0538129757,"5":0.0170479507,"6":0.004500659,"7":0.0010184348,"8":0.0002016501,"9":0.0000354904}}