{"kashiwa-reysol":{"0":0.186878298,"1":0.3134505369,"2":0.2628749303,"3":0.1469731709,"4":0.0616294399,"5":0.0206741834,"6":0.00577946,"7":0.0013848393,"8":0.0002903485,"9":0.0000541112},"matsumoto-yamaga":{"0":0.465309209,"1":0.3559862662,"2":0.1361742034,"3":0.0347268334,"4":0.0066419681,"5":0.0010162917,"6":0.0001295862,"7":0.0000141629,"8":0.0000013544,"9":0.0000001151}}