{"yokohama-fa-marinos":{"0":0.2882733394,"1":0.3585676845,"2":0.2230015176,"3":0.09245986,"4":0.0287514603,"5":0.0071524787,"6":0.0014827638,"7":0.0002634757,"8":0.0000409654,"9":0.0000056616},"sanfrecce-hiroshima":{"0":0.502831578,"1":0.3456967099,"2":0.118833244,"3":0.0272326184,"4":0.0046806063,"5":0.0006435834,"6":0.0000737439,"7":0.0000072427,"8":0.0000006224,"9":0.0000000475}}