{"ventforet-kofu":{"0":0.7602151101,"1":0.2084158963,"2":0.0285690098,"3":0.002610768,"4":0.000178938,"5":0.0000098113,"6":0.0000004483,"7":0.0000000176,"8":0.0000000006,"9":0.0},"urawa-red-diamonds":{"0":0.371576691,"1":0.3678609241,"2":0.1820911574,"3":0.060090082,"4":0.0148722953,"5":0.0029447145,"6":0.0004858779,"7":0.000068717,"8":0.0000085037,"9":0.0000009354}}