{"gamba-osaka":{"0":0.155185933,"1":0.2891317712,"2":0.2693452282,"3":0.1672751763,"4":0.0779139047,"5":0.0290327671,"6":0.0090153096,"7":0.0023995294,"8":0.0005588298,"9":0.0001156859},"shimizu-s-pulse":{"0":0.5559253746,"1":0.3263955798,"2":0.0958168842,"3":0.0187520417,"4":0.0027524304,"5":0.0003232021,"6":0.0000316265,"7":0.0000026527,"8":0.0000001947,"9":0.0000000127}}