{"albirex-niigata":{"0":0.3754935861,"1":0.3678011828,"2":0.1801331834,"3":0.0588143183,"4":0.0144023604,"5":0.0028214624,"6":0.0004606103,"7":0.0000644535,"8":0.0000078916,"9":0.0000008589},"sanfrecce-hiroshima":{"0":0.0859347779,"1":0.2108982675,"2":0.2587897491,"3":0.2117043919,"4":0.1298894655,"5":0.0637540793,"6":0.0260771894,"7":0.0091425384,"8":0.0028046641,"9":0.0007647904}}