{"shimizu-s-pulse":{"0":0.2413424351,"1":0.3430775539,"2":0.2438489691,"3":0.1155468961,"4":0.0410635892,"5":0.0116746943,"6":0.0027660045,"7":0.0005617117,"8":0.0000998118,"9":0.0000157652},"montedio-yamagata":{"0":1.0,"1":0.0,"2":0.0,"3":0.0,"4":0.0,"5":0.0,"6":0.0,"7":0.0,"8":0.0,"9":0.0}}