{"kashima-antlers":{"0":0.1787704153,"1":0.3077806026,"2":0.2649456823,"3":0.1520481668,"4":0.0654435415,"5":0.0225342125,"6":0.0064660154,"7":0.0015903191,"8":0.0003422472,"9":0.0000654701},"montedio-yamagata":{"0":0.5407079211,"1":0.3324683415,"2":0.1022134075,"3":0.0209495248,"4":0.0032203402,"5":0.000396022,"6":0.0000405841,"7":0.0000035649,"8":0.000000274,"9":0.0000000187}}