{"nagoya-grampus-eight":{"0":0.2820041947,"1":0.3569703098,"2":0.2259324586,"3":0.0953309457,"4":0.0301682722,"5":0.0076376009,"6":0.0016113216,"7":0.0002913807,"8":0.0000461049,"9":0.0000064846},"fc-tokyo":{"0":0.3044008921,"1":0.3620573806,"2":0.2153172842,"3":0.0853668237,"4":0.0253840325,"5":0.006038403,"6":0.0011970225,"7":0.0002033929,"8":0.0000302397,"9":0.0000039964}}