{"kawasaki-frontale":{"0":0.1920499086,"1":0.3168823492,"2":0.2614279381,"3":0.143785366,"4":0.0593114635,"5":0.0195727829,"6":0.0053825153,"7":0.0012687358,"8":0.0002616767,"9":0.0000479741},"kashiwa-reysol":{"0":0.1330983878,"1":0.268415082,"2":0.2706518743,"3":0.1819382044,"4":0.0917271781,"5":0.0369966285,"6":0.0124349779,"7":0.0035824579,"8":0.0009030779,"9":0.0002023564}}