{"urawa-red-diamonds":{"0":0.6362292132,"1":0.2877005486,"2":0.0650485737,"3":0.0098049099,"4":0.0011084362,"5":0.0001002462,"6":0.0000075552,"7":0.0000004881,"8":0.0000000276,"9":0.0000000014},"gamba-osaka":{"0":0.2982934876,"1":0.3608388963,"2":0.2182493324,"3":0.0880037631,"4":0.0266140413,"5":0.0064388809,"6":0.0012981615,"7":0.0002243367,"8":0.0000339219,"9":0.0000045594}}