{"kashima-antlers":{"0":0.1265416897,"1":0.2615848882,"2":0.2703719775,"3":0.1863028268,"4":0.0962805307,"5":0.0398059042,"6":0.0137143511,"7":0.0040500114,"8":0.0010465146,"9":0.0002403708},"ventforet-kofu":{"0":0.8064980789,"1":0.1734404471,"2":0.0186495104,"3":0.0013368825,"4":0.0000718754,"5":0.0000030914,"6":0.0000001108,"7":0.0000000034,"8":0.0000000001,"9":0.0}}