{"gamba-osaka":{"0":0.2455498447,"1":0.3448146755,"2":0.2421039211,"3":0.1133252397,"4":0.0397843926,"5":0.011173489,"6":0.0026150719,"7":0.0005246041,"8":0.0000920848,"9":0.0000143678},"shonan-bellmare":{"0":0.4919759741,"1":0.3489710531,"2":0.1237670153,"3":0.0292636958,"4":0.0051893707,"5":0.0007361905,"6":0.0000870331,"7":0.0000088193,"8":0.000000782,"9":0.0000000616}}