{"sanfrecce-hiroshima":{"0":0.1766968131,"1":0.3062721087,"2":0.2654337758,"3":0.1533605518,"4":0.0664557254,"5":0.0230378067,"6":0.006655315,"7":0.00164797,"8":0.0003570574,"9":0.0000687661},"nagoya-grampus-eight":{"0":0.554307903,"1":0.3270610442,"2":0.0964887259,"3":0.0189772407,"4":0.0027993089,"5":0.000330338,"6":0.0000324852,"7":0.0000027382,"8":0.000000202,"9":0.0000000132}}