{"nagoya-grampus-eight":{"0":0.0582869379,"1":0.1656734668,"2":0.2354532474,"3":0.2230823188,"4":0.1585210276,"5":0.0901153128,"6":0.042690286,"7":0.0173345569,"8":0.0061589188,"9":0.0019451079},"shonan-bellmare":{"0":0.2751820004,"1":0.3550735489,"2":0.229079709,"3":0.0985289071,"4":0.0317835184,"5":0.0082021983,"6":0.0017639136,"7":0.0003251454,"8":0.0000524428,"9":0.0000075187}}