{"kawasaki-frontale":{"0":0.1814720784,"1":0.3097099532,"2":0.264283784,"3":0.1503469461,"4":0.0641475345,"5":0.0218955225,"6":0.0062280116,"7":0.0015184368,"8":0.0003239307,"9":0.0000614264},"kashima-antlers":{"0":0.2270348013,"1":0.336613594,"2":0.249540403,"3":0.1233271895,"4":0.0457128249,"5":0.0135552419,"6":0.0033496177,"7":0.0007094739,"8":0.0001314879,"9":0.0000216612}}