{"matsumoto-yamaga":{"0":0.3111350788,"1":0.3632589549,"2":0.2120575231,"3":0.0825277074,"4":0.0240883548,"5":0.0056247663,"6":0.0010945122,"7":0.0001825534,"8":0.000026642,"9":0.0000034561},"montedio-yamagata":{"0":0.5206482274,"1":0.3398170248,"2":0.1108959988,"3":0.0241265576,"4":0.0039367343,"5":0.0005138861,"6":0.0000559006,"7":0.0000052122,"8":0.0000004252,"9":0.0000000308}}