{"kashiwa-reysol":{"0":0.0977266097,"1":0.2272711854,"2":0.2642688203,"3":0.2048595506,"4":0.1191043899,"5":0.0553973906,"6":0.0214718568,"7":0.0071335073,"8":0.002073694,"9":0.0005358382},"shimizu-s-pulse":{"0":0.428795916,"1":0.363093316,"2":0.1537290249,"3":0.043391257,"4":0.0091856492,"5":0.0015556341,"6":0.0002195451,"7":0.0000265579,"8":0.0000028111,"9":0.0000002645}}