{"sagan-tosu":{"0":0.22573984,"1":0.3359848782,"2":0.2500352582,"3":0.1240485002,"4":0.0461575815,"5":0.0137399312,"6":0.003408355,"7":0.0007247001,"8":0.0001348279,"9":0.0000222971},"vissel-kobe":{"0":0.4610754662,"1":0.3569616512,"2":0.1381787037,"3":0.0356590203,"4":0.0069017459,"5":0.0010686574,"6":0.0001378913,"7":0.0000152506,"8":0.0000014759,"9":0.000000127}}