{"kashiwa-reysol":{"0":0.2939861605,"1":0.3599044976,"2":0.2203016074,"3":0.0898994012,"4":0.0275142193,"5":0.0067367057,"6":0.0013745379,"7":0.0002403915,"8":0.0000367866,"9":0.0000050039},"ventforet-kofu":{"0":0.4355943076,"1":0.3619980166,"2":0.1504181319,"3":0.0416680265,"4":0.0086569904,"5":0.0014388679,"6":0.0001992937,"7":0.0000236603,"8":0.0000024578,"9":0.000000227}}