{"matsumoto-yamaga":{"0":0.2414268789,"1":0.3431131354,"2":0.2438142435,"3":0.1155020103,"4":0.041037536,"5":0.0116644159,"6":0.0027628892,"7":0.000560941,"8":0.0000996504,"9":0.0000157358},"albirex-niigata":{"0":0.2084407693,"1":0.326856045,"2":0.2562715406,"3":0.1339531649,"4":0.0525130015,"5":0.0164691313,"6":0.0043042084,"7":0.0009642044,"8":0.0001889962,"9":0.0000329294}}