{"shimizu-s-pulse":{"0":0.2729297924,"1":0.3544104403,"2":0.2301081884,"3":0.0996016151,"4":0.0323341874,"5":0.0083974516,"6":0.0018174054,"7":0.0003371393,"8":0.0000547236,"9":0.0000078957},"fc-tokyo":{"0":0.1076337543,"1":0.2399178963,"2":0.2673910121,"3":0.1986733918,"4":0.1107117896,"5":0.0493557803,"6":0.018335845,"7":0.0058387119,"8":0.0016268264,"9":0.0004029145}}