{"yokohama-fa-marinos":{"0":0.3522302509,"1":0.3675417687,"2":0.1917594406,"3":0.0666984203,"4":0.0173994534,"5":0.0036311622,"6":0.0006315016,"7":0.0000941362,"8":0.0000122785,"9":0.0000014236},"urawa-red-diamonds":{"0":0.171176197,"1":0.3021365769,"2":0.2666448743,"3":0.1568815661,"4":0.0692264172,"5":0.0244377818,"6":0.0071890328,"7":0.0018127268,"8":0.0003999469,"9":0.0000784368}}