{"fc-tokyo":{"0":0.4196991834,"1":0.3643899887,"2":0.1581848013,"3":0.0457795807,"4":0.0099366532,"5":0.0017254344,"6":0.0002496753,"7":0.0000309675,"8":0.0000033608,"9":0.0000003242},"kawasaki-frontale":{"0":0.1751810123,"1":0.3051540214,"2":0.2657793089,"3":0.1543234697,"4":0.067205382,"5":0.0234134879,"6":0.0067974642,"7":0.0016915349,"8":0.0003683181,"9":0.0000712874}}