{"vissel-kobe":{"0":0.280522516,"1":0.3565725309,"2":0.2266199013,"3":0.0960189494,"4":0.0305124525,"5":0.0077568835,"6":0.0016432974,"7":0.0002983996,"8":0.000047412,"9":0.0000066962},"sagan-tosu":{"0":0.1879149646,"1":0.3141497988,"2":0.2625924346,"3":0.1463310114,"4":0.0611577927,"5":0.0204483004,"6":0.0056974613,"7":0.0013606887,"8":0.0002843441,"9":0.0000528174}}