{"vegalta-sendai":{"0":0.0385566377,"1":0.1255260311,"2":0.2043329686,"3":0.2217439772,"4":0.1804789204,"5":0.1175144096,"6":0.0637638476,"7":0.0296559007,"8":0.0120685689,"9":0.0043656399},"albirex-niigata":{"0":0.1357362764,"1":0.2710709661,"2":0.2706699736,"3":0.1801797161,"4":0.089956589,"5":0.0359294069,"6":0.0119587523,"7":0.0034117319,"8":0.0008516713,"9":0.0001889803}}