{"sanfrecce-hiroshima":{"0":0.3944619644,"1":0.3669413622,"2":0.170670401,"3":0.0529210546,"4":0.012307222,"5":0.0022897157,"6":0.0003549947,"7":0.0000471754,"8":0.0000054855,"9":0.000000567},"vegalta-sendai":{"0":0.9375209928,"1":0.0604852253,"2":0.0019511363,"3":0.0000419599,"4":0.0000006768,"5":0.0000000087,"6":0.0000000001,"7":0.0,"8":0.0,"9":5.003025135e-17}}