{"montedio-yamagata":{"0":0.6786858669,"1":0.2630565376,"2":0.0509799491,"3":0.0065865567,"4":0.0006382322,"5":0.0000494754,"6":0.0000031961,"7":0.000000177,"8":0.0000000086,"9":0.0000000004},"yokohama-fa-marinos":{"0":0.4839341421,"1":0.3512425225,"2":0.1274670444,"3":0.0308388011,"4":0.0055957502,"5":0.0008122863,"6":0.0000982604,"7":0.0000101883,"8":0.0000009243,"9":0.0000000745}}