{"yokohama-fa-marinos":{"0":0.2137694582,"1":0.3298157355,"2":0.2544292817,"3":0.1308493449,"4":0.0504704616,"5":0.0155737424,"6":0.0040046766,"7":0.0008826634,"8":0.0001702279,"9":0.0000291819},"nagoya-grampus-eight":{"0":0.3736726994,"1":0.3678340635,"2":0.1810433281,"3":0.059404842,"4":0.0146191603,"5":0.0028781472,"6":0.000472196,"7":0.0000664026,"8":0.0000081706,"9":0.0000008937}}