{"albirex-niigata":{"0":0.2592402606,"1":0.3499743519,"2":0.2362326875,"3":0.1063047094,"4":0.0358778394,"5":0.0096870166,"6":0.0021795787,"7":0.0004203473,"8":0.0000709336,"9":0.00001064},"montedio-yamagata":{"0":0.4123274351,"1":0.365296337,"2":0.1618148618,"3":0.0477859514,"4":0.0105838416,"5":0.0018753244,"6":0.0002769034,"7":0.0000350456,"8":0.000003881,"9":0.000000382}}