{"shonan-bellmare":{"0":0.1760815314,"1":0.3058198379,"2":0.2655751926,"3":0.1537510525,"4":0.06675902,"5":0.0231895219,"6":0.0067126251,"7":0.001665506,"8":0.000361583,"9":0.0000697778},"matsumoto-yamaga":{"0":0.6751018688,"1":0.2652419093,"2":0.05210567,"3":0.0068239615,"4":0.0006702694,"5":0.0000526687,"6":0.0000034488,"7":0.0000001936,"8":0.0000000095,"9":0.0000000004}}