{"montedio-yamagata":{"0":0.500083761,"1":0.346547881,"2":0.1200753185,"3":0.027736585,"4":0.0048052224,"5":0.0006659843,"6":0.0000769189,"7":0.0000076148,"8":0.0000006596,"9":0.0000000508},"sanfrecce-hiroshima":{"0":0.1097563209,"1":0.2425057827,"2":0.2679073704,"3":0.1973131206,"4":0.1089904717,"5":0.0481627289,"6":0.0177358658,"7":0.0055981807,"8":0.0015461424,"9":0.0003795767}}