{"sagan-tosu":{"0":0.3177258524,"1":0.3642937764,"2":0.2088434959,"3":0.0798176428,"4":0.0228790562,"5":0.0052464713,"6":0.0010025713,"7":0.0001642164,"8":0.0000235356,"9":0.0000029983},"shimizu-s-pulse":{"0":0.3595459632,"1":0.3677843322,"2":0.1881057346,"3":0.0641386165,"4":0.0164020603,"5":0.003355577,"6":0.0005720774,"7":0.0000835979,"8":0.0000106892,"9":0.0000012149}}