{"nagoya-grampus-eight":{"0":0.3298787988,"1":0.3658454738,"2":0.2028667971,"3":0.0749951192,"4":0.0207929587,"5":0.0046120029,"6":0.0008524749,"7":0.00013506,"8":0.0000187232,"9":0.0000023072},"vegalta-sendai":{"0":0.5436303235,"1":0.3313349711,"2":0.1009719825,"3":0.0205136637,"4":0.0031256968,"5":0.0003810136,"6":0.0000387037,"7":0.0000033699,"8":0.0000002567,"9":0.0000000174}}