{"shimizu-s-pulse":{"0":0.1800923121,"1":0.308729678,"2":0.2646254383,"3":0.1512145361,"4":0.0648062298,"5":0.0222192788,"6":0.0063483654,"7":0.0015547017,"8":0.0003331504,"9":0.0000634572},"sagan-tosu":{"0":0.1533549668,"1":0.2875405628,"2":0.2695692777,"3":0.1684807985,"4":0.0789753743,"5":0.0296157654,"6":0.0092549267,"7":0.0024789982,"8":0.0005810152,"9":0.0001210448}}