{"kawasaki-frontale":{"0":0.1278186448,"1":0.2629412122,"2":0.2704538182,"3":0.1854540468,"4":0.0953763669,"5":0.0392405624,"6":0.0134539071,"7":0.0039538013,"8":0.0010166918,"9":0.0002323867},"sanfrecce-hiroshima":{"0":0.2284215394,"1":0.3372786793,"2":0.2490065249,"3":0.122557899,"4":0.0452410994,"5":0.0133602622,"6":0.003287877,"7":0.0006935366,"8":0.0001280063,"9":0.000021001}}