{"vegalta-sendai":{"0":0.5979275332,"1":0.3075055885,"2":0.0790728656,"3":0.0135553484,"4":0.0017428305,"5":0.0001792626,"6":0.0000153654,"7":0.0000011289,"8":0.0000000726,"9":0.0000000041},"fc-tokyo":{"0":0.1938588426,"1":0.3180496637,"2":0.2609001148,"3":0.1426797503,"4":0.0585209913,"5":0.0192022003,"6":0.0052506016,"7":0.0012306098,"8":0.0002523711,"9":0.0000460052}}