{"urawa-red-diamonds":{"0":0.1624164293,"1":0.2952067523,"2":0.2682826701,"3":0.162542784,"4":0.0738591034,"5":0.0268491385,"6":0.0081334618,"7":0.0021119018,"8":0.0004798219,"9":0.0000969023},"kashiwa-reysol":{"0":0.4207939776,"1":0.3642442869,"2":0.1576471,"3":0.0454870701,"4":0.0098435376,"5":0.0017041367,"6":0.0002458535,"7":0.000030402,"8":0.0000032895,"9":0.0000003164}}