{"kashima-antlers":{"0":0.238542459,"1":0.3418809509,"2":0.24499325,"3":0.1170420919,"4":0.0419364144,"5":0.0120207206,"6":0.0028713654,"7":0.0005878948,"8":0.0001053219,"9":0.000016772},"gamba-osaka":{"0":0.2112256785,"1":0.3284196311,"2":0.2553180438,"3":0.1323252273,"4":0.0514357471,"5":0.0159947495,"6":0.0041448478,"7":0.0009206466,"8":0.0001789309,"9":0.0000309119}}