{"albirex-niigata":{"0":0.4917527744,"1":0.3490358809,"2":0.1238692006,"3":0.0293065932,"4":0.0052003024,"5":0.0007382133,"6":0.0000873281,"7":0.0000088548,"8":0.0000007856,"9":0.000000062},"yokohama-fa-marinos":{"0":0.1610725872,"1":0.2941024633,"2":0.2685008679,"3":0.1634185929,"4":0.0745965089,"5":0.0272411556,"6":0.0082899384,"7":0.0021623714,"8":0.0004935343,"9":0.0001001271}}