{"matsumoto-yamaga":{"0":0.2764530466,"1":0.3554396314,"2":0.2284969059,"3":0.0979272454,"4":0.0314766146,"5":0.0080939866,"6":0.0017344257,"7":0.000318568,"8":0.0000511984,"9":0.0000073141},"ventforet-kofu":{"0":0.6112877386,"1":0.3008681839,"2":0.0740417796,"3":0.0121474795,"4":0.0014947094,"5":0.0001471355,"6":0.0000120697,"7":0.0000008487,"8":0.0000000522,"9":0.0000000029}}