{"kashiwa-reysol":{"0":0.5825438152,"1":0.3147780615,"2":0.0850453008,"3":0.015318101,"4":0.0020692873,"5":0.0002236282,"6":0.0000201396,"7":0.0000015546,"8":0.000000105,"9":0.0000000063},"urawa-red-diamonds":{"0":0.0666905305,"1":0.1805774364,"2":0.2444740678,"3":0.2206535176,"4":0.1493654581,"5":0.0808871404,"6":0.0365029146,"7":0.0141198087,"8":0.0047790122,"9":0.0014377883}}