{"gamba-osaka":{"0":0.1568239283,"1":0.2905369618,"2":0.2691289752,"3":0.1661989461,"4":0.076976354,"5":0.0285217648,"6":0.0088067204,"7":0.0023308012,"8":0.0005397645,"9":0.0001111094},"kashima-antlers":{"0":0.2810477292,"1":0.3567144255,"2":0.2263764624,"3":0.0957746572,"4":0.0303900354,"5":0.0077143936,"6":0.001631891,"7":0.0002958923,"8":0.0000469445,"9":0.0000066204}}