{"shonan-bellmare":{"0":0.3143831364,"1":0.3637862007,"2":0.2104763019,"3":0.0811837164,"4":0.0234852894,"5":0.005435167,"6":0.0010482108,"7":0.0001732757,"8":0.0000250631,"9":0.0000032224},"vissel-kobe":{"0":0.1319938432,"1":0.2672875325,"2":0.2706286266,"3":0.182674323,"4":0.092478876,"5":0.0374539448,"6":0.0126407064,"7":0.0036567758,"8":0.0009256214,"9":0.0002082648}}