{"ventforet-kofu":{"0":0.5535060204,"1":0.3273892077,"2":0.096822518,"3":0.0190896132,"4":0.0028227937,"5":0.0003339267,"6":0.0000329186,"7":0.0000027815,"8":0.0000002057,"9":0.0000000135},"kawasaki-frontale":{"0":0.3451314958,"1":0.3671611658,"2":0.1952984924,"3":0.0692547846,"4":0.0184188257,"5":0.0039188991,"6":0.0006948403,"7":0.0001055988,"8":0.0000140424,"9":0.0000016599}}