{"fc-tokyo":{"0":0.3658541564,"1":0.367873856,"2":0.1849523527,"3":0.0619911277,"4":0.0155833375,"5":0.0031338731,"6":0.0005251956,"7":0.0000754421,"8":0.0000094823,"9":0.0000010594},"vissel-kobe":{"0":0.3842646023,"1":0.3675198477,"2":0.1757523822,"3":0.0560312593,"4":0.0133974088,"5":0.0025627204,"6":0.0004085078,"7":0.0000558152,"8":0.0000066729,"9":0.0000007091}}