{"kawasaki-frontale":{"0":0.1285838314,"1":0.2637478379,"2":0.2704963806,"3":0.1849450659,"4":0.094838637,"5":0.0389061131,"6":0.0133005359,"7":0.003897388,"8":0.0009992777,"9":0.0002277436},"nagoya-grampus-eight":{"0":0.31911902,"1":0.364494918,"2":0.2081614334,"3":0.0792533818,"4":0.0226306277,"5":0.0051697005,"6":0.000984131,"7":0.0001605808,"8":0.0000229267,"9":0.0000029096}}