{"vissel-kobe":{"0":0.2786558481,"1":0.3560602504,"2":0.2274829378,"3":0.0968908809,"4":0.0309512536,"5":0.0079097648,"6":0.001684487,"7":0.0003074857,"8":0.0000491123,"9":0.0000069727},"shimizu-s-pulse":{"0":0.530364286,"1":0.3363523505,"2":0.1066558464,"3":0.0225467322,"4":0.0035747347,"5":0.000453413,"6":0.0000479251,"7":0.000004342,"8":0.0000003442,"9":0.0000000243}}