{"vegalta-sendai":{"0":0.1633503557,"1":0.2959676428,"2":0.2681256653,"3":0.1619352073,"4":0.0733508987,"5":0.026580282,"6":0.0080266159,"7":0.002077584,"8":0.0004705359,"9":0.0000947271},"shonan-bellmare":{"0":0.2807706984,"1":0.3566397038,"2":0.2265049006,"3":0.0959034556,"4":0.030454549,"5":0.007736777,"6":0.0016378976,"7":0.0002972122,"8":0.0000471905,"9":0.0000066602}}