{"fc-tokyo":{"0":0.3418670592,"1":0.3669373102,"2":0.1969230231,"3":0.0704546816,"4":0.0189053396,"5":0.0040583462,"6":0.000725993,"7":0.0001113189,"8":0.0000149353,"9":0.0000017812},"kashima-antlers":{"0":0.114138445,"1":0.2477195909,"2":0.268818257,"3":0.1944759531,"4":0.1055198875,"5":0.0458028728,"6":0.0165679918,"7":0.0051368896,"8":0.0013936016,"9":0.000336066}}