{"sanfrecce-hiroshima":{"0":0.5575924364,"1":0.3257047883,"2":0.0951264778,"3":0.0185219809,"4":0.0027047972,"5":0.000315989,"6":0.000030763,"7":0.0000025671,"8":0.0000001874,"9":0.0000000122},"gamba-osaka":{"0":0.8342705915,"1":0.151167728,"2":0.0136956056,"3":0.0008272031,"4":0.0000374718,"5":0.000001358,"6":0.000000041,"7":0.0000000011,"8":0.0,"9":0.0}}