{"yokohama-fa-marinos":{"0":0.3759108367,"1":0.3677924032,"2":0.1799246505,"3":0.058679624,"4":0.0143530844,"5":0.002808621,"6":0.000457994,"7":0.0000640147,"8":0.000007829,"9":0.0000008511},"fc-tokyo":{"0":0.4423482925,"1":0.3608047975,"2":0.1471466084,"3":0.0400070888,"4":0.0081580227,"5":0.0013308308,"6":0.0001809171,"7":0.0000210809,"8":0.0000021494,"9":0.0000001948}}