{"sagan-tosu":{"0":0.4088346659,"1":0.3656798956,"2":0.1635401755,"3":0.0487592005,"4":0.010903099,"5":0.0019504433,"6":0.0002907605,"7":0.0000371527,"8":0.0000041539,"9":0.0000004128},"matsumoto-yamaga":{"0":0.6370033323,"1":0.2872760126,"2":0.0647779244,"3":0.0097378579,"4":0.0010978957,"5":0.0000990259,"6":0.0000074431,"7":0.0000004795,"8":0.000000027,"9":0.0000000014}}