{"sanfrecce-hiroshima":{"0":0.0292135385,"1":0.1032150258,"2":0.1823356922,"3":0.2147381444,"4":0.1896740707,"5":0.1340283654,"6":0.0789231174,"7":0.0398350119,"8":0.0175927497,"9":0.0069063721},"sagan-tosu":{"0":0.3501794069,"1":0.367446636,"2":0.1927826532,"3":0.0674295671,"4":0.0176886241,"5":0.0037121688,"6":0.0006492024,"7":0.0000973163,"8":0.0000127644,"9":0.0000014882}}