{"shimizu-s-pulse":{"0":0.2039449116,"1":0.3242531087,"2":0.2577658782,"3":0.136607784,"4":0.0542983621,"5":0.0172658514,"6":0.0045751783,"7":0.0010391572,"8":0.0002065202,"9":0.0000364831},"urawa-red-diamonds":{"0":0.0445514262,"1":0.1386044372,"2":0.2156069023,"3":0.2235923431,"4":0.1739051558,"5":0.1082076525,"6":0.0561076717,"7":0.024936743,"8":0.0096976223,"9":0.0033522645}}