{"vegalta-sendai":{"0":0.3985190411,"1":0.3666375178,"2":0.1686532582,"3":0.0517203325,"4":0.0118956765,"5":0.0021888045,"6":0.0003356167,"7":0.0000441096,"8":0.0000050726,"9":0.0000005185},"urawa-red-diamonds":{"0":0.1109662241,"1":0.2439625073,"2":0.2681793738,"3":0.1965334137,"4":0.1080211226,"5":0.047497523,"6":0.0174041169,"7":0.005466209,"8":0.0015022027,"9":0.0003669596}}