{"nagoya-grampus-eight":{"0":0.0683349908,"1":0.1833655586,"2":0.2460154578,"3":0.2200471595,"4":0.1476149695,"5":0.0792200336,"6":0.0354289595,"7":0.0135811011,"8":0.0045553277,"9":0.0013581625},"kawasaki-frontale":{"0":0.24431089,"1":0.3443106905,"2":0.242620891,"3":0.1139763173,"4":0.0401570971,"5":0.0113187896,"6":0.0026586209,"7":0.0005352616,"8":0.0000942939,"9":0.0000147655}}