{"yokohama-fa-marinos":{"0":0.1529642538,"1":0.2871981907,"2":0.269614628,"3":0.1687384067,"4":0.0792037419,"5":0.0297418133,"6":0.009306962,"7":0.002496328,"8":0.0005858729,"9":0.0001222229},"albirex-niigata":{"0":0.3938155017,"1":0.3669859342,"2":0.1709920957,"3":0.0531142914,"4":0.0123739402,"5":0.0023061875,"6":0.0003581789,"7":0.0000476824,"8":0.0000055542,"9":0.0000005751}}