{"kashiwa-reysol":{"0":0.2016497008,"1":0.3228861875,"2":0.2585064339,"3":0.1379755034,"4":0.0552323957,"5":0.0176878791,"6":0.0047203739,"7":0.0010797675,"8":0.0002161186,"9":0.0000384505},"montedio-yamagata":{"0":0.5344908444,"1":0.3348268069,"2":0.104874566,"3":0.0218992314,"4":0.0034296423,"5":0.0004296935,"6":0.0000448629,"7":0.0000040149,"8":0.0000003144,"9":0.0000000219}}