{"montedio-yamagata":{"0":0.6312836455,"1":0.2903904769,"2":0.0667898097,"3":0.0102411042,"4":0.001177727,"5":0.0001083509,"6":0.0000083069,"7":0.0000005459,"8":0.0000000314,"9":0.0000000016},"kashiwa-reysol":{"0":0.337164319,"1":0.3665599477,"2":0.1992592153,"3":0.0722105349,"4":0.0196265503,"5":0.0042675377,"6":0.0007732671,"7":0.0001200978,"8":0.0000163211,"9":0.0000019716}}