{"matsumoto-yamaga":{"0":0.3863727442,"1":0.3674222108,"2":0.1747005748,"3":0.0553773288,"4":0.0131653053,"5":0.0025039166,"6":0.000396851,"7":0.0000539124,"8":0.0000064085,"9":0.0000006771},"gamba-osaka":{"0":0.1349564522,"1":0.2702912047,"2":0.2706700353,"3":0.1806995979,"4":0.09047643,"5":0.0362412954,"6":0.0120973633,"7":0.0034612339,"8":0.0008665213,"9":0.0001928302}}