{"ventforet-kofu":{"0":0.6835262814,"1":0.2600750326,"2":0.049477997,"3":0.0062752972,"4":0.0005969222,"5":0.0000454246,"6":0.0000028806,"7":0.0000001566,"8":0.0000000074,"9":0.0000000003},"kashima-antlers":{"0":0.1769100195,"1":0.3064283286,"2":0.2653844051,"3":0.1532253513,"4":0.0663509456,"5":0.0229854809,"6":0.006635579,"7":0.0016419399,"8":0.0003555034,"9":0.0000684192}}