{"vissel-kobe":{"0":0.1200467754,"1":0.254484016,"2":0.2697370012,"3":0.1906028021,"4":0.1010134724,"5":0.0428271631,"6":0.0151313636,"7":0.0045823688,"8":0.0012142555,"9":0.0002860076},"albirex-niigata":{"0":0.1893163858,"1":0.3150860128,"2":0.2622044442,"3":0.1454654026,"4":0.0605258144,"5":0.0201470543,"6":0.0055885768,"7":0.0013287525,"8":0.0002764363,"9":0.0000511203}}