{"ventforet-kofu":{"0":0.4645590204,"1":0.3561619156,"2":0.1365287343,"3":0.0348906765,"4":0.0066873797,"5":0.0010253982,"6":0.0001310231,"7":0.0000143501,"8":0.0000013752,"9":0.0000001171},"shonan-bellmare":{"0":0.3728721767,"1":0.3678457135,"2":0.1814435045,"3":0.0596658583,"4":0.0147153848,"5":0.0029034031,"6":0.0004773774,"7":0.0000672774,"8":0.0000082963,"9":0.0000009094}}