{"shimizu-s-pulse":{"0":0.262032768,"1":0.3509367429,"2":0.2350022832,"3":0.1049117336,"4":0.0351266965,"5":0.0094089366,"6":0.0021002091,"7":0.0004018257,"8":0.0000672699,"9":0.0000100104},"yokohama-fa-marinos":{"0":0.2327649931,"1":0.3393075702,"2":0.2473087246,"3":0.1201694483,"4":0.0437935307,"5":0.0127677932,"6":0.0031019906,"7":0.0006459789,"8":0.0001177075,"9":0.000019065}}