{"matsumoto-yamaga":{"0":0.262032768,"1":0.3509367429,"2":0.2350022832,"3":0.1049117336,"4":0.0351266965,"5":0.0094089366,"6":0.0021002091,"7":0.0004018257,"8":0.0000672699,"9":0.0000100104},"vissel-kobe":{"0":0.1825592918,"1":0.3104749861,"2":0.2640093419,"3":0.1496651598,"4":0.0636331462,"5":0.0216439273,"6":0.0061349,"7":0.0014905005,"8":0.0003168581,"9":0.0000598749}}