{"nagoya-grampus-eight":{"0":0.417902502,"1":0.3646229095,"2":0.1590680428,"3":0.0462626668,"4":0.0100911266,"5":0.001760916,"6":0.0002560686,"7":0.0000319174,"8":0.000003481,"9":0.0000003375},"vissel-kobe":{"0":0.4742497392,"1":0.3538003691,"2":0.1319712915,"3":0.0328177946,"4":0.0061206928,"5":0.0009132333,"6":0.0001135486,"7":0.0000121014,"8":0.0000011285,"9":0.0000000935}}