{"kashiwa-reysol":{"0":0.2258238519,"1":0.3360258916,"2":0.2500032634,"3":0.1240016186,"4":0.0461286021,"5":0.013727872,"6":0.0034045123,"7":0.000723702,"8":0.0001346086,"9":0.0000222553},"shonan-bellmare":{"0":0.3069862315,"1":0.362536121,"2":0.2140689476,"3":0.0842684111,"4":0.0248792452,"5":0.0058762408,"6":0.0011565934,"7":0.000195126,"8":0.0000288043,"9":0.0000037796}}