{"ventforet-kofu":{"0":0.5852511043,"1":0.3135273773,"2":0.0839805475,"3":0.0149965263,"4":0.0020084633,"5":0.0002151925,"6":0.0000192136,"7":0.0000014704,"8":0.0000000985,"9":0.0000000059},"montedio-yamagata":{"0":0.4595746741,"1":0.3572980946,"2":0.1388913876,"3":0.0359938808,"4":0.0069958952,"5":0.0010877971,"6":0.000140952,"7":0.0000156548,"8":0.0000015214,"9":0.0000001314}}