{"gamba-osaka":{"0":0.3173460863,"1":0.3642378884,"2":0.2090292666,"3":0.0799719738,"4":0.0229472051,"5":0.0052675876,"6":0.0010076564,"7":0.0001652214,"8":0.0000237044,"9":0.000003023},"kashiwa-reysol":{"0":0.5238490419,"1":0.3386955012,"2":0.1094920801,"3":0.0235974311,"4":0.0038142399,"5":0.0004932207,"6":0.0000531488,"7":0.0000049091,"8":0.0000003967,"9":0.0000000285}}