{"urawa-red-diamonds":{"0":0.6003730412,"1":0.3063127761,"2":0.0781410143,"3":0.0132892881,"4":0.0016950623,"5":0.0001729655,"6":0.000014708,"7":0.000001072,"8":0.0000000684,"9":0.0000000039},"fc-tokyo":{"0":0.3530192046,"1":0.3675751818,"2":0.1913656715,"3":0.0664187392,"4":0.0172893428,"5":0.0036004462,"6":0.0006248171,"7":0.00009294,"8":0.0000120965,"9":0.0000013995}}