{"shonan-bellmare":{"0":0.3235271566,"1":0.3650914094,"2":0.205997757,"3":0.0774875822,"4":0.021860646,"5":0.0049338264,"6":0.0009279477,"7":0.0001495947,"8":0.0000211017,"9":0.0000026459},"yokohama-fa-marinos":{"0":0.2572366963,"1":0.349265342,"2":0.2371090145,"3":0.1073122695,"4":0.0364260397,"5":0.0098915539,"6":0.0022383904,"7":0.0004341706,"8":0.0000736874,"9":0.0000111166}}