{"albirex-niigata":{"0":0.3461244834,"1":0.3672231209,"2":0.1948039318,"3":0.0688928514,"4":0.0182730846,"5":0.0038773906,"6":0.000685624,"7":0.0001039168,"8":0.0000137814,"9":0.0000016246},"kawasaki-frontale":{"0":0.1290682696,"1":0.2642561554,"2":0.2705208487,"3":0.1846227057,"4":0.0944997685,"5":0.0386960259,"6":0.0132044629,"7":0.0038621428,"8":0.0009884255,"9":0.0002248573}}