{"nagoya-grampus-eight":{"0":0.1072982588,"1":0.2395050419,"2":0.2673047343,"3":0.1988874511,"4":0.1109863008,"5":0.0495474557,"6":0.0184328332,"7":0.0058778167,"8":0.0016400158,"9":0.00040675},"sagan-tosu":{"0":0.2967777838,"1":0.3605172301,"2":0.2189730503,"3":0.0886674159,"4":0.0269276652,"5":0.0065421927,"6":0.001324545,"7":0.00022986,"8":0.0000349034,"9":0.0000047111}}