{"kashima-antlers":{"0":0.1459939911,"1":0.2809201507,"2":0.2702718464,"3":0.1733514447,"4":0.0833902711,"5":0.032091742,"6":0.0102917672,"7":0.0028290448,"8":0.0006804524,"9":0.00014548},"urawa-red-diamonds":{"0":0.1063117663,"1":0.2382849934,"2":0.2670435271,"3":0.1995152789,"4":0.1117973545,"5":0.0501160555,"6":0.018721515,"7":0.0059945738,"8":0.0016795142,"9":0.0004182698}}