{"gamba-osaka":{"0":0.1097202397,"1":0.2424621368,"2":0.2678990127,"3":0.1973363263,"4":0.1090195106,"5":0.0481827301,"6":0.0177458716,"7":0.0056021725,"8":0.0015474751,"9":0.0003799604},"kawasaki-frontale":{"0":0.2628297525,"1":0.3512059375,"2":0.2346492537,"3":0.1045165934,"4":0.0349150427,"5":0.0093310367,"6":0.0020780977,"7":0.0003966937,"8":0.0000662602,"9":0.0000098378}}