{"montedio-yamagata":{"0":0.4733769621,"1":0.3540212323,"2":0.1323797343,"3":0.033000646,"4":0.0061699926,"5":0.0009228621,"6":0.0001150291,"7":0.0000122894,"8":0.0000011489,"9":0.0000000955},"vegalta-sendai":{"0":0.2855564204,"1":0.3578923306,"2":0.2242760294,"3":0.0936962192,"4":0.0293577345,"5":0.0073589016,"6":0.0015371711,"7":0.0002752229,"8":0.0000431177,"9":0.0000060044}}