{"shimizu-s-pulse":{"0":0.2811979017,"1":0.3567548165,"2":0.226306808,"3":0.0957048912,"4":0.0303551171,"5":0.0077022866,"6":0.0016286441,"7":0.0002951793,"8":0.0000468116,"9":0.0000065989},"sanfrecce-hiroshima":{"0":0.0203590292,"1":0.079282758,"2":0.1543726779,"3":0.2003876107,"4":0.1950888998,"5":0.1519442393,"6":0.0986176553,"7":0.054862844,"8":0.0267060719,"9":0.0115555119}}