{"fc-tokyo":{"0":0.121921595,"1":0.2565690132,"2":0.2699589785,"3":0.1893651645,"4":0.0996239291,"5":0.0419292631,"6":0.0147058302,"7":0.0044209446,"8":0.0011629168,"9":0.0002719128},"matsumoto-yamaga":{"0":0.723774165,"1":0.2339787171,"2":0.0378198357,"3":0.0040754133,"4":0.0003293707,"5":0.0000212955,"6":0.0000011474,"7":0.000000053,"8":0.0000000021,"9":0.0000000001}}