{"sagan-tosu":{"0":0.4349853094,"1":0.3621004846,"2":0.1507140105,"3":0.0418202753,"4":0.0087032491,"5":0.0014489918,"6":0.0002010339,"7":0.000023907,"8":0.0000024877,"9":0.0000002301},"ventforet-kofu":{"0":0.2744178187,"1":0.3548506276,"2":0.2294292851,"3":0.0988919332,"4":0.031969375,"5":0.0082679418,"6":0.001781884,"7":0.0003291658,"8":0.0000532057,"9":0.0000076445}}