{"kashima-antlers":{"0":0.3604477886,"1":0.3678038659,"2":0.1876550336,"3":0.0638282427,"4":0.016282715,"5":0.0033230031,"6":0.0005651366,"7":0.0000823814,"8":0.0000105078,"9":0.0000011914},"sanfrecce-hiroshima":{"0":0.2866539948,"1":0.3581682567,"2":0.2237619263,"3":0.0931953046,"4":0.0291114029,"5":0.0072748196,"6":0.0015149562,"7":0.0002704152,"8":0.0000422348,"9":0.0000058635}}