{"albirex-niigata":{"0":0.4019376374,"1":0.3663494091,"2":0.1669561109,"3":0.0507245129,"4":0.01155832,"5":0.0021069854,"6":0.0003200716,"7":0.000041676,"8":0.0000047482,"9":0.0000004809},"vegalta-sendai":{"0":0.6852791885,"1":0.2589868437,"2":0.0489393129,"3":0.0061651944,"4":0.0005825014,"5":0.0000440288,"6":0.0000027733,"7":0.0000001497,"8":0.0000000071,"9":0.0000000003}}