{"kashiwa-reysol":{"0":0.1844101189,"1":0.3117624736,"2":0.2635317425,"3":0.1485083147,"4":0.0627667829,"5":0.0212226179,"6":0.0059798019,"7":0.0014442017,"8":0.0003051947,"9":0.0000573289},"nagoya-grampus-eight":{"0":0.3306356639,"1":0.3659271272,"2":0.2024927692,"3":0.0747021625,"4":0.0206689347,"5":0.00457502,"6":0.0008438916,"7":0.0001334239,"8":0.0000184582,"9":0.0000022698}}