{"fc-tokyo":{"0":0.3795571882,"1":0.3676960261,"2":0.1781027626,"3":0.0575123504,"4":0.0139287724,"5":0.0026986996,"6":0.0004357275,"7":0.0000603016,"8":0.0000073021,"9":0.000000786},"nagoya-grampus-eight":{"0":0.5429613718,"1":0.3315957944,"2":0.101255611,"3":0.0206128444,"4":0.0031471541,"5":0.0003844042,"6":0.000039127,"7":0.0000034136,"8":0.0000002606,"9":0.0000000177}}