{"sanfrecce-hiroshima":{"0":0.2190692592,"1":0.3326276099,"2":0.2525254508,"3":0.1278087996,"4":0.048515177,"5":0.0147327721,"6":0.0037282934,"7":0.0008087027,"8":0.0001534885,"9":0.0000258947},"albirex-niigata":{"0":0.8062420633,"1":0.1736413649,"2":0.0186986793,"3":0.001342386,"4":0.0000722778,"5":0.0000031133,"6":0.0000001118,"7":0.0000000034,"8":0.0000000001,"9":0.0}}