{"vegalta-sendai":{"0":0.2440616683,"1":0.3442085535,"2":0.2427245727,"3":0.1141076005,"4":0.0402324671,"5":0.011348246,"6":0.0026674702,"7":0.0005374321,"8":0.0000947449,"9":0.0000148469},"yokohama-fa-marinos":{"0":0.1449820602,"1":0.2799814194,"2":0.2703423964,"3":0.1740234797,"4":0.0840161548,"5":0.0324494799,"6":0.0104441099,"7":0.0028812991,"8":0.0006955259,"9":0.0001492402}}