{"ventforet-kofu":{"0":0.5076082152,"1":0.3441813944,"2":0.1166852986,"3":0.0263726417,"4":0.0044704618,"5":0.0006062352,"6":0.0000685092,"7":0.000006636,"8":0.0000005624,"9":0.0000000424},"albirex-niigata":{"0":0.2507189273,"1":0.3468502751,"2":0.2399202857,"3":0.1106370628,"4":0.0382644582,"5":0.0105871846,"6":0.0024410921,"7":0.0004824375,"8":0.0000834269,"9":0.0000128238}}