{"vegalta-sendai":{"0":0.0580216666,"1":0.1651841326,"2":0.235134556,"3":0.223137895,"4":0.1588149814,"5":0.0904273057,"6":0.0429068338,"7":0.017450447,"8":0.0062100443,"9":0.0019644018},"ventforet-kofu":{"0":0.6049963052,"1":0.3040305647,"2":0.076392685,"3":0.0127966132,"4":0.0016076799,"5":0.0001615824,"6":0.0000135334,"7":0.0000009716,"8":0.000000061,"9":0.0000000034}}