{"matsumoto-yamaga":{"0":0.2507716457,"1":0.346870483,"2":0.2398977996,"3":0.1106098809,"4":0.0382492434,"5":0.0105813666,"6":0.0024393798,"7":0.0004820258,"8":0.000083343,"9":0.000012809},"shimizu-s-pulse":{"0":0.3938863387,"1":0.3669811019,"2":0.1709568421,"3":0.0530930915,"4":0.012366614,"5":0.0023043773,"6":0.0003578287,"7":0.0000476266,"8":0.0000055467,"9":0.0000005742}}