{"vissel-kobe":{"0":0.3274189646,"1":0.365568084,"2":0.2040810682,"3":0.0759531703,"4":0.0212007076,"5":0.0047341803,"6":0.0008809636,"7":0.0001405155,"8":0.000019611,"9":0.0000024329},"kashima-antlers":{"0":0.144879764,"1":0.2798861306,"2":0.2703491639,"3":0.1740914427,"4":0.084079686,"5":0.0324858867,"6":0.0104596493,"7":0.0028866407,"8":0.00069707,"9":0.0001496262}}