{"kashiwa-reysol":{"0":0.5512399008,"1":0.3283103116,"2":0.0977683768,"3":0.0194097985,"4":0.0028900471,"5":0.0003442538,"6":0.0000341721,"7":0.0000029075,"8":0.0000002165,"9":0.0000000143},"gamba-osaka":{"0":0.1634251123,"1":0.2960283174,"2":0.2681129096,"3":0.1618866126,"4":0.0733103696,"5":0.0265588869,"6":0.0080181298,"7":0.0020748634,"8":0.0004698011,"9":0.0000945553}}