{"sanfrecce-hiroshima":{"0":0.1929372889,"1":0.3174570994,"2":0.2611703797,"3":0.1432423832,"4":0.0589223988,"5":0.019390066,"6":0.0053173703,"7":0.0012498783,"8":0.0002570672,"9":0.0000469973},"fc-tokyo":{"0":0.4672538802,"1":0.3555253137,"2":0.1352564998,"3":0.0343047692,"4":0.0065254749,"5":0.000993024,"6":0.0001259291,"7":0.0000136882,"8":0.0000013019,"9":0.0000001101}}