{"montedio-yamagata":{"0":0.3127034443,"1":0.363517754,"2":0.2112946945,"3":0.0818766941,"4":0.0237954142,"5":0.0055324338,"6":0.0010719091,"7":0.0001780135,"8":0.0000258676,"9":0.0000033412},"vissel-kobe":{"0":0.5771544388,"1":0.3172302766,"2":0.0871820796,"3":0.015973076,"4":0.0021948819,"5":0.0002412813,"6":0.0000221032,"7":0.0000017356,"8":0.0000001192,"9":0.0000000073}}