{"kawasaki-frontale":{"0":0.1712323748,"1":0.3021795472,"2":0.2666332194,"3":0.1568455451,"4":0.0691976559,"5":0.0244230874,"6":0.0071833744,"7":0.0018109633,"8":0.0003994835,"9":0.0000783313},"gamba-osaka":{"0":0.2279106241,"1":0.3370346244,"2":0.2492036922,"3":0.1228409501,"4":0.0454143523,"5":0.0134317645,"6":0.0033104861,"7":0.0006993646,"8":0.0001292777,"9":0.0000212418}}