{"shonan-bellmare":{"0":0.2958634813,"1":0.360319454,"2":0.2194088104,"3":0.089069529,"4":0.0271184905,"5":0.0066052895,"6":0.0013407165,"7":0.0002332573,"8":0.0000355093,"9":0.000004805},"shimizu-s-pulse":{"0":0.3897502069,"1":0.3672418363,"2":0.1730166706,"3":0.0543416088,"4":0.0128008349,"5":0.0024123154,"6":0.0003788337,"7":0.0000509937,"8":0.0000060061,"9":0.0000006288}}