{"kawasaki-frontale":{"0":0.149874173,"1":0.284455063,"2":0.2699420496,"3":0.170779664,"4":0.0810332079,"5":0.0307595442,"6":0.0097300599,"7":0.0026381795,"8":0.0006258946,"9":0.0001319914},"sagan-tosu":{"0":0.1661672517,"1":0.2982304127,"2":0.2676260759,"3":0.1601082328,"4":0.0718389813,"5":0.0257867526,"6":0.0077135073,"7":0.0019776997,"8":0.0004436872,"9":0.0000884791}}