{"matsumoto-yamaga":{"0":0.3558189185,"1":0.3676795492,"2":0.1899677671,"3":0.065433342,"4":0.0169036133,"5":0.0034934134,"6":0.0006016434,"7":0.000088814,"8":0.0000114718,"9":0.0000013171},"yokohama-fa-marinos":{"0":0.3584361535,"1":0.3677571883,"2":0.188660307,"3":0.0645221223,"4":0.0165500006,"5":0.0033960758,"6":0.0005807316,"7":0.0000851191,"8":0.0000109166,"9":0.0000012445}}