{"urawa-red-diamonds":{"0":0.2122479738,"1":0.3289843594,"2":0.2549628786,"3":0.1317308206,"4":0.051045693,"5":0.0158241648,"6":0.0040879092,"7":0.0009051799,"8":0.0001753786,"9":0.0000302041},"kashima-antlers":{"0":0.2846962888,"1":0.3576731491,"2":0.2246781686,"3":0.0940901483,"4":0.0295521236,"5":0.0074254576,"6":0.0015548071,"7":0.0002790506,"8":0.0000438225,"9":0.0000061173}}