{"urawa-red-diamonds":{"0":0.0529611552,"1":0.1556102837,"2":0.2286067998,"3":0.2238972372,"4":0.1644635228,"5":0.0966452312,"6":0.0473271142,"7":0.0198651949,"8":0.0072959809,"9":0.0023818918},"sagan-tosu":{"0":0.4109255539,"1":0.3654538532,"2":0.1625069524,"3":0.0481748185,"4":0.010710987,"5":0.0019051487,"6":0.0002823885,"7":0.0000358772,"8":0.0000039884,"9":0.0000003941}}