{"shonan-bellmare":{"0":0.2131107238,"1":0.3294571208,"2":0.2546610338,"3":0.1312305164,"4":0.0507187383,"5":0.0156816599,"6":0.0040404932,"7":0.0008923391,"8":0.0001724382,"9":0.00002962},"montedio-yamagata":{"0":0.5527245645,"1":0.3277078941,"2":0.097148264,"3":0.0191995888,"4":0.0028458373,"5":0.0003374568,"6":0.0000333461,"7":0.0000028244,"8":0.0000002093,"9":0.0000000138}}