{"yokohama-fa-marinos":{"0":0.2905550122,"1":0.3591150556,"2":0.221926344,"3":0.0914308686,"4":0.0282512778,"5":0.0069835031,"6":0.0014385578,"7":0.0002540005,"8":0.0000392419,"9":0.0000053891},"vissel-kobe":{"0":0.5023571409,"1":0.3458447475,"2":0.1190473666,"3":0.0273191475,"4":0.0047019256,"5":0.0006474025,"6":0.0000742834,"7":0.0000073057,"8":0.0000006287,"9":0.0000000481}}