{"yokohama-fa-marinos":{"0":0.5317946384,"1":0.3358271879,"2":0.106037079,"3":0.0223207303,"4":0.0035238735,"5":0.0004450637,"6":0.0000468428,"7":0.0000042259,"8":0.0000003336,"9":0.0000000234},"gamba-osaka":{"0":0.4280481073,"1":0.3632072471,"2":0.1540942503,"3":0.0435840018,"4":0.0092454709,"5":0.0015689928,"6":0.0002218869,"7":0.0000268965,"8":0.0000028528,"9":0.000000269}}