{"sagan-tosu":{"0":0.3385718775,"1":0.3666797315,"2":0.1985605338,"3":0.0716816015,"4":0.0194081317,"5":0.0042038746,"6":0.0007588126,"7":0.0001174012,"8":0.0000158935,"9":0.0000019125},"urawa-red-diamonds":{"0":0.3150797248,"1":0.3638948935,"2":0.2101364878,"3":0.080897615,"4":0.0233577621,"5":0.0053953141,"6":0.0010385346,"7":0.0001713478,"8":0.0000247368,"9":0.0000031744}}