{"nagoya-grampus-eight":{"0":0.1096740397,"1":0.2424062334,"2":0.2678882902,"3":0.1973660359,"4":0.1090567045,"5":0.0482083545,"6":0.017758693,"7":0.0056072885,"8":0.0015491835,"9":0.0003804524},"montedio-yamagata":{"0":0.5613196281,"1":0.3241423204,"2":0.0935903883,"3":0.0180150513,"4":0.0026007644,"5":0.00030037,"6":0.0000289088,"7":0.0000023848,"8":0.0000001721,"9":0.000000011}}