{"montedio-yamagata":{"0":0.5489185232,"1":0.3292442164,"2":0.0987412061,"3":0.0197418315,"4":0.0029603136,"5":0.0003551223,"6":0.0000355007,"7":0.0000030419,"8":0.0000002281,"9":0.0000000152},"ventforet-kofu":{"0":0.278443862,"1":0.3560012847,"2":0.2275807299,"3":0.0969902654,"4":0.0310014547,"5":0.0079273126,"6":0.0016892295,"7":0.0003085351,"8":0.0000493093,"9":0.0000070049}}