{"shimizu-s-pulse":{"0":0.2583914407,"1":0.3496758738,"2":0.2366046188,"3":0.1067307371,"4":0.0361091332,"5":0.0097731509,"6":0.002204301,"7":0.000426148,"8":0.0000720872,"9":0.0000108393},"vegalta-sendai":{"0":0.1378298728,"1":0.2731423051,"2":0.2706478548,"3":0.1787841233,"4":0.0885756958,"5":0.0351067141,"6":0.0115953683,"7":0.003282707,"8":0.000813182,"9":0.0001790568}}