{"kashima-antlers":{"0":0.413087008,"1":0.365208999,"2":0.1614400966,"3":0.0475762369,"4":0.0105155025,"5":0.0018593449,"6":0.0002739736,"7":0.0000346027,"8":0.000003824,"9":0.0000003756},"matsumoto-yamaga":{"0":0.3565834009,"1":0.3677042112,"2":0.1895859238,"3":0.0651661878,"4":0.0167996334,"5":0.0034647131,"6":0.0005954613,"7":0.0000877189,"8":0.0000113068,"9":0.0000012955}}