{"sagan-tosu":{"0":0.3211025274,"1":0.3647708036,"2":0.2071888693,"3":0.0784551599,"4":0.0222811635,"5":0.0050622572,"6":0.0009584497,"7":0.000155542,"8":0.0000220869,"9":0.0000027878},"nagoya-grampus-eight":{"0":0.2124605518,"1":0.3291011709,"2":0.2548886835,"3":0.131607434,"4":0.0509649442,"5":0.015788929,"6":0.0040761724,"7":0.0009019981,"8":0.0001746493,"9":0.0000300591}}