{"albirex-niigata":{"0":0.3043136459,"1":0.3620408428,"2":0.2153593399,"3":0.0854040757,"4":0.0254012299,"5":0.0060439503,"6":0.001198411,"7":0.0002036779,"8":0.0000302894,"9":0.0000040039},"matsumoto-yamaga":{"0":0.5542747167,"1":0.3270746484,"2":0.0965025306,"3":0.0189818817,"4":0.0028002776,"5":0.0003304859,"6":0.000032503,"7":0.00000274,"8":0.0000002021,"9":0.0000000133}}