{"shimizu-s-pulse":{"0":0.2492508797,"1":0.3462830858,"2":0.2405447389,"3":0.111395895,"4":0.0386904495,"5":0.0107504922,"6":0.0024892681,"7":0.0004940469,"8":0.0000857971,"9":0.0000132442},"kawasaki-frontale":{"0":0.0969626771,"1":0.2262555369,"2":0.2639756322,"3":0.2053228114,"4":0.1197765581,"5":0.0558980223,"6":0.0217390124,"7":0.007246635,"8":0.0021136887,"9":0.0005480159}}