{"sanfrecce-hiroshima":{"0":0.0836584652,"1":0.2075577113,"2":0.2574766545,"3":0.2129342796,"4":0.1320731608,"5":0.0655350367,"6":0.027098876,"7":0.0096046649,"8":0.0029786619,"9":0.000821122},"kawasaki-frontale":{"0":0.3211225155,"1":0.3647735212,"2":0.20717906,"3":0.0784471467,"4":0.0222776671,"5":0.0050611855,"6":0.0009581942,"7":0.000155492,"8":0.0000220786,"9":0.0000027866}}