{"vissel-kobe":{"0":0.4613561818,"1":0.3568981784,"2":0.1380455218,"3":0.035596644,"4":0.0068842566,"5":0.0010651114,"6":0.0001373257,"7":0.0000151762,"8":0.0000014675,"9":0.0000001261},"vegalta-sendai":{"0":0.3953165627,"1":0.366880814,"2":0.1702452469,"3":0.0526664119,"4":0.0122195083,"5":0.0022681079,"6":0.0003508266,"7":0.000046513,"8":0.0000053959,"9":0.0000005564}}