{"kashima-antlers":{"0":0.2129697178,"1":0.3293800929,"2":0.2547104976,"3":0.1313122013,"4":0.0507720364,"5":0.0157048601,"6":0.0040482033,"7":0.0008944247,"8":0.0001729152,"9":0.0000297146},"kashiwa-reysol":{"0":0.2985552318,"1":0.3608936634,"2":0.2181241901,"3":0.0878895311,"4":0.0265602236,"5":0.0064212014,"6":0.0012936584,"7":0.0002233964,"8":0.0000337552,"9":0.0000045337}}