{"albirex-niigata":{"0":0.3698679739,"1":0.3678740764,"2":0.1829454639,"3":0.0606530783,"4":0.0150815269,"5":0.003000045,"6":0.000497312,"7":0.0000706616,"8":0.0000087851,"9":0.0000009709},"ventforet-kofu":{"0":0.600232844,"1":0.3063814278,"2":0.0781943043,"3":0.0133044383,"4":0.0016977715,"5":0.0001733213,"6":0.000014745,"7":0.0000010752,"8":0.0000000686,"9":0.0000000039}}