{"fc-tokyo":{"0":0.2069566077,"1":0.3260075959,"2":0.2567711022,"3":0.1348258952,"4":0.0530959925,"5":0.0167278514,"6":0.0043917472,"7":0.0009882975,"8":0.0001946015,"9":0.0000340606},"shonan-bellmare":{"0":0.5565507286,"1":0.3261370328,"2":0.0955576542,"3":0.0186654982,"4":0.0027344813,"5":0.0003204795,"6":0.0000313,"7":0.0000026202,"8":0.0000001919,"9":0.0000000125}}