{"gamba-osaka":{"0":0.2039227436,"1":0.3242400304,"2":0.2577731044,"3":0.1366209538,"4":0.0543073095,"5":0.0172698772,"6":0.0045765579,"7":0.0010395416,"8":0.0002066107,"9":0.0000365016},"urawa-red-diamonds":{"0":0.3164199691,"1":0.3640996905,"2":0.2094820137,"3":0.0803492655,"4":0.0231141723,"5":0.0053194259,"6":0.0010201639,"7":0.0001676982,"8":0.000024121,"9":0.000003084}}