{"fc-tokyo":{"0":0.491430321,"1":0.3491293578,"2":0.1240168782,"3":0.0293686485,"4":0.0052161298,"5":0.0007411444,"6":0.0000877558,"7":0.0000089064,"8":0.0000007909,"9":0.0000000624},"kashiwa-reysol":{"0":0.2518694212,"1":0.347288765,"2":0.239428601,"3":0.1100449362,"4":0.0379337136,"5":0.0104609384,"6":0.0024040012,"7":0.0004735348,"8":0.0000816164,"9":0.000012504}}