{"shonan-bellmare":{"0":0.2754612879,"1":0.3551544907,"2":0.2289517943,"3":0.0983964734,"4":0.0317158444,"5":0.0081782995,"6":0.0017573914,"7":0.0003236884,"8":0.0000521668,"9":0.0000074732},"sanfrecce-hiroshima":{"0":0.188148612,"1":0.31430661,"2":0.2625282323,"3":0.1461864956,"4":0.0610519809,"5":0.0203977493,"6":0.005679152,"7":0.0013553078,"8":0.0002830091,"9":0.0000525304}}