{"urawa-red-diamonds":{"0":0.0931423442,"1":0.2210851246,"2":0.2623867413,"3":0.2076026964,"4":0.1231928089,"5":0.05848274,"6":0.023136029,"7":0.0078451841,"8":0.002327692,"9":0.0006138968},"shimizu-s-pulse":{"0":0.764213894,"1":0.2055028959,"2":0.0276306415,"3":0.0024766962,"4":0.0001665006,"5":0.0000089547,"6":0.0000004013,"7":0.0000000154,"8":0.0000000005,"9":0.0}}