{"vissel-kobe":{"0":0.2856613921,"1":0.3579189023,"2":0.2242269066,"3":0.0936482265,"4":0.0293340922,"5":0.0073508191,"6":0.0015350325,"7":0.0002747594,"8":0.0000430324,"9":0.0000059908},"montedio-yamagata":{"0":0.4139671562,"1":0.3651060502,"2":0.1610060435,"3":0.0473340938,"4":0.0104367966,"5":0.0018409855,"6":0.0002706152,"7":0.0000340963,"8":0.000003759,"9":0.0000003684}}