{"kawasaki-frontale":{"0":0.1369463986,"1":0.2722721299,"2":0.2706610522,"3":0.179373005,"4":0.0891558131,"5":0.0354513056,"6":0.0117471782,"7":0.0033364766,"8":0.0008291835,"9":0.0001831727},"shonan-bellmare":{"0":0.3401286425,"1":0.3668053988,"2":0.1977872248,"3":0.0710999828,"4":0.019169113,"5":0.0041345146,"6":0.0007431317,"7":0.0001144881,"8":0.0000154334,"9":0.0000018493}}