{"montedio-yamagata":{"0":0.4013452616,"1":0.3664014223,"2":0.1672500152,"3":0.0508960317,"4":0.0116161695,"5":0.0021209574,"6":0.0003227154,"7":0.0000420882,"8":0.000004803,"9":0.0000004872},"kashima-antlers":{"0":0.5460514828,"1":0.3303840904,"2":0.0999481282,"3":0.0201576057,"4":0.0030490496,"5":0.0003689606,"6":0.0000372061,"7":0.0000032159,"8":0.0000002432,"9":0.0000000164}}