{"matsumoto-yamaga":{"0":0.1446960496,"1":0.2797148197,"2":0.2703611486,"3":0.1742135096,"4":0.0841939026,"5":0.0325513825,"6":0.0104876211,"7":0.0028962614,"8":0.0006998526,"9":0.0001503221},"sagan-tosu":{"0":0.2420487258,"1":0.3433742501,"2":0.2435581415,"3":0.1151718439,"4":0.0408461617,"5":0.0115890056,"6":0.0027400586,"7":0.0005552988,"8":0.0000984695,"9":0.0000155212}}