{"shonan-bellmare":{"0":0.3555435968,"1":0.3676702652,"2":0.1901052714,"3":0.0655297561,"4":0.0169412015,"5":0.0035038044,"6":0.000603885,"7":0.0000892117,"8":0.0000115318,"9":0.000001325},"kashima-antlers":{"0":0.2375725496,"1":0.3414588039,"2":0.2453863356,"3":0.1175631399,"4":0.042242853,"5":0.0121429804,"6":0.002908815,"7":0.0005972554,"8":0.0001073031,"9":0.0000171361}}