{"shimizu-s-pulse":{"0":0.2388687555,"1":0.342022082,"2":0.2448606231,"3":0.1168671613,"4":0.0418337988,"5":0.0119798698,"6":0.0028588782,"7":0.0005847799,"8":0.000104664,"9":0.0000166514},"kashiwa-reysol":{"0":0.1078874859,"1":0.240229439,"2":0.2674554091,"3":0.1985113236,"4":0.1105046232,"5":0.0492113861,"6":0.0182628899,"7":0.0058093376,"8":0.0016169321,"9":0.0004000409}}