{"ventforet-kofu":{"0":0.6816392521,"1":0.2612414586,"2":0.0500610106,"3":0.0063953728,"4":0.0006127642,"5":0.000046969,"6":0.0000030002,"7":0.0000001643,"8":0.0000000079,"9":0.0000000003},"sanfrecce-hiroshima":{"0":0.1658613986,"1":0.2979870511,"2":0.2676821833,"3":0.1603061856,"4":0.072001635,"5":0.0258716676,"6":0.0077468517,"7":0.0019882879,"8":0.0004465204,"9":0.0000891355}}