{"matsumoto-yamaga":{"0":0.3776469799,"1":0.3677509052,"2":0.1790570764,"3":0.0581216546,"4":0.0141496505,"5":0.002755773,"6":0.0004472599,"7":0.0000622199,"8":0.0000075737,"9":0.0000008195},"fc-tokyo":{"0":0.1574354894,"1":0.2910572073,"2":0.2690444773,"3":0.1657977171,"4":0.076629197,"5":0.0283334846,"6":0.0087302053,"7":0.0023056965,"8":0.000532829,"9":0.0001094513}}