{"kashiwa-reysol":{"0":0.4744675125,"1":0.3537450093,"2":0.1318694413,"3":0.0327722872,"4":0.0061084441,"5":0.0009108449,"6":0.0001131819,"7":0.0000120549,"8":0.0000011235,"9":0.0000000931},"sanfrecce-hiroshima":{"0":0.2042857982,"1":0.3244539148,"2":0.2576545794,"3":0.1364053655,"4":0.054160954,"5":0.0172040677,"6":0.0045540179,"7":0.0010332646,"8":0.0002051334,"9":0.0000362}}