{"kawasaki-frontale":{"0":0.1918688149,"1":0.3167645529,"2":0.2614801734,"3":0.1438963218,"4":0.0593911706,"5":0.0196102922,"6":0.0053959137,"7":0.0012726212,"8":0.0002626282,"9":0.000048176},"yokohama-fa-marinos":{"0":0.1723043255,"1":0.3029959556,"2":0.2664081383,"3":0.1561589515,"4":0.068651107,"5":0.0241444987,"6":0.0070763221,"7":0.0017776662,"8":0.0003907517,"9":0.0000763482}}