{"ventforet-kofu":{"0":0.73296972,"1":0.2276976941,"2":0.0353672454,"3":0.0036622887,"4":0.0002844233,"5":0.0000176713,"6":0.0000009149,"7":0.0000000406,"8":0.0000000016,"9":0.0000000001},"yokohama-fa-marinos":{"0":0.2312970908,"1":0.3386310348,"2":0.2478867706,"3":0.1209730645,"4":0.044277723,"5":0.0129649803,"6":0.0031635682,"7":0.0006616613,"8":0.0001210883,"9":0.0000196977}}