{"fc-tokyo":{"0":0.1488323629,"1":0.2835159307,"2":0.2700396655,"3":0.1714693086,"4":0.0816594585,"5":0.031111187,"6":0.0098774632,"7":0.0026879889,"8":0.0006400554,"9":0.0001354738},"urawa-red-diamonds":{"0":0.2127064141,"1":0.3292360069,"2":0.2548027258,"3":0.131464821,"4":0.0508717061,"5":0.0157482767,"6":0.0040626417,"7":0.0008983327,"8":0.0001738097,"9":0.0000298922}}