{"albirex-niigata":{"0":0.4744675125,"1":0.3537450093,"2":0.1318694413,"3":0.0327722872,"4":0.0061084441,"5":0.0009108449,"6":0.0001131819,"7":0.0000120549,"8":0.0000011235,"9":0.0000000931},"nagoya-grampus-eight":{"0":0.4097709792,"1":0.3655799912,"2":0.163077349,"3":0.0484968587,"4":0.0108167013,"5":0.0019300389,"6":0.0002869829,"7":0.0000365763,"8":0.000004079,"9":0.0000004043}}