{"nagoya-grampus-eight":{"0":0.3075107346,"1":0.3626305833,"2":0.2138152024,"3":0.0840468563,"4":0.0247779647,"5":0.0058438596,"6":0.0011485573,"7":0.0001934901,"8":0.0000285215,"9":0.0000037371},"albirex-niigata":{"0":0.3820714643,"1":0.3676091457,"2":0.1768471302,"3":0.0567176811,"4":0.0136426953,"5":0.0026252573,"6":0.0004209808,"7":0.0000578637,"8":0.0000069592,"9":0.000000744}}