{"gamba-osaka":{"0":0.2148700411,"1":0.3304103665,"2":0.2540396272,"3":0.1302140989,"4":0.0500582677,"5":0.0153951388,"6":0.0039455737,"7":0.0008667421,"8":0.000166601,"9":0.0000284651},"vissel-kobe":{"0":0.4240757698,"1":0.3637904888,"2":0.1560375871,"3":0.0446185911,"4":0.009568938,"5":0.0016417296,"6":0.0002347244,"7":0.0000287652,"8":0.0000030845,"9":0.000000294}}