{"vegalta-sendai":{"0":0.1377879752,"1":0.2731011663,"2":0.2706486068,"3":0.1788120482,"4":0.0886031217,"5":0.0351229719,"6":0.0116025178,"7":0.003285235,"8":0.0008139331,"9":0.0001792497},"gamba-osaka":{"0":0.1348296834,"1":0.270164021,"2":0.2706696197,"3":0.1807841097,"4":0.0905612191,"5":0.03629228,"6":0.0121200664,"7":0.0034693567,"8":0.0008689624,"9":0.0001934641}}