{"vegalta-sendai":{"0":0.076426287,"1":0.196524738,"2":0.2526746631,"3":0.2165782827,"4":0.139228896,"5":0.0716034322,"6":0.0306871852,"7":0.0112728436,"8":0.003623414,"9":0.0010352611},"sagan-tosu":{"0":0.0751525453,"1":0.1945124701,"2":0.2517220202,"3":0.217171939,"4":0.1405230193,"5":0.0727413277,"6":0.0313786119,"7":0.0116021758,"8":0.0037536451,"9":0.0010794796}}