{"sanfrecce-hiroshima":{"0":0.2262201424,"1":0.3362189339,"2":0.2498521358,"3":0.1237806352,"4":0.0459921393,"5":0.0136711328,"6":0.0033864459,"7":0.0007190134,"8":0.0001335789,"9":0.000022059},"montedio-yamagata":{"0":0.7620288828,"1":0.2070972144,"2":0.0281414899,"3":0.0025493453,"4":0.0001732094,"5":0.0000094147,"6":0.0000004264,"7":0.0000000166,"8":0.0000000006,"9":0.0}}