{"urawa-red-diamonds":{"0":0.1083680232,"1":0.2408178294,"2":0.267575366,"3":0.1982039748,"4":0.1101133193,"5":0.048939253,"6":0.0181256493,"7":0.0057541744,"8":0.0015983818,"9":0.0003946622},"kawasaki-frontale":{"0":0.3678794412,"1":0.3678794412,"2":0.1839397206,"3":0.0613132402,"4":0.01532831,"5":0.003065662,"6":0.0005109437,"7":0.000072992,"8":0.000009124,"9":0.0000010138}}