{"kashiwa-reysol":{"0":0.2520846259,"1":0.3473702023,"2":0.2393364073,"3":0.1099344263,"4":0.0378721469,"5":0.0104374912,"6":0.0023971272,"7":0.0004718883,"8":0.0000812822,"9":0.0000124451},"fc-tokyo":{"0":0.4832250812,"1":0.3514364227,"2":0.1277950628,"3":0.0309806213,"4":0.0056328402,"5":0.0008193222,"6":0.0000993118,"7":0.0000103181,"8":0.000000938,"9":0.0000000758}}