{"shimizu-s-pulse":{"0":0.0823403172,"1":0.2055950778,"2":0.2566746002,"3":0.2136297915,"4":0.1333527581,"5":0.0665935512,"6":0.0277128443,"7":0.0098851494,"8":0.0030852718,"9":0.0008559553},"ventforet-kofu":{"0":0.3533229843,"1":0.3675875768,"2":0.1912140345,"3":0.0663112853,"4":0.0172471122,"5":0.0035886848,"6":0.0006222616,"7":0.0000924834,"8":0.0000120272,"9":0.0000013903}}