{"nagoya-grampus-eight":{"0":0.5851511041,"1":0.3135737974,"2":0.0840197735,"3":0.0150083168,"4":0.0020106836,"5":0.0002154991,"6":0.0000192471,"7":0.0000014735,"8":0.0000000987,"9":0.0000000059},"ventforet-kofu":{"0":0.3817600676,"1":0.3676208058,"2":0.1770026102,"3":0.0568156527,"4":0.0136778423,"5":0.0026342511,"6":0.000422781,"7":0.0000581604,"8":0.0000070008,"9":0.0000007491}}