{"shonan-bellmare":{"0":0.1421746912,"1":0.2773399935,"2":0.2705033904,"3":0.1758902092,"4":0.0857772032,"5":0.0334650967,"6":0.0108800538,"7":0.0030319582,"8":0.0007393046,"9":0.0001602401},"albirex-niigata":{"0":0.34297504,"1":0.3670167686,"2":0.1963718824,"3":0.0700456936,"4":0.0187389322,"5":0.0040104973,"6":0.0007152706,"7":0.0001093442,"8":0.0000146261,"9":0.000001739}}