{"yokohama-fa-marinos":{"0":0.2226758743,"1":0.3344676345,"2":0.2511915557,"3":0.1257664243,"4":0.0472264885,"5":0.0141871965,"6":0.0035516181,"7":0.0007620951,"8":0.000143087,"9":0.0000238802},"kashima-antlers":{"0":0.3673799444,"1":0.3678791019,"2":0.1841894688,"3":0.0614799088,"4":0.0153908603,"5":0.0030823544,"6":0.0005144237,"7":0.000073589,"8":0.0000092111,"9":0.0000010248}}