{"vissel-kobe":{"0":0.1096429265,"1":0.2423685744,"2":0.2678810559,"3":0.1973860412,"4":0.1090817596,"5":0.04822562,"6":0.0177673337,"7":0.005610737,"8":0.0015503352,"9":0.0003807841},"matsumoto-yamaga":{"0":0.5737534207,"1":0.3187519004,"2":0.0885421946,"3":0.0163967027,"4":0.0022773198,"5":0.0002530355,"6":0.0000234292,"7":0.0000018595,"8":0.0000001291,"9":0.000000008}}