{"montedio-yamagata":{"0":0.384067178,"1":0.3675284,"2":0.1758509091,"3":0.056092794,"4":0.0134193287,"5":0.0025682926,"6":0.000409616,"7":0.0000559967,"8":0.0000066982,"9":0.0000007122},"shimizu-s-pulse":{"0":0.3404656371,"1":0.3668316629,"2":0.197619751,"3":0.0709745458,"4":0.0191177228,"5":0.004119644,"6":0.0007397789,"7":0.0001138669,"8":0.0000153356,"9":0.0000018359}}