{"gamba-osaka":{"0":0.441562516,"1":0.3609489511,"2":0.1475262738,"3":0.0401977462,"4":0.0082147679,"5":0.0013430089,"6":0.0001829706,"7":0.0000213667,"8":0.0000021832,"9":0.0000001983},"vegalta-sendai":{"0":0.6007536746,"1":0.3061262228,"2":0.0779964137,"3":0.0132482183,"4":0.0016877246,"5":0.0001720029,"6":0.0000146079,"7":0.0000010634,"8":0.0000000677,"9":0.0000000038}}