{"vissel-kobe":{"0":0.4202198612,"1":0.3643210494,"2":0.1579290263,"3":0.0456402897,"4":0.0098922729,"5":0.0017152751,"6":0.0002478507,"7":0.0000306973,"8":0.0000033267,"9":0.0000003205},"urawa-red-diamonds":{"0":0.049186967,"1":0.148157371,"2":0.2231343784,"3":0.2240363314,"4":0.1687064477,"5":0.1016330354,"6":0.0510219281,"7":0.0219549295,"8":0.0082663783,"9":0.0027665976}}