{"kashima-antlers":{"0":0.2762221881,"1":0.3553735754,"2":0.2286028848,"3":0.0980363248,"4":0.0315321513,"5":0.008113536,"6":0.0017397446,"7":0.0003197526,"8":0.0000514222,"9":0.0000073508},"yokohama-fa-marinos":{"0":0.1569462558,"1":0.2906412145,"2":0.2691122356,"3":0.166118664,"4":0.0769067889,"5":0.0284839959,"6":0.0087913568,"7":0.0023257558,"8":0.0005383694,"9":0.0001107756}}