{"gamba-osaka":{"0":0.3283984502,"1":0.3656807449,"2":0.2035978049,"3":0.0755705931,"4":0.0210374857,"5":0.0046851643,"6":0.00086951,"7":0.0001383176,"8":0.0000192526,"9":0.000002382},"sanfrecce-hiroshima":{"0":0.2416503968,"1":0.3432071752,"2":0.2437222671,"3":0.1153832588,"4":0.0409686502,"5":0.0116372536,"6":0.0027546606,"7":0.0005589062,"8":0.0000992242,"9":0.0000156583}}