{"kawasaki-frontale":{"0":0.1537125764,"1":0.2878530546,"2":0.2695270061,"3":0.1682451187,"4":0.0787669306,"5":0.0295009063,"6":0.009207581,"7":0.0024632526,"8":0.0005766077,"9":0.0001199774},"matsumoto-yamaga":{"0":0.34297504,"1":0.3670167686,"2":0.1963718824,"3":0.0700456936,"4":0.0187389322,"5":0.0040104973,"6":0.0007152706,"7":0.0001093442,"8":0.0000146261,"9":0.000001739}}