{"sagan-tosu":{"0":0.5704079292,"1":0.3202290129,"2":0.0898888457,"3":0.0168213045,"4":0.0023608848,"5":0.0002650818,"6":0.000024803,"7":0.0000019892,"8":0.0000001396,"9":0.0000000087},"vegalta-sendai":{"0":0.2153795334,"1":0.3306837281,"2":0.2538582155,"3":0.1299207029,"4":0.0498685526,"5":0.0153131717,"6":0.0039185221,"7":0.0008594738,"8":0.0001649495,"9":0.0000281395}}