{"albirex-niigata":{"0":0.4957148653,"1":0.3478700809,"2":0.1220596775,"3":0.0285519713,"4":0.0050091178,"5":0.0007030341,"6":0.0000822262,"7":0.0000082432,"8":0.0000007231,"9":0.0000000564},"shonan-bellmare":{"0":0.2665178523,"1":0.3524203006,"2":0.2330051574,"3":0.1027019978,"4":0.0339510736,"5":0.0089787963,"6":0.0019787981,"7":0.0003737989,"8":0.0000617849,"9":0.0000090777}}