{"nagoya-grampus-eight":{"0":0.1796733306,"1":0.3084299177,"2":0.2647276972,"3":0.1514785038,"4":0.0650075644,"5":0.0223185908,"6":0.0063854043,"7":0.0015658972,"8":0.0003360053,"9":0.000064088},"kashiwa-reysol":{"0":0.2869500257,"1":0.3582419575,"2":0.2236230853,"3":0.0930605386,"4":0.0290452923,"5":0.0072523028,"6":0.0015090195,"7":0.000269133,"8":0.0000419998,"9":0.0000058261}}