{"sagan-tosu":{"0":0.3920619548,"1":0.3671014887,"2":0.1718650603,"3":0.0536411136,"4":0.0125565184,"5":0.0023514226,"6":0.0003669534,"7":0.0000490845,"8":0.0000057449,"9":0.0000005977},"fc-tokyo":{"0":0.1448407126,"1":0.2798497353,"2":0.2703517296,"3":0.1741173887,"4":0.0841039516,"5":0.0324997967,"6":0.0104655882,"7":0.0028886828,"8":0.0006976605,"9":0.0001497738}}