{"gamba-osaka":{"0":0.2642684997,"1":0.3516857838,"2":0.2340099003,"3":0.1038059843,"4":0.0345359823,"5":0.0091920256,"6":0.0020387754,"7":0.0003875973,"8":0.0000644763,"9":0.0000095338},"montedio-yamagata":{"0":0.6972373672,"1":0.2514442729,"2":0.0453390949,"3":0.0054502031,"4":0.0004913758,"5":0.0000354409,"6":0.0000021302,"7":0.0000001097,"8":0.0000000049,"9":0.0000000002}}