{"vegalta-sendai":{"0":0.1206844755,"1":0.2551964689,"2":0.2698161361,"3":0.1901822221,"4":0.1005386801,"5":0.0425193316,"6":0.0149850581,"7":0.0045267201,"8":0.0011965116,"9":0.0002811238},"nagoya-grampus-eight":{"0":0.3554101662,"1":0.3676656892,"2":0.1901719082,"3":0.0655765201,"4":0.0169594448,"5":0.0035088507,"6":0.0006049743,"7":0.0000894051,"8":0.000011561,"9":0.0000013289}}