{"kawasaki-frontale":{"0":0.1343118101,"1":0.2696432136,"2":0.2706666769,"3":0.1811293499,"4":0.0909084241,"5":0.0365013912,"6":0.0122133122,"7":0.0035027627,"8":0.0008790145,"9":0.000196078},"vegalta-sendai":{"0":0.4233737163,"1":0.3638897091,"2":0.1563816025,"3":0.0448033291,"4":0.0096271153,"5":0.0016549011,"6":0.0002370646,"7":0.0000291081,"8":0.0000031273,"9":0.0000002987}}