{"fc-tokyo":{"0":0.3612702163,"1":0.3678197126,"2":0.1872439726,"3":0.0635461778,"4":0.0161745529,"5":0.0032935565,"6":0.0005588776,"7":0.0000812871,"8":0.0000103451,"9":0.0000011703},"shimizu-s-pulse":{"0":0.7013979928,"1":0.2487717019,"2":0.0441171491,"3":0.0052158206,"4":0.0004624866,"5":0.0000328069,"6":0.0000019393,"7":0.0000000983,"8":0.0000000044,"9":0.0000000002}}