{"kashima-antlers":{"0":0.1395784084,"1":0.2748478594,"2":0.2706054134,"3":0.1776189681,"4":0.087438655,"5":0.0344355942,"6":0.0113013532,"7":0.0031791171,"8":0.0007825114,"9":0.0001712073},"kawasaki-frontale":{"0":0.156008219,"1":0.2898393373,"2":0.2692385118,"3":0.1667346167,"4":0.0774418346,"5":0.0287750096,"6":0.0089099256,"7":0.0023647535,"8":0.0005491687,"9":0.0001133635}}