{"urawa-red-diamonds":{"0":0.0774304136,"1":0.1980960836,"2":0.2534020968,"3":0.2160992501,"4":0.138215764,"5":0.0707215686,"6":0.0301553897,"7":0.0110212592,"8":0.0035245651,"9":0.0010019068},"albirex-niigata":{"0":0.5661107677,"1":0.3220975058,"2":0.091631187,"3":0.0173783286,"4":0.0024719174,"5":0.0002812872,"6":0.0000266738,"7":0.0000021681,"8":0.0000001542,"9":0.0000000097}}