{"matsumoto-yamaga":{"0":0.3088917701,"1":0.3628750309,"2":0.2131463198,"3":0.083465564,"4":0.0245130917,"5":0.0057594211,"6":0.0011276604,"7":0.0001892479,"8":0.0000277902,"9":0.0000036274},"shonan-bellmare":{"0":0.3450591564,"1":0.3671565408,"2":0.1953345143,"3":0.069281207,"4":0.0184294836,"5":0.0039219394,"6":0.0006955163,"7":0.0001057224,"8":0.0000140616,"9":0.0000016625}}