{"urawa-red-diamonds":{"0":0.2349510839,"1":0.3402979669,"2":0.2464400342,"3":0.1189794363,"4":0.0430817977,"5":0.0124797451,"6":0.0030125646,"7":0.0006233332,"8":0.0001128527,"9":0.0000181615},"vissel-kobe":{"0":0.5162553115,"1":0.3413241848,"2":0.1128338988,"3":0.0248668554,"4":0.0041102043,"5":0.0005434955,"6":0.000059889,"7":0.0000056566,"8":0.0000004675,"9":0.0000000343}}