{"fc-tokyo":{"0":0.0535180004,"1":0.1566866419,"2":0.2293686572,"3":0.2238437188,"4":0.1638388971,"5":0.0959354476,"6":0.0468122969,"7":0.0195791577,"8":0.0071653286,"9":0.002330911},"sagan-tosu":{"0":0.3234740568,"1":0.3650845832,"2":0.2060238682,"3":0.0775086765,"4":0.0218697777,"5":0.0049366053,"6":0.0009286054,"7":0.0001497225,"8":0.0000211228,"9":0.0000026489}}