{"vissel-kobe":{"0":0.5844785957,"1":0.313885532,"2":0.0842837769,"3":0.0150877827,"4":0.0020256673,"5":0.0002175709,"6":0.0000194739,"7":0.000001494,"8":0.0000001003,"9":0.000000006},"yokohama-fa-marinos":{"0":0.2546027813,"1":0.3483095052,"2":0.2382525257,"3":0.1086471757,"4":0.0371587103,"5":0.0101669997,"6":0.0023181618,"7":0.0004530518,"8":0.0000774747,"9":0.0000117766}}