{"ventforet-kofu":{"0":0.6581988595,"1":0.2752904719,"2":0.0575698688,"3":0.0080261642,"4":0.0008392321,"5":0.0000702015,"6":0.0000048936,"7":0.0000002924,"8":0.0000000153,"9":0.0000000007},"shimizu-s-pulse":{"0":0.5556079787,"1":0.3265265352,"2":0.0959485665,"3":0.0187960782,"4":0.0027615776,"5":0.0003245916,"6":0.0000317933,"7":0.0000026692,"8":0.0000001961,"9":0.0000000128}}