{"kashima-antlers":{"0":0.0698378399,"1":0.1858789489,"2":0.247365781,"3":0.2194612138,"4":0.1460283558,"5":0.0777332097,"6":0.0344821836,"7":0.0131110094,"8":0.0043619989,"9":0.0012899784},"nagoya-grampus-eight":{"0":0.3234740568,"1":0.3650845832,"2":0.2060238682,"3":0.0775086765,"4":0.0218697777,"5":0.0049366053,"6":0.0009286054,"7":0.0001497225,"8":0.0000211228,"9":0.0000026489}}