{"sagan-tosu":{"0":0.396481101,"1":0.3667953333,"2":0.1696661155,"3":0.052320896,"4":0.0121008671,"5":0.0022389675,"6":0.0003452215,"7":0.0000456248,"8":0.0000052761,"9":0.0000005423},"sanfrecce-hiroshima":{"0":0.155350882,"1":0.2892740562,"2":0.2693241213,"3":0.167166696,"4":0.0778189792,"5":0.0289808612,"6":0.0089940604,"7":0.0023925087,"8":0.000556877,"9":0.0001152159}}