{"kashiwa-reysol":{"0":0.10214584,"1":0.2330307883,"2":0.2658128236,"3":0.202137688,"4":0.1152868897,"5":0.0526020341,"6":0.0200006407,"7":0.0065183622,"8":0.0018588362,"9":0.0004711848},"albirex-niigata":{"0":0.2285708409,"1":0.337349782,"2":0.248948805,"3":0.1224752682,"4":0.0451905904,"5":0.0133394406,"6":0.0032813003,"7":0.000691843,"8":0.0001276372,"9":0.0000209312}}