{"montedio-yamagata":{"0":0.5779757592,"1":0.3168598071,"2":0.0868549725,"3":0.0158719747,"4":0.0021753468,"5":0.0002385152,"6":0.0000217933,"7":0.0000017068,"8":0.000000117,"9":0.0000000071},"gamba-osaka":{"0":0.4974422239,"1":0.3473518977,"2":0.1212737229,"3":0.0282275045,"4":0.0049276463,"5":0.0006881713,"6":0.0000800889,"7":0.0000079892,"8":0.0000006973,"9":0.0000000541}}