{"yokohama-fa-marinos":{"0":0.1294100988,"1":0.2646137398,"2":0.2705369671,"3":0.1843951883,"4":0.0942613846,"5":0.0385485487,"6":0.0131371453,"7":0.0038374894,"8":0.0009808473,"9":0.0002228451},"matsumoto-yamaga":{"0":0.6925965056,"1":0.2543960242,"2":0.0467208083,"3":0.0057203041,"4":0.0005252779,"5":0.0000385877,"6":0.0000023623,"7":0.000000124,"8":0.0000000057,"9":0.0000000002}}