{"sanfrecce-hiroshima":{"0":0.1587710628,"1":0.2921851121,"2":0.2688529579,"3":0.1649226466,"4":0.0758764556,"5":0.0279269664,"6":0.0085656287,"7":0.002251894,"8":0.0005180178,"9":0.0001059227},"shonan-bellmare":{"0":0.349762824,"1":0.3674258466,"2":0.1929904259,"3":0.0675788141,"4":0.0177478861,"5":0.0037288309,"6":0.0006528561,"7":0.0000979751,"8":0.0000128653,"9":0.0000015017}}