{"ventforet-kofu":{"0":0.534437241,"1":0.3348468283,"2":0.1048976286,"3":0.021907554,"4":0.0034314951,"5":0.0004299944,"6":0.0000449015,"7":0.0000040189,"8":0.0000003148,"9":0.0000000219},"kashiwa-reysol":{"0":0.2026937391,"1":0.3235111896,"2":0.2581714912,"3":0.1373523204,"4":0.0548056057,"5":0.0174945973,"6":0.0046537352,"7":0.0010610909,"8":0.0002116955,"9":0.0000375421}}