{"shimizu-s-pulse":{"0":0.0843131174,"1":0.2085247047,"2":0.2578635079,"3":0.2125842078,"4":0.1314417628,"5":0.0650168221,"6":0.0268001272,"7":0.009468936,"8":0.0029273427,"9":0.0008044396},"vissel-kobe":{"0":0.4416395857,"1":0.3609348742,"2":0.1474890245,"3":0.0401790164,"4":0.0082091873,"5":0.00134181,"6":0.0001827682,"7":0.0000213385,"8":0.0000021799,"9":0.0000001979}}