{"urawa-red-diamonds":{"0":0.1200435134,"1":0.254480363,"2":0.2697365867,"3":0.1906049524,"4":0.1010159068,"5":0.0428287442,"6":0.0151321162,"7":0.0045826554,"8":0.001214347,"9":0.0002860328},"yokohama-fc":{"0":0.5913293354,"1":0.3106738868,"2":0.0816112597,"3":0.0142923668,"4":0.0018772387,"5":0.0001972535,"6":0.0000172722,"7":0.0000012964,"8":0.0000000851,"9":0.000000005}}