{"yokohama-fa-marinos":{"0":0.2897139025,"1":0.3589153668,"2":0.2223231944,"3":0.0918092069,"4":0.0284347203,"5":0.0070453354,"6":0.001454699,"7":0.0002574529,"8":0.0000398686,"9":0.000005488},"ventforet-kofu":{"0":0.3939510317,"1":0.3669766776,"2":0.1709246468,"3":0.0530737359,"4":0.0123599265,"5":0.0023027252,"6":0.0003575091,"7":0.0000475757,"8":0.0000055398,"9":0.0000005734}}