{"nagoya-grampus-eight":{"0":0.1954524551,"1":0.3190640395,"2":0.2604261512,"3":0.1417098594,"4":0.0578331443,"5":0.0188818059,"6":0.00513723,"7":0.00119803,"8":0.0002444637,"9":0.0000443413},"jef-united":{"0":0.3476433954,"1":0.367312381,"2":0.1940470997,"3":0.0683419688,"4":0.018052156,"5":0.0038147024,"6":0.0006717551,"7":0.0001013945,"8":0.0000133914,"9":0.0000015721}}