{"gamba-osaka":{"0":0.1365550802,"1":0.2718848828,"2":0.2706651022,"3":0.1796338627,"4":0.0894139779,"5":0.0356051329,"6":0.0118151315,"7":0.0033606069,"8":0.0008363825,"9":0.0001850289},"omiya-ardija":{"0":0.4746284792,"1":0.3537040259,"2":0.1317941753,"3":0.0327386805,"4":0.0060994038,"5":0.0009090831,"6":0.0001129116,"7":0.0000120206,"8":0.0000011198,"9":0.0000000927}}