{"kashiwa-reysol":{"0":0.3441646608,"1":0.3670980974,"2":0.1957798526,"3":0.0696085523,"4":0.0185617308,"5":0.0039597186,"6":0.0007039291,"7":0.0001072622,"8":0.0000143012,"9":0.0000016949},"jubilo-iwata":{"0":0.0800067581,"1":0.2020686023,"2":0.2551766938,"3":0.2148285098,"4":0.1356450934,"5":0.0685182479,"6":0.0288421189,"7":0.0104064185,"8":0.0032853638,"9":0.0009219622}}