{"kawasaki-frontale":{"0":0.0896899782,"1":0.2162780764,"2":0.2607660703,"3":0.2096034406,"4":0.1263592372,"5":0.060940438,"6":0.0244919238,"7":0.0084371047,"8":0.0025431503,"9":0.0006813937},"kashima-antlers":{"0":0.1587786194,"1":0.2921914616,"2":0.2688518473,"3":0.1649177002,"4":0.0758722176,"5":0.0279246844,"6":0.0085647072,"7":0.0022515935,"8":0.0005179353,"9":0.0001059031}}