{"fc-tokyo":{"0":0.1391691661,"1":0.2744506504,"2":0.2706172696,"3":0.177891621,"4":0.0877034627,"5":0.034591387,"6":0.011369411,"7":0.0032030312,"8":0.0007895732,"9":0.00017301},"sanfrecce-hiroshima":{"0":0.0911399157,"1":0.2183128555,"2":0.2614688772,"3":0.2087706458,"4":0.1250201831,"5":0.0598936546,"6":0.0239111383,"7":0.0081822529,"8":0.0024499296,"9":0.0006520513}}