{"oita-trinita":{"0":0.3884287262,"1":0.36731591,"2":0.1736753343,"3":0.0547451044,"4":0.0129423666,"5":0.0024477784,"6":0.0003857885,"7":0.000052117,"8":0.0000061605,"9":0.0000006473},"albirex-niigata":{"0":0.3100366991,"1":0.3630730044,"2":0.2125909721,"3":0.0829859209,"4":0.0242954686,"5":0.0056903127,"6":0.0011106206,"7":0.0001858012,"8":0.0000271982,"9":0.000003539}}