{"kashima-antlers":{"0":0.0227175986,"1":0.0859773733,"2":0.1626956448,"3":0.2052468135,"4":0.194195062,"5":0.1469907239,"6":0.0927172258,"7":0.0501284342,"8":0.0237146054,"9":0.0099722956},"gamba-osaka":{"0":0.1230118346,"1":0.2577681887,"2":0.2700733605,"3":0.1886439657,"4":0.0988246649,"5":0.0414169172,"6":0.0144646838,"7":0.0043300542,"8":0.0011341899,"9":0.000264074}}