{"jef-united":{"0":0.4212486426,"1":0.3641829398,"2":0.1574239062,"3":0.0453660025,"4":0.0098050904,"5":0.0016953629,"6":0.0002442826,"7":0.00003017,"8":0.0000032604,"9":0.0000003132},"shimizu-s-pulse":{"0":0.3433245919,"1":0.3670410933,"2":0.1961979528,"3":0.0699170336,"4":0.0186867072,"5":0.003995513,"6":0.0007119198,"7":0.0001087284,"8":0.0000145299,"9":0.000001726}}