{"vissel-kobe":{"0":0.1536028943,"1":0.287757299,"2":0.2695400485,"3":0.1683173934,"4":0.0788308038,"5":0.029536083,"6":0.0092220739,"7":0.0024680702,"8":0.0005779556,"9":0.0001203037},"kawasaki-frontale":{"0":0.0476593227,"1":0.1450595852,"2":0.2207572629,"3":0.2239712693,"4":0.1704240513,"5":0.1037431537,"6":0.0526267754,"7":0.022882701,"8":0.0087059439,"9":0.0029442313}}