{"jubilo-iwata":{"0":0.1151718349,"1":0.2489243476,"2":0.2690038362,"3":0.1938020249,"4":0.104717535,"5":0.045265831,"6":0.0163057335,"7":0.0050345817,"8":0.0013601741,"9":0.0003266428},"oita-trinita":{"0":0.2600088855,"1":0.3502422322,"2":0.2358950561,"3":0.1059199841,"4":0.0356695999,"5":0.0096096718,"6":0.0021574345,"7":0.0004151642,"8":0.0000699053,"9":0.0000104628}}