{"sanfrecce-hiroshima":{"0":0.0795515728,"1":0.2013728541,"2":0.2548725623,"3":0.2150571993,"4":0.1360962471,"5":0.0689014403,"6":0.0290689407,"7":0.0105119508,"8":0.003326178,"9":0.0009355244},"kashiwa-reysol":{"0":0.6478270095,"1":0.2812421625,"2":0.061048052,"3":0.0088342957,"4":0.0009588117,"5":0.0000832501,"6":0.0000060236,"7":0.0000003736,"8":0.0000000203,"9":0.000000001}}