{"ventforet-kofu":{"0":0.3428806071,"1":0.3670101361,"2":0.1964188659,"3":0.0700804821,"4":0.0187530636,"5":0.0040145545,"6":0.0007161784,"7":0.0001095111,"8":0.0000146522,"9":0.0000017426},"nagoya-grampus-eight":{"0":0.226617324,"1":0.3364117137,"2":0.2497003298,"3":0.1235594207,"4":0.0458557578,"5":0.0136145055,"6":0.0033684385,"7":0.0007143459,"8":0.0001325551,"9":0.0000218641}}