{"omiya-ardija":{"0":0.4212486426,"1":0.3641829398,"2":0.1574239062,"3":0.0453660025,"4":0.0098050904,"5":0.0016953629,"6":0.0002442826,"7":0.00003017,"8":0.0000032604,"9":0.0000003132},"fc-tokyo":{"0":0.1381626992,"1":0.2734686509,"2":0.2706414374,"3":0.1785623018,"4":0.0883581315,"5":0.0349778618,"6":0.0115387495,"7":0.0032627023,"8":0.0008072428,"9":0.0001775327}}