{"yokohama-fc":{"0":0.5209484679,"1":0.3397126589,"2":0.1107640177,"3":0.0240765586,"4":0.003925106,"5":0.0005119156,"6":0.000055637,"7":0.000005183,"8":0.0000004225,"9":0.0000000306},"yokohama-fa-marinos":{"0":0.2321664397,"1":0.3390328265,"2":0.2475449457,"3":0.1204966901,"4":0.0439903518,"5":0.0128478288,"6":0.003126949,"7":0.0006523266,"8":0.0001190741,"9":0.0000193204}}