{"albirex-niigata":{"0":0.3732238434,"1":0.3678408072,"2":0.1812677055,"3":0.0595510891,"4":0.0146730448,"5":0.0028922829,"6":0.0004750945,"7":0.0000668917,"8":0.0000082409,"9":0.0000009024},"urawa-red-diamonds":{"0":0.2626438041,"1":0.3511433468,"2":0.2347316938,"3":0.1046086896,"4":0.0349643175,"5":0.0093491545,"6":0.0020832355,"7":0.000397885,"8":0.0000664944,"9":0.0000098778}}