{"gamba-osaka":{"0":0.0883251413,"1":0.2143413131,"2":0.2600742994,"3":0.2103767437,"4":0.1276319144,"5":0.0619456515,"6":0.0250542335,"7":0.008685696,"8":0.0026347304,"9":0.0007104201},"sanfrecce-hiroshima":{"0":0.5078311962,"1":0.3441095557,"2":0.1165853804,"3":0.0263329913,"4":0.0044608494,"5":0.0006045398,"6":0.0000682733,"7":0.0000066089,"8":0.0000005598,"9":0.0000000421}}