{"shimizu-s-pulse":{"0":0.2448238039,"1":0.3445200952,"2":0.2424071804,"3":0.1137064609,"4":0.0400024018,"5":0.0112584079,"6":0.0026405029,"7":0.0005308227,"8":0.0000933728,"9":0.0000145995},"kashiwa-reysol":{"0":0.5174803199,"1":0.3409076432,"2":0.1122922135,"3":0.0246587631,"4":0.0040611983,"5":0.0005350903,"6":0.0000587515,"7":0.0000055292,"8":0.0000004553,"9":0.0000000333}}