{"urawa-red-diamonds":{"0":0.1095537255,"1":0.2422605579,"2":0.2678602561,"3":0.1974433846,"4":0.1091536237,"5":0.0482751594,"6":0.0177921335,"7":0.0056206372,"8":0.0015536426,"9":0.0003817369},"ventforet-kofu":{"0":0.8206692319,"1":0.1621930745,"2":0.0160275251,"3":0.0010558674,"4":0.0000521691,"5":0.0000020621,"6":0.0000000679,"7":0.0000000019,"8":0.0,"9":0.0}}