{"nagoya-grampus-eight":{"0":0.2001895591,"1":0.3220030172,"2":0.2589694077,"3":0.1388499497,"4":0.0558347086,"5":0.0179619204,"6":0.0048152632,"7":0.0011064722,"8":0.0002224688,"9":0.0000397599},"albirex-niigata":{"0":0.3808605391,"1":0.3676530611,"2":0.177451796,"3":0.0570993748,"4":0.0137798208,"5":0.0026603929,"6":0.0004280226,"7":0.0000590257,"8":0.0000071223,"9":0.0000007639}}