{"yokohama-fa-marinos":{"0":0.4947967299,"1":0.34814306,"2":0.1224781641,"3":0.0287255488,"4":0.0050528833,"5":0.0007110501,"6":0.0000833834,"7":0.0000083813,"8":0.0000007371,"9":0.0000000576},"vissel-kobe":{"0":1.0,"1":0.0,"2":0.0,"3":0.0,"4":0.0,"5":0.0,"6":0.0,"7":0.0,"8":0.0,"9":0.0}}