{"jef-united":{"0":0.3556268247,"1":0.3676730942,"2":0.1900637055,"3":0.0655005995,"4":0.016929831,"5":0.0035006602,"6":0.0006032065,"7":0.0000890913,"8":0.0000115136,"9":0.0000013226},"kashima-antlers":{"0":0.1514322106,"1":0.2858460467,"2":0.2697839585,"3":0.1697496142,"4":0.0801055733,"5":0.0302417317,"6":0.0095141355,"7":0.002565578,"8":0.0006053536,"9":0.000126964}}