{"fc-tokyo":{"0":0.0963639951,"1":0.2254553849,"2":0.2637402615,"3":0.2056842291,"4":0.1203058699,"5":0.0562940674,"6":0.0219511458,"7":0.0073367711,"8":0.0021456595,"9":0.0005577815},"jubilo-iwata":{"0":0.060312887,"1":0.1693712212,"2":0.2378149348,"3":0.2226113851,"4":0.1562848507,"5":0.08777612,"6":0.0410822887,"7":0.0164810961,"8":0.0057852963,"9":0.0018051471}}