{"kawasaki-frontale":{"0":0.075419957,"1":0.1949367076,"2":0.251924832,"3":0.2170486402,"4":0.1402505021,"5":0.0725006277,"6":0.031231861,"7":0.0115320673,"8":0.0037258428,"9":0.0010700138},"yokohama-fc":{"0":0.4535995401,"1":0.3585888256,"2":0.141739502,"3":0.0373502742,"4":0.0073817265,"5":0.0011671108,"6":0.0001537747,"7":0.0000173665,"8":0.0000017161,"9":0.0000001507}}