{"oita-trinita":{"0":0.568133141,"1":0.3212221851,"2":0.0908094289,"3":0.0171145348,"4":0.0024191373,"5":0.0002735558,"6":0.0000257781,"7":0.0000020821,"8":0.0000001472,"9":0.0000000092},"omiya-ardija":{"0":0.3722551861,"1":0.3678535201,"2":0.1817519504,"3":0.0598676188,"4":0.0147899312,"5":0.00292301,"6":0.0004814079,"7":0.0000679594,"8":0.0000083945,"9":0.0000009217}}