{"kashiwa-reysol":{"0":0.0189876984,"1":0.0752665521,"2":0.1491769501,"3":0.1971106848,"4":0.1953349128,"5":0.1548601111,"6":0.1023099833,"7":0.0579361553,"8":0.028707104,"9":0.0126437695},"fc-tokyo":{"0":1.0,"1":0.0,"2":0.0,"3":0.0,"4":0.0,"5":0.0,"6":0.0,"7":0.0,"8":0.0,"9":0.0}}