{"vissel-kobe":{"0":0.3314603434,"1":0.3660141244,"2":0.2020850185,"3":0.0743839322,"4":0.0205345604,"5":0.0045350458,"6":0.0008346352,"7":0.0001316634,"8":0.0000181736,"9":0.0000022298},"kashima-antlers":{"0":0.3040764313,"1":0.3619957515,"2":0.2154736616,"3":0.0855054213,"4":0.025448042,"5":0.0060590576,"6":0.001202194,"7":0.0002044548,"8":0.0000304248,"9":0.0000040244}}