{"jubilo-iwata":{"0":0.1075574958,"1":0.239824146,"2":0.2673715142,"3":0.1987220713,"4":0.1107741276,"5":0.0493992731,"6":0.018357838,"7":0.0058475739,"8":0.0016298137,"9":0.0004037827},"jef-united":{"0":0.2735430416,"1":0.3545928317,"2":0.2298286872,"3":0.099308692,"4":0.0321833724,"5":0.0083438373,"6":0.0018026809,"7":0.0003338298,"8":0.0000540928,"9":0.0000077911}}