{"sanfrecce-hiroshima":{"0":0.1957556598,"1":0.3192555626,"2":0.2603350379,"3":0.1415257658,"4":0.0577031694,"5":0.0188214817,"6":0.0051159549,"7":0.0011919356,"8":0.0002429892,"9":0.000044032},"yokohama-fa-marinos":{"0":0.6211451576,"1":0.2957834084,"2":0.070424621,"3":0.0111785113,"4":0.0013307752,"5":0.0001267405,"6":0.0000100588,"7":0.0000006843,"8":0.0000000407,"9":0.0000000022}}