{"omiya-ardija":{"0":0.6402183775,"1":0.28550279,"2":0.0636594059,"3":0.0094628847,"4":0.0010549838,"5":0.0000940931,"6":0.0000069934,"7":0.0000004455,"8":0.0000000248,"9":0.0000000012},"shimizu-s-pulse":{"0":0.1888756028,"1":0.3147926714,"2":0.2623272262,"3":0.1457373479,"4":0.0607238949,"5":0.0202412983,"6":0.0056225829,"7":0.0013387102,"8":0.000278898,"9":0.0000516478}}