{"ventforet-kofu":{"0":0.1434837673,"1":0.2785785223,"2":0.2704347486,"3":0.1750193629,"4":0.0849514834,"5":0.032987228,"6":0.0106743006,"7":0.0029606444,"8":0.0007185237,"9":0.0001550042},"gamba-osaka":{"0":0.1856905929,"1":0.3126423248,"2":0.2631937938,"3":0.1477108027,"4":0.0621741899,"5":0.0209362068,"6":0.005874956,"7":0.0014130725,"8":0.0002973941,"9":0.0000556349}}