{"oita-trinita":{"0":0.3484571967,"1":0.3673574725,"2":0.1936414484,"3":0.068048179,"4":0.017934776,"5":0.0037815112,"6":0.0006644367,"7":0.0001000679,"8":0.000013187,"9":0.0000015447},"urawa-red-diamonds":{"0":0.4345982085,"1":0.3621651738,"2":0.1509021557,"3":0.0419172655,"4":0.0087327636,"5":0.0014554606,"6":0.0002021473,"7":0.0000240652,"8":0.0000025068,"9":0.0000002321}}