{"yokohama-fc":{"0":0.6914365029,"1":0.255128977,"2":0.0470692498,"3":0.005789266,"4":0.0005340366,"5":0.0000394102,"6":0.0000024236,"7":0.0000001278,"8":0.0000000059,"9":0.0000000002},"nagoya-grampus-eight":{"0":1.0,"1":0.0,"2":0.0,"3":0.0,"4":0.0,"5":0.0,"6":0.0,"7":0.0,"8":0.0,"9":0.0}}