{"albirex-niigata":{"0":0.1647042885,"1":0.2970612484,"2":0.267890369,"3":0.1610560116,"4":0.0726203007,"5":0.0261956472,"6":0.0078744273,"7":0.0020289065,"8":0.0004574179,"9":0.0000916667},"kawasaki-frontale":{"0":0.0556379983,"1":0.160731995,"2":0.2321684373,"3":0.2235696062,"4":0.1614669378,"5":0.0932920085,"6":0.0449183745,"7":0.0185377418,"8":0.0066941846,"9":0.0021487506}}