{"gamba-osaka":{"0":0.0465056337,"1":0.1426877399,"2":0.2188959646,"3":0.2238708728,"4":0.1717191354,"5":0.1053731058,"6":0.0538839746,"7":0.0236179759,"8":0.0090580305,"9":0.0030879649},"kawasaki-frontale":{"0":0.4176404733,"1":0.3646562341,"2":0.159196938,"3":0.0463334372,"4":0.0101138286,"5":0.0017661462,"6":0.0002570138,"7":0.0000320582,"8":0.0000034989,"9":0.0000003394}}