{"kashima-antlers":{"0":0.1453557012,"1":0.2803288524,"2":0.2703171077,"3":0.1737752835,"4":0.0837845117,"5":0.0323168831,"6":0.0103875696,"7":0.0028618814,"8":0.0006899178,"9":0.0001478395},"omiya-ardija":{"0":0.1995001485,"1":0.3215823289,"2":0.2591857576,"3":0.1392639892,"4":0.0561213091,"5":0.0180928399,"6":0.004860763,"7":0.0011193228,"8":0.0002255352,"9":0.0000403944}}