{"jef-united":{"0":0.0854440889,"1":0.2101833202,"2":0.2585142442,"3":0.211972464,"4":0.1303573977,"5":0.0641330513,"6":0.0262934078,"7":0.009239853,"8":0.0028411313,"9":0.0007765421},"yokohama-fc":{"0":0.3785966897,"1":0.3677248253,"2":0.1785825799,"3":0.0578181213,"4":0.0140394509,"5":0.0027272582,"6":0.0004414903,"7":0.0000612589,"8":0.0000074375,"9":0.0000008027}}