{"shimizu-s-pulse":{"0":0.2777054399,"1":0.3557946255,"2":0.2279210223,"3":0.0973370379,"4":0.0311769144,"5":0.007988737,"6":0.001705854,"7":0.0003122186,"8":0.0000500016,"9":0.000007118},"oita-trinita":{"0":0.5583494432,"1":0.3253894559,"2":0.0948136506,"3":0.0184181923,"4":0.0026833937,"5":0.0003127604,"6":0.0000303779,"7":0.000002529,"8":0.0000001842,"9":0.0000000119}}