{"yokohama-fa-marinos":{"0":0.6919913536,"1":0.2547786347,"2":0.0469024305,"3":0.0057562074,"4":0.0005298327,"5":0.000039015,"6":0.0000023941,"7":0.0000001259,"8":0.0000000058,"9":0.0000000002},"kashiwa-reysol":{"0":0.2343953009,"1":0.3400481082,"2":0.2466617621,"3":0.1192812103,"4":0.0432616927,"5":0.0125523479,"6":0.0030350453,"7":0.0006290115,"8":0.000114067,"9":0.0000183869}}