{"urawa-red-diamonds":{"0":0.0720878237,"1":0.1895816142,"2":0.2492875122,"3":0.2185312607,"4":0.1436772088,"5":0.0755704799,"6":0.0331234246,"7":0.0124443293,"8":0.0040908712,"9":0.0011953845},"jubilo-iwata":{"0":0.3980774311,"1":0.3666726018,"2":0.1688726695,"3":0.0518500307,"4":0.0119398791,"5":0.0021995854,"6":0.0003376762,"7":0.0000444338,"8":0.000005116,"9":0.0000005236}}