{"nagoya-grampus-eight":{"0":0.1293213942,"1":0.2645210335,"2":0.2705328752,"3":0.1844542331,"4":0.0943231874,"5":0.0385867585,"6":0.0131545768,"7":0.0038438698,"8":0.0009828076,"9":0.0002233654},"sanfrecce-hiroshima":{"0":0.6683220742,"1":0.2693238209,"2":0.05426674,"3":0.0072895621,"4":0.0007343962,"5":0.0000591901,"6":0.0000039755,"7":0.0000002289,"8":0.0000000115,"9":0.0000000005}}