{"ventforet-kofu":{"0":0.4887475938,"1":0.3498988455,"2":0.1252478822,"3":0.0298886992,"4":0.0053493979,"5":0.0007659365,"6":0.0000913902,"7":0.0000093467,"8":0.0000008364,"9":0.0000000665},"vissel-kobe":{"0":0.0891076181,"1":0.2154542407,"2":0.2604745299,"3":0.2099346957,"4":0.1269008235,"5":0.0613669654,"6":0.0247299711,"7":0.0085421222,"8":0.0025817608,"9":0.0006936074}}