{"fc-tokyo":{"0":0.1053992246,"1":0.2371482553,"2":0.2667917872,"3":0.2000938404,"4":0.1125527852,"5":0.0506487533,"6":0.0189932825,"7":0.0061049837,"8":0.0017170267,"9":0.0004292567},"albirex-niigata":{"0":0.1303785114,"1":0.2656218927,"2":0.270577525,"3":0.1837504088,"4":0.093589294,"5":0.0381341452,"6":0.0129485344,"7":0.0037686033,"8":0.0009597283,"9":0.0002172519}}