{"jubilo-iwata":{"0":0.217376126,"1":0.3317433852,"2":0.2531411236,"3":0.1287750941,"4":0.0491317589,"5":0.0149962522,"6":0.003814362,"7":0.0008315997,"8":0.0001586407,"9":0.0000269006},"yokohama-fa-marinos":{"0":0.4777779889,"1":0.3528911765,"2":0.1303243194,"3":0.0320862433,"4":0.0059247979,"5":0.0008752219,"6":0.0001077412,"7":0.0000113684,"8":0.0000010496,"9":0.0000000861}}