{"sanfrecce-hiroshima":{"0":0.1272933185,"1":0.2623847862,"2":0.2704217977,"3":0.1858033252,"4":0.0957472991,"5":0.0394720397,"6":0.0135603644,"7":0.0039930648,"8":0.0010288437,"9":0.0002356351},"ventforet-kofu":{"0":0.6912148645,"1":0.2552687989,"2":0.0471359653,"3":0.0058025089,"4":0.0005357232,"5":0.000039569,"6":0.0000024355,"7":0.0000001285,"8":0.0000000059,"9":0.0000000002}}