{"kashiwa-reysol":{"0":0.0527635069,"1":0.1552268333,"2":0.2283336645,"3":0.2239143032,"4":0.1646853585,"5":0.09689874,"6":0.0475116402,"7":0.0199680258,"8":0.0073430804,"9":0.0024003188},"urawa-red-diamonds":{"0":1.0,"1":0.0,"2":0.0,"3":0.0,"4":0.0,"5":0.0,"6":0.0,"7":0.0,"8":0.0,"9":0.0}}