{"vissel-kobe":{"0":0.3862187534,"1":0.367429733,"2":0.1747773865,"3":0.0554249009,"4":0.0131821386,"5":0.0025081691,"6":0.0003976917,"7":0.0000540492,"8":0.0000064275,"9":0.0000006794},"jef-united":{"0":0.5309467607,"1":0.3361389564,"2":0.1064036984,"3":0.0224544975,"4":0.0035539492,"5":0.0004499965,"6":0.0000474816,"7":0.0000042943,"8":0.0000003398,"9":0.0000000239}}