{"omiya-ardija":{"0":0.7883305181,"1":0.1874948259,"2":0.022296682,"3":0.0017676649,"4":0.0001051044,"5":0.0000049996,"6":0.0000001982,"7":0.0000000067,"8":0.0000000002,"9":0.0},"nagoya-grampus-eight":{"0":0.1848428267,"1":0.3120607913,"2":0.2634182219,"3":0.1482385518,"4":0.0625659115,"5":0.0211253725,"6":0.0059441496,"7":0.001433601,"8":0.0003025345,"9":0.0000567504}}