{"kawasaki-frontale":{"0":0.0641965087,"1":0.1762711877,"2":0.2420032822,"3":0.2214980579,"4":0.1520476991,"5":0.0834987106,"6":0.0382118831,"7":0.0149889193,"8":0.0051445839,"9":0.0015695591},"shimizu-s-pulse":{"0":0.4601649749,"1":0.3571663465,"2":0.1386109396,"3":0.0358618942,"4":0.0069587335,"5":0.0010802323,"6":0.0001397407,"7":0.0000154947,"8":0.0000015033,"9":0.0000001296}}