{"yokohama-fc":{"0":0.3608456338,"1":0.3678117657,"2":0.1874561895,"3":0.0636916783,"4":0.0162303118,"5":0.0033087277,"6":0.0005621005,"7":0.0000818503,"8":0.0000104288,"9":0.0000011811},"kashima-antlers":{"0":0.3228639822,"1":0.3650055298,"2":0.2063237835,"3":0.0777513401,"4":0.021974942,"5":0.0049686405,"6":0.0009361947,"7":0.0001511987,"8":0.0000213667,"9":0.000002684}}