{"oita-trinita":{"0":0.3884378408,"1":0.3673154145,"2":0.1736707904,"3":0.0547423137,"4":0.0129413857,"5":0.0024475321,"6":0.0003857401,"7":0.0000521092,"8":0.0000061595,"9":0.0000006472},"fc-tokyo":{"0":0.396923323,"1":0.3667619762,"2":0.1694462626,"3":0.0521901356,"4":0.01205608,"5":0.0022279929,"6":0.0003431154,"7":0.0000452918,"8":0.0000052313,"9":0.0000005371}}