{"albirex-niigata":{"0":0.217376126,"1":0.3317433852,"2":0.2531411236,"3":0.1287750941,"4":0.0491317589,"5":0.0149962522,"6":0.003814362,"7":0.0008315997,"8":0.0001586407,"9":0.0000269006},"gamba-osaka":{"0":0.1897836569,"1":0.3153958614,"2":0.2620735395,"3":0.1451774284,"4":0.0603165215,"5":0.0200476496,"6":0.0055527663,"7":0.0013182826,"8":0.0002738519,"9":0.0000505674}}