{"urawa-red-diamonds":{"0":0.0345174592,"1":0.1161957784,"2":0.1955743446,"3":0.2194533213,"4":0.1846858813,"5":0.1243412478,"6":0.0697614502,"7":0.0335481819,"8":0.0141166138,"9":0.0052800684},"kawasaki-frontale":{"0":0.3055206292,"1":0.3622674127,"2":0.2147771145,"3":0.0848897937,"4":0.0251642631,"5":0.0059676445,"6":0.0011793438,"7":0.0001997704,"8":0.0000296094,"9":0.000003901}}