{"shimizu-s-pulse":{"0":0.1963892318,"1":0.3196542514,"2":0.260143694,"3":0.1411415432,"4":0.0574324951,"5":0.0186960772,"6":0.0050717993,"7":0.0011793069,"8":0.0002399383,"9":0.000043393},"kashima-antlers":{"0":0.3763421506,"1":0.3677828409,"2":0.1797090996,"3":0.058540633,"4":0.0143023046,"5":0.0027954042,"6":0.0004553045,"7":0.0000635642,"8":0.0000077648,"9":0.0000008431}}