{"nagoya-grampus-eight":{"0":0.102415276,"1":0.2333756761,"2":0.26589884,"3":0.2019696148,"4":0.1150580197,"5":0.0524369883,"6":0.0199148637,"7":0.0064829123,"8":0.0018465923,"9":0.0004675406},"vissel-kobe":{"0":0.2788870019,"1":0.3561243639,"2":0.2273762523,"3":0.0967825949,"4":0.0308965995,"5":0.0078906738,"6":0.0016793308,"7":0.0003063456,"8":0.0000488984,"9":0.0000069379}}