{"jef-united":{"0":0.3370342838,"1":0.3665485855,"2":0.1993237365,"3":0.0722595466,"4":0.01964684,"5":0.0042734652,"6":0.0007746159,"7":0.0001203499,"8":0.0000163611,"9":0.0000019771},"omiya-ardija":{"0":0.1936329263,"1":0.3179048044,"2":0.2609666304,"3":0.142817559,"4":0.0586191473,"5":0.0192480782,"6":0.0052668871,"7":0.001235304,"8":0.0002535139,"9":0.0000462463}}