{"yokohama-fa-marinos":{"0":0.462573544,"1":0.3566209445,"2":0.1374684088,"3":0.0353270771,"4":0.0068088501,"5":0.0010498562,"6":0.0001348977,"7":0.0000148571,"8":0.0000014318,"9":0.0000001226},"oita-trinita":{"0":0.4293047517,"1":0.3630150474,"2":0.1534806267,"3":0.0432604707,"4":0.0091451363,"5":0.0015466039,"6":0.000217965,"7":0.0000263298,"8":0.000002783,"9":0.0000002615}}