{"gamba-osaka":{"0":0.0617917695,"1":0.1720273658,"2":0.2394608119,"3":0.2222184443,"4":0.1546632096,"5":0.0861160143,"6":0.0399576168,"7":0.01589163,"8":0.0055302576,"9":0.0017106839},"jubilo-iwata":{"0":0.4715953422,"1":0.3544670873,"2":0.133214755,"3":0.0333762458,"4":0.0062716802,"5":0.0009428016,"6":0.000118107,"7":0.0000126819,"8":0.0000011915,"9":0.0000000995}}