{"sanfrecce-hiroshima":{"0":0.1259886962,"1":0.2609935327,"2":0.2703322843,"3":0.1866701273,"4":0.0966747363,"5":0.0400535631,"6":0.0138289138,"7":0.0040924953,"8":0.0010597328,"9":0.0002439226},"albirex-niigata":{"0":0.2377424904,"1":0.3415330552,"2":0.2453175863,"3":0.1174717298,"4":0.0421890074,"5":0.0121214686,"6":0.0029022173,"7":0.0005956043,"8":0.0001069532,"9":0.0000170717}}