{"fc-tokyo":{"0":0.0141011178,"1":0.0600919304,"2":0.1280409171,"3":0.1818821745,"4":0.1937727767,"5":0.1651525845,"6":0.1172996564,"7":0.0714103754,"8":0.0380394252,"9":0.0180116729},"yokohama-fc":{"0":0.5350237142,"1":0.3346274829,"2":0.1046454104,"3":0.0218166219,"4":0.00341127,"5":0.0004267118,"6":0.0000444807,"7":0.0000039743,"8":0.0000003107,"9":0.0000000216}}