{"ventforet-kofu":{"0":0.7329084641,"1":0.2277399182,"2":0.0353833206,"3":0.003664939,"4":0.0002847057,"5":0.0000176936,"6":0.0000009163,"7":0.0000000407,"8":0.0000000016,"9":0.0000000001},"kashiwa-reysol":{"0":0.1344405078,"1":0.2697728265,"2":0.2706675955,"3":0.1810435547,"4":0.0908220154,"5":0.0364492997,"6":0.0121900643,"7":0.0034944273,"8":0.0008765044,"9":0.0001954248}}