{"kashima-antlers":{"0":0.2490479352,"1":0.3462039979,"2":0.2406308007,"3":0.1115010853,"4":0.0387496904,"5":0.0107732656,"6":0.0024960038,"7":0.0004956742,"8":0.0000861302,"9":0.0000133034},"urawa-red-diamonds":{"0":0.5693469333,"1":0.3206933747,"2":0.0903177259,"3":0.0169576138,"4":0.0023879089,"5":0.0002690052,"6":0.0000252536,"7":0.0000020321,"8":0.0000001431,"9":0.000000009}}