{"kashiwa-reysol":{"0":0.5408976852,"1":0.3323952255,"2":0.1021326112,"3":0.0209210191,"4":0.003214123,"5":0.0003950319,"6":0.0000404595,"7":0.0000035519,"8":0.0000002728,"9":0.0000000186},"nagoya-grampus-eight":{"0":0.5230134239,"1":0.3389901822,"2":0.1098579294,"3":0.0237347378,"4":0.0038459066,"5":0.0004985434,"6":0.000053855,"7":0.0000049866,"8":0.000000404,"9":0.0000000291}}