{"vissel-kobe":{"0":0.3740969751,"1":0.3678271934,"2":0.1808312459,"3":0.0592668515,"4":0.0145683881,"5":0.002864845,"6":0.0004694718,"7":0.0000659434,"8":0.0000081048,"9":0.0000008854},"fc-tokyo":{"0":0.513417119,"1":0.3422780794,"2":0.1140926931,"3":0.0253539318,"4":0.0042256553,"5":0.0005634207,"6":0.0000626023,"7":0.0000059621,"8":0.0000004968,"9":0.0000000368}}