{"jubilo-iwata":{"0":0.1582506012,"1":0.2917469184,"2":0.2689287237,"3":0.1652634615,"4":0.0761689138,"5":0.0280846274,"6":0.0086293548,"7":0.0022726952,"8":0.0005237356,"9":0.0001072829},"sanfrecce-hiroshima":{"0":0.5737534207,"1":0.3187519004,"2":0.0885421946,"3":0.0163967027,"4":0.0022773198,"5":0.0002530355,"6":0.0000234292,"7":0.0000018595,"8":0.0000001291,"9":0.000000008}}