{"kawasaki-frontale":{"0":0.0589674766,"1":0.1669233184,"2":0.2362606969,"3":0.2229331704,"4":0.1577680898,"5":0.0893210108,"6":0.0421411949,"7":0.017041714,"8":0.0060301449,"9":0.001896661},"jef-united":{"0":0.6061181941,"1":0.3034714224,"2":0.0759710772,"3":0.0126790732,"4":0.0015870405,"5":0.00015892,"6":0.0000132613,"7":0.0000009485,"8":0.0000000594,"9":0.0000000033}}