{"omiya-ardija":{"0":0.4407106008,"1":0.361103658,"2":0.1479381839,"3":0.0404052147,"4":0.0082766734,"5":0.0013563264,"6":0.0001852215,"7":0.0000216806,"8":0.0000022205,"9":0.0000002022},"ventforet-kofu":{"0":0.459425824,"1":0.3573311965,"2":0.138962132,"3":0.0360272194,"4":0.0070052927,"5":0.0010897122,"6":0.000141259,"7":0.0000156954,"8":0.0000015259,"9":0.0000001319}}