{"oita-trinita":{"0":0.3159299912,"1":0.3640254787,"2":0.2097213826,"3":0.0805494137,"4":0.0232029561,"5":0.0053470499,"6":0.0010268427,"7":0.0001690234,"8":0.0000243443,"9":0.0000031167},"gamba-osaka":{"0":0.3291929878,"1":0.3657699865,"2":0.203205548,"3":0.0752613141,"4":0.0209059206,"5":0.0046457601,"6":0.0008603259,"7":0.0001365597,"8":0.0000189666,"9":0.0000023416}}