{"yokohama-fc":{"0":0.5051975638,"1":0.3449517816,"2":0.1177675232,"3":0.0268041125,"4":0.0045755003,"5":0.0006248355,"6":0.0000711069,"7":0.000006936,"8":0.000000592,"9":0.0000000449},"shimizu-s-pulse":{"0":0.2865047969,"1":0.3581309961,"2":0.2238318725,"3":0.0932632802,"4":0.0291447751,"5":0.0072861938,"6":0.001517957,"7":0.0002710638,"8":0.0000423537,"9":0.0000058825}}