{"albirex-niigata":{"0":0.3978072412,"1":0.3666938257,"2":0.1690069309,"3":0.0519295039,"4":0.0119669946,"5":0.0022062057,"6":0.0003389422,"7":0.0000446333,"8":0.0000051428,"9":0.0000005267},"yokohama-fa-marinos":{"0":0.2563757567,"1":0.348955891,"2":0.2374838703,"3":0.1077473115,"4":0.0366640157,"5":0.0099807598,"6":0.0022641539,"7":0.0004402521,"8":0.000074904,"9":0.0000113281}}