{"nagoya-grampus-eight":{"0":0.075873445,"1":0.1956539818,"2":0.2522653389,"3":0.2168379115,"4":0.1397893585,"5":0.0720946429,"6":0.0309849381,"7":0.0114143577,"8":0.0036792592,"9":0.0010541848},"oita-trinita":{"0":0.8546639059,"1":0.1342223852,"2":0.0105396101,"3":0.000551738,"4":0.0000216622,"5":0.0000006804,"6":0.0000000178,"7":0.0000000004,"8":0.0,"9":0.0}}