{"shimizu-s-pulse":{"0":0.0698252361,"1":0.1858580055,"2":0.2473546824,"3":0.2194662489,"4":0.1460416089,"5":0.0777455363,"6":0.0344899904,"7":0.013114867,"8":0.0043635782,"9":0.001290533},"jubilo-iwata":{"0":0.3257046982,"1":0.3653638513,"2":0.2049260336,"3":0.0766262254,"4":0.021489138,"5":0.0048211489,"6":0.0009013653,"7":0.0001444456,"8":0.0000202542,"9":0.0000025245}}