{"urawa-red-diamonds":{"0":0.1468956531,"1":0.281750679,"2":0.27020352,"3":0.1727530702,"4":0.0828365131,"5":0.0317766296,"6":0.0101581029,"7":0.0027833678,"8":0.0006673238,"9":0.0001422166},"jef-united":{"0":0.5707054391,"1":0.3200984486,"2":0.0897687404,"3":0.0167832257,"4":0.0023533526,"5":0.0002639907,"6":0.0000246779,"7":0.0000019773,"8":0.0000001386,"9":0.0000000086}}