{"yokohama-fa-marinos":{"0":0.1116889537,"1":0.2448263715,"2":0.2683342901,"3":0.1960662728,"4":0.1074461542,"5":0.0471051992,"6":0.0172093936,"7":0.0053890908,"8":0.0014766361,"9":0.0003596491},"kawasaki-frontale":{"0":0.0605424592,"1":0.1697858995,"2":0.2380746674,"3":0.2225530208,"4":0.156032499,"5":0.0875158312,"6":0.0409050505,"7":0.0163877925,"8":0.0057447619,"9":0.0017900744}}