{"kashiwa-reysol":{"0":0.1116889537,"1":0.2448263715,"2":0.2683342901,"3":0.1960662728,"4":0.1074461542,"5":0.0471051992,"6":0.0172093936,"7":0.0053890908,"8":0.0014766361,"9":0.0003596491},"albirex-niigata":{"0":0.6036299926,"1":0.3047087163,"2":0.0769075451,"3":0.012940819,"4":0.0016331115,"5":0.0001648769,"6":0.0000138715,"7":0.0000010003,"8":0.0000000631,"9":0.0000000035}}