{"vissel-kobe":{"0":0.4011784468,"1":0.3664159116,"2":0.1673327934,"3":0.0509444102,"4":0.0116325058,"5":0.0021249074,"6":0.0003234637,"7":0.000042205,"8":0.0000048185,"9":0.000000489},"gamba-osaka":{"0":0.3643691679,"1":0.3678626403,"2":0.1856948036,"3":0.0624917316,"4":0.0157727213,"5":0.0031847892,"6":0.0005358873,"7":0.0000772893,"8":0.0000097538,"9":0.0000010941}}