{"sanfrecce-hiroshima":{"0":0.4263652028,"1":0.3634588614,"2":0.1549168917,"3":0.0440201004,"4":0.0093813329,"5":0.0015994404,"6":0.0002272429,"7":0.0000276736,"8":0.0000029488,"9":0.0000002793},"omiya-ardija":{"0":0.4560125722,"1":0.3580769862,"2":0.1405872731,"3":0.0367980111,"4":0.0072237706,"5":0.0011344714,"6":0.0001484711,"7":0.000016655,"8":0.0000016348,"9":0.0000001426}}