{"ventforet-kofu":{"0":0.0156742239,"1":0.0651379633,"2":0.1353481451,"3":0.1874904632,"4":0.1947902969,"5":0.1618994762,"6":0.112135293,"7":0.0665721236,"8":0.0345820355,"9":0.0159682077},"yokohama-fc":{"0":0.6752870295,"1":0.2651294713,"2":0.0520472284,"3":0.00681155,"4":0.0006685834,"5":0.0000524995,"6":0.0000034354,"7":0.0000001927,"8":0.0000000095,"9":0.0000000004}}