{"fc-tokyo":{"0":0.30903344,"1":0.3628997572,"2":0.2130776427,"3":0.083406103,"4":0.0244860674,"5":0.0057508261,"6":0.0011255381,"7":0.000188818,"8":0.0000277163,"9":0.0000036164},"kashima-antlers":{"0":0.0677294666,"1":0.1823435689,"2":0.2454557725,"3":0.2202747872,"4":0.1482578146,"5":0.0798289441,"6":0.0358196988,"7":0.0137764298,"8":0.0046361715,"9":0.0013868509}}