{"gamba-osaka":{"0":0.1160370022,"1":0.249925851,"2":0.2691509165,"3":0.1932365554,"4":0.1040504529,"5":0.0448217336,"6":0.0160898531,"7":0.004950724,"8":0.0013328872,"9":0.0003189816},"shimizu-s-pulse":{"0":0.2669337665,"1":0.3525540312,"2":0.2328186998,"3":0.1024987987,"4":0.033843943,"5":0.0089399095,"6":0.0019679046,"7":0.0003713028,"8":0.0000613,"9":0.0000089958}}