{"jef-united":{"0":0.3972947132,"1":0.3667335814,"2":0.169261653,"3":0.0520805086,"4":0.0120185789,"5":0.0022188146,"6":0.0003413561,"7":0.000045014,"8":0.0000051939,"9":0.0000005327},"kashiwa-reysol":{"0":0.130323449,"1":0.2655647641,"2":0.27057542,"3":0.1837870778,"4":0.0936273792,"5":0.0381575734,"6":0.0129591759,"7":0.0037724825,"8":0.0009609153,"9":0.0002175657}}