{"kashima-antlers":{"0":0.4290620009,"1":0.3630524623,"2":0.1535991187,"3":0.0433228283,"4":0.0091644445,"5":0.001550906,"6":0.0002187175,"7":0.0000264384,"8":0.0000027964,"9":0.0000002629},"yokohama-fa-marinos":{"0":0.3748864588,"1":0.3678131294,"2":0.1804366295,"3":0.0590107216,"4":0.0144743279,"5":0.0028402455,"6":0.0004644427,"7":0.0000650971,"8":0.0000079836,"9":0.0000008703}}