{"jubilo-iwata":{"0":0.3678794412,"1":0.3678794412,"2":0.1839397206,"3":0.0613132402,"4":0.01532831,"5":0.003065662,"6":0.0005109437,"7":0.000072992,"8":0.000009124,"9":0.0000010138},"nagoya-grampus-eight":{"0":0.5896053367,"1":0.3114896118,"2":0.0822802748,"3":0.0144896081,"4":0.0019137218,"5":0.0002022046,"6":0.0000178042,"7":0.0000013437,"8":0.0000000887,"9":0.0000000052}}