{"omiya-ardija":{"0":0.6384461479,"1":0.2864822458,"2":0.0642748628,"3":0.0096137615,"4":0.0010784668,"5":0.0000967855,"6":0.0000072382,"7":0.000000464,"8":0.000000026,"9":0.0000000013},"urawa-red-diamonds":{"0":0.2498755081,"1":0.3465254688,"2":0.2402794524,"3":0.111072577,"4":0.0385086529,"5":0.0106807018,"6":0.0024686528,"7":0.0004890727,"8":0.0000847803,"9":0.0000130636}}