{"kawasaki-frontale":{"0":0.1988141887,"1":0.3211613818,"2":0.2593995776,"3":0.1396766956,"4":0.0564078963,"5":0.0182240896,"6":0.0049064857,"7":0.0011322659,"8":0.0002286306,"9":0.0000410363},"fc-tokyo":{"0":0.6438744197,"1":0.2834667257,"2":0.0623983358,"3":0.0091569885,"4":0.0010078446,"5":0.000088741,"6":0.0000065114,"7":0.0000004095,"8":0.0000000225,"9":0.0000000011}}