{"yokohama-fc":{"0":0.3793747526,"1":0.3677016833,"2":0.1781938927,"3":0.0575703346,"4":0.0139497349,"5":0.0027041025,"6":0.0004368166,"7":0.0000604823,"8":0.0000073277,"9":0.0000007891},"vissel-kobe":{"0":0.2498755081,"1":0.3465254688,"2":0.2402794524,"3":0.111072577,"4":0.0385086529,"5":0.0106807018,"6":0.0024686528,"7":0.0004890727,"8":0.0000847803,"9":0.0000130636}}