{"oita-trinita":{"0":0.3227848648,"1":0.3649951933,"2":0.206362667,"3":0.0777828514,"4":0.0219886138,"5":0.0049728096,"6":0.0009371833,"7":0.0001513912,"8":0.0000213986,"9":0.0000026885},"sanfrecce-hiroshima":{"0":0.130323449,"1":0.2655647641,"2":0.27057542,"3":0.1837870778,"4":0.0936273792,"5":0.0381575734,"6":0.0129591759,"7":0.0037724825,"8":0.0009609153,"9":0.0002175657}}