{"albirex-niigata":{"0":0.2180399616,"1":0.3320916338,"2":0.2529005519,"3":0.1283956648,"4":0.0488891185,"5":0.0148923776,"6":0.0037803728,"7":0.0008225427,"8":0.0001565995,"9":0.0000265014},"ventforet-kofu":{"0":0.229535377,"1":0.3378067812,"2":0.2485748013,"3":0.1219423554,"4":0.0448655836,"5":0.0132057189,"6":0.0032391386,"7":0.0006810049,"8":0.0001252792,"9":0.0000204859}}