{"urawa-red-diamonds":{"0":0.1924899159,"1":0.3171678503,"2":0.261300559,"3":0.1435159797,"4":0.059118233,"5":0.0194819586,"6":0.0053501079,"7":0.0012593478,"8":0.0002593802,"9":0.0000474871},"gamba-osaka":{"0":0.2201981374,"1":0.3332098799,"2":0.252111179,"3":0.1271671908,"4":0.048108223,"5":0.0145597373,"6":0.0036720325,"7":0.0007938029,"8":0.0001501506,"9":0.0000252458}}