{"yokohama-fa-marinos":{"0":0.4188134561,"1":0.3645057772,"2":0.1586200964,"3":0.0460172587,"4":0.0100125464,"5":0.0017428432,"6":0.000252808,"7":0.0000314323,"8":0.0000034196,"9":0.0000003307},"nagoya-grampus-eight":{"0":0.3345627326,"1":0.3663230657,"2":0.2005492176,"3":0.0731958435,"4":0.0200360972,"5":0.0043876283,"6":0.0008006916,"7":0.0001252431,"8":0.0000171416,"9":0.0000020854}}