{"kashima-antlers":{"0":0.0950030622,"1":0.2236225926,"2":0.2631865898,"3":0.2065002474,"4":0.1215174533,"5":0.057206678,"6":0.0224426198,"7":0.0075466392,"8":0.0022204535,"9":0.000580734},"jubilo-iwata":{"0":0.5382916105,"1":0.3333935136,"2":0.1032444429,"3":0.0213149818,"4":0.0033003843,"5":0.0004088218,"6":0.000042201,"7":0.0000037339,"8":0.0000002891,"9":0.0000000199}}