{"shimizu-s-pulse":{"0":0.1517206488,"1":0.2861017949,"2":0.2697531209,"3":0.1695591046,"4":0.0799350064,"5":0.0301469167,"6":0.0094747453,"7":0.0025523804,"8":0.0006016325,"9":0.0001260563},"albirex-niigata":{"0":0.4981897783,"1":0.347125781,"2":0.1209341431,"3":0.02808793,"4":0.0048927362,"5":0.0006818265,"6":0.0000791798,"7":0.0000078815,"8":0.0000006865,"9":0.0000000531}}