{"kashiwa-reysol":{"0":0.1264773159,"1":0.2615161732,"2":0.2703674899,"3":0.186345593,"4":0.0963263373,"5":0.0398346453,"6":0.0137276316,"7":0.0040549312,"8":0.0010480438,"9":0.0002407813},"oita-trinita":{"0":0.8051117482,"1":0.1745274499,"2":0.0189165236,"3":0.0013668714,"4":0.0000740756,"5":0.0000032115,"6":0.000000116,"7":0.0000000036,"8":0.0000000001,"9":0.0}}