{"vissel-kobe":{"0":0.3720872508,"1":0.3678554679,"2":0.1818359067,"3":0.0599226234,"4":0.0148102794,"5":0.0029283682,"6":0.0004825106,"7":0.0000681461,"8":0.0000084214,"9":0.0000009251},"omiya-ardija":{"0":0.4973741603,"1":0.3473724294,"2":0.1213046579,"3":0.0282402378,"4":0.0049308352,"5":0.0006887516,"6":0.0000801721,"7":0.000007999,"8":0.0000006983,"9":0.0000000542}}