{"sanfrecce-hiroshima":{"0":0.0976706821,"1":0.2271970327,"2":0.2642476258,"3":0.2048935437,"4":0.1191534762,"5":0.0554338634,"6":0.0214912824,"7":0.0071417185,"8":0.002076592,"9":0.0005367192},"yokohama-fc":{"0":0.8304343086,"1":0.1543000522,"2":0.0143349726,"3":0.0008878435,"4":0.0000412418,"5":0.0000015326,"6":0.0000000475,"7":0.0000000013,"8":0.0,"9":0.0}}