{"fc-tokyo":{"0":0.4532965231,"1":0.3586521941,"2":0.1418843845,"3":0.0374200574,"4":0.0074017696,"5":0.001171269,"6":0.0001544531,"7":0.0000174578,"8":0.0000017266,"9":0.0000001518},"jef-united":{"0":0.3028644158,"1":0.3617624727,"2":0.2160572187,"3":0.0860246253,"4":0.0256884595,"5":0.0061368191,"6":0.0012217078,"7":0.0002084705,"8":0.0000311265,"9":0.0000041311}}