{"ventforet-kofu":{"0":0.1096978229,"1":0.2424350142,"2":0.267893813,"3":0.1973507424,"4":0.109037556,"5":0.0481951615,"6":0.0177520914,"7":0.0056046542,"8":0.0015483038,"9":0.000380199},"kawasaki-frontale":{"0":0.0912130023,"1":0.2184148082,"2":0.2615034438,"3":0.2087283724,"4":0.1249530393,"5":0.0598414555,"6":0.0238823043,"7":0.0081696512,"8":0.0024453378,"9":0.0006506114}}