{"nagoya-grampus-eight":{"0":0.3688337323,"1":0.3678782045,"2":0.1834625761,"3":0.0609957615,"4":0.0152094353,"5":0.0030340065,"6":0.0005043577,"7":0.0000718644,"8":0.0000089598,"9":0.000000993},"urawa-red-diamonds":{"0":0.4076134837,"1":0.3658069726,"2":0.1641441544,"3":0.0491029522,"4":0.011016688,"5":0.0019773543,"6":0.0002957581,"7":0.0000379177,"8":0.0000042536,"9":0.0000004241}}