{"jef-united":{"0":0.1355357799,"1":0.2708709147,"2":0.2706704181,"3":0.1803133799,"4":0.0900899567,"5":0.0360093091,"6":0.0119942184,"7":0.003424383,"8":0.0008554621,"9":0.000189962},"sanfrecce-hiroshima":{"0":0.1383426116,"1":0.2736447262,"2":0.2706376413,"3":0.1784424009,"4":0.0882407477,"5":0.0349084277,"6":0.0115082729,"7":0.0032519452,"8":0.0008040524,"9":0.0001767148}}