{"gamba-osaka":{"0":0.1955137925,"1":0.3191028219,"2":0.2604077433,"3":0.1416726064,"4":0.0578068278,"5":0.0188695863,"6":0.0051329185,"7":0.0011967945,"8":0.0002441647,"9":0.0000442786},"kashiwa-reysol":{"0":0.2673408697,"1":0.3526843012,"2":0.232635991,"3":0.1023001858,"4":0.0337393882,"5":0.0089020078,"6":0.0019573004,"7":0.0003688759,"8":0.000060829,"9":0.0000089164}}