{"yokohama-fa-marinos":{"0":0.3706350796,"1":0.3678691461,"2":0.182561927,"3":0.0603998415,"4":0.0149872741,"5":0.0029750858,"6":0.0004921473,"7":0.0000697821,"8":0.0000086577,"9":0.0000009548},"fc-tokyo":{"0":0.3785639957,"1":0.3677257627,"2":0.1785989134,"3":0.0578285507,"4":0.0140432319,"5":0.0027282352,"6":0.0004416877,"7":0.0000612918,"8":0.0000074421,"9":0.0000008032}}