{"jubilo-iwata":{"0":0.1712705551,"1":0.3022087406,"2":0.2666252902,"3":0.1568210662,"4":0.0691781155,"5":0.0244131061,"6":0.0071795315,"7":0.0018097658,"8":0.0003991689,"9":0.0000782598},"vissel-kobe":{"0":0.4422186127,"1":0.360828684,"2":0.1472092484,"3":0.0400385072,"4":0.0081673642,"5":0.0013328337,"6":0.0001812545,"7":0.0000211278,"8":0.0000021549,"9":0.0000001954}}