{"omiya-ardija":{"0":0.2179878259,"1":0.3320643566,"2":0.252919484,"3":0.1284254375,"4":0.0489081329,"5":0.0149005089,"6":0.0037830308,"7":0.0008232502,"8":0.0001567588,"9":0.0000265326},"yokohama-fc":{"0":0.6242815277,"1":0.2941326429,"2":0.069290863,"3":0.0108822189,"4":0.0012817998,"5":0.000120785,"6":0.0000094847,"7":0.0000006384,"8":0.0000000376,"9":0.000000002}}