{"ventforet-kofu":{"0":0.2709829211,"1":0.3538222597,"2":0.2309927706,"3":0.1005357136,"4":0.0328173573,"5":0.0085699213,"6":0.001864957,"7":0.0003478676,"8":0.0000567763,"9":0.000008237},"shimizu-s-pulse":{"0":0.0994905805,"1":0.2295936473,"2":0.2649157469,"3":0.2037813438,"4":0.1175661599,"5":0.0542613045,"6":0.0208697325,"7":0.0068801316,"8":0.0019846533,"9":0.0005088855}}