{"oita-trinita":{"0":0.3190246053,"1":0.3644814791,"2":0.2082076843,"3":0.0792915274,"4":0.0226473858,"5":0.005174869,"6":0.0009853701,"7":0.0001608247,"8":0.0000229675,"9":0.0000029156},"kawasaki-frontale":{"0":0.0853548932,"1":0.2100530576,"2":0.2584637232,"3":0.2120210229,"4":0.1304426215,"5":0.0642022278,"6":0.026332945,"7":0.009257676,"8":0.0028478202,"9":0.0007787008}}