{"albirex-niigata":{"0":0.2113152584,"1":0.3284693135,"2":0.2552870312,"3":0.1322730732,"4":0.0514014533,"5":0.0159797264,"6":0.0041398255,"7":0.0009192803,"8":0.0001786166,"9":0.0000308492},"kashima-antlers":{"0":0.0789878261,"1":0.2005075585,"2":0.2544903628,"3":0.2153379993,"4":0.1366568072,"5":0.0693796098,"6":0.0293529118,"7":0.0106444625,"8":0.0033775698,"9":0.0009526479}}