{"kashima-antlers":{"0":0.3197068243,"1":0.3645779575,"2":0.2078733968,"3":0.0790162035,"4":0.0225265492,"5":0.005137634,"6":0.0009764509,"7":0.000159071,"8":0.0000226746,"9":0.000002873},"ventforet-kofu":{"0":0.5817778142,"1":0.3151296494,"2":0.0853476134,"3":0.0154099857,"4":0.0020867689,"5":0.0002260666,"6":0.0000204088,"7":0.0000015793,"8":0.0000001069,"9":0.0000000064}}