{"jef-united":{"0":0.2509793704,"1":0.3469499997,"2":0.2398091566,"3":0.110502823,"4":0.0381893483,"5":0.0105584729,"6":0.0024326449,"7":0.0004804072,"8":0.0000830134,"9":0.0000127507},"gamba-osaka":{"0":0.0752654039,"1":0.1946916314,"2":0.2518077988,"3":0.2171199898,"4":0.1404079526,"5":0.0726396244,"6":0.0313165728,"7":0.0115725236,"8":0.003741881,"9":0.0010754726}}