{"urawa-red-diamonds":{"0":0.457969642,"1":0.3576524823,"2":0.1396547788,"3":0.0363545773,"4":0.0070977984,"5":0.0011086085,"6":0.0001442951,"7":0.0000160982,"8":0.0000015715,"9":0.0000001364},"yokohama-fa-marinos":{"0":0.1534645452,"1":0.2876364048,"2":0.2695564022,"3":0.1684085713,"4":0.0789114448,"5":0.0295805187,"6":0.0092403906,"7":0.0024741617,"8":0.0005796607,"9":0.0001207167}}