{"sanfrecce-hiroshima":{"0":0.5044883527,"1":0.3451762413,"2":0.1180866089,"3":0.0269320336,"4":0.0046067952,"5":0.0006304036,"6":0.0000718881,"7":0.0000070267,"8":0.000000601,"9":0.0000000457},"shimizu-s-pulse":{"0":0.1969116752,"1":0.3199814722,"2":0.2599849462,"3":0.1408251792,"4":0.057210229,"5":0.0185933244,"6":0.005035692,"7":0.0011689999,"8":0.0002374531,"9":0.0000428735}}