{"jubilo-iwata":{"0":0.2318710052,"1":0.3388966497,"2":0.2476612785,"3":0.1206584346,"4":0.04408781,"5":0.01288752,"6":0.0031393442,"7":0.0006554834,"8":0.0001197547,"9":0.0000194478},"albirex-niigata":{"0":0.5049310805,"1":0.3450362383,"2":0.1178873814,"3":0.0268521258,"4":0.0045872382,"5":0.0006269225,"6":0.0000713995,"7":0.00000697,"8":0.0000005954,"9":0.0000000452}}