{"vissel-kobe":{"0":0.4501179524,"1":0.3593046813,"2":0.143406693,"3":0.0381579212,"4":0.0076148483,"5":0.0012157039,"6":0.0001617384,"7":0.0000184439,"8":0.0000018403,"9":0.0000001632},"kashiwa-reysol":{"0":0.4054418667,"1":0.3660239074,"2":0.1652191249,"3":0.0497187181,"4":0.0112212385,"5":0.0020260569,"6":0.0003048465,"7":0.0000393155,"8":0.0000044366,"9":0.000000445}}