{"fc-tokyo":{"0":0.4804256934,"1":0.3521917678,"2":0.1290928472,"3":0.0315452446,"4":0.0057813183,"5":0.0008476369,"6":0.0001035647,"7":0.0000108459,"8":0.0000009939,"9":0.000000081},"nagoya-grampus-eight":{"0":0.2254665804,"1":0.3358512604,"2":0.25013922,"3":0.124201071,"4":0.0462519613,"5":0.0137792302,"6":0.0034208853,"7":0.0007279562,"8":0.0001355439,"9":0.0000224338}}