{"kawasaki-frontale":{"0":0.0960528092,"1":0.2250380101,"2":0.2636159547,"3":0.2058715075,"4":0.120581883,"5":0.0565012252,"6":0.0220623832,"7":0.0073841446,"8":0.0021624995,"9":0.0005629364},"omiya-ardija":{"0":0.68738747,"1":0.257672103,"2":0.0482951142,"3":0.0060345895,"4":0.0005655272,"5":0.0000423984,"6":0.0000026489,"7":0.0000001419,"8":0.0000000066,"9":0.0000000003}}