{"yokohama-fc":{"0":0.3733409664,"1":0.3678390995,"2":0.1812091564,"3":0.0595129019,"4":0.0146589674,"5":0.0028885881,"6":0.0004743366,"7":0.0000667638,"8":0.0000082225,"9":0.0000009001},"oita-trinita":{"0":0.5053520317,"1":0.3449027617,"2":0.1176980674,"3":0.0267763103,"4":0.004568708,"5":0.0006236286,"6":0.0000709378,"7":0.0000069164,"8":0.0000005901,"9":0.0000000447}}