{"urawa-red-diamonds":{"0":0.0715424437,"1":0.1886906474,"2":0.2488324314,"3":0.2187622254,"4":0.1442443947,"5":0.0760878908,"6":0.0334465171,"7":0.0126019997,"8":0.0041546657,"9":0.0012175314},"sanfrecce-hiroshima":{"0":0.2630771203,"1":0.3512889983,"2":0.2345395148,"3":0.1043941679,"4":0.0348495934,"5":0.0093069886,"6":0.0020712828,"7":0.0003951144,"8":0.0000659499,"9":0.0000097848}}