{"shimizu-s-pulse":{"0":0.3064525623,"1":0.3624390882,"2":0.2143269608,"3":0.0844942826,"4":0.0249826845,"5":0.0059093658,"6":0.0011648269,"7":0.0001968045,"8":0.0000290949,"9":0.0000038234},"fc-tokyo":{"0":0.5658397068,"1":0.3222142775,"2":0.0917415651,"3":0.0174139082,"4":0.0024790633,"5":0.0002823378,"6":0.0000267959,"7":0.0000021798,"8":0.0000001552,"9":0.0000000098}}