{"nagoya-grampus-eight":{"0":0.1683750307,"1":0.2999704659,"2":0.2672079108,"3":0.1586824387,"4":0.0706756294,"5":0.0251825955,"6":0.0074773903,"7":0.0019030615,"8":0.0004238026,"9":0.0000838923},"kawasaki-frontale":{"0":0.2955994354,"1":0.3602618119,"2":0.2195345416,"3":0.0891859075,"4":0.0271738312,"5":0.0066236214,"6":0.0013454231,"7":0.0002342478,"8":0.0000356862,"9":0.0000048325}}