{"gamba-osaka":{"0":0.0333344864,"1":0.1133760147,"2":0.1928051413,"3":0.2185872242,"4":0.1858626834,"5":0.1264298486,"6":0.0716680828,"7":0.0348221166,"8":0.0148044609,"9":0.0055947091},"yokohama-fc":{"0":0.7059475855,"1":0.2458210342,"2":0.0427991979,"3":0.004967764,"4":0.0004324616,"5":0.0000301179,"6":0.0000017479,"7":0.0000000869,"8":0.0000000038,"9":0.0000000001}}