{"yokohama-fa-marinos":{"0":0.2012101659,"1":0.3226214496,"2":0.2586464736,"3":0.1382383769,"4":0.0554130371,"5":0.0177699116,"6":0.0047487285,"7":0.0010877338,"8":0.0002180098,"9":0.0000388398},"jef-united":{"0":0.4612525645,"1":0.3569216273,"2":0.1380946772,"3":0.0356196588,"4":0.0068907078,"5":0.0010664191,"6":0.0001375342,"7":0.0000152036,"8":0.0000014706,"9":0.0000001264}}