{"kashiwa-reysol":{"0":0.2737113861,"1":0.3546426597,"2":0.2297518892,"3":0.0992283907,"4":0.0321420867,"5":0.0083291786,"6":0.0017986598,"7":0.0003329271,"8":0.0000539209,"9":0.0000077627},"omiya-ardija":{"0":0.8904116202,"1":0.1033513488,"2":0.0059980693,"3":0.0002320682,"4":0.0000067341,"5":0.0000001563,"6":0.000000003,"7":0.0000000001,"8":0.0,"9":0.0}}