{"ventforet-kofu":{"0":0.0894873709,"1":0.2159918882,"2":0.2606652497,"3":0.2097189018,"4":0.1265474143,"5":0.06108843,"6":0.0245744273,"7":0.0084734653,"8":0.0025565057,"9":0.0006856144},"jubilo-iwata":{"0":0.2451918568,"1":0.3446696959,"2":0.2422535577,"3":0.1135130956,"4":0.039891745,"5":0.0112152792,"6":0.0026275797,"7":0.0005276609,"8":0.0000927176,"9":0.0000144816}}