{"oita-trinita":{"0":0.3680540813,"1":0.3678793997,"2":0.1838524005,"3":0.0612550475,"4":0.0153064938,"5":0.0030598459,"6":0.0005097323,"7":0.0000727843,"8":0.0000090937,"9":0.0000010099},"kashima-antlers":{"0":0.1904885359,"1":0.3158610927,"2":0.2618746304,"3":0.1447436307,"4":0.0600021428,"5":0.0198986698,"6":0.0054992072,"7":0.0013026548,"8":0.0002700018,"9":0.0000497452}}