{"albirex-niigata":{"0":0.1511420911,"1":0.2855882536,"2":0.2698144838,"3":0.1699412931,"4":0.0802775004,"5":0.0303374275,"6":0.0095539379,"7":0.0025789284,"8":0.0006091219,"9":0.0001278841},"vissel-kobe":{"0":0.0396592703,"1":0.1279975407,"2":0.2065515869,"3":0.222210301,"4":0.1792920788,"5":0.1157305467,"6":0.0622520504,"7":0.0287020242,"8":0.0115792238,"9":0.004152349}}