{"kashima-antlers":{"0":0.293287993,"1":0.359747123,"2":0.220632954,"3":0.0902094782,"4":0.0276627419,"5":0.0067862252,"6":0.0013873309,"7":0.0002431001,"8":0.0000372733,"9":0.0000050799},"sanfrecce-hiroshima":{"0":0.2943690478,"1":0.3599901004,"2":0.2201197329,"3":0.0897296838,"4":0.0274330794,"5":0.006709698,"6":0.0013675718,"7":0.0002389189,"8":0.0000365224,"9":0.0000049627}}