{"gamba-osaka":{"0":0.329842732,"1":0.3658415395,"2":0.2028846159,"3":0.0750091008,"4":0.0207988855,"5":0.0046137723,"6":0.000852886,"7":0.0001351385,"8":0.0000187359,"9":0.000002309},"nagoya-grampus-eight":{"0":0.4555893051,"1":0.3581676927,"2":0.1407891874,"3":0.0368944411,"4":0.0072512659,"5":0.0011401362,"6":0.0001493889,"7":0.0000167777,"8":0.0000016488,"9":0.000000144}}