{"jef-united":{"0":0.1217392494,"1":0.2563674984,"2":0.2699388017,"3":0.1894856853,"4":0.0997582361,"5":0.0420156516,"6":0.0147466101,"7":0.0044363572,"8":0.0011678011,"9":0.0002732491},"ventforet-kofu":{"0":0.3254817197,"1":0.3653366242,"2":0.2050358605,"3":0.0767140975,"4":0.0215269151,"5":0.0048325728,"6":0.0009040527,"7":0.0001449647,"8":0.0000203394,"9":0.0000025367}}