{"shimizu-s-pulse":{"0":0.4454156392,"1":0.3602287455,"2":0.1456670328,"3":0.0392692786,"4":0.0079397319,"5":0.0012842475,"6":0.0001731053,"7":0.0000199998,"8":0.0000020218,"9":0.0000001817},"yokohama-fa-marinos":{"0":0.192588448,"1":0.3172316455,"2":0.2612719452,"3":0.1434556952,"4":0.0590750467,"5":0.0194616805,"6":0.0053428793,"7":0.0012572556,"8":0.0002588689,"9":0.0000473788}}