{"vissel-kobe":{"0":0.1633934468,"1":0.2960026209,"2":0.2681183161,"3":0.1619071957,"4":0.0733275343,"5":0.0265679472,"6":0.0080217232,"7":0.0020760153,"8":0.0004701122,"9":0.0000946281},"oita-trinita":{"0":0.6381152953,"1":0.2866645532,"2":0.0643900614,"3":0.0096421176,"4":0.0010828973,"5":0.0000972954,"6":0.0000072848,"7":0.0000004675,"8":0.0000000263,"9":0.0000000013}}