{"fc-tokyo":{"0":0.4225304194,"1":0.3640073519,"2":0.156795045,"3":0.0450259883,"4":0.0096974028,"5":0.0016708506,"6":0.0002399046,"7":0.0000295252,"8":0.0000031795,"9":0.0000003043},"urawa-red-diamonds":{"0":0.1059383499,"1":0.2378207854,"2":0.2669416979,"3":0.1997522909,"4":0.1121058776,"5":0.0503332512,"6":0.0188321688,"7":0.006039471,"8":0.0016947495,"9":0.0004227266}}