{"kawasaki-frontale":{"0":0.0973743406,"1":0.2268035884,"2":0.2641346138,"3":0.2050734579,"4":0.1194138924,"5":0.0556275896,"6":0.0215945612,"7":0.007185413,"8":0.0020920263,"9":0.0005414147},"kashiwa-reysol":{"0":0.4307109518,"1":0.3627956131,"2":0.1527946484,"3":0.0429005639,"4":0.0090339799,"5":0.0015218969,"6":0.0002136535,"7":0.0000257092,"8":0.0000027069,"9":0.0000002533}}