{"omiya-ardija":{"0":0.4829352604,"1":0.3515153778,"2":0.1279292184,"3":0.0310387273,"4":0.0056480603,"5":0.0008222138,"6":0.0000997445,"7":0.0000103716,"8":0.0000009437,"9":0.0000000763},"albirex-niigata":{"0":0.3075107346,"1":0.3626305833,"2":0.2138152024,"3":0.0840468563,"4":0.0247779647,"5":0.0058438596,"6":0.0011485573,"7":0.0001934901,"8":0.0000285215,"9":0.0000037371}}