{"yokohama-fc":{"0":0.2741730345,"1":0.3547787713,"2":0.2295411305,"3":0.0990084241,"4":0.0320291227,"5":0.0082891104,"6":0.0017876791,"7":0.0003304642,"8":0.0000534524,"9":0.0000076852},"jubilo-iwata":{"0":0.1658046165,"1":0.2979418085,"2":0.2676925503,"3":0.1603429472,"4":0.0720318721,"5":0.0258874652,"6":0.0077530594,"7":0.0019902604,"8":0.0004470486,"9":0.000089258}}