{"urawa-red-diamonds":{"0":0.1690516448,"1":0.3004979237,"2":0.2670751954,"3":0.1582465954,"4":0.0703228493,"5":0.0250004905,"6":0.0074066079,"7":0.0018808033,"8":0.000417903,"9":0.0000825382},"vissel-kobe":{"0":0.2105273859,"1":0.3280310432,"2":0.2555590685,"3":0.1327322294,"4":0.0517038335,"5":0.0161123574,"6":0.0041842169,"7":0.0009313705,"8":0.0001814007,"9":0.0000314053}}