{"nagoya-grampus-eight":{"0":0.269105156,"1":0.3532417068,"2":0.2318419039,"3":0.1014426616,"4":0.0332897551,"5":0.0087395798,"6":0.001912006,"7":0.0003585429,"8":0.0000588303,"9":0.0000085804},"shimizu-s-pulse":{"0":0.2758632454,"1":0.3552704871,"2":0.2287675526,"3":0.0982060994,"4":0.0316186819,"5":0.008144024,"6":0.0017480469,"7":0.0003216032,"8":0.0000517721,"9":0.0000074083}}