{"yokohama-fa-marinos":{"0":0.43279115,"1":0.3624625881,"2":0.1517812088,"3":0.0423722541,"4":0.0088716907,"5":0.0014860082,"6":0.000207422,"7":0.0000248166,"8":0.000002598,"9":0.0000002418},"gamba-osaka":{"0":0.1638908179,"1":0.2964055283,"2":0.268032823,"3":0.1615840177,"4":0.0730583884,"5":0.0264260201,"6":0.0079654843,"7":0.0020580021,"8":0.0004652512,"9":0.0000934925}}