{"kashiwa-reysol":{"0":0.3022718287,"1":0.3616466522,"2":0.2163421937,"3":0.0862793273,"4":0.0258067631,"5":0.0061751897,"6":0.0012313622,"7":0.0002104624,"8":0.0000314754,"9":0.0000041842},"kashima-antlers":{"0":0.7161346699,"1":0.2391080875,"2":0.0399175462,"3":0.0044426505,"4":0.0003708359,"5":0.0000247635,"6":0.000001378,"7":0.0000000657,"8":0.0000000027,"9":0.0000000001}}