{"sanfrecce-hiroshima":{"0":0.2881466537,"1":0.3585367648,"2":0.2230610872,"3":0.0925172414,"4":0.0287794705,"5":0.0071619768,"6":0.0014852576,"7":0.0002640121,"8":0.0000410633,"9":0.0000056772},"kawasaki-frontale":{"0":0.2164673363,"1":0.3312633448,"2":0.2534687345,"3":0.1292957208,"4":0.0494658151,"5":0.0151396618,"6":0.0038614102,"7":0.000844168,"8":0.0001614804,"9":0.0000274573}}