{"jubilo-iwata":{"0":0.2881466537,"1":0.3585367648,"2":0.2230610872,"3":0.0925172414,"4":0.0287794705,"5":0.0071619768,"6":0.0014852576,"7":0.0002640121,"8":0.0000410633,"9":0.0000056772},"omiya-ardija":{"0":0.658784503,"1":0.2749495123,"2":0.0573762998,"3":0.007982168,"4":0.000832857,"5":0.00006952,"6":0.0000048358,"7":0.0000002883,"8":0.000000015,"9":0.0000000007}}