{"fc-tokyo":{"0":0.2214629438,"1":0.3338553878,"2":0.2516434986,"3":0.126450858,"4":0.0476561671,"5":0.0143683344,"6":0.003610044,"7":0.0007774488,"8":0.0001465005,"9":0.0000245388},"ventforet-kofu":{"0":0.2557967505,"1":0.3487461512,"2":0.237735385,"3":0.1080405965,"4":0.0368248835,"5":0.0100412037,"6":0.0022816495,"7":0.000444391,"8":0.0000757338,"9":0.0000114726}}