{"oita-trinita":{"0":0.2061222758,"1":0.3255259656,"2":0.2570492536,"3":0.1353180713,"4":0.0534264742,"5":0.0168751335,"6":0.0044417762,"7":0.0010021191,"8":0.000197829,"9":0.0000347143},"jef-united":{"0":0.5128488655,"1":0.3424671826,"2":0.114345355,"3":0.0254522883,"4":0.0042490946,"5":0.0005674871,"6":0.0000631589,"7":0.0000060251,"8":0.0000005029,"9":0.0000000373}}