{"albirex-niigata":{"0":0.0710687797,"1":0.187913468,"2":0.2484316715,"3":0.2189599857,"4":0.1447384156,"5":0.0765407757,"6":0.0337303353,"7":0.0127409458,"8":0.0042110532,"9":0.001237164},"yokohama-fc":{"0":0.5128488655,"1":0.3424671826,"2":0.114345355,"3":0.0254522883,"4":0.0042490946,"5":0.0005674871,"6":0.0000631589,"7":0.0000060251,"8":0.0000005029,"9":0.0000000373}}