{"shimizu-s-pulse":{"0":0.4464664697,"1":0.3600265329,"2":0.1451610739,"3":0.0390188601,"4":0.0078661142,"5":0.0012686327,"6":0.0001705023,"7":0.0000196416,"8":0.0000019799,"9":0.0000001774},"urawa-red-diamonds":{"0":0.2142305913,"1":0.3300655679,"2":0.2542663922,"3":0.1305829396,"4":0.0502973593,"5":0.0154986516,"6":0.0039798014,"7":0.0008759556,"8":0.0001686984,"9":0.0000288793}}