{"gamba-osaka":{"0":0.1561180453,"1":0.2899335127,"2":0.2692239761,"3":0.1666624614,"4":0.0773789999,"5":0.0287407714,"6":0.0088959531,"7":0.0023601508,"8":0.0005478922,"9":0.0001130571},"fc-tokyo":{"0":0.4013149378,"1":0.3664040613,"2":0.1672650623,"3":0.0509048234,"4":0.0116191377,"5":0.0021216749,"6":0.0003228513,"7":0.0000421094,"8":0.0000048058,"9":0.0000004875}}