{"kashima-antlers":{"0":0.3858213068,"1":0.3674488636,"2":0.1749756494,"3":0.0555478252,"4":0.0132256727,"5":0.0025191757,"6":0.0003998692,"7":0.000054404,"8":0.0000064767,"9":0.0000006854},"nagoya-grampus-eight":{"0":0.573989407,"1":0.3186469691,"2":0.0884475303,"3":0.0163670485,"4":0.0022715186,"5":0.0002522041,"6":0.0000233349,"7":0.0000018506,"8":0.0000001284,"9":0.0000000079}}