{"jef-united":{"0":0.171361441,"1":0.3022781998,"2":0.2666063892,"3":0.1567628029,"4":0.0691316226,"5":0.0243893636,"6":0.0071703927,"7":0.0018069187,"8":0.0003984211,"9":0.0000780897},"albirex-niigata":{"0":0.1741991897,"1":0.3044228159,"2":0.2659979388,"3":0.1549487528,"4":0.0676954004,"5":0.0236602988,"6":0.0068912823,"7":0.0017204144,"8":0.000375815,"9":0.0000729731}}