{"vissel-kobe":{"0":0.1381626992,"1":0.2734686509,"2":0.2706414374,"3":0.1785623018,"4":0.0883581315,"5":0.0349778618,"6":0.0115387495,"7":0.0032627023,"8":0.0008072428,"9":0.0001775327},"sanfrecce-hiroshima":{"0":0.1457477497,"1":0.2806923692,"2":0.2702896143,"3":0.173514931,"4":0.0835421424,"5":0.032178393,"6":0.0103286093,"7":0.0028416629,"8":0.000684087,"9":0.0001463853}}