{"omiya-ardija":{"0":0.564718122,"1":0.3226960697,"2":0.0921988771,"3":0.0175616909,"4":0.002508813,"5":0.0002867215,"6":0.0000273068,"7":0.0000022291,"8":0.0000001592,"9":0.0000000101},"yokohama-fa-marinos":{"0":0.2181261723,"1":0.3321367116,"2":0.2528692316,"3":0.128346443,"4":0.0488576922,"5":0.0148789419,"6":0.0037759819,"7":0.000821374,"8":0.0001563364,"9":0.0000264501}}