{"ventforet-kofu":{"0":0.1331901539,"1":0.2685083459,"2":0.2706533844,"3":0.1818770393,"4":0.0916650022,"5":0.0369589154,"6":0.0124180566,"7":0.0035763603,"8":0.0009012327,"9":0.0002018739},"oita-trinita":{"0":0.1657149669,"1":0.2978703385,"2":0.2677088866,"3":0.1604009949,"4":0.072079637,"5":0.0259124282,"6":0.0077628713,"7":0.001993379,"8":0.0004478839,"9":0.0000894517}}