{"kawasaki-frontale":{"0":0.036033426,"1":0.1197501827,"2":0.1989833863,"3":0.2204277112,"4":0.1831373089,"5":0.1217243467,"6":0.0674212547,"7":0.0320088019,"8":0.0132968895,"9":0.0049099625},"jubilo-iwata":{"0":0.3683935982,"1":0.367879082,"2":0.1836826422,"3":0.0611420341,"4":0.01526416,"5":0.0030485683,"6":0.0005073851,"7":0.0000723823,"8":0.0000090352,"9":0.0000010025}}