{"yokohama-fc":{"0":0.5169679306,"1":0.3410822249,"2":0.1125186663,"3":0.0247456465,"4":0.0040816362,"5":0.0005385919,"6":0.0000592249,"7":0.0000055821,"8":0.0000004604,"9":0.0000000337},"kashiwa-reysol":{"0":0.2769499167,"1":0.355581148,"2":0.228268624,"3":0.097692777,"4":0.0313573933,"5":0.0080520681,"6":0.0017230333,"7":0.0003160335,"8":0.0000507202,"9":0.0000072356}}