{"kashima-antlers":{"0":0.1724394272,"1":0.3030983764,"2":0.2663794101,"3":0.1560725178,"4":0.0685825271,"5":0.0241096285,"6":0.0070629528,"7":0.0017735168,"8":0.0003896659,"9":0.0000761021},"fc-tokyo":{"0":0.4797279616,"1":0.3523774975,"2":0.1294169933,"3":0.0316871504,"4":0.0058188388,"5":0.0008548294,"6":0.0001046505,"7":0.0000109814,"8":0.0000010083,"9":0.0000000823}}