{"nagoya-grampus-eight":{"0":0.113470606,"1":0.2469360324,"2":0.268692511,"3":0.1949105733,"4":0.1060416555,"5":0.0461538131,"6":0.0167400761,"7":0.0052042779,"8":0.0014157011,"9":0.0003423183},"ventforet-kofu":{"0":0.3405070027,"1":0.3668348637,"2":0.1975991921,"3":0.07095916,"4":0.0191114233,"5":0.0041178221,"6":0.0007393684,"7":0.0001137909,"8":0.0000153236,"9":0.0000018343}}