{"jubilo-iwata":{"0":0.4421618466,"1":0.3608391281,"2":0.1472366707,"3":0.0400522661,"4":0.0081714563,"5":0.0013337113,"6":0.0001814024,"7":0.0000211484,"8":0.0000021573,"9":0.0000001956},"urawa-red-diamonds":{"0":0.2036210022,"1":0.3240617754,"2":0.2578713226,"3":0.1368002936,"4":0.0544292405,"5":0.0173247711,"6":0.0045953807,"7":0.0010447892,"8":0.0002078471,"9":0.0000367542}}