{"kashiwa-reysol":{"0":0.3899916478,"1":0.3672278182,"2":0.1728963571,"3":0.0542681297,"4":0.0127751241,"5":0.0024058879,"6":0.000377576,"7":0.000050791,"8":0.0000059783,"9":0.0000006255},"shimizu-s-pulse":{"0":0.6676475627,"1":0.2697261739,"2":0.054483992,"3":0.007337084,"4":0.000741036,"5":0.0000598749,"6":0.0000040315,"7":0.0000002327,"8":0.0000000117,"9":0.0000000005}}