{"kawasaki-frontale":{"0":0.059315189,"1":0.1675588764,"2":0.236667686,"3":0.2228533828,"4":0.1573840658,"5":0.0889185305,"6":0.041864176,"7":0.0168945267,"8":0.0059656471,"9":0.0018724774},"vissel-kobe":{"0":0.2538189604,"1":0.3480198116,"2":0.2385909018,"3":0.1090467008,"4":0.0373794103,"5":0.0102504362,"6":0.0023424536,"7":0.0004588311,"8":0.0000786399,"9":0.0000119806}}