{"omiya-ardija":{"0":0.5988972699,"1":0.3070337876,"2":0.0787027688,"3":0.0134493902,"4":0.0017237586,"5":0.0001767422,"6":0.0000151016,"7":0.000001106,"8":0.0000000709,"9":0.000000004},"gamba-osaka":{"0":0.2799355513,"1":0.3564127895,"2":0.2268916469,"3":0.0962925031,"4":0.0306498045,"5":0.0078046409,"6":0.0016561394,"7":0.0003012271,"8":0.0000479401,"9":0.0000067819}}