{"yokohama-fc":{"0":0.3662623913,"1":0.367875882,"2":0.1847482403,"3":0.0618540364,"4":0.0155316303,"5":0.0031200103,"6":0.0005222925,"7":0.0000749419,"8":0.000009409,"9":0.0000010501},"jef-united":{"0":0.4244509775,"1":0.3637369846,"2":0.1558537982,"3":0.0445200927,"4":0.0095379709,"5":0.0016347295,"6":0.0002334826,"7":0.0000285836,"8":0.0000030619,"9":0.0000002915}}