{"oita-trinita":{"0":0.5412883051,"1":0.3322445104,"2":0.1019663769,"3":0.0208624305,"4":0.0032013568,"5":0.0003930006,"6":0.0000402042,"7":0.0000035254,"8":0.0000002705,"9":0.0000000184},"yokohama-fa-marinos":{"0":0.1831234979,"1":0.3108694432,"2":0.2638651288,"3":0.1493119973,"4":0.0633678064,"5":0.0215145679,"6":0.0060871687,"7":0.0014762206,"8":0.000313253,"9":0.0000590863}}