{"albirex-niigata":{"0":0.029735356,"1":0.1045322208,"2":0.1837372515,"3":0.2153044445,"4":0.189221307,"5":0.1330384167,"6":0.0779476186,"7":0.0391455001,"8":0.0172016019,"9":0.0067189811},"sanfrecce-hiroshima":{"0":0.0668341409,"1":0.1808225244,"2":0.2446113981,"3":0.2206020749,"4":0.1492120027,"5":0.0807398453,"6":0.0364074968,"7":0.014071712,"8":0.0047589496,"9":0.0014306149}}