{"shimizu-s-pulse":{"0":0.4773545378,"1":0.353001675,"2":0.1305216277,"3":0.0321733984,"4":0.0059480232,"5":0.0008797076,"6":0.0001084234,"7":0.0000114541,"8":0.0000010588,"9":0.000000087},"omiya-ardija":{"0":0.7535055706,"1":0.2132562936,"2":0.0301777774,"3":0.0028469601,"4":0.0002014359,"5":0.000011402,"6":0.0000005378,"7":0.0000000217,"8":0.0000000008,"9":0.0}}