{"gamba-osaka":{"0":0.0803785119,"1":0.202634904,"2":0.2554221479,"3":0.2146404604,"4":0.1352776011,"5":0.0682071938,"6":0.0286584848,"7":0.010321183,"8":0.0032524736,"9":0.000911057},"albirex-niigata":{"0":0.3223635053,"1":0.3649398173,"2":0.2065697079,"3":0.0779508332,"4":0.0220615566,"5":0.0049950694,"6":0.0009424659,"7":0.0001524204,"8":0.0000215689,"9":0.0000027131}}