{"jef-united":{"0":0.1522314923,"1":0.2865533972,"2":0.269697315,"3":0.1692218447,"4":0.0796338093,"5":0.029979787,"6":0.0094054234,"7":0.0025291895,"8":0.0005951034,"9":0.0001244661},"kawasaki-frontale":{"0":0.1634381325,"1":0.2960388815,"2":0.2681106851,"3":0.1618781495,"4":0.073303313,"5":0.0265551624,"6":0.0080166528,"7":0.0020743899,"8":0.0004696732,"9":0.0000945254}}