{"yokohama-fa-marinos":{"0":0.1862487247,"1":0.3130230667,"2":0.2630445939,"3":0.1473639182,"4":0.0619176127,"5":0.0208126429,"6":0.005829872,"7":0.0013997292,"8":0.0002940607,"9":0.0000549133},"yokohama-fc":{"0":0.6239418443,"1":0.2943121907,"2":0.0694132525,"3":0.0109140334,"4":0.0012870322,"5":0.0001214181,"6":0.0000095455,"7":0.0000006432,"8":0.0000000379,"9":0.000000002}}