{"urawa-red-diamonds":{"0":0.2278673548,"1":0.3370139029,"2":0.2492203651,"3":0.1228649419,"4":0.0454290542,"5":0.0134378379,"6":0.0033124082,"7":0.0006998606,"8":0.000129386,"9":0.0000212623},"kashiwa-reysol":{"0":0.3748864588,"1":0.3678131294,"2":0.1804366295,"3":0.0590107216,"4":0.0144743279,"5":0.0028402455,"6":0.0004644427,"7":0.0000650971,"8":0.0000079836,"9":0.0000008703}}