{"vissel-kobe":{"0":0.1471995122,"1":0.2820293175,"2":0.2701793462,"3":0.1725515152,"4":0.0826507258,"5":0.0316712025,"6":0.0101134932,"7":0.002768159,"8":0.0006629625,"9":0.0001411349},"jubilo-iwata":{"0":0.1713321955,"1":0.3022558543,"2":0.2666124752,"3":0.1567815499,"4":0.0691465798,"5":0.0243970008,"6":0.007173332,"7":0.0018078343,"8":0.0003986616,"9":0.0000781444}}