{"sanfrecce-hiroshima":{"0":0.4409611734,"1":0.3610583251,"2":0.1478169984,"3":0.0403441097,"4":0.0082584236,"5":0.0013523969,"6":0.0001845567,"7":0.0000215878,"8":0.0000022095,"9":0.000000201},"nagoya-grampus-eight":{"0":0.3510824319,"1":0.3674900006,"2":0.1923321822,"3":0.0671068931,"4":0.0175607706,"5":0.003676292,"6":0.0006413501,"7":0.0000959033,"8":0.0000125482,"9":0.0000014594}}