{"ventforet-kofu":{"0":0.3494842528,"1":0.3674116678,"2":0.1931293507,"3":0.0676787545,"4":0.0177876141,"5":0.0037400123,"6":0.0006553105,"7":0.000098418,"8":0.0000129333,"9":0.0000015107},"kashima-antlers":{"0":0.1108919252,"1":0.243873433,"2":0.2681631293,"3":0.1965813797,"4":0.1080804032,"5":0.0475380672,"6":0.0174242799,"7":0.0054742089,"8":0.0015048595,"9":0.0003677206}}