{"fc-tokyo":{"0":0.1706983794,"1":0.3017703494,"2":0.2667434338,"3":0.1571880949,"4":0.0694715241,"5":0.024563146,"6":0.0072373555,"7":0.0018278015,"8":0.0004039115,"9":0.0000793398},"oita-trinita":{"0":0.3281164207,"1":0.3656486056,"2":0.2037369884,"3":0.075680603,"4":0.0210843661,"5":0.0046992278,"6":0.0008727929,"7":0.000138947,"8":0.0000193551,"9":0.0000023966}}