{"gamba-osaka":{"0":0.2915824597,"1":0.3593556801,"2":0.2214407975,"3":0.0909702736,"4":0.0280286789,"5":0.0069086906,"6":0.0014190824,"7":0.0002498462,"8":0.0000384898,"9":0.0000052707},"urawa-red-diamonds":{"0":0.2497816503,"1":0.3464891476,"2":0.2403193535,"3":0.111121117,"4":0.0385359183,"5":0.0106911596,"6":0.0024717393,"7":0.0004898169,"8":0.0000849323,"9":0.0000130906}}