{"kashima-antlers":{"0":0.280394631,"1":0.356537832,"2":0.2266791364,"3":0.0960785014,"4":0.0305423293,"5":0.0077672642,"6":0.0016460869,"7":0.0002990134,"8":0.0000475266,"9":0.0000067148},"jef-united":{"0":0.6386634912,"1":0.2863623913,"2":0.0641992382,"3":0.0095951664,"4":0.0010755644,"5":0.0000964518,"6":0.0000072078,"7":0.0000004617,"8":0.0000000259,"9":0.0000000013}}