{"jubilo-iwata":{"0":0.2040384976,"1":0.3243082941,"2":0.257735356,"3":0.1365521942,"4":0.0542606048,"5":0.0172488667,"6":0.0045693587,"7":0.0010375359,"8":0.0002061385,"9":0.0000364051},"fc-tokyo":{"0":0.2605051252,"1":0.3504139738,"2":0.2356766549,"3":0.1056721285,"4":0.03553576,"5":0.0095600629,"6":0.0021432589,"7":0.0004118525,"8":0.0000692495,"9":0.00001035}}