{"kashiwa-reysol":{"0":0.1131812822,"1":0.2465953572,"2":0.2686366025,"3":0.1950986291,"4":0.1062684907,"5":0.0463068026,"6":0.0168152694,"7":0.0052337874,"8":0.0014253988,"9":0.0003450676},"sanfrecce-hiroshima":{"0":0.3835032899,"1":0.3675522681,"2":0.1761323479,"3":0.0562688297,"4":0.0134821112,"5":0.0025842702,"6":0.0004127971,"7":0.0000565182,"8":0.0000067709,"9":0.000000721}}