{"kawasaki-frontale":{"0":0.3760169796,"1":0.3677900959,"2":0.1798716042,"3":0.0586453965,"4":0.0143405731,"5":0.0028053631,"6":0.0004573307,"7":0.0000639035,"8":0.0000078132,"9":0.0000008491},"yokohama-fa-marinos":{"0":0.2833529609,"1":0.3573256365,"2":0.2253048814,"3":0.0947078041,"4":0.029858102,"5":0.0075305832,"6":0.0015827553,"7":0.0002851361,"8":0.0000449468,"9":0.0000062979}}