{"omiya-ardija":{"0":0.3790944221,"1":0.3677102053,"2":0.1783339284,"3":0.0576595184,"4":0.0139820003,"5":0.0027124241,"6":0.000438495,"7":0.000060761,"8":0.000007367,"9":0.000000794},"vissel-kobe":{"0":0.2141030292,"1":0.3299965568,"2":0.2543115058,"3":0.1306565996,"4":0.0503451868,"5":0.0155193865,"6":0.0039866664,"7":0.0008778058,"8":0.00016912,"9":0.0000289627}}