{"oita-trinita":{"0":0.4462170407,"1":0.3600747549,"2":0.145281127,"3":0.0390781925,"4":0.007883535,"5":0.0012723234,"6":0.0001711169,"7":0.0000197261,"8":0.0000019897,"9":0.0000001784},"shimizu-s-pulse":{"0":0.1521047515,"1":0.2864415144,"2":0.269711302,"3":0.1693055017,"4":0.0797084309,"5":0.0300211577,"6":0.0094225698,"7":0.0025349214,"8":0.000596716,"9":0.0001248586}}