{"yokohama-fc":{"0":0.3300414229,"1":0.3658631646,"2":0.2027864473,"3":0.0749321007,"4":0.0207662535,"5":0.0046040325,"6":0.0008506235,"7":0.0001347068,"8":0.0000186659,"9":0.0000022991},"ventforet-kofu":{"0":0.2833529609,"1":0.3573256365,"2":0.2253048814,"3":0.0947078041,"4":0.029858102,"5":0.0075305832,"6":0.0015827553,"7":0.0002851361,"8":0.0000449468,"9":0.0000062979}}