{"albirex-niigata":{"0":0.2339823363,"1":0.3398616019,"2":0.2468261287,"3":0.1195057781,"4":0.0433958241,"5":0.0126065707,"6":0.0030518609,"7":0.0006332654,"8":0.000114978,"9":0.0000185563},"nagoya-grampus-eight":{"0":0.2435606283,"1":0.3440024449,"2":0.2429327001,"3":0.1143718552,"4":0.0403843984,"5":0.0114076991,"6":0.0026853522,"7":0.0005418233,"8":0.0000956582,"9":0.0000150118}}