{"jef-united":{"0":0.0795273194,"1":0.20133571,"2":0.2548562459,"3":0.2150693356,"4":0.1361203223,"5":0.0689219301,"6":0.0290810878,"7":0.0105176103,"8":0.0033283697,"9":0.0009362536},"jubilo-iwata":{"0":0.0895956837,"1":0.2161449399,"2":0.2607192284,"3":0.2096572052,"4":0.1264467833,"5":0.0610092613,"6":0.0245302797,"7":0.0084540039,"8":0.0025493558,"9":0.0006833543}}