{"nagoya-grampus-eight":{"0":0.4940908009,"1":0.3483517877,"2":0.1228002705,"3":0.028859536,"4":0.0050867527,"5":0.0007172687,"6":0.0000842834,"7":0.000008489,"8":0.0000007481,"9":0.0000000586},"yokohama-fa-marinos":{"0":0.1839767187,"1":0.3114626607,"2":0.2636447419,"3":0.1487787755,"4":0.0629686104,"5":0.0213204921,"6":0.0060157405,"7":0.0014549035,"8":0.0003078841,"9":0.0000579146}}