{"shimizu-s-pulse":{"0":0.2829203335,"1":0.3572123635,"2":0.2255063662,"3":0.0949073555,"4":0.0299572678,"5":0.0075647489,"6":0.0015918626,"7":0.0002871242,"8":0.000045315,"9":0.0000063571},"kawasaki-frontale":{"0":0.2606965113,"1":0.3504799571,"2":0.2355923363,"3":0.1055766486,"4":0.0354842678,"5":0.0095409981,"6":0.002137817,"7":0.0004105825,"8":0.0000689983,"9":0.0000103068}}