{"vissel-kobe":{"0":0.21048659,"1":0.3280082694,"2":0.2555731099,"3":0.1327560321,"4":0.0517195375,"5":0.0161192559,"6":0.004186529,"7":0.0009320011,"8":0.000181546,"9":0.0000314344},"albirex-niigata":{"0":0.3475118473,"1":0.3673049133,"2":0.1941126618,"3":0.068389548,"4":0.0180711947,"5":0.0038200934,"6":0.0006729454,"7":0.0001016106,"8":0.0000134247,"9":0.0000015766}}