{"sanfrecce-hiroshima":{"0":0.2372006383,"1":0.3412958825,"2":0.2455366061,"3":0.1177633602,"4":0.0423609209,"5":0.0121901931,"6":0.0029233077,"7":0.0006008854,"8":0.0001080729,"9":0.0000172778},"oita-trinita":{"0":0.3129143631,"1":0.3635519571,"2":0.2111920083,"3":0.0817894361,"4":0.0237562678,"5":0.0055201286,"6":0.0010689046,"7":0.0001774115,"8":0.0000257652,"9":0.0000033261}}