{"ventforet-kofu":{"0":0.603483867,"1":0.3047810609,"2":0.0769626995,"3":0.0129563106,"4":0.0016358507,"5":0.0001652327,"6":0.0000139081,"7":0.0000010034,"8":0.0000000633,"9":0.0000000036},"urawa-red-diamonds":{"0":0.1032564665,"1":0.2344478776,"2":0.2661615739,"3":0.2014434484,"4":0.1143463226,"5":0.0519255666,"6":0.019649841,"7":0.0063736769,"8":0.0018089606,"9":0.0004563685}}