{"omiya-ardija":{"0":0.5948509289,"1":0.3089920103,"2":0.0802520916,"3":0.013895501,"4":0.0018044852,"5":0.000187466,"6":0.0000162297,"7":0.0000012043,"8":0.0000000782,"9":0.0000000045},"kashima-antlers":{"0":0.234876449,"1":0.3402644904,"2":0.2464698439,"3":0.1190199304,"4":0.0431059139,"5":0.01248947,"6":0.0030155735,"7":0.0006240926,"8":0.000113015,"9":0.0000181916}}