{"fc-tokyo":{"0":0.3936181112,"1":0.3669993324,"2":0.1710903363,"3":0.0531733995,"4":0.0123943751,"5":0.0023112389,"6":0.0003591565,"7":0.0000478383,"8":0.0000055754,"9":0.0000005776},"kashiwa-reysol":{"0":0.1690444872,"1":0.3004923581,"2":0.2670766104,"3":0.1582512032,"4":0.070326572,"5":0.0250024095,"6":0.0074073529,"7":0.0018810373,"8":0.0004179649,"9":0.0000825524}}