{"yokohama-fc":{"0":0.6683938403,"1":0.2692809716,"2":0.054243649,"3":0.0072845188,"4":0.0007336925,"5":0.0000591177,"6":0.0000039695,"7":0.0000002285,"8":0.0000000115,"9":0.0000000005},"gamba-osaka":{"0":0.1046366495,"1":0.2361922711,"2":0.2665738496,"3":0.2005756213,"4":0.1131879025,"5":0.0510989369,"6":0.0192239431,"7":0.0061990664,"8":0.0017491142,"9":0.0004386898}}