{"kashima-antlers":{"0":0.0534062772,"1":0.1564711523,"2":0.2292167026,"3":0.2238550939,"4":0.163964174,"5":0.0960773324,"6":0.0469149936,"7":0.0196361164,"8":0.007191303,"9":0.0023410304},"yokohama-fc":{"0":0.6712109063,"1":0.2675929105,"2":0.0533408837,"3":0.0070885034,"4":0.0007064967,"5":0.0000563321,"6":0.000003743,"7":0.0000002132,"8":0.0000000106,"9":0.0000000005}}