{"nagoya-grampus-eight":{"0":0.4002880227,"1":0.3664920789,"2":0.1677747475,"3":0.0512032275,"4":0.0117200467,"5":0.0021461068,"6":0.0003274855,"7":0.0000428337,"8":0.0000049022,"9":0.0000004987},"omiya-ardija":{"0":0.5748127534,"1":0.3182801086,"2":0.0881175887,"3":0.0162638909,"4":0.0022513736,"5":0.000249322,"6":0.0000230087,"7":0.00000182,"8":0.000000126,"9":0.0000000078}}