{"yokohama-fa-marinos":{"0":0.0488092853,"1":0.1473959741,"2":0.2225557394,"3":0.2240271823,"4":0.1691312653,"5":0.1021496931,"6":0.0514125315,"7":0.022179621,"8":0.0083723487,"9":0.0028092344},"sanfrecce-hiroshima":{"0":0.2400711543,"1":0.342538306,"2":0.2443702397,"3":0.1162241089,"4":0.0414577185,"5":0.0118305398,"6":0.0028133416,"7":0.0005734474,"8":0.0001022758,"9":0.0000162143}}