{"urawa-red-diamonds":{"0":0.1082264582,"1":0.240644713,"2":0.2675402986,"3":0.1982945742,"4":0.1102284545,"5":0.0490192421,"6":0.0181659544,"7":0.005770362,"8":0.0016038212,"9":0.0003962382},"fc-tokyo":{"0":0.3944612477,"1":0.3669414122,"2":0.1706707576,"3":0.0529212685,"4":0.0123072958,"5":0.0022897339,"6":0.0003549982,"7":0.0000471759,"8":0.0000054856,"9":0.000000567}}