{"kashiwa-reysol":{"0":0.2793584609,"1":0.3562545356,"2":0.2271584932,"3":0.09656201,"4":0.0307854055,"5":0.0078518763,"6":0.0016688633,"7":0.0003040334,"8":0.0000484652,"9":0.0000068673},"jef-united":{"0":0.7333896579,"1":0.22740809,"2":0.0352571371,"3":0.0036441557,"4":0.0002824932,"5":0.000017519,"6":0.0000009054,"7":0.0000000401,"8":0.0000000016,"9":0.0000000001}}