{"jubilo-iwata":{"0":0.1351761589,"1":0.2705113485,"2":0.2706704729,"3":0.1805531272,"4":0.0903296675,"5":0.036153121,"6":0.0120581292,"7":0.0034472063,"8":0.0008623085,"9":0.0001917368},"ventforet-kofu":{"0":0.3207949564,"1":0.3647288282,"2":0.2073397905,"3":0.0785785409,"4":0.0223350294,"5":0.0050787763,"6":0.0009623884,"7":0.0001563129,"8":0.0000222151,"9":0.0000028064}}