{"kawasaki-frontale":{"0":0.3333090567,"1":0.3662017014,"2":0.2011701803,"3":0.073674228,"4":0.0202361945,"5":0.0044466412,"6":0.0008142431,"7":0.0001277995,"8":0.0000175514,"9":0.0000021426},"gamba-osaka":{"0":0.2514311869,"1":0.3471223609,"2":0.239616125,"3":0.1102702175,"4":0.0380593779,"5":0.0105088484,"6":0.0024180614,"7":0.0004769059,"8":0.0000823012,"9":0.0000126249}}