{"oita-trinita":{"0":0.2235305951,"1":0.3348950986,"2":0.2508710877,"3":0.1252856052,"4":0.0469259421,"5":0.0140609548,"6":0.0035110368,"7":0.0007514657,"8":0.0001407314,"9":0.0000234272},"vissel-kobe":{"0":0.089260771,"1":0.2156712664,"2":0.2605517216,"3":0.2098477645,"4":0.1267581844,"5":0.0612544522,"6":0.0246670983,"7":0.0085143535,"8":0.0025715404,"9":0.0006903709}}