{"albirex-niigata":{"0":0.1620257509,"1":0.2948868667,"2":0.2683470487,"3":0.1627972095,"4":0.0740727303,"5":0.0269624738,"6":0.0081786171,"7":0.0021264404,"8":0.0004837652,"9":0.0000978281},"shimizu-s-pulse":{"0":0.1507075925,"1":0.2852011268,"2":0.269859273,"3":0.1702284702,"4":0.0805356762,"5":0.0304813649,"6":0.0096138926,"7":0.0025990661,"8":0.0006148136,"9":0.0001292757}}