{"jef-united":{"0":0.0980203033,"1":0.2276600593,"2":0.2643794237,"3":0.2046808442,"4":0.1188469418,"5":0.0552063213,"6":0.0213701889,"7":0.0070905696,"8":0.0020585525,"9":0.0005312393},"oita-trinita":{"0":0.2769900802,"1":0.3555925483,"2":0.2282501602,"3":0.0976738422,"4":0.0313477746,"5":0.008048689,"6":0.0017221157,"7":0.0003158295,"8":0.0000506817,"9":0.0000072293}}