{"gamba-osaka":{"0":0.1967529395,"1":0.3198821984,"2":0.2600332709,"3":0.1409212565,"4":0.057277672,"5":0.0186244817,"6":0.0050466338,"7":0.0011721214,"8":0.0002382053,"9":0.0000430306},"kashima-antlers":{"0":0.3055653026,"1":0.362275707,"2":0.2147555477,"3":0.0848708031,"4":0.0251555313,"5":0.0059648382,"6":0.0011786438,"7":0.0001996272,"8":0.0000295845,"9":0.0000038972}}