{"shimizu-s-pulse":{"0":0.0793628948,"1":0.2010836982,"2":0.2547453303,"3":0.2151514813,"4":0.1362836362,"5":0.0690610333,"6":0.0291636035,"7":0.010556076,"8":0.0033432733,"9":0.0009412148},"yokohama-fc":{"0":0.5701127688,"1":0.3203583929,"2":0.0900080699,"3":0.0168591445,"4":0.0023683772,"5":0.0002661682,"6":0.0000249276,"7":0.000002001,"8":0.0000001406,"9":0.0000000088}}