{"yokohama-fa-marinos":{"0":0.06425678,"1":0.1763763815,"2":0.2420649459,"3":0.2214787775,"4":0.1519825042,"5":0.0834343835,"6":0.0381693954,"7":0.0149671362,"8":0.0051353517,"9":0.001566207},"jubilo-iwata":{"0":0.2175744021,"1":0.331847613,"2":0.2530693803,"3":0.1286616884,"4":0.0490591652,"5":0.0149651491,"6":0.0038041768,"7":0.0008288836,"8":0.0001580282,"9":0.0000267808}}