{"vissel-kobe":{"0":0.553661192,"1":0.3273257956,"2":0.0967578892,"3":0.0190678304,"4":0.0028182365,"5":0.0003332296,"6":0.0000328344,"7":0.0000027731,"8":0.0000002049,"9":0.0000000135},"urawa-red-diamonds":{"0":0.2271852061,"1":0.3366861373,"2":0.2494826952,"3":0.1232435956,"4":0.0456614351,"5":0.0135339554,"6":0.0033428638,"7":0.0007077271,"8":0.0001311055,"9":0.0000215886}}