{"sanfrecce-hiroshima":{"0":0.2013761664,"1":0.3227215467,"2":0.2585936523,"3":0.1381390607,"4":0.0553447463,"5":0.0177388838,"6":0.0047379986,"7":0.0010847178,"8":0.0002172935,"9":0.0000386923},"fc-tokyo":{"0":0.2183820048,"1":0.3322702806,"2":0.2527761832,"3":0.1282004492,"4":0.0487645482,"5":0.014839144,"6":0.0037629829,"7":0.0008179163,"8":0.0001555584,"9":0.0000262982}}