{"kawasaki-frontale":{"0":0.1381421377,"1":0.273448513,"2":0.2706418567,"3":0.1785760052,"4":0.0883715568,"5":0.0349858069,"6":0.0115422384,"7":0.0032639342,"8":0.0008076083,"9":0.0001776265},"nagoya-grampus-eight":{"0":0.4109869466,"1":0.3654470551,"2":0.1624766324,"3":0.0481577394,"4":0.0107053911,"5":0.0019038335,"6":0.0002821462,"7":0.0000358404,"8":0.0000039836,"9":0.0000003936}}