{"ventforet-kofu":{"0":0.3300522186,"1":0.3658643362,"2":0.202781113,"3":0.0749279186,"4":0.0207644818,"5":0.0046035039,"6":0.0008505007,"7":0.0001346834,"8":0.0000186621,"9":0.0000022986},"albirex-niigata":{"0":0.1369230497,"1":0.2722490552,"2":0.2706613249,"3":0.1793885694,"4":0.0891711962,"5":0.0354604633,"6":0.0117512204,"7":0.003337911,"8":0.0008296112,"9":0.0001832829}}