{"omiya-ardija":{"0":0.5654756879,"1":0.3223708907,"2":0.0918898844,"3":0.0174617728,"4":0.0024886867,"5":0.0002837541,"6":0.0000269608,"7":0.0000021957,"8":0.0000001565,"9":0.0000000099},"kashiwa-reysol":{"0":0.2271852061,"1":0.3366861373,"2":0.2494826952,"3":0.1232435956,"4":0.0456614351,"5":0.0135339554,"6":0.0033428638,"7":0.0007077271,"8":0.0001311055,"9":0.0000215886}}