{"kashima-antlers":{"0":0.1854917902,"1":0.3125063022,"2":0.2632466612,"3":0.1478344686,"4":0.0622658327,"5":0.0209804058,"6":0.0058911044,"7":0.0014178581,"8":0.0002985911,"9":0.0000558944},"kawasaki-frontale":{"0":0.3722627844,"1":0.3678534302,"2":0.1817481518,"3":0.059865131,"4":0.0147890111,"5":0.0029227678,"6":0.0004813581,"7":0.0000679509,"8":0.0000083933,"9":0.0000009215}}