{"urawa-red-diamonds":{"0":0.2101468398,"1":0.3278183012,"2":0.2556898755,"3":0.1329543677,"4":0.0518505001,"5":0.0161768246,"6":0.0042058362,"7":0.0009372699,"8":0.0001827616,"9":0.0000316776},"omiya-ardija":{"0":0.7119992847,"1":0.241850758,"2":0.0410757359,"3":0.0046508464,"4":0.000394948,"5":0.0000268311,"6":0.000001519,"7":0.0000000737,"8":0.0000000031,"9":0.0000000001}}