{"nagoya-grampus-eight":{"0":0.3055746875,"1":0.3622774486,"2":0.2147510169,"3":0.084866814,"4":0.0251536974,"5":0.0059642488,"6":0.0011784968,"7":0.0001995971,"8":0.0000295793,"9":0.0000038965},"gamba-osaka":{"0":0.1887160058,"1":0.3146862059,"2":0.2623715137,"3":0.1458358833,"4":0.0607957717,"5":0.0202755359,"6":0.0056349499,"7":0.0013423352,"8":0.000279795,"9":0.0000518402}}