{"jubilo-iwata":{"0":0.2587337889,"1":0.3497965917,"2":0.2364547284,"3":0.1065587638,"4":0.036015679,"5":0.0097383197,"6":0.002194296,"7":0.0004237987,"8":0.0000716196,"9":0.0000107585},"shimizu-s-pulse":{"0":0.1567989103,"1":0.2905156287,"2":0.2691323887,"3":0.1662153667,"4":0.0769905889,"5":0.0285294959,"6":0.0088098661,"7":0.0023318345,"8":0.0005400503,"9":0.0001111778}}