{"kashiwa-reysol":{"0":0.5988237818,"1":0.3070695964,"2":0.0787307885,"3":0.0134573989,"4":0.0017251979,"5":0.0001769321,"6":0.0000151214,"7":0.0000011077,"8":0.000000071,"9":0.000000004},"yokohama-fa-marinos":{"0":0.4785882759,"1":0.3526786881,"2":0.1299470373,"3":0.0319199564,"4":0.0058805705,"5":0.0008666956,"6":0.0001064468,"7":0.000011206,"8":0.0000010322,"9":0.0000000845}}