{"fc-tokyo":{"0":0.2870901491,"1":0.3582767366,"2":0.2235573397,"3":0.0929967984,"4":0.029014048,"5":0.0072416685,"6":0.0015062176,"7":0.0002685283,"8":0.000041889,"9":0.0000058084},"vissel-kobe":{"0":0.1351980673,"1":0.270533281,"2":0.2706704969,"3":0.1805385216,"4":0.0903150458,"5":0.0361443416,"6":0.0120542247,"7":0.0034458111,"8":0.0008618897,"9":0.0001916282}}