{"yokohama-fc":{"0":0.2645152657,"1":0.3517672963,"2":0.23389998,"3":0.1036844551,"4":0.0344713568,"5":0.0091683903,"6":0.002032107,"7":0.0003860586,"8":0.0000641753,"9":0.0000094827},"sanfrecce-hiroshima":{"0":0.1176579321,"1":0.2517848856,"2":0.2694065223,"3":0.1921742948,"4":0.1028119863,"5":0.0440029903,"6":0.0156942073,"7":0.0047978845,"8":0.0012834184,"9":0.0003051646}}