{"oita-trinita":{"0":0.2326705878,"1":0.3392643393,"2":0.2473460289,"3":0.1202210213,"4":0.0438245179,"5":0.012780383,"6":0.0031059134,"7":0.0006469758,"8":0.000117922,"9":0.0000191051},"ventforet-kofu":{"0":0.258978534,"1":0.3498826154,"2":0.2363474738,"3":0.1064359415,"4":0.035949008,"5":0.0097134946,"6":0.0021871716,"7":0.0004221273,"8":0.0000712873,"9":0.0000107011}}