{"albirex-niigata":{"0":0.1603590568,"1":0.2935115757,"2":0.2686129701,"3":0.1638843432,"4":0.074991012,"5":0.0274518079,"6":0.0083743564,"7":0.0021897026,"8":0.0005009875,"9":0.0001018864},"jef-united":{"0":0.5007197653,"1":0.3463522105,"2":0.119787416,"3":0.027619332,"4":0.004776133,"5":0.0006607385,"6":0.0000761731,"7":0.0000075271,"8":0.0000006508,"9":0.00000005}}