{"nagoya-grampus-eight":{"0":0.2514070807,"1":0.3471131853,"2":0.2396264319,"3":0.1102826192,"4":0.0380663018,"5":0.0105114902,"6":0.0024188372,"7":0.0004770921,"8":0.000082339,"9":0.0000126316},"kashima-antlers":{"0":0.1412003101,"1":0.2764103041,"2":0.2705470552,"3":0.1765387855,"4":0.0863970117,"5":0.0338257391,"6":0.0110360745,"7":0.0030862788,"8":0.0007552031,"9":0.000164263}}