{"shimizu-s-pulse":{"0":0.1652988882,"1":0.2975379988,"2":0.2677841989,"3":0.1606705194,"4":0.0723017337,"5":0.0260286241,"6":0.0078085872,"7":0.0020079224,"8":0.0004517825,"9":0.0000903565},"ventforet-kofu":{"0":0.3590683839,"1":0.367773072,"2":0.1883443914,"3":0.0643034387,"4":0.0164655775,"5":0.0033729486,"6":0.0005757862,"7":0.0000842492,"8":0.0000107865,"9":0.0000012275}}