{"jef-united":{"0":0.0600546679,"1":0.1689037535,"2":0.2375209033,"3":0.2226758468,"4":0.1565689548,"5":0.0880700371,"6":0.0412828299,"7":0.0165868513,"8":0.0058313149,"9":0.0018222859},"vissel-kobe":{"0":0.1258421075,"1":0.2608363683,"2":0.2703213272,"3":0.1867674624,"4":0.0967795032,"5":0.0401195032,"6":0.0138594647,"7":0.0041038415,"8":0.001063268,"9":0.0002448738}}