{"gamba-osaka":{"0":0.3199303226,"1":0.3646092476,"2":0.207763838,"3":0.0789261612,"4":0.0224870903,"5":0.0051254917,"6":0.0009735462,"7":0.0001585006,"8":0.0000225794,"9":0.0000028592},"yokohama-fa-marinos":{"0":0.2097073935,"1":0.327571774,"2":0.2558404483,"3":0.1332111824,"4":0.0520203682,"5":0.0162516009,"6":0.0042309474,"7":0.0009441311,"8":0.0001843466,"9":0.0000319952}}