{"sanfrecce-hiroshima":{"0":0.6898714521,"1":0.2561147766,"2":0.0475413054,"3":0.0058832365,"4":0.0005460379,"5":0.0000405433,"6":0.0000025086,"7":0.000000133,"8":0.0000000062,"9":0.0000000003},"urawa-red-diamonds":{"0":0.0907179533,"1":0.2177230879,"2":0.2612677055,"3":0.2090141644,"4":0.1254084986,"5":0.0601960793,"6":0.0240784317,"7":0.0082554623,"8":0.0024766387,"9":0.000660437}}