{"omiya-ardija":{"0":0.2645975056,"1":0.3517944108,"2":0.2338633299,"3":0.1036439758,"4":0.0344498442,"5":0.0091605268,"6":0.0020298895,"7":0.0003855472,"8":0.0000640753,"9":0.0000094657},"jubilo-iwata":{"0":0.1623206112,"1":0.295128384,"2":0.2682985309,"3":0.1626051702,"4":0.073911441,"5":0.0268768876,"6":0.0081445114,"7":0.0021154575,"8":0.0004807858,"9":0.0000971284}}