{"kawasaki-frontale":{"0":0.0342181183,"1":0.1154861493,"2":0.1948828769,"3":0.2192432366,"4":0.1849864809,"5":0.1248658746,"6":0.0702370544,"7":0.0338642941,"8":0.0142864991,"9":0.0053574372},"oita-trinita":{"0":0.4999069323,"1":0.3466021397,"2":0.1201554084,"3":0.0277692499,"4":0.0048133367,"5":0.0006674493,"6":0.0000771275,"7":0.0000076393,"8":0.0000006621,"9":0.000000051}}