{"yokohama-fc":{"0":0.3469679983,"1":0.3672735118,"2":0.1943836797,"3":0.0685865143,"4":0.018150096,"5":0.0038424578,"6":0.0006778882,"7":0.0001025086,"8":0.0000135635,"9":0.0000015952},"fc-tokyo":{"0":0.0999554889,"1":0.2302005199,"2":0.2650793866,"3":0.2034952866,"4":0.1171639529,"5":0.0539664268,"6":0.020714386,"7":0.0068151227,"8":0.0019619293,"9":0.0005020425}}