{"albirex-niigata":{"0":0.2949186373,"1":0.3601121027,"2":0.2198584798,"3":0.0894864882,"4":0.0273169981,"5":0.0066711156,"6":0.001357634,"7":0.000236821,"8":0.0000361465,"9":0.0000049041},"kashiwa-reysol":{"0":0.2587825388,"1":0.3498137449,"2":0.2364333712,"3":0.1065342911,"4":0.0360023898,"5":0.0097333698,"6":0.002192875,"7":0.0004234652,"8":0.0000715533,"9":0.000010747}}