{"yokohama-fa-marinos":{"0":0.396594566,"1":0.3667868216,"2":0.1696097022,"3":0.0522873222,"4":0.0120893618,"5":0.0022361469,"6":0.00034468,"7":0.0000455392,"8":0.0000052646,"9":0.000000541},"urawa-red-diamonds":{"0":0.2381671339,"1":0.3417180616,"2":0.2451455659,"3":0.1172435315,"4":0.042054745,"5":0.0120678833,"6":0.0028857982,"7":0.000591499,"8":0.0001060841,"9":0.000016912}}