{"kashima-antlers":{"0":0.2201654882,"1":0.333193121,"2":0.2521232024,"3":0.1271857174,"4":0.0481199466,"5":0.0145647125,"6":0.0036736472,"7":0.0007942298,"8":0.000150246,"9":0.0000252643},"albirex-niigata":{"0":0.4013010127,"1":0.3664052724,"2":0.1672719722,"3":0.0509088611,"4":0.0116205009,"5":0.0021220045,"6":0.0003229137,"7":0.0000421192,"8":0.0000048071,"9":0.0000004877}}