{"vissel-kobe":{"0":0.263393706,"1":0.3513949616,"2":0.2343989553,"3":0.1042376362,"4":0.0347659979,"5":0.009276301,"6":0.0020625939,"7":0.0003931025,"8":0.000065555,"9":0.0000097175},"nagoya-grampus-eight":{"0":0.4283451055,"1":0.3631621547,"2":0.1539491743,"3":0.0435073753,"4":0.0092216719,"5":0.0015636748,"6":0.000220954,"7":0.0000267615,"8":0.0000028361,"9":0.0000002672}}