{"jubilo-iwata":{"0":0.2981493552,"1":0.3608086402,"2":0.218318223,"3":0.0880667131,"4":0.0266437194,"5":0.0064486366,"6":0.0013006478,"7":0.0002248561,"8":0.000034014,"9":0.0000045736},"gamba-osaka":{"0":0.1500638791,"1":0.2846252913,"2":0.2699235718,"3":0.170654159,"4":0.080919689,"5":0.0306959812,"6":0.0097034817,"7":0.0026292196,"8":0.0006233532,"9":0.0001313678}}