{"kashiwa-reysol":{"0":0.3028111773,"1":0.3617521148,"2":0.2160828304,"3":0.0860474852,"4":0.0256990677,"5":0.0061402569,"6":0.0012225721,"7":0.0002086487,"8":0.0000311577,"9":0.0000041358},"kawasaki-frontale":{"0":0.560996764,"1":0.324278649,"2":0.0937230381,"3":0.0180585594,"4":0.0026096431,"5":0.0003016957,"6":0.0000290654,"7":0.0000024001,"8":0.0000001734,"9":0.0000000111}}