{"ventforet-kofu":{"0":0.1394721997,"1":0.2747448891,"2":0.2706086024,"3":0.177689725,"4":0.0875073023,"5":0.0344759517,"6":0.011318972,"7":0.0031853042,"8":0.0007843374,"9":0.0001716731},"sanfrecce-hiroshima":{"0":0.0838889927,"1":0.207898808,"2":0.2576137403,"3":0.2128113507,"4":0.1318505108,"5":0.0653519923,"6":0.0269932142,"7":0.0095566038,"8":0.0029604697,"9":0.0008152018}}