{"omiya-ardija":{"0":0.5123282178,"1":0.3426398909,"2":0.1145770336,"3":0.0255426508,"4":0.0042706661,"5":0.0005712356,"6":0.0000636728,"7":0.0000060834,"8":0.0000005086,"9":0.0000000378},"jef-united":{"0":0.4775289776,"1":0.3529562009,"2":0.1304403351,"3":0.0321374739,"4":0.0059384463,"5":0.0008778573,"6":0.0001081418,"7":0.0000114187,"8":0.000001055,"9":0.0000000866}}