{"fc-tokyo":{"0":0.4117037675,"1":0.3653670022,"2":0.1621226921,"3":0.0479586592,"4":0.0106402424,"5":0.0018885392,"6":0.0002793311,"7":0.0000354132,"8":0.0000039284,"9":0.0000003874},"shimizu-s-pulse":{"0":0.1884182771,"1":0.3144872335,"2":0.2624538912,"3":0.1460198013,"4":0.0609300807,"5":0.0203395688,"6":0.0056580982,"7":0.0013491258,"8":0.0002814767,"9":0.0000522011}}