{"oita-trinita":{"0":0.1212920336,"1":0.2558721117,"2":0.2698880363,"3":0.1897811414,"4":0.1000883982,"5":0.0422283789,"6":0.0148471753,"7":0.0044744172,"8":0.0011798782,"9":0.0002765574},"yokohama-fc":{"0":0.4754572716,"1":0.3534921454,"2":0.1314068628,"3":0.0325660486,"4":0.0060530373,"5":0.0009000603,"6":0.0001115292,"7":0.0000118456,"8":0.0000011009,"9":0.0000000909}}