{"nagoya-grampus-eight":{"0":0.2811322479,"1":0.3567371679,"2":0.2263372628,"3":0.0957353875,"4":0.0303703784,"5":0.0077075774,"6":0.0016300628,"7":0.0002954908,"8":0.0000468696,"9":0.0000066083},"kashiwa-reysol":{"0":0.1571162825,"1":0.2907859599,"2":0.269088834,"3":0.1660070992,"4":0.0768102022,"5":0.0284315897,"6":0.0087700513,"7":0.0023187628,"8":0.0005364368,"9":0.0001103134}}