{"gamba-osaka":{"0":0.020783912,"1":0.0805080637,"2":0.1559270539,"3":0.2013317674,"4":0.1949684784,"5":0.1510450459,"6":0.0975140788,"7":0.0539611715,"8":0.0261278378,"9":0.0112453519},"oita-trinita":{"0":0.4012348208,"1":0.3664110228,"2":0.1673048184,"3":0.0509280571,"4":0.0116269828,"5":0.0021235718,"6":0.0003232106,"7":0.0000421655,"8":0.0000048132,"9":0.0000004884}}