{"jef-united":{"0":0.0593218732,"1":0.167571074,"2":0.2366754733,"3":0.2228518256,"4":0.1573766881,"5":0.0889108155,"6":0.0418588739,"7":0.0168917131,"8":0.0059644157,"9":0.0018720162},"fc-tokyo":{"0":0.1318592891,"1":0.2671495459,"2":0.2706251504,"3":0.1827639815,"4":0.0925708666,"5":0.0375100839,"6":0.0126660295,"7":0.0036659469,"8":0.0009284102,"9":0.0002089975}}