{"yokohama-fa-marinos":{"0":0.2547258099,"1":0.3483547563,"2":0.2381993333,"3":0.108584561,"4":0.037124181,"5":0.0101539652,"6":0.0023143722,"7":0.0004521515,"8":0.0000772935,"9":0.0000117449},"omiya-ardija":{"0":0.6918906181,"1":0.2548422739,"2":0.0469326964,"3":0.0057621994,"4":0.000530594,"5":0.0000390865,"6":0.0000023994,"7":0.0000001263,"8":0.0000000058,"9":0.0000000002}}