{"urawa-red-diamonds":{"0":0.256550999,"1":0.3490191131,"2":0.2374076534,"3":0.1076586578,"4":0.0366154579,"5":0.0099625374,"6":0.0022588855,"7":0.0004390072,"8":0.0000746547,"9":0.0000112847},"albirex-niigata":{"0":0.3250829457,"1":0.3652875503,"2":0.2052322279,"3":0.0768714352,"4":0.0215946258,"5":0.0048530678,"6":0.0009088784,"7":0.0001458977,"8":0.0000204927,"9":0.0000025586}}