{"jubilo-iwata":{"0":0.1067894664,"1":0.2388769287,"2":0.2671714216,"3":0.1992115603,"4":0.1114038849,"5":0.0498397806,"6":0.0185810675,"7":0.0059377022,"8":0.0016602528,"9":0.0004126459},"yokohama-fc":{"0":0.5852308182,"1":0.3135367955,"2":0.0839885043,"3":0.0149989176,"4":0.0020089136,"5":0.0002152547,"6":0.0000192204,"7":0.000001471,"8":0.0000000985,"9":0.0000000059}}