{"vissel-kobe":{"0":0.281072076,"1":0.3567209794,"2":0.226365171,"3":0.0957633438,"4":0.0303843717,"5":0.0077124295,"6":0.0016313641,"7":0.0002957766,"8":0.0000469229,"9":0.0000066169},"shimizu-s-pulse":{"0":0.3020798004,"1":0.3616088713,"2":0.2164344913,"3":0.0863619834,"4":0.0258452066,"5":0.0061876736,"6":0.0012345069,"7":0.000211112,"8":0.0000315893,"9":0.0000042016}}