{"sanfrecce-hiroshima":{"0":0.3660953543,"1":0.3678751081,"2":0.184831757,"3":0.0619101024,"4":0.0155527688,"5":0.0031256756,"6":0.0005234785,"7":0.0000751462,"8":0.0000094389,"9":0.0000010539},"kashima-antlers":{"0":0.1485487229,"1":0.2832589846,"2":0.2700651032,"3":0.1716571852,"4":0.0818307944,"5":0.0312076836,"6":0.0099180217,"7":0.002701729,"8":0.0006439714,"9":0.0001364391}}