{"kawasaki-frontale":{"0":0.0924813142,"1":0.2201747652,"2":0.262090389,"3":0.2079904477,"4":0.1237932451,"5":0.0589441206,"6":0.0233885227,"7":0.0079545992,"8":0.0023672377,"9":0.0006261998},"ventforet-kofu":{"0":0.2990172433,"1":0.3609897742,"2":0.2179031812,"3":0.0876881651,"4":0.0264654728,"5":0.0063901098,"6":0.0012857476,"7":0.0002217463,"8":0.000033463,"9":0.0000044887}}