{"shimizu-s-pulse":{"0":0.1573232366,"1":0.2909618938,"2":0.2690601386,"3":0.1658713385,"4":0.0766928011,"5":0.0283679425,"6":0.0087441949,"7":0.0023102822,"8":0.0005340947,"9":0.0001097537},"nagoya-grampus-eight":{"0":0.5107598564,"1":0.3431569452,"2":0.115275983,"3":0.0258162772,"4":0.0043362036,"5":0.0005826607,"6":0.000065244,"7":0.0000062621,"8":0.0000005259,"9":0.0000000393}}