{"kashima-antlers":{"0":0.0526923923,"1":0.1550886852,"2":0.2282350379,"3":0.2239201931,"4":0.1647651913,"5":0.0969901566,"6":0.0475782658,"7":0.020005194,"8":0.0073601214,"9":0.0024069921},"vissel-kobe":{"0":0.3442580917,"1":0.3671043105,"2":0.1957333437,"3":0.0695743067,"4":0.0185478777,"5":0.0039557565,"6":0.0007030458,"7":0.0001071004,"8":0.000014276,"9":0.0000016915}}