{"urawa-red-diamonds":{"0":0.121931951,"1":0.2565804496,"2":0.2699601153,"3":0.1893583188,"4":0.0996163069,"5":0.0419243629,"6":0.0147035181,"7":0.0044200711,"8":0.0011626401,"9":0.0002718372},"oita-trinita":{"0":0.5253677863,"1":0.3381565042,"2":0.1088283526,"3":0.0233493667,"4":0.0037572442,"5":0.0004836751,"6":0.0000518868,"7":0.000004771,"8":0.0000003839,"9":0.0000000275}}