{"sanfrecce-hiroshima":{"0":0.2013201086,"1":0.3226877596,"2":0.2586114991,"3":0.1381725945,"4":0.0553677987,"5":0.0177493555,"6":0.0047416192,"7":0.0010857353,"8":0.0002175351,"9":0.000038742},"jubilo-iwata":{"0":0.0733309625,"1":0.1915971113,"2":0.2502998175,"3":0.2179921476,"4":0.142390964,"5":0.0744070348,"6":0.0324014405,"7":0.0120939411,"8":0.0039498394,"9":0.0011466701}}