{"kashiwa-reysol":{"0":0.4196999101,"1":0.3643898929,"2":0.1581844443,"3":0.0457793861,"4":0.0099365911,"5":0.0017254201,"6":0.0002496727,"7":0.0000309671,"8":0.0000033608,"9":0.0000003242},"gamba-osaka":{"0":0.4740197051,"1":0.353858737,"2":0.1320789035,"3":0.032865915,"4":0.0061336539,"5":0.0009157624,"6":0.0001139371,"7":0.0000121507,"8":0.0000011338,"9":0.000000094}}