{"ventforet-kofu":{"0":0.3672226604,"1":0.3678788545,"2":0.1842681106,"3":0.0615324604,"4":0.0154106034,"5":0.0030876281,"6":0.0005155242,"7":0.0000737779,"8":0.0000092387,"9":0.0000010284},"jef-united":{"0":0.3085882058,"1":0.3628218295,"2":0.21329344,"3":0.0835930804,"4":0.0245710901,"5":0.0057778798,"6":0.0011322213,"7":0.0001901724,"8":0.0000279493,"9":0.0000036513}}