{"fc-tokyo":{"0":0.6297935639,"1":0.291193361,"2":0.0673185456,"3":0.0103752058,"4":0.0011992783,"5":0.0001109004,"6":0.000008546,"7":0.0000005645,"8":0.0000000326,"9":0.0000000017},"yokohama-fa-marinos":{"0":0.1911387217,"1":0.3162879128,"2":0.2616896326,"3":0.1443441478,"4":0.0597135798,"5":0.0197622788,"6":0.005450291,"7":0.0012884144,"8":0.0002665014,"9":0.0000489994}}