{"yokohama-fc":{"0":0.3858736306,"1":0.3674463685,"2":0.174949547,"3":0.0555316306,"4":0.0132199342,"5":0.0025177242,"6":0.0003995819,"7":0.0000543571,"8":0.0000064702,"9":0.0000006846},"kawasaki-frontale":{"0":0.1400047823,"1":0.2752604201,"2":0.2705918241,"3":0.1773349403,"4":0.0871636121,"5":0.0342741042,"6":0.011230931,"7":0.0031544135,"8":0.0007752281,"9":0.0001693511}}