{"albirex-niigata":{"0":0.3417382883,"1":0.3669278427,"2":0.1969870605,"3":0.0705023304,"4":0.0189247656,"5":0.0040639423,"6":0.0007272493,"7":0.0001115507,"8":0.0000149716,"9":0.0000017861},"omiya-ardija":{"0":0.4769777191,"1":0.3530996891,"2":0.1306972899,"3":0.0322511028,"4":0.0059687559,"5":0.0008837167,"6":0.0001090338,"7":0.0000115309,"8":0.000001067,"9":0.0000000878}}