{"yokohama-fa-marinos":{"0":0.257048482,"1":0.3491979378,"2":0.2371910521,"3":0.1074072689,"4":0.0364779404,"5":0.0099109876,"6":0.0022439972,"7":0.0004354927,"8":0.0000739516,"9":0.0000111625},"shimizu-s-pulse":{"0":0.3568162445,"1":0.367711397,"2":0.1894696129,"3":0.0650849815,"4":0.0167680773,"5":0.0034560159,"6":0.0005935905,"7":0.0000873879,"8":0.000011257,"9":0.000001289}}