{"jef-united":{"0":0.4621482094,"1":0.3567181719,"2":0.1376699634,"3":0.0354210884,"4":0.0068351157,"5":0.0010551637,"6":0.0001357415,"7":0.0000149678,"8":0.0000014442,"9":0.0000001239},"urawa-red-diamonds":{"0":0.0827427046,"1":0.2061964275,"2":0.256922752,"3":0.2134188301,"4":0.1329609679,"5":0.0662682631,"6":0.0275236332,"7":0.0097984898,"8":0.0030522534,"9":0.0008451416}}