{"gamba-osaka":{"0":0.0503809429,"1":0.1505454262,"2":0.2249255775,"3":0.2240365436,"4":0.1673632677,"5":0.1000210517,"6":0.0498128558,"7":0.0212639859,"8":0.0079424769,"9":0.0026370279},"ventforet-kofu":{"0":0.3871398637,"1":0.3673838247,"2":0.1743179756,"3":0.0551407993,"4":0.0130817307,"5":0.002482832,"6":0.0003926885,"7":0.0000532356,"8":0.0000063149,"9":0.0000006658}}