{"nagoya-grampus-eight":{"0":0.1022079984,"1":0.2331104163,"2":0.2658327481,"3":0.2020989339,"4":0.1152340505,"5":0.0525639048,"6":0.0199808135,"7":0.0065101639,"8":0.0018560032,"9":0.0004703412},"fc-tokyo":{"0":0.0852255906,"1":0.2098640564,"2":0.2583902435,"3":0.2120913225,"4":0.1305662565,"5":0.0643026679,"6":0.0263903886,"7":0.0092835865,"8":0.0028575501,"9":0.0007818427}}