{"vissel-kobe":{"0":0.0957050986,"1":0.2245704544,"2":0.2634754559,"3":0.206080288,"4":0.1208910094,"5":0.0567337567,"6":0.0221874726,"7":0.0074375061,"8":0.0021814984,"9":0.0005687612},"yokohama-fc":{"0":0.6621827257,"1":0.2729608182,"2":0.0562590999,"3":0.007730258,"4":0.0007966296,"5":0.0000656763,"6":0.0000045121,"7":0.0000002657,"8":0.0000000137,"9":0.0000000006}}