{"jubilo-iwata":{"0":0.2049671287,"1":0.3248535625,"2":0.257431125,"3":0.1360013491,"4":0.053887327,"5":0.0170812659,"6":0.0045120325,"7":0.0010215923,"8":0.0002023909,"9":0.0000356412},"kashima-antlers":{"0":0.2395465223,"1":0.3423138089,"2":0.244584523,"3":0.1165043835,"4":0.0416214133,"5":0.0118954635,"6":0.002833118,"7":0.0005783639,"8":0.0001033108,"9":0.0000164035}}