{"omiya-ardija":{"0":0.3290675332,"1":0.3657560231,"2":0.2032674983,"3":0.0753100851,"4":0.0209266446,"5":0.0046519608,"6":0.0008617698,"7":0.0001368358,"8":0.0000190115,"9":0.0000023479},"sanfrecce-hiroshima":{"0":0.1828991696,"1":0.3107128156,"2":0.2639226136,"3":0.1494523614,"4":0.063473175,"5":0.0215659032,"6":0.0061060989,"7":0.0014818806,"8":0.0003146811,"9":0.0000593985}}