{"kawasaki-frontale":{"0":0.2135809674,"1":0.3297133288,"2":0.2544957083,"3":0.1309583405,"4":0.0505413836,"5":0.0156045438,"6":0.0040148912,"7":0.0008854208,"8":0.0001708573,"9":0.0000293066},"albirex-niigata":{"0":0.324906025,"1":0.3652656215,"2":0.2053193292,"3":0.076941317,"4":0.0216247282,"5":0.0048621873,"6":0.0009110275,"7":0.0001463135,"8":0.0000205611,"9":0.0000025683}}