{"oita-trinita":{"0":0.257048482,"1":0.3491979378,"2":0.2371910521,"3":0.1074072689,"4":0.0364779404,"5":0.0099109876,"6":0.0022439972,"7":0.0004354927,"8":0.0000739516,"9":0.0000111625},"kashiwa-reysol":{"0":0.1949300498,"1":0.3187329516,"2":0.260582436,"3":0.1420273735,"4":0.0580577546,"5":0.0189862153,"6":0.005174106,"7":0.001208608,"8":0.0002470266,"9":0.0000448796}}