{"urawa-red-diamonds":{"0":0.1380692373,"1":0.2733770899,"2":0.270643319,"3":0.1786245905,"4":0.0884191723,"5":0.0350139922,"6":0.0115546174,"7":0.0032683061,"8":0.0008089058,"9":0.0001779593},"nagoya-grampus-eight":{"0":0.5421907487,"1":0.3318952377,"2":0.1015827447,"3":0.0207275326,"4":0.0031720245,"5":0.000388343,"6":0.0000396199,"7":0.0000034647,"8":0.0000002651,"9":0.000000018}}