{"kashima-antlers":{"0":0.0542134363,"1":0.1580227608,"2":0.2303044653,"3":0.2237658527,"4":0.1630596592,"5":0.0950581231,"6":0.046179656,"7":0.0192293836,"8":0.0070062896,"9":0.0022691243},"oita-trinita":{"0":0.4491613353,"1":0.3594966658,"2":0.1438657366,"3":0.0383820902,"4":0.0076799985,"5":0.0012293729,"6":0.0001639928,"7":0.0000187508,"8":0.000001876,"9":0.0000001668}}