{"shimizu-s-pulse":{"0":0.2933178567,"1":0.3597538886,"2":0.2206187885,"3":0.0901961987,"4":0.0276563739,"5":0.0067840998,"6":0.0013867813,"7":0.0002429836,"8":0.0000372524,"9":0.0000050767},"gamba-osaka":{"0":0.2440339897,"1":0.3441971945,"2":0.2427360812,"3":0.1141221874,"4":0.0402408459,"5":0.0113515222,"6":0.0026684548,"7":0.0005376737,"8":0.0000947951,"9":0.0000148559}}