{"kashiwa-reysol":{"0":0.1739659134,"1":0.3042482725,"2":0.266049278,"3":0.1550974971,"4":0.0678123442,"5":0.0237193461,"6":0.0069137779,"7":0.001727354,"8":0.0003776203,"9":0.0000733798},"vissel-kobe":{"0":0.524780017,"1":0.3383656229,"2":0.1090850366,"3":0.0234451422,"4":0.003779217,"5":0.0004873498,"6":0.0000523719,"7":0.000004824,"8":0.0000003888,"9":0.0000000279}}