{"sanfrecce-hiroshima":{"0":0.5354725354,"1":0.3344591861,"2":0.1044525534,"3":0.0217472193,"4":0.0033958592,"5":0.0004242146,"6":0.0000441611,"7":0.0000039405,"8":0.0000003077,"9":0.0000000214},"jef-united":{"0":0.3171097144,"1":0.3642028735,"2":0.2091448591,"3":0.0800681438,"4":0.0229897152,"5":0.0052807719,"6":0.0010108343,"7":0.0001658501,"8":0.00002381,"9":0.0000030384}}