{"ventforet-kofu":{"0":0.7276165602,"1":0.2313682942,"2":0.0367853692,"3":0.003899017,"4":0.0003099534,"5":0.0000197119,"6":0.0000010447,"7":0.0000000475,"8":0.0000000019,"9":0.0000000001},"yokohama-fa-marinos":{"0":0.101918471,"1":0.2327391949,"2":0.2657395285,"3":0.2022793426,"4":0.115480371,"5":0.0527417814,"6":0.0200733645,"7":0.0065484537,"8":0.0018692414,"9":0.0004742851}}