{"fc-tokyo":{"0":0.1562574987,"1":0.2900529819,"2":0.2692054238,"3":0.166570856,"4":0.0772992879,"5":0.0286973606,"6":0.0088782459,"7":0.0023543206,"8":0.0005462759,"9":0.0001126694},"kawasaki-frontale":{"0":0.3076073036,"1":0.3626478777,"2":0.2137684665,"3":0.0840061119,"4":0.0247593586,"5":0.0058379166,"6":0.0011470838,"7":0.0001931904,"8":0.0000284698,"9":0.0000037293}}