{"yokohama-fc":{"0":0.6067220245,"1":0.3031696173,"2":0.0757445858,"3":0.0126161329,"4":0.0015760216,"5":0.0001575027,"6":0.0000131169,"7":0.0000009363,"8":0.0000000585,"9":0.0000000032},"omiya-ardija":{"0":0.3905112474,"1":0.3671971431,"2":0.1726374628,"3":0.0541102495,"4":0.0127199467,"5":0.0023921094,"6":0.0003748828,"7":0.0000503574,"8":0.0000059189,"9":0.0000006184}}