{"albirex-niigata":{"0":0.1434231631,"1":0.2785214486,"2":0.2704381763,"3":0.1750596649,"4":0.0849895345,"5":0.0330091845,"6":0.0106837297,"7":0.0029639045,"8":0.0007194714,"9":0.0001552424},"jubilo-iwata":{"0":0.1297960321,"1":0.2650163759,"2":0.2705540315,"3":0.1841382662,"4":0.0939929658,"5":0.0383827991,"6":0.0130616093,"7":0.0038098681,"8":0.0009723693,"9":0.0002205972}}