{"yokohama-fa-marinos":{"0":0.2641975869,"1":0.3516623171,"2":0.2340414738,"3":0.1038409269,"4":0.0345545747,"5":0.0091988288,"6":0.0020406958,"7":0.0003880406,"8":0.0000645631,"9":0.0000095486},"kashima-antlers":{"0":0.3086614592,"1":0.3628346949,"2":0.2132579431,"3":0.0835622961,"4":0.0245570829,"5":0.0057734203,"6":0.0011311191,"7":0.0001899489,"8":0.0000279109,"9":0.0000036455}}