{"shimizu-s-pulse":{"0":0.0689930158,"1":0.184470076,"2":0.2466134328,"3":0.219794222,"4":0.1469187003,"5":0.078564775,"6":0.0350104278,"7":0.0133727331,"8":0.0044694181,"9":0.0013277896},"sanfrecce-hiroshima":{"0":0.3816136332,"1":0.3676262013,"2":0.177075728,"3":0.0568617676,"4":0.0136943978,"5":0.0026384904,"6":0.0004236301,"7":0.0000583004,"8":0.0000070204,"9":0.0000007515}}