{"nagoya-grampus-eight":{"0":0.1704551142,"1":0.301583383,"2":0.266793218,"3":0.1573442596,"4":0.0695966418,"5":0.0246272349,"6":0.0072620925,"7":0.0018355284,"8":0.0004059462,"9":0.0000798038},"jubilo-iwata":{"0":0.1232084613,"1":0.2579834312,"2":0.2700928575,"3":0.1885137904,"4":0.0986811984,"5":0.0413252692,"6":0.0144216756,"7":0.004313889,"8":0.0011290944,"9":0.0002626873}}