{"gamba-osaka":{"0":0.1612864377,"1":0.2942789405,"2":0.2684667604,"3":0.1632791014,"4":0.0744786754,"5":0.0271783617,"6":0.0082648192,"7":0.0021542527,"8":0.000491324,"9":0.0000996063},"jef-united":{"0":0.5162188426,"1":0.3413365408,"2":0.11285004,"3":0.02487307,"4":0.0041116708,"5":0.0005437475,"6":0.0000599232,"7":0.0000056604,"8":0.0000004678,"9":0.0000000344}}