{"kashiwa-reysol":{"0":0.1357979675,"1":0.2711324607,"2":0.2706697774,"3":0.180138589,"4":0.0899155926,"5":0.0359048612,"6":0.0119478634,"7":0.0034078499,"8":0.0008505086,"9":0.0001886794},"yokohama-fc":{"0":0.6725124236,"1":0.2668090105,"2":0.0529261956,"3":0.0069992193,"4":0.0006942083,"5":0.0000550833,"6":0.0000036422,"7":0.0000002064,"8":0.0000000102,"9":0.0000000005}}