{"vissel-kobe":{"0":0.0669993961,"1":0.1811041698,"2":0.2447687756,"3":0.2205425145,"4":0.1490355559,"5":0.0805707578,"6":0.0362980889,"7":0.0140166194,"8":0.0047359909,"9":0.0014224136},"ventforet-kofu":{"0":0.5515062868,"1":0.3282025168,"2":0.0976569938,"3":0.0193719588,"4":0.002882073,"5":0.0003430255,"6":0.0000340225,"7":0.0000028924,"8":0.0000002152,"9":0.0000000142}}