{"omiya-ardija":{"0":0.3928019411,"1":0.3670536799,"2":0.1714966117,"3":0.0534183226,"4":0.0124791847,"5":0.0023322342,"6":0.000363226,"7":0.0000484881,"8":0.0000056637,"9":0.000000588},"oita-trinita":{"0":0.454665778,"1":0.3583642398,"2":0.141230036,"3":0.0371054937,"4":0.0073115697,"5":0.0011525851,"6":0.0001514099,"7":0.0000170486,"8":0.0000016797,"9":0.0000001471}}