{"kawasaki-frontale":{"0":0.4625868052,"1":0.3566179068,"2":0.1374621261,"3":0.035324149,"4":0.0068080325,"5":0.0010496911,"6":0.0001348715,"7":0.0000148536,"8":0.0000014314,"9":0.0000001226},"urawa-red-diamonds":{"0":0.0775700636,"1":0.1983135848,"2":0.2535016481,"3":0.2160318826,"4":0.1380753576,"5":0.0705999657,"6":0.030082336,"7":0.0109868156,"8":0.0035110755,"9":0.0009973693}}