{"albirex-niigata":{"0":0.1544975884,"1":0.2885361105,"2":0.2694316718,"3":0.1677281124,"4":0.0783112825,"5":0.0292504668,"6":0.0091045821,"7":0.0024290723,"8":0.0005670599,"9":0.0001176698},"fc-tokyo":{"0":0.1986270108,"1":0.3210461072,"2":0.2594576703,"3":0.1397894387,"4":0.0564863446,"5":0.0182600755,"6":0.0049190407,"7":0.0011358252,"8":0.000229483,"9":0.0000412133}}