{"urawa-red-diamonds":{"0":0.3883120749,"1":0.367322233,"2":0.1737334886,"3":0.0547808297,"4":0.012954926,"5":0.0024509319,"6":0.0003864082,"7":0.0000522173,"8":0.0000061743,"9":0.000000649},"shimizu-s-pulse":{"0":0.4228846899,"1":0.3639581348,"2":0.1566213285,"3":0.0449323483,"4":0.0096678209,"5":0.0016641331,"6":0.0002387076,"7":0.0000293493,"8":0.0000031575,"9":0.0000003019}}