{"kashima-antlers":{"0":0.1093158901,"1":0.2419722,"2":0.2678043673,"3":0.1975961954,"4":0.1093454622,"5":0.0484075316,"6":0.0178584542,"7":0.0056471328,"8":0.0015625006,"9":0.0003842907},"kashiwa-reysol":{"0":0.4126126987,"1":0.3652637005,"2":0.1616740969,"3":0.0477071106,"4":0.010558131,"5":0.0018693084,"6":0.0002757996,"7":0.0000348786,"8":0.0000038595,"9":0.0000003796}}