{"jef-united":{"0":0.3450074772,"1":0.3671532274,"2":0.1953602477,"3":0.0693000879,"4":0.0184371011,"5":0.0039241127,"6":0.0006959997,"7":0.0001058108,"8":0.0000140753,"9":0.0000016643},"yokohama-fa-marinos":{"0":0.103092241,"1":0.2342390919,"2":0.2661109684,"3":0.20154634,"4":0.1144849292,"5":0.0520249547,"6":0.0197012533,"7":0.0063948331,"8":0.0018162374,"9":0.0004585255}}