{"sanfrecce-hiroshima":{"0":0.2113892509,"1":0.3285103223,"2":0.2552613991,"3":0.132230004,"4":0.0513731435,"5":0.0159673284,"6":0.0041356819,"7":0.0009181533,"8":0.0001783575,"9":0.0000307975},"vissel-kobe":{"0":0.0943583286,"1":0.2227475298,"2":0.2629151171,"3":0.2068840266,"4":0.1220954911,"5":0.0576450843,"6":0.0226800332,"7":0.0076485358,"8":0.002256945,"9":0.0005919856}}