{"jubilo-iwata":{"0":0.1591611866,"1":0.2925124511,"2":0.2687952253,"3":0.1646673453,"4":0.0756579694,"5":0.0278094158,"6":0.0085181994,"7":0.0022364385,"8":0.0005137764,"9":0.0001049153},"kawasaki-frontale":{"0":0.107581326,"1":0.2398534481,"2":0.2673776143,"3":0.1987068609,"4":0.1107546438,"5":0.0493856772,"6":0.018350962,"7":0.0058448029,"8":0.0016288795,"9":0.0004035111}}