{"ventforet-kofu":{"0":0.6231469128,"1":0.2947316479,"2":0.0697000519,"3":0.0109887469,"4":0.0012993451,"5":0.000122911,"6":0.0000096889,"7":0.0000006547,"8":0.0000000387,"9":0.000000002},"omiya-ardija":{"0":0.384318304,"1":0.3675175039,"2":0.1757255824,"3":0.0560145299,"4":0.0133914518,"5":0.0025612066,"6":0.0004082069,"7":0.000055766,"8":0.000006666,"9":0.0000007083}}