{"fc-tokyo":{"0":0.4062035457,"1":0.3659491403,"2":0.1648419551,"3":0.0495020886,"4":0.0111491191,"5":0.0020088503,"6":0.0003016292,"7":0.0000388197,"8":0.0000043716,"9":0.0000004376},"gamba-osaka":{"0":0.1123886473,"1":0.2456582454,"2":0.2684789567,"3":0.1956130832,"4":0.1068923952,"5":0.0467289159,"6":0.0170232845,"7":0.0053156236,"8":0.0014523562,"9":0.0003527277}}