{"oita-trinita":{"0":0.0884847618,"1":0.2145689043,"2":0.2601567421,"3":0.2102868561,"4":0.1274824597,"5":0.0618270788,"6":0.0249876707,"7":0.0086561751,"8":0.0026238218,"9":0.0007069523},"nagoya-grampus-eight":{"0":0.4653212171,"1":0.3559834448,"2":0.1361685308,"3":0.0347242155,"4":0.0066412434,"5":0.0010161465,"6":0.0001295633,"7":0.0000141599,"8":0.0000013541,"9":0.0000001151}}