{"yokohama-fc":{"0":0.4691856453,"1":0.3550594072,"2":0.1343468027,"3":0.0338892836,"4":0.0064114861,"5":0.0009703871,"6":0.0001223912,"7":0.0000132315,"8":0.0000012516,"9":0.0000001052},"albirex-niigata":{"0":0.1421575013,"1":0.27732365,"2":0.270504216,"3":0.1759016487,"4":0.0857880991,"5":0.0334714223,"6":0.0108827848,"7":0.0030329073,"8":0.0007395819,"9":0.0001603101}}