{"gamba-osaka":{"0":0.026013315,"1":0.094926404,"2":0.1732001897,"3":0.2106776369,"4":0.1921984039,"5":0.1402720365,"6":0.0853122078,"7":0.0444738238,"8":0.0202864387,"9":0.0082253547},"vissel-kobe":{"0":0.3977422011,"1":0.3666989074,"2":0.1690392524,"3":0.0519486483,"4":0.0119735299,"5":0.0022078021,"6":0.0003392476,"7":0.0000446814,"8":0.0000051493,"9":0.0000005275}}