{"yokohama-fa-marinos":{"0":0.1561941819,"1":0.2899987541,"2":0.2692138604,"3":0.1666124461,"4":0.0773354698,"5":0.0287170618,"6":0.0088862808,"7":0.0023569658,"8":0.0005470091,"9":0.0001128453},"albirex-niigata":{"0":0.2099311604,"1":0.3276974211,"2":0.2557638408,"3":0.1330803725,"4":0.0519338039,"5":0.0162134802,"6":0.0042181412,"7":0.0009406308,"8":0.0001835377,"9":0.0000318331}}