{"shimizu-s-pulse":{"0":0.3497586459,"1":0.3674256356,"2":0.1929925096,"3":0.0675803122,"4":0.0177484813,"5":0.0037289983,"6":0.0006528929,"7":0.0000979817,"8":0.0000128664,"9":0.0000015018},"jef-united":{"0":0.5569020799,"1":0.3259914614,"2":0.095412135,"3":0.018617002,"4":0.0027244393,"5":0.0003189587,"6":0.0000311179,"7":0.0000026022,"8":0.0000001904,"9":0.0000000124}}