{"nagoya-grampus-eight":{"0":0.0773258504,"1":0.1979330642,"2":0.2533273006,"3":0.2161495739,"4":0.1383209731,"5":0.0708127848,"6":0.0302102324,"7":0.0110471352,"8":0.0035347062,"9":0.0010053203},"yokohama-fc":{"0":0.5895148995,"1":0.311532264,"2":0.0823154356,"3":0.014500009,"4":0.0019156516,"5":0.0002024672,"6":0.0000178325,"7":0.0000013462,"8":0.0000000889,"9":0.0000000052}}