{"urawa-red-diamonds":{"0":0.2624003314,"1":0.3510611942,"2":0.2348395702,"3":0.1047293646,"4":0.0350289342,"5":0.0093729298,"6":0.0020899821,"7":0.0003994505,"8":0.0000668023,"9":0.0000099304},"kashima-antlers":{"0":0.4507925751,"1":0.359168068,"2":0.1430832141,"3":0.03800042,"4":0.0075691893,"5":0.0012061472,"6":0.0001601659,"7":0.0000182303,"8":0.0000018156,"9":0.0000001607}}