{"kashiwa-reysol":{"0":0.1750863577,"1":0.3050837682,"2":0.265800565,"3":0.1543836977,"4":0.0672524702,"5":0.0234371625,"6":0.0068064487,"7":0.0016942962,"8":0.0003690338,"9":0.0000714481},"ventforet-kofu":{"0":0.5141766117,"1":0.3420243537,"2":0.1137553283,"3":0.0252229109,"4":0.0041944974,"5":0.0005580263,"6":0.0000618654,"7":0.0000058789,"8":0.0000004888,"9":0.0000000361}}