{"fc-tokyo":{"0":0.5443346116,"1":0.3310594805,"2":0.1006737192,"3":0.0204096209,"4":0.0031032376,"5":0.0003774723,"6":0.0000382626,"7":0.0000033244,"8":0.0000002527,"9":0.0000000171},"omiya-ardija":{"0":0.4186451115,"1":0.3645275727,"2":0.1587028579,"3":0.0460625368,"4":0.0100270278,"5":0.0017461702,"6":0.0002534076,"7":0.0000315214,"8":0.0000034308,"9":0.0000003319}}