{"kawasaki-frontale":{"0":0.0704531068,"1":0.1868985612,"2":0.2479029938,"3":0.2192130104,"4":0.1453825038,"5":0.0771343722,"6":0.0341037792,"7":0.0129243966,"8":0.0042857427,"9":0.0012632503},"sanfrecce-hiroshima":{"0":0.3101399266,"1":0.3630906457,"2":0.2125408658,"3":0.0829427769,"4":0.0242759347,"5":0.0056841213,"6":0.0011090968,"7":0.0001854935,"8":0.0000271454,"9":0.0000035311}}