{"oita-trinita":{"0":0.1742193271,"1":0.3044378685,"2":0.265993496,"3":0.1549359158,"4":0.0676853147,"5":0.023655209,"6":0.0068893441,"7":0.0017198168,"8":0.0003756596,"9":0.0000729381},"jubilo-iwata":{"0":0.111344982,"1":0.2444158142,"2":0.2682612595,"3":0.1962887264,"4":0.1077194231,"5":0.047291454,"6":0.0173017515,"7":0.0054256363,"8":0.0014887417,"9":0.0003631077}}