{"kashima-antlers":{"0":0.2266074435,"1":0.3364069264,"2":0.2497041103,"3":0.1235649206,"4":0.0458591458,"5":0.0136159113,"6":0.0033688853,"7":0.0007144617,"8":0.0001325805,"9":0.000021869},"shimizu-s-pulse":{"0":0.3129143631,"1":0.3635519571,"2":0.2111920083,"3":0.0817894361,"4":0.0237562678,"5":0.0055201286,"6":0.0010689046,"7":0.0001774115,"8":0.0000257652,"9":0.0000033261}}