{"jef-united":{"0":0.0219661809,"1":0.0838723974,"2":0.1601229428,"3":0.2037965416,"4":0.1945365995,"5":0.1485579225,"6":0.0945385786,"7":0.051567435,"8":0.0246121779,"9":0.0104417198},"nagoya-grampus-eight":{"0":0.1901863235,"1":0.3156619477,"2":0.2619601226,"3":0.1449295284,"4":0.0601367338,"5":0.0199624013,"6":0.0055221027,"7":0.0013093308,"8":0.0002716454,"9":0.000050096}}