{"sanfrecce-hiroshima":{"0":0.4383479542,"1":0.3615240859,"2":0.1490820973,"3":0.040984769,"4":0.0084504678,"5":0.0013938916,"6":0.0001916002,"7":0.0000225744,"8":0.0000023273,"9":0.0000002133},"gamba-osaka":{"0":0.0979153986,"1":0.2275212583,"2":0.2643400511,"3":0.2047447145,"4":0.1189388383,"5":0.0552744809,"6":0.021406438,"7":0.0071058715,"8":0.0020639461,"9":0.0005328768}}