{"vissel-kobe":{"0":0.2983100214,"1":0.3608423626,"2":0.2182414289,"3":0.0879965441,"4":0.0266106388,"5":0.0064377628,"6":0.0012978766,"7":0.0002242771,"8":0.0000339113,"9":0.0000045578},"yokohama-fa-marinos":{"0":0.3026976741,"1":0.3617300006,"2":0.2161374277,"3":0.0860962368,"4":0.0257216973,"5":0.0061475924,"6":0.0012244167,"7":0.0002090291,"8":0.0000312243,"9":0.000004146}}