{"jubilo-iwata":{"0":0.3705579921,"1":0.3678697134,"2":0.1826004687,"3":0.0604252537,"4":0.014996722,"5":0.0029775851,"6":0.000492664,"7":0.00006987,"8":0.0000086704,"9":0.0000009564},"kashiwa-reysol":{"0":0.3015832799,"1":0.3615106167,"2":0.2166730298,"3":0.0865759763,"4":0.0259448523,"5":0.006220066,"6":0.0012426749,"7":0.0002128008,"8":0.0000318858,"9":0.0000042469}}