{"ventforet-kofu":{"0":0.3641063519,"1":0.3678600257,"2":0.1858261985,"3":0.0625806442,"4":0.0158064514,"5":0.0031938809,"6":0.0005378013,"7":0.0000776208,"8":0.0000098026,"9":0.0000011004},"fc-tokyo":{"0":0.0646615063,"1":0.1770813035,"2":0.2424764737,"3":0.2213478183,"4":0.1515451868,"5":0.0830040027,"6":0.0378856444,"7":0.0148218881,"8":0.0050738829,"9":0.0015439201}}