{"omiya-ardija":{"0":0.4631244594,"1":0.3564944292,"2":0.1372074779,"3":0.0352055843,"4":0.0067749578,"5":0.0010430176,"6":0.0001338121,"7":0.0000147147,"8":0.0000014159,"9":0.0000001211},"kawasaki-frontale":{"0":0.0939356573,"1":0.2221714716,"2":0.2627338979,"3":0.2071346083,"4":0.1224758576,"5":0.057934638,"6":0.0228373054,"7":0.0077162206,"8":0.0022812478,"9":0.000599498}}