{"yokohama-fc":{"0":0.8053366861,"1":0.1743512413,"2":0.0188730725,"3":0.0013619743,"4":0.0000737151,"5":0.0000031918,"6":0.0000001152,"7":0.0000000036,"8":0.0000000001,"9":0.0},"urawa-red-diamonds":{"0":0.0519394663,"1":0.153620131,"2":0.227179314,"3":0.2239742946,"4":0.1656108685,"5":0.0979646698,"6":0.0482912978,"7":0.0204042899,"8":0.0075436607,"9":0.0024790785}}