{"albirex-niigata":{"0":0.109893076,"1":0.2426711018,"2":0.2679389175,"3":0.1972251413,"4":0.1088804775,"5":0.0480870068,"6":0.0176980015,"7":0.0055830809,"8":0.001541103,"9":0.0003781263},"oita-trinita":{"0":0.4738388629,"1":0.3539045449,"2":0.132163523,"3":0.0329037817,"4":0.0061438596,"5":0.000917755,"6":0.0001142434,"7":0.0000121896,"8":0.000001138,"9":0.0000000944}}