{"kashima-antlers":{"0":0.3780035799,"1":0.3677413923,"2":0.1788789033,"3":0.0580075432,"4":0.014108183,"5":0.0027450337,"6":0.0004450851,"7":0.0000618574,"8":0.0000075223,"9":0.0000008131},"oita-trinita":{"0":0.7568284231,"1":0.2108665552,"2":0.0293756833,"3":0.0027282049,"4":0.0001900322,"5":0.0000105893,"6":0.0000004917,"7":0.0000000196,"8":0.0000000007,"9":0.0}}