{"kawasaki-frontale":{"0":0.0977046182,"1":0.2272420314,"2":0.2642604914,"3":0.2048729186,"4":0.1191236889,"5":0.0554117289,"6":0.0214794927,"7":0.0071367347,"8":0.0020748329,"9":0.0005361844},"fc-tokyo":{"0":0.539287748,"1":0.3330134175,"2":0.1028188909,"3":0.0211637605,"4":0.0032671873,"5":0.0004035015,"6":0.0000415274,"7":0.0000036633,"8":0.0000002828,"9":0.0000000194}}