{"sanfrecce-hiroshima":{"0":0.3690680652,"1":0.367877523,"2":0.1833454107,"3":0.0609179913,"4":0.0151803704,"5":0.0030262803,"6":0.000502753,"7":0.0000715902,"8":0.0000089199,"9":0.0000009879},"shimizu-s-pulse":{"0":0.0933664672,"1":0.2213927165,"2":0.2624857531,"3":0.2074707535,"4":0.1229898568,"5":0.058327276,"6":0.0230511633,"7":0.0078084927,"8":0.0023144597,"9":0.0006097889}}