{"gamba-osaka":{"0":0.3453400116,"1":0.3671744123,"2":0.1951946553,"3":0.0691786649,"4":0.0183881355,"5":0.003910148,"6":0.000692895,"7":0.0001052434,"8":0.0000139872,"9":0.0000016524},"yokohama-fa-marinos":{"0":0.6603640344,"1":0.2740273202,"2":0.0568557404,"3":0.0078643624,"4":0.0008158569,"5":0.0000677103,"6":0.0000046829,"7":0.0000002776,"8":0.0000000144,"9":0.0000000007}}