{"jubilo-iwata":{"0":0.2324041448,"1":0.3391421207,"2":0.2474512193,"3":0.1203666589,"4":0.0439120869,"5":0.0128159834,"6":0.0031170125,"7":0.000649798,"8":0.0001185294,"9":0.0000192186},"matsumoto-yamaga":{"0":0.1879250191,"1":0.3141565528,"2":0.2625896758,"3":0.1463247908,"4":0.0611532356,"5":0.0204461224,"6":0.0056966721,"7":0.0013604566,"8":0.0002842865,"9":0.000052805}}