{"sagan-tosu":{"0":0.3377746425,"1":0.3666126066,"2":0.1989563253,"3":0.0719808297,"4":0.0195315724,"5":0.0042398213,"6":0.000766967,"7":0.0001189211,"8":0.0000161343,"9":0.0000019458},"nagoya-grampus-eight":{"0":0.5807672088,"1":0.3155919653,"2":0.0857471695,"3":0.0155318214,"4":0.0021100184,"5":0.000229319,"6":0.0000207689,"7":0.0000016123,"8":0.0000001095,"9":0.0000000066}}