{"cerezo-osaka":{"0":0.3465458105,"1":0.3672485473,"2":0.1945940354,"3":0.0687397112,"4":0.0182115599,"5":0.0038599046,"6":0.0006817494,"7":0.000103211,"8":0.0000136721,"9":0.0000016099},"vissel-kobe":{"0":0.1718469405,"1":0.3026484247,"2":0.2665047999,"3":0.1564517386,"4":0.0688837871,"5":0.0242629512,"6":0.0071217871,"7":0.0017917919,"8":0.000394452,"9":0.0000771877}}