{"vegalta-sendai":{"0":0.2380308865,"1":0.3416587846,"2":0.2452007949,"3":0.1173167158,"4":0.0420977789,"5":0.0120850501,"6":0.0028910559,"7":0.000592813,"8":0.0001063621,"9":0.000016963},"urawa-red-diamonds":{"0":0.1901663402,"1":0.3156487627,"2":0.2619657645,"3":0.1449418254,"4":0.0601456438,"5":0.0199666229,"6":0.0055236202,"7":0.0013097735,"8":0.0002717545,"9":0.0000501193}}