{"shonan-bellmare":{"0":0.3012481942,"1":0.3614438459,"2":0.2168339201,"3":0.086720615,"4":0.0260122992,"5":0.0062420195,"6":0.0012482175,"7":0.0002139482,"8":0.0000320874,"9":0.0000042777},"consadole-sapporo":{"0":0.4766336111,"1":0.3531889348,"2":0.1308577708,"3":0.0323221832,"4":0.0059877426,"5":0.0008873921,"6":0.000109594,"7":0.0000116014,"8":0.0000010746,"9":0.0000000885}}