{"oita-trinita":{"0":0.4914565828,"1":0.3491217526,"2":0.1240048485,"3":0.0293635908,"4":0.0052148392,"5":0.0007409053,"6":0.0000877209,"7":0.0000089022,"8":0.0000007905,"9":0.0000000624},"matsumoto-yamaga":{"0":0.2898439227,"1":0.3589463944,"2":0.2222618865,"3":0.0917506475,"4":0.0284062917,"5":0.0070357425,"6":0.0014521921,"7":0.0002569162,"8":0.000039771,"9":0.0000054725}}