{"nagoya-grampus-eight":{"0":0.4227100896,"1":0.3639824283,"2":0.1567069386,"3":0.0449784801,"4":0.0096823904,"5":0.0016674407,"6":0.0002392968,"7":0.0000294359,"8":0.0000031683,"9":0.0000003031},"cerezo-osaka":{"0":0.1668806838,"1":0.2987958909,"2":0.2674934642,"3":0.1596468929,"4":0.0714609902,"5":0.0255898403,"6":0.0076363333,"7":0.001953239,"8":0.0004371535,"9":0.0000869681}}