{"kawasaki-frontale":{"0":0.0921244052,"1":0.219681274,"2":0.2619276729,"3":0.2081989195,"4":0.1241185866,"5":0.0591950182,"6":0.0235262252,"7":0.0080144284,"8":0.0023889161,"9":0.0006329607},"kashima-antlers":{"0":0.1762238883,"1":0.30592467,"2":0.2655426136,"3":0.1536606591,"4":0.066688726,"5":0.0231543257,"6":0.0066993182,"7":0.0016614309,"8":0.0003605305,"9":0.0000695423}}