{"shimizu-s-pulse":{"0":0.0733943445,"1":0.1916993046,"2":0.2503505117,"3":0.2179642013,"4":0.1423256319,"5":0.0743483026,"6":0.0323651593,"7":0.0120764045,"8":0.0039428078,"9":0.0011442503},"gamba-osaka":{"0":0.1668806838,"1":0.2987958909,"2":0.2674934642,"3":0.1596468929,"4":0.0714609902,"5":0.0255898403,"6":0.0076363333,"7":0.001953239,"8":0.0004371535,"9":0.0000869681}}