{"sanfrecce-hiroshima":{"0":0.5031991661,"1":0.3455817042,"2":0.1186674406,"3":0.0271657156,"4":0.0046641444,"5":0.0006406382,"6":0.0000733284,"7":0.0000071942,"8":0.0000006176,"9":0.0000000471},"jubilo-iwata":{"0":0.4895640391,"1":0.3496662193,"2":0.1248728002,"3":0.0297297163,"4":0.0053085381,"5":0.0007583141,"6":0.0000902697,"7":0.0000092106,"8":0.0000008223,"9":0.0000000653}}