{"vissel-kobe":{"0":0.4879427225,"1":0.3501268391,"2":0.1256180262,"3":0.0300460419,"4":0.0053899388,"5":0.0007735179,"6":0.0000925072,"7":0.0000094827,"8":0.0000008506,"9":0.0000000678},"sagan-tosu":{"0":0.2249080803,"1":0.3355771357,"2":0.2503511965,"3":0.1245132935,"4":0.0464454349,"5":0.0138599076,"6":0.0034466437,"7":0.0007346587,"8":0.0001370197,"9":0.0000227158}}