{"yokohama-fa-marinos":{"0":0.0755314535,"1":0.1951133119,"2":0.2520089495,"3":0.2169970191,"4":0.1401370062,"5":0.072400554,"6":0.0311709256,"7":0.0115029893,"8":0.003714324,"9":0.0010660961},"vegalta-sendai":{"0":0.3031126399,"1":0.3618106432,"2":0.2159377807,"3":0.0859181011,"4":0.0256390524,"5":0.006120815,"6":0.001217686,"7":0.0002076417,"8":0.0000309815,"9":0.000004109}}