{"shonan-bellmare":{"0":0.4329425983,"1":0.3624379512,"2":0.1517074885,"3":0.0423339811,"4":0.0088599744,"5":0.0014834257,"6":0.000206975,"7":0.0000247527,"8":0.0000025902,"9":0.0000002409},"fc-tokyo":{"0":0.6081373625,"1":0.3024598523,"2":0.0752148839,"3":0.0124694869,"4":0.0015504389,"5":0.0001542235,"6":0.000012784,"7":0.0000009083,"8":0.0000000565,"9":0.0000000031}}