{"urawa-red-diamonds":{"0":0.0092047032,"1":0.0431520232,"2":0.1011492207,"3":0.1580638882,"4":0.1852524858,"5":0.1736942391,"6":0.1357142774,"7":0.0908905797,"8":0.0532623422,"9":0.0277440032},"consadole-sapporo":{"0":0.2484303902,"1":0.3459623212,"2":0.2408922829,"3":0.1118216029,"4":0.038930484,"5":0.0108428607,"6":0.0025166146,"7":0.0005006598,"8":0.0000871519,"9":0.0000134852}}