{"vegalta-sendai":{"0":0.2001695335,"1":0.3219908308,"2":0.2589757125,"3":0.1388619659,"4":0.0558430134,"5":0.0179657093,"6":0.0048165785,"7":0.0011068433,"8":0.0002225572,"9":0.0000397782},"vissel-kobe":{"0":0.1936614329,"1":0.3179230976,"2":0.2609582467,"3":0.1428001657,"4":0.0586067529,"5":0.0192422829,"6":0.0052648292,"7":0.0012347106,"8":0.0002533694,"9":0.0000462158}}