{"kashima-antlers":{"0":0.5002879589,"1":0.3464851464,"2":0.1199828564,"3":0.0276988994,"4":0.0047958666,"5":0.000664296,"6":0.0000766787,"7":0.0000075865,"8":0.0000006568,"9":0.0000000505},"shonan-bellmare":{"0":0.7019671906,"1":0.2484041562,"2":0.0439512171,"3":0.0051843187,"4":0.0004586419,"5":0.0000324598,"6":0.0000019144,"7":0.0000000968,"8":0.0000000043,"9":0.0000000002}}