{"fc-tokyo":{"0":1.0,"1":0.0,"2":0.0,"3":0.0,"4":0.0,"5":0.0,"6":0.0,"7":0.0,"8":0.0,"9":0.0},"sagan-tosu":{"0":0.4660728894,"1":0.3558062155,"2":0.1358135883,"3":0.0345606306,"4":0.0065960108,"5":0.0010070964,"6":0.0001281385,"7":0.0000139747,"8":0.0000013336,"9":0.0000001131}}