{"jubilo-iwata":{"0":0.4207509089,"1":0.3642500726,"2":0.1576682457,"3":0.0454985509,"4":0.0098471864,"5":0.00170497,"6":0.0002460028,"7":0.000030424,"8":0.0000032923,"9":0.0000003167},"oita-trinita":{"0":0.1269155243,"1":0.2619832867,"2":0.2703973485,"3":0.1860544286,"4":0.0960149496,"5":0.0396394566,"6":0.0136375162,"7":0.0040215741,"8":0.0010376835,"9":0.0002380024}}