{"consadole-sapporo":{"0":0.2976014809,"1":0.3606929948,"2":0.2185799549,"3":0.0883063018,"4":0.0267568094,"5":0.0064858506,"6":0.0013101418,"7":0.0002268417,"8":0.0000343665,"9":0.000004628},"shimizu-s-pulse":{"0":0.1269155243,"1":0.2619832867,"2":0.2703973485,"3":0.1860544286,"4":0.0960149496,"5":0.0396394566,"6":0.0136375162,"7":0.0040215741,"8":0.0010376835,"9":0.0002380024}}