{"cerezo-osaka":{"0":0.4207509089,"1":0.3642500726,"2":0.1576682457,"3":0.0454985509,"4":0.0098471864,"5":0.00170497,"6":0.0002460028,"7":0.000030424,"8":0.0000032923,"9":0.0000003167},"sanfrecce-hiroshima":{"0":0.5025410962,"1":0.3457874015,"2":0.1189643274,"3":0.0272855732,"4":0.0046936497,"5":0.0006459193,"6":0.0000740738,"7":0.0000072812,"8":0.0000006263,"9":0.0000000479}}