{"yokohama-fa-marinos":{"0":0.4538752557,"1":0.3585309906,"2":0.14160771,"3":0.0372868624,"4":0.0073635297,"5":0.0011633389,"6":0.0001531599,"7":0.0000172837,"8":0.0000017066,"9":0.0000001498},"kawasaki-frontale":{"0":0.3330991557,"1":0.3661809212,"2":0.2012741022,"3":0.0737545512,"4":0.0202698724,"5":0.0044565952,"6":0.0008165337,"7":0.0001282325,"8":0.000017621,"9":0.0000021523}}