{"gamba-osaka":{"0":0.3152826584,"1":0.3639262685,"2":0.2100374464,"3":0.080814408,"4":0.0233207292,"5":0.0053837569,"6":0.0010357323,"7":0.0001707901,"8":0.0000246426,"9":0.0000031605},"nagoya-grampus-eight":{"0":0.3309329752,"1":0.365958728,"2":0.202345793,"3":0.0745873179,"4":0.020620399,"5":0.00456057,"6":0.000840543,"7":0.0001327865,"8":0.0000183551,"9":0.0000022553}}