{"matsumoto-yamaga":{"0":0.4895766281,"1":0.3496626217,"2":0.1248670198,"3":0.0297272698,"4":0.0053079102,"5":0.0007581971,"6":0.0000902525,"7":0.0000092085,"8":0.0000008221,"9":0.0000000652},"urawa-red-diamonds":{"0":0.2302580265,"1":0.3381465173,"2":0.2482933361,"3":0.1215441189,"4":0.0446235481,"5":0.0131064247,"6":0.003207917,"7":0.0006730003,"8":0.0001235422,"9":0.0000201587}}