{"fc-tokyo":{"0":0.7103406878,"1":0.2429440321,"2":0.0415447149,"3":0.004736244,"4":0.0004049614,"5":0.0000277002,"6":0.000001579,"7":0.0000000771,"8":0.0000000033,"9":0.0000000001},"nagoya-grampus-eight":{"0":0.285173251,"1":0.3577950106,"2":0.2244552551,"3":0.093871556,"4":0.0294441837,"5":0.0073884784,"6":0.0015450027,"7":0.0002769215,"8":0.0000434302,"9":0.0000060545}}