{"consadole-sapporo":{"0":0.2536994607,"1":0.3479754331,"2":0.2386424112,"3":0.1091077032,"4":0.0374131661,"5":0.0102632167,"6":0.0023461798,"7":0.0004597188,"8":0.0000788191,"9":0.0000120121},"kashima-antlers":{"0":0.0642762411,"1":0.1764103355,"2":0.2420848354,"3":0.2214725397,"4":0.1519614572,"5":0.083413626,"6":0.0381556894,"7":0.0149601111,"8":0.0051323751,"9":0.0015651265}}