{"sagan-tosu":{"0":0.4558663723,"1":0.3581083614,"2":0.1406570064,"3":0.0368312976,"4":0.0072332576,"5":0.0011364251,"6":0.0001487875,"7":0.0000166973,"8":0.0000016396,"9":0.0000001431},"jubilo-iwata":{"0":0.6445966963,"1":0.2830620275,"2":0.0621505756,"3":0.0090974031,"4":0.0009987366,"5":0.0000877151,"6":0.0000064197,"7":0.0000004027,"8":0.0000000221,"9":0.0000000011}}