{"shonan-bellmare":{"0":0.1460495219,"1":0.2809714611,"2":0.2702677864,"3":0.1733145805,"4":0.0833560601,"5":0.0320722365,"6":0.010283479,"7":0.0028262078,"8":0.0006796357,"9":0.0001452766},"vegalta-sendai":{"0":0.4810019004,"1":0.3520376227,"2":0.1288253619,"3":0.0314284096,"4":0.005750488,"5":0.0008417381,"6":0.0001026758,"7":0.0000107353,"8":0.0000009821,"9":0.0000000799}}