{"cerezo-osaka":{"0":0.7413671782,"1":0.2218609926,"2":0.0331969782,"3":0.003311501,"4":0.0002477493,"5":0.0000148283,"6":0.0000007396,"7":0.0000000316,"8":0.0000000012,"9":0.0},"urawa-red-diamonds":{"0":0.4257662747,"1":0.363546807,"2":0.1552098989,"3":0.0441760864,"4":0.0094301006,"5":0.0016104061,"6":0.0002291782,"7":0.0000279553,"8":0.0000029838,"9":0.0000002831}}