{"vissel-kobe":{"0":0.2239581004,"1":0.3351076762,"2":0.2507101874,"3":0.1250455749,"4":0.0467763077,"5":0.0139982432,"6":0.0034909199,"7":0.0007462072,"8":0.0001395684,"9":0.000023204},"shimizu-s-pulse":{"0":0.1215018139,"1":0.256104693,"2":0.2699120764,"3":0.189642572,"4":0.0999333901,"5":0.0421284413,"6":0.0147999046,"7":0.0044565179,"8":0.0011741956,"9":0.000275}}