{"kawasaki-frontale":{"0":0.0612319345,"1":0.1710260847,"2":0.2388453174,"3":0.2223718708,"4":0.1552759631,"5":0.0867398368,"6":0.0403786434,"7":0.0161115772,"8":0.0056251284,"9":0.0017457189},"gamba-osaka":{"0":0.1726443227,"1":0.3032535059,"2":0.2663356878,"3":0.1559414752,"4":0.0684786478,"5":0.0240568467,"6":0.007042729,"7":0.0017672438,"8":0.0003880253,"9":0.0000757305}}