{"sanfrecce-hiroshima":{"0":0.8294130168,"1":0.1551309531,"2":0.0145076169,"3":0.0009044872,"4":0.0000422932,"5":0.0000015821,"6":0.0000000493,"7":0.0000000013,"8":0.0,"9":0.0},"matsumoto-yamaga":{"0":0.3768736059,"1":0.3677703787,"2":0.1794435181,"3":0.0583697112,"4":0.0142399537,"5":0.0027791987,"6":0.0004520114,"7":0.0000630133,"8":0.0000076864,"9":0.0000008334}}