{"oita-trinita":{"0":1.0,"1":0.0,"2":0.0,"3":0.0,"4":0.0,"5":0.0,"6":0.0,"7":0.0,"8":0.0,"9":0.0},"yokohama-fa-marinos":{"0":0.3100522359,"1":0.3630756618,"2":0.2125834309,"3":0.0829794262,"4":0.0242925277,"5":0.0056893804,"6":0.0011103911,"7":0.0001857549,"8":0.0000271902,"9":0.0000035378}}