{"gamba-osaka":{"0":0.044959194,"1":0.1394634199,"2":0.2163077642,"3":0.2236622282,"4":0.173450058,"5":0.107608416,"6":0.0556335511,"7":0.0246536108,"8":0.0095594376,"9":0.0032948195},"vissel-kobe":{"0":0.066395158,"1":0.1800723759,"2":0.2441899498,"3":0.2207583896,"4":0.1496814261,"5":0.0811911316,"6":0.0367001662,"7":0.0142193805,"8":0.0048206031,"9":0.0014526786}}