{"vegalta-sendai":{"0":0.5343700691,"1":0.33487191,"2":0.1049265318,"3":0.0219179866,"4":0.0034338179,"5":0.0004303718,"6":0.0000449499,"7":0.0000040241,"8":0.0000003152,"9":0.0000000219},"cerezo-osaka":{"0":0.3148252031,"1":0.3638553577,"2":0.210260678,"3":0.0810020645,"4":0.023404285,"5":0.0054098429,"6":0.0010420599,"7":0.0001720497,"8":0.0000248555,"9":0.0000031918}}