{"matsumoto-yamaga":{"0":1.0,"1":0.0,"2":0.0,"3":0.0,"4":0.0,"5":0.0,"6":0.0,"7":0.0,"8":0.0,"9":0.0},"kawasaki-frontale":{"0":0.3851207054,"1":0.3674815891,"2":0.1753251857,"3":0.0557650082,"4":0.0133027214,"5":0.0025386873,"6":0.0004037353,"7":0.0000550348,"8":0.0000065643,"9":0.000000696}}