{"urawa-red-diamonds":{"0":0.1930125628,"1":0.3175056658,"2":0.2611484101,"3":0.1431963782,"4":0.0588895105,"5":0.019374649,"6":0.0053118829,"7":0.0012482925,"8":0.0002566801,"9":0.0000469154},"fc-tokyo":{"0":0.0849600808,"1":0.2094753468,"2":0.2582384603,"3":0.2122353247,"4":0.1308204624,"5":0.0645095002,"6":0.0265088219,"7":0.0093370651,"8":0.0028776529,"9":0.0007883406}}