{"oita-trinita":{"0":0.253895292,"1":0.3480481294,"2":0.2385579887,"3":0.1090077476,"4":0.0373578635,"5":0.0102422809,"6":0.0023400767,"7":0.000458265,"8":0.0000785256,"9":0.0000119606},"sanfrecce-hiroshima":{"0":0.6178204628,"1":0.2975160015,"2":0.0716355127,"3":0.0114988699,"4":0.0013843414,"5":0.000133328,"6":0.0000107008,"7":0.0000007362,"8":0.0000000443,"9":0.0000000024}}