{"nagoya-grampus-eight":{"0":0.2781918085,"1":0.3559309639,"2":0.2276969472,"3":0.0971085314,"4":0.0310612427,"5":0.0079482269,"6":0.0016948858,"7":0.0003097875,"8":0.0000495445,"9":0.0000070433},"consadole-sapporo":{"0":0.1573661021,"1":0.2909983002,"2":0.2690541661,"3":0.1658432237,"4":0.0766685067,"5":0.0283547789,"6":0.0087388499,"7":0.0023085299,"8":0.000533611,"9":0.0001096381}}