{"shimizu-s-pulse":{"0":0.1141156769,"1":0.247692942,"2":0.2688140456,"3":0.1944907824,"4":0.1055376338,"5":0.0458147868,"6":0.0165738247,"7":0.0051391704,"8":0.0013943486,"9":0.000336277},"shonan-bellmare":{"0":0.4805497935,"1":0.3521586273,"2":0.1290352222,"3":0.0315200543,"4":0.0057746664,"5":0.0008463633,"6":0.0001033726,"7":0.000010822,"8":0.0000009913,"9":0.0000000807}}