{"yokohama-fa-marinos":{"0":0.3430364054,"1":0.3670210647,"2":0.19634135,"3":0.0700230939,"4":0.0187297544,"5":0.0040078629,"6":0.0007146812,"7":0.0001092358,"8":0.0000146092,"9":0.0000017367},"sagan-tosu":{"0":0.5289961138,"1":0.3368510737,"2":0.1072490354,"3":0.0227644727,"4":0.0036239572,"5":0.0004615285,"6":0.0000489816,"7":0.0000044557,"8":0.0000003547,"9":0.0000000251}}