{"jubilo-iwata":{"0":0.2682059831,"1":0.3529590738,"2":0.2322470705,"3":0.1018790483,"4":0.0335182069,"5":0.0088219921,"6":0.0019349569,"7":0.0003637719,"8":0.0000598405,"9":0.00000875},"kashima-antlers":{"0":0.0931900098,"1":0.2211505872,"2":0.2624078607,"3":0.2075746552,"4":0.1231496192,"5":0.0584496357,"6":0.0231179488,"7":0.0078373636,"8":0.0023248704,"9":0.0006130205}}