{"kawasaki-frontale":{"0":0.3143363567,"1":0.3637788462,"2":0.2104991136,"3":0.0812029567,"4":0.0234938763,"5":0.0054378534,"6":0.0010488637,"7":0.0001734059,"8":0.0000250851,"9":0.0000032256},"cerezo-osaka":{"0":0.4732421161,"1":0.3540552128,"2":0.1324428759,"3":0.0330289641,"4":0.0061776396,"5":0.0009243579,"6":0.0001152594,"7":0.0000123187,"8":0.000001152,"9":0.0000000958}}