{"kashima-antlers":{"0":0.6664410626,"1":0.2704441634,"2":0.0548736037,"3":0.0074226348,"4":0.0007530329,"5":0.0000611167,"6":0.0000041336,"7":0.0000002396,"8":0.0000000122,"9":0.0000000005},"nagoya-grampus-eight":{"0":0.6248369456,"1":0.2938386652,"2":0.0690909539,"3":0.0108303421,"4":0.0012732815,"5":0.0001197558,"6":0.0000093862,"7":0.0000006306,"8":0.0000000371,"9":0.0000000019}}