{"vegalta-sendai":{"0":0.6522349512,"1":0.2787328851,"2":0.0595583088,"3":0.0084840896,"4":0.0009064198,"5":0.0000774718,"6":0.0000055179,"7":0.0000003369,"8":0.000000018,"9":0.0000000009},"sagan-tosu":{"0":0.474132407,"1":0.3538301544,"2":0.132026177,"3":0.0328423326,"4":0.0061273009,"5":0.0009145225,"6":0.0001137466,"7":0.0000121265,"8":0.0000011312,"9":0.0000000938}}