{"matsumoto-yamaga":{"0":1.0,"1":0.0,"2":0.0,"3":0.0,"4":0.0,"5":0.0,"6":0.0,"7":0.0,"8":0.0,"9":0.0},"vissel-kobe":{"0":0.0609008917,"1":0.1704315998,"2":0.238477052,"3":0.2224599366,"4":0.1556389482,"5":0.0871113516,"6":0.0406302946,"7":0.0162434547,"8":0.0056821786,"9":0.0017668466}}