{"fc-tokyo":{"0":0.3622630711,"1":0.3678363491,"2":0.1867476849,"3":0.0632069087,"4":0.0160448307,"5":0.0032583348,"6":0.0005514105,"7":0.0000799848,"8":0.0000101519,"9":0.0000011453},"shimizu-s-pulse":{"0":0.4884989727,"1":0.3499694133,"2":0.1253621779,"3":0.0299372365,"4":0.0053618931,"5":0.0007682713,"6":0.0000917339,"7":0.0000093885,"8":0.0000008408,"9":0.0000000669}}