{"urawa-red-diamonds":{"0":0.1326554651,"1":0.2679640395,"2":0.2706436799,"3":0.1822334111,"4":0.0920278726,"5":0.0371792605,"6":0.0125170177,"7":0.0036120537,"8":0.0009120436,"9":0.0002047031},"yokohama-fa-marinos":{"0":0.1986918792,"1":0.3210860768,"2":0.25943755,"3":0.1397503603,"4":0.0564591456,"5":0.0182475958,"6":0.0049146858,"7":0.0011345903,"8":0.0002291872,"9":0.0000411518}}