{"consadole-sapporo":{"0":0.2147111723,"1":0.3303248805,"2":0.2540960619,"3":0.1303056728,"4":0.0501175665,"5":0.0154207897,"6":0.0039540486,"7":0.0008690217,"8":0.0001671196,"9":0.0000285674},"oita-trinita":{"0":0.0681143639,"1":0.1829938135,"2":0.2458125853,"3":0.2201306734,"4":0.1478489598,"5":0.0794412321,"6":0.0355707009,"7":0.0136518682,"8":0.0045845826,"9":0.0013685321}}