{"sanfrecce-hiroshima":{"0":0.4458858472,"1":0.3601385689,"2":0.1454405759,"3":0.0391570781,"4":0.0079067177,"5":0.001277239,"6":0.000171936,"7":0.0000198388,"8":0.000002003,"9":0.0000001798},"gamba-osaka":{"0":0.2248015393,"1":0.3355246856,"2":0.2503915564,"3":0.1245729136,"4":0.0464824305,"5":0.0138753524,"6":0.0034515802,"7":0.0007359446,"8":0.0001373031,"9":0.00002277}}