{"shonan-bellmare":{"0":0.1809740353,"1":0.3093573253,"2":0.2644079703,"3":0.1506598122,"4":0.0643845351,"5":0.0220118069,"6":0.00627117,"7":0.0015314213,"8":0.0003272268,"9":0.0000621513},"jubilo-iwata":{"0":0.7481022678,"1":0.2171109401,"2":0.0315044896,"3":0.003047698,"4":0.0002211224,"5":0.0000128346,"6":0.0000006208,"7":0.0000000257,"8":0.0000000009,"9":0.0}}