{"sagan-tosu":{"0":0.4628416137,"1":0.3565594654,"2":0.1373414237,"3":0.0352679212,"4":0.0067923404,"5":0.0010465236,"6":0.0001343685,"7":0.0000147876,"8":0.000001424,"9":0.0000001219},"kawasaki-frontale":{"0":0.1923284436,"1":0.3170631951,"2":0.26134738,"3":0.1436148042,"4":0.0591890724,"5":0.0195152376,"6":0.0053619765,"7":0.0012627843,"8":0.0002602205,"9":0.0000476652}}