{"cerezo-osaka":{"0":0.4671083526,"1":0.3555600893,"2":0.1353251086,"3":0.0343362216,"4":0.0065341317,"5":0.0009947484,"6":0.0001261994,"7":0.0000137232,"8":0.0000013058,"9":0.0000001104},"consadole-sapporo":{"0":0.2635971381,"1":0.3514628508,"2":0.2343085672,"3":0.104137141,"4":0.0347123803,"5":0.0092566348,"6":0.0020570299,"7":0.0003918152,"8":0.0000653025,"9":0.0000096745}}