{"shonan-bellmare":{"0":0.4801359111,"1":0.3522690283,"2":0.1292274389,"3":0.0316041238,"4":0.0057968763,"5":0.0008506175,"6":0.0001040144,"7":0.000010902,"8":0.0000009998,"9":0.0000000815},"matsumoto-yamaga":{"0":0.5241576753,"1":0.3385863244,"2":0.1093570737,"3":0.0235468647,"4":0.0038025993,"5":0.0004912675,"6":0.0000528901,"7":0.0000048807,"8":0.0000003941,"9":0.0000000283}}