{"yokohama-fa-marinos":{"0":0.4671083526,"1":0.3555600893,"2":0.1353251086,"3":0.0343362216,"4":0.0065341317,"5":0.0009947484,"6":0.0001261994,"7":0.0000137232,"8":0.0000013058,"9":0.0000001104},"nagoya-grampus-eight":{"0":0.2592402606,"1":0.3499743519,"2":0.2362326875,"3":0.1063047094,"4":0.0358778394,"5":0.0096870166,"6":0.0021795787,"7":0.0004203473,"8":0.0000709336,"9":0.00001064}}