{"oita-trinita":{"0":0.4396710721,"1":0.3612902044,"2":0.1484412099,"3":0.0406594524,"4":0.0083527566,"5":0.0013727395,"6":0.0001880032,"7":0.0000220696,"8":0.0000022669,"9":0.000000207},"vegalta-sendai":{"0":0.6050673778,"1":0.3039952043,"2":0.076365945,"3":0.0127891438,"4":0.0016063659,"5":0.0001614126,"6":0.000013516,"7":0.0000009701,"8":0.0000000609,"9":0.0000000034}}