{"fc-tokyo":{"0":0.4248721078,"1":0.3636765367,"2":0.1556475713,"3":0.0444097323,"4":0.0095033172,"5":0.0016269053,"6":0.0002320962,"7":0.000028381,"8":0.0000030366,"9":0.0000002888},"kashima-antlers":{"0":0.3661065316,"1":0.3678751622,"2":0.1848261685,"3":0.0619063495,"4":0.0155513535,"5":0.0031252962,"6":0.000523399,"7":0.0000751325,"8":0.0000094369,"9":0.0000010536}}