{"gamba-osaka":{"0":0.2915357636,"1":0.3593448227,"2":0.2214628833,"3":0.0909911698,"4":0.0280387605,"5":0.0069120737,"6":0.0014199618,"7":0.0002500335,"8":0.0000385237,"9":0.000005276},"urawa-red-diamonds":{"0":0.163867738,"1":0.2963868652,"2":0.2680368173,"3":0.1615990087,"4":0.0730708561,"5":0.0264325879,"6":0.0079680845,"7":0.0020588343,"8":0.0004654756,"9":0.0000935448}}