{"vissel-kobe":{"0":0.25972078,"1":0.3501420886,"2":0.2360217042,"3":0.1060640745,"4":0.0357475214,"5":0.009638591,"6":0.0021657081,"7":0.0004170993,"8":0.000070289,"9":0.0000105289},"sanfrecce-hiroshima":{"0":0.507498832,"1":0.3442165991,"2":0.1167343249,"3":0.0263921082,"4":0.0044751836,"5":0.0006070684,"6":0.0000686251,"7":0.0000066494,"8":0.0000005638,"9":0.0000000425}}