{"jubilo-iwata":{"0":0.1426551495,"1":0.2777959537,"2":0.2704795171,"3":0.1755705178,"4":0.0854732192,"5":0.0332888291,"6":0.0108040287,"7":0.0030055652,"8":0.0007316016,"9":0.0001582962},"shimizu-s-pulse":{"0":0.2215191191,"1":0.3338838896,"2":0.2516226415,"3":0.1264191049,"4":0.0476361845,"5":0.0143598933,"6":0.0036073162,"7":0.0007767306,"8":0.0001463405,"9":0.0000245079}}