{"matsumoto-yamaga":{"0":0.5836454781,"1":0.3142706421,"2":0.0846113267,"3":0.0151866484,"4":0.0020443565,"5":0.0002201615,"6":0.0000197581,"7":0.0000015199,"8":0.0000001023,"9":0.0000000061},"sagan-tosu":{"0":1.0,"1":0.0,"2":0.0,"3":0.0,"4":0.0,"5":0.0,"6":0.0,"7":0.0,"8":0.0,"9":0.0}}