{"gamba-osaka":{"0":0.2602392585,"1":0.3503220787,"2":0.2357937068,"3":0.1058048685,"4":0.0356074077,"5":0.0095866098,"6":0.0021508419,"7":0.0004136234,"8":0.0000696001,"9":0.0000104103},"oita-trinita":{"0":0.0466215019,"1":0.142927232,"2":0.2190855381,"3":0.2238830317,"4":0.1715891849,"5":0.1052079674,"6":0.0537558957,"7":0.0235427281,"8":0.0090218483,"9":0.0030731357}}