{"consadole-sapporo":{"0":0.169157833,"1":0.3005804571,"2":0.2670541753,"3":0.1581782423,"4":0.0702676423,"5":0.024972039,"6":0.0073955654,"7":0.0018773358,"8":0.0004169852,"9":0.0000823278},"yokohama-fa-marinos":{"0":0.1055917345,"1":0.237388717,"2":0.2668457111,"3":0.1999719684,"4":0.1123930041,"5":0.0505358325,"6":0.0189355674,"7":0.0060814961,"8":0.0017090336,"9":0.0004269119}}