{"nagoya-grampus-eight":{"0":0.4458858472,"1":0.3601385689,"2":0.1454405759,"3":0.0391570781,"4":0.0079067177,"5":0.001277239,"6":0.000171936,"7":0.0000198388,"8":0.000002003,"9":0.0000001798},"jubilo-iwata":{"0":0.6313758104,"1":0.2903407011,"2":0.0667571685,"3":0.0102328506,"4":0.0011764044,"5":0.0001081949,"6":0.0000082923,"7":0.0000005448,"8":0.0000000313,"9":0.0000000016}}