{"sanfrecce-hiroshima":{"0":0.3998496543,"1":0.3665288498,"2":0.1679923895,"3":0.0513310079,"4":0.011763356,"5":0.0021566153,"6":0.0003294829,"7":0.0000431466,"8":0.0000049439,"9":0.0000005035},"fc-tokyo":{"0":0.4973741603,"1":0.3473724294,"2":0.1213046579,"3":0.0282402378,"4":0.0049308352,"5":0.0006887516,"6":0.0000801721,"7":0.000007999,"8":0.0000006983,"9":0.0000000542}}