{"urawa-red-diamonds":{"0":0.2274626498,"1":0.336819693,"2":0.2493761188,"3":0.1230894946,"4":0.045566784,"5":0.0134947784,"6":0.0033304421,"7":0.0007045166,"8":0.0001304033,"9":0.0000214552},"vissel-kobe":{"0":0.0259058965,"1":0.0946416146,"2":0.17287638,"3":0.2105222097,"4":0.1922743905,"5":0.1404866167,"6":0.0855396005,"7":0.0446429302,"8":0.0203866666,"9":0.0082753663}}