{"kashima-antlers":{"0":0.2602392585,"1":0.3503220787,"2":0.2357937068,"3":0.1058048685,"4":0.0356074077,"5":0.0095866098,"6":0.0021508419,"7":0.0004136234,"8":0.0000696001,"9":0.0000104103},"vegalta-sendai":{"0":0.6816685892,"1":0.2612233645,"2":0.050051922,"3":0.0063934937,"4":0.0006125154,"5":0.0000469446,"6":0.0000029983,"7":0.0000001641,"8":0.0000000079,"9":0.0000000003}}