{"shimizu-s-pulse":{"0":0.1988141887,"1":0.3211613818,"2":0.2593995776,"3":0.1396766956,"4":0.0564078963,"5":0.0182240896,"6":0.0049064857,"7":0.0011322659,"8":0.0002286306,"9":0.0000410363},"cerezo-osaka":{"0":0.1471859693,"1":0.2820169121,"2":0.2701804358,"3":0.1725604973,"4":0.0826589974,"5":0.0316758931,"6":0.0101154768,"7":0.0027688349,"8":0.0006631562,"9":0.0001411829}}