{"kawasaki-frontale":{"0":0.2077481871,"1":0.3264614369,"2":0.2565054147,"3":0.1343599791,"4":0.0527842775,"5":0.0165893444,"6":0.0043448283,"7":0.0009753696,"8":0.0001915905,"9":0.0000334523},"shonan-bellmare":{"0":0.4731705807,"1":0.3540732237,"2":0.1324763762,"3":0.0330439941,"4":0.0061816996,"5":0.0009251523,"6":0.0001153818,"7":0.0000123343,"8":0.0000011537,"9":0.0000000959}}