{"shimizu-s-pulse":{"0":0.3809003863,"1":0.3676516772,"2":0.1774318964,"3":0.0570867841,"4":0.0137752892,"5":0.0026592297,"6":0.0004277891,"7":0.0000589871,"8":0.0000071169,"9":0.0000007633},"urawa-red-diamonds":{"0":0.1489102111,"1":0.2835863579,"2":0.2700325982,"3":0.1714177523,"4":0.081612496,"5":0.0310847595,"6":0.0098663636,"7":0.0026842313,"8":0.0006389852,"9":0.0001352101}}