{"nagoya-grampus-eight":{"0":0.1051703447,"1":0.2368619067,"2":0.2667271037,"3":0.2002386083,"4":0.1127430425,"5":0.0507833878,"6":0.0190621702,"7":0.0061330461,"8":0.0017265858,"9":0.0004320635},"sanfrecce-hiroshima":{"0":0.2709333707,"1":0.3538071076,"2":0.2310152291,"3":0.1005595703,"4":0.0328297421,"5":0.0085743562,"6":0.0018661834,"7":0.0003481451,"8":0.0000568296,"9":0.0000082459}}