{"vissel-kobe":{"0":0.4062162746,"1":0.3659478787,"2":0.1648356532,"3":0.0494984744,"4":0.0111479173,"5":0.0020085639,"6":0.0003015757,"7":0.0000388115,"8":0.0000043705,"9":0.0000004375},"kawasaki-frontale":{"0":0.1606969005,"1":0.2937917451,"2":0.2685602187,"3":0.1636637568,"4":0.0748039642,"5":0.0273518495,"6":0.0083342694,"7":0.0021767151,"8":0.0004974434,"9":0.0001010493}}