{"cerezo-osaka":{"0":0.6336106324,"1":0.2891296205,"2":0.0659679093,"3":0.0100341733,"4":0.0011447001,"5":0.0001044701,"6":0.0000079453,"7":0.0000005179,"8":0.0000000295,"9":0.0000000015},"oita-trinita":{"0":0.1636897177,"1":0.2962428042,"2":0.2680675375,"3":0.1617146558,"4":0.0731670929,"5":0.0264833065,"6":0.0079881712,"7":0.0020652648,"8":0.00046721,"9":0.0000939498}}