{"sagan-tosu":{"0":0.4240215437,"1":0.363798194,"2":0.1560641528,"3":0.0446328398,"4":0.0095734207,"5":0.0016427435,"6":0.0002349044,"7":0.0000287916,"8":0.0000030878,"9":0.0000002944},"shonan-bellmare":{"0":0.4421188814,"1":0.3608470282,"2":0.147257427,"3":0.0400626823,"4":0.0081745547,"5":0.0013343758,"6":0.0001815144,"7":0.000021164,"8":0.0000021592,"9":0.0000001958}}