{"fc-tokyo":{"0":0.4473796007,"1":0.3598488093,"2":0.1447218037,"3":0.0388022227,"4":0.0078026209,"5":0.0012552042,"6":0.0001682701,"7":0.0000193354,"8":0.000001944,"9":0.0000001737},"matsumoto-yamaga":{"0":0.6649202068,"1":0.2713461138,"2":0.0553665784,"3":0.0075314831,"4":0.0007683774,"5":0.0000627132,"6":0.0000042654,"7":0.0000002487,"8":0.0000000127,"9":0.0000000006}}