{"vegalta-sendai":{"0":0.2761098399,"1":0.3553413592,"2":0.2286544398,"3":0.0980894409,"4":0.0315592114,"5":0.0081230666,"6":0.0017423389,"7":0.0003203306,"8":0.0000515314,"9":0.0000073687},"gamba-osaka":{"0":0.0734048914,"1":0.1917163045,"2":0.2503589388,"3":0.2179595467,"4":0.1423147629,"5":0.0743385349,"6":0.032359127,"7":0.0120734894,"8":0.0039416392,"9":0.0011438482}}