{"jubilo-iwata":{"0":0.3318389261,"1":0.3660533744,"2":0.2018977618,"3":0.0742381832,"4":0.0204731387,"5":0.0045168068,"6":0.0008304191,"7":0.0001308629,"8":0.0000180444,"9":0.0000022117},"consadole-sapporo":{"0":0.3116213698,"1":0.3633400425,"2":0.2118211382,"3":0.0823254424,"4":0.0239971746,"5":0.0055959798,"6":0.0010874541,"7":0.0001811336,"8":0.0000263995,"9":0.0000034201}}