{"yokohama-fa-marinos":{"0":0.3421644642,"1":0.3669589906,"2":0.1967751109,"3":0.0703447256,"4":0.0188605424,"5":0.0040454497,"6":0.0007230997,"7":0.0001107855,"8":0.0000148517,"9":0.0000017698},"kashima-antlers":{"0":0.1489102111,"1":0.2835863579,"2":0.2700325982,"3":0.1714177523,"4":0.081612496,"5":0.0310847595,"6":0.0098663636,"7":0.0026842313,"8":0.0006389852,"9":0.0001352101}}