{"matsumoto-yamaga":{"0":0.5482281044,"1":0.329520084,"2":0.0990313018,"3":0.0198413779,"4":0.0029814836,"5":0.0003584124,"6":0.0000359048,"7":0.000003083,"8":0.0000002316,"9":0.0000000155},"cerezo-osaka":{"0":0.4486920699,"1":0.3595900986,"2":0.1440910679,"3":0.0384924129,"4":0.0077121324,"5":0.001236129,"6":0.0001651094,"7":0.0000189031,"8":0.0000018937,"9":0.0000001686}}