{"kashima-antlers":{"0":0.1509946386,"1":0.2854570175,"2":0.2698298085,"3":0.1700387358,"4":0.0803650229,"5":0.0303861911,"6":0.0095742378,"7":0.0025857431,"8":0.0006110469,"9":0.0001283545},"shimizu-s-pulse":{"0":0.4128039035,"1":0.3652417146,"2":0.1615797585,"3":0.0476543201,"4":0.0105409284,"5":0.001865286,"6":0.0002750621,"7":0.0000347672,"8":0.0000038452,"9":0.000000378}}