{"oita-trinita":{"0":0.4486920699,"1":0.3595900986,"2":0.1440910679,"3":0.0384924129,"4":0.0077121324,"5":0.001236129,"6":0.0001651094,"7":0.0000189031,"8":0.0000018937,"9":0.0000001686},"sagan-tosu":{"0":1.0,"1":0.0,"2":0.0,"3":0.0,"4":0.0,"5":0.0,"6":0.0,"7":0.0,"8":0.0,"9":0.0}}