{"gamba-osaka":{"0":0.2206348513,"1":0.3334335807,"2":0.251950116,"3":0.1269195519,"4":0.0479516726,"5":0.0144933566,"6":0.003650505,"7":0.000788116,"8":0.0001488797,"9":0.0000249993},"fc-tokyo":{"0":0.1244703252,"1":0.2593573159,"2":0.2702098561,"3":0.1876776731,"4":0.0977654262,"5":0.040742528,"6":0.014149119,"7":0.0042117641,"8":0.0010970003,"9":0.0002539785}}