{"consadole-sapporo":{"0":0.041444001,"1":0.1319333359,"2":0.2099990912,"3":0.2228378851,"4":0.177346207,"5":0.1129132135,"6":0.0599082157,"7":0.0272446487,"8":0.0108413682,"9":0.003834727},"vissel-kobe":{"0":0.0676331912,"1":0.1821805798,"2":0.2453659445,"3":0.2203105174,"4":0.14836021,"5":0.0799262865,"6":0.0358823258,"7":0.0138078082,"8":0.0046491864,"9":0.001391479}}