{"kawasaki-frontale":{"0":0.2799340466,"1":0.3564123785,"2":0.2268923431,"3":0.0962932051,"4":0.0306501573,"5":0.0078047637,"6":0.0016561725,"7":0.0003012344,"8":0.0000479415,"9":0.0000067821},"vegalta-sendai":{"0":0.6817973716,"1":0.2611439208,"2":0.0500120345,"3":0.0063852494,"4":0.000611424,"5":0.0000468379,"6":0.00000299,"7":0.0000001636,"8":0.0000000078,"9":0.0000000003}}