{"urawa-red-diamonds":{"0":0.5826631858,"1":0.3147231807,"2":0.0849982313,"3":0.0153038178,"4":0.0020665739,"5":0.0002232503,"6":0.000020098,"7":0.0000015508,"8":0.0000001047,"9":0.0000000063},"jubilo-iwata":{"0":0.5254615494,"1":0.338123084,"2":0.108787427,"3":0.0233341148,"4":0.0037537489,"5":0.0004830912,"6":0.0000518098,"7":0.0000047626,"8":0.0000003831,"9":0.0000000274}}