{"sanfrecce-hiroshima":{"0":0.3528507505,"1":0.3675681957,"2":0.1914497537,"3":0.0664783816,"4":0.0173128006,"5":0.0036069839,"6":0.0006262386,"7":0.0000931942,"8":0.0000121352,"9":0.0000014046},"yokohama-fa-marinos":{"0":0.464847656,"1":0.3560944777,"2":0.1363922948,"3":0.0348275701,"4":0.0066698763,"5":0.0010218858,"6":0.0001304685,"7":0.0000142778,"8":0.0000013672,"9":0.0000001164}}