{"shonan-bellmare":{"0":0.2586204808,"1":0.3497566875,"2":0.2365043558,"3":0.1066156604,"4":0.0360465847,"5":0.0097498342,"6":0.0021976023,"7":0.0004245748,"8":0.000071774,"9":0.0000107852},"nagoya-grampus-eight":{"0":0.2013245736,"1":0.3226904513,"2":0.258610078,"3":0.1381699234,"4":0.0553659622,"5":0.0177485212,"6":0.0047413307,"7":0.0010856543,"8":0.0002175158,"9":0.000038738}}