{"nagoya-grampus-eight":{"0":0.465851256,"1":0.3558585984,"2":0.1359182146,"3":0.0346088047,"4":0.0066093203,"5":0.0010097573,"6":0.0001285571,"7":0.000014029,"8":0.0000013396,"9":0.0000001137},"urawa-red-diamonds":{"0":0.6874983402,"1":0.2576027844,"2":0.0482613489,"3":0.0060277759,"4":0.0005646457,"5":0.0000423141,"6":0.0000026425,"7":0.0000001414,"8":0.0000000066,"9":0.0000000003}}