{"cerezo-osaka":{"0":0.6761743325,"1":0.2645899562,"2":0.0517676001,"3":0.0067522957,"4":0.0006605507,"5":0.0000516953,"6":0.0000033714,"7":0.0000001885,"8":0.0000000092,"9":0.0000000004},"yokohama-fa-marinos":{"0":0.2907492353,"1":0.3591608201,"2":0.2218346242,"3":0.0913436688,"4":0.0282090742,"5":0.0069693007,"6":0.001434856,"7":0.0002532099,"8":0.0000390986,"9":0.0000053665}}