{"sagan-tosu":{"0":0.3559220694,"1":0.3676829726,"2":0.1899162484,"3":0.0653972473,"4":0.01688955,"5":0.0034895279,"6":0.0006008057,"7":0.0000886655,"8":0.0000114494,"9":0.0000013142},"gamba-osaka":{"0":0.1309498077,"1":0.2662132561,"2":0.2705979451,"3":0.1833699016,"4":0.0931950559,"5":0.0378920133,"6":0.0128387057,"7":0.0037286191,"8":0.0009475079,"9":0.0002140253}}