{"vegalta-sendai":{"0":0.465851256,"1":0.3558585984,"2":0.1359182146,"3":0.0346088047,"4":0.0066093203,"5":0.0010097573,"6":0.0001285571,"7":0.000014029,"8":0.0000013396,"9":0.0000001137},"sanfrecce-hiroshima":{"0":0.1455832342,"1":0.280539955,"2":0.2703012705,"3":0.1736241738,"4":0.0836437626,"5":0.0322364282,"6":0.0103533054,"7":0.0028501279,"8":0.0006865272,"9":0.0001469936}}