{"shimizu-s-pulse":{"0":0.5264143353,"1":0.3377825318,"2":0.1083718956,"3":0.0231795443,"4":0.0037183852,"5":0.0004771928,"6":0.0000510331,"7":0.000004678,"8":0.0000003752,"9":0.0000000268},"kawasaki-frontale":{"0":0.0311602156,"1":0.1080827333,"2":0.1874485943,"3":0.2167288857,"4":0.1879371651,"5":0.130376264,"6":0.0753708037,"7":0.0373474514,"8":0.0161929826,"9":0.0062407991}}