{"matsumoto-yamaga":{"0":0.5858319987,"1":0.3132573882,"2":0.0837528434,"3":0.0149281688,"4":0.0019956059,"5":0.000213419,"6":0.00001902,"7":0.0000014529,"8":0.0000000971,"9":0.0000000058},"consadole-sapporo":{"0":0.3249488183,"1":0.3652709344,"2":0.2052982624,"3":0.0769244098,"4":0.0216174436,"5":0.00485998,"6":0.0009105072,"7":0.0001462128,"8":0.0000205445,"9":0.000002566}}