{"shonan-bellmare":{"0":0.4176899479,"1":0.3646499546,"2":0.1591725992,"3":0.0463200686,"4":0.0101095388,"5":0.0017651576,"6":0.0002568351,"7":0.0000320316,"8":0.0000034955,"9":0.0000003391},"oita-trinita":{"0":0.2356858571,"1":0.3406262753,"2":0.2461459946,"3":0.118581282,"4":0.0428450618,"5":0.012384412,"6":0.0029831065,"7":0.0006159073,"8":0.0001112679,"9":0.0000178678}}