{"vissel-kobe":{"0":0.1960021541,"1":0.3194109178,"2":0.2602607478,"3":0.1413762087,"4":0.0575977146,"5":0.0187725885,"6":0.0050987277,"7":0.0011870054,"8":0.0002417974,"9":0.0000437822},"kashima-antlers":{"0":0.0899268134,"1":0.2166120322,"2":0.2608831045,"3":0.2094681861,"4":0.1261396011,"5":0.060767983,"6":0.0243959056,"7":0.0083948372,"8":0.0025276426,"9":0.000676498}}