{"fc-tokyo":{"0":0.4279429306,"1":0.3632231664,"2":0.1541456339,"3":0.0436111618,"4":0.0092539117,"5":0.0015708801,"6":0.0002222181,"7":0.0000269444,"8":0.0000028587,"9":0.0000002696},"jubilo-iwata":{"0":0.6998752294,"1":0.2497527177,"2":0.0445625287,"3":0.0053007604,"4":0.0004728983,"5":0.0000337511,"6":0.0000020074,"7":0.0000001023,"8":0.0000000046,"9":0.0000000002}}