{"kawasaki-frontale":{"0":0.3154312446,"1":0.3639491583,"2":0.2099649164,"3":0.0807535249,"4":0.0232936479,"5":0.00537531,"6":0.0010336851,"7":0.000170383,"8":0.0000245738,"9":0.0000031504},"nagoya-grampus-eight":{"0":0.3697611734,"1":0.3678746368,"2":0.1829988627,"3":0.0606883983,"4":0.0150946909,"5":0.0030035354,"6":0.0004980352,"7":0.0000707849,"8":0.000008803,"9":0.0000009731}}