{"fc-tokyo":{"0":0.2892102046,"1":0.3587946147,"2":0.2225605693,"3":0.0920363256,"4":0.028545101,"5":0.007082619,"6":0.0014644513,"7":0.0002595429,"8":0.0000402487,"9":0.0000055481},"consadole-sapporo":{"0":0.6311505029,"1":0.2904623599,"2":0.0668369764,"3":0.0102530357,"4":0.0011796398,"5":0.0001085766,"6":0.000008328,"7":0.0000005475,"8":0.0000000315,"9":0.0000000016}}