{"urawa-red-diamonds":{"0":0.4560125722,"1":0.3580769862,"2":0.1405872731,"3":0.0367980111,"4":0.0072237706,"5":0.0011344714,"6":0.0001484711,"7":0.000016655,"8":0.0000016348,"9":0.0000001426},"shonan-bellmare":{"0":0.1815453126,"1":0.3097616897,"2":0.2642654415,"3":0.1503009699,"4":0.0641127575,"5":0.0218784785,"6":0.0062216923,"7":0.0015165375,"8":0.000323449,"9":0.0000613205}}