{"gamba-osaka":{"0":0.3906865808,"1":0.3671866361,"2":0.1725501109,"3":0.0540570523,"4":0.0127013751,"5":0.0023874765,"6":0.0003739782,"7":0.0000502119,"8":0.000005899,"9":0.000000616},"cerezo-osaka":{"0":0.1746508496,"1":0.3047598718,"2":0.2658978748,"3":0.1546609562,"4":0.0674695447,"5":0.0235464183,"6":0.0068479516,"7":0.0017070637,"8":0.0003723461,"9":0.0000721924}}