{"yokohama-fa-marinos":{"0":0.1415804435,"1":0.2767737993,"2":0.2705307813,"3":0.1762857222,"4":0.0861546762,"5":0.0336845351,"6":0.0109749112,"7":0.0030649591,"8":0.0007489562,"9":0.0001626805},"vissel-kobe":{"0":0.1997401005,"1":0.3217290209,"2":0.2591106209,"3":0.1391197964,"4":0.0560213945,"5":0.0180471607,"6":0.0048448753,"7":0.0011148323,"8":0.0002244629,"9":0.0000401723}}