{"sanfrecce-hiroshima":{"0":0.4208996186,"1":0.3642300767,"2":0.1575952352,"3":0.0454589187,"4":0.0098345928,"5":0.0017020944,"6":0.0002454877,"7":0.0000303479,"8":0.0000032827,"9":0.0000003156},"sagan-tosu":{"0":1.0,"1":0.0,"2":0.0,"3":0.0,"4":0.0,"5":0.0,"6":0.0,"7":0.0,"8":0.0,"9":0.0}}