{"oita-trinita":{"0":0.1001834895,"1":0.2304973517,"2":0.2651586076,"3":0.2033547216,"4":0.1169671895,"5":0.0538224962,"6":0.0206387016,"7":0.0067835045,"8":0.0019508951,"9":0.0004987251},"shimizu-s-pulse":{"0":0.6027625005,"1":0.30513768,"2":0.0772352325,"3":0.0130329827,"4":0.0016494283,"5":0.0001669987,"6":0.00001409,"7":0.000001019,"8":0.0000000645,"9":0.0000000036}}