{"jubilo-iwata":{"0":0.2404030002,"1":0.3426797152,"2":0.2442344461,"3":0.1160470687,"4":0.0413544927,"5":0.011789658,"6":0.0028009056,"7":0.0005703598,"8":0.0001016266,"9":0.0000160958},"vegalta-sendai":{"0":0.326747286,"1":0.3654891342,"2":0.2044122674,"3":0.0762163562,"4":0.0213132987,"5":0.0047680758,"6":0.000888903,"7":0.0001420427,"8":0.0000198606,"9":0.0000024684}}