{"kashima-antlers":{"0":0.3490180709,"1":0.3673874431,"2":0.1933618122,"3":0.0678462499,"4":0.0178542763,"5":0.003758795,"6":0.0006594377,"7":0.0000991636,"8":0.0000130478,"9":0.0000015261},"matsumoto-yamaga":{"0":0.7853618294,"1":0.1897518514,"2":0.0229230425,"3":0.0018461511,"4":0.0001115125,"5":0.0000053885,"6":0.000000217,"7":0.0000000075,"8":0.0000000002,"9":0.0}}