{"urawa-red-diamonds":{"0":0.4213895691,"1":0.3641638252,"2":0.1573547393,"3":0.0453285257,"4":0.0097932,"5":0.0016926519,"6":0.0002437976,"7":0.0000300985,"8":0.0000032514,"9":0.0000003122},"sanfrecce-hiroshima":{"0":0.1034251038,"1":0.2346620002,"2":0.2662131935,"3":0.2013377094,"4":0.1142041629,"5":0.0518237378,"6":0.0195972118,"7":0.0063520374,"8":0.0018015232,"9":0.0004541655}}