{"consadole-sapporo":{"0":0.0172952248,"1":0.0701723451,"2":0.1423559994,"3":0.1925281775,"4":0.1952873393,"5":0.1584688346,"6":0.1071599232,"7":0.0621118026,"8":0.0315009699,"9":0.0142010742},"gamba-osaka":{"0":0.1108865003,"1":0.2438669274,"2":0.2681619409,"3":0.1965848815,"4":0.1080847328,"5":0.0475410291,"6":0.0174257531,"7":0.0054747935,"8":0.0015050537,"9":0.0003677763}}