{"yokohama-fa-marinos":{"0":0.4037217086,"1":0.3661874908,"2":0.1660714244,"3":0.0502105592,"4":0.0113856143,"5":0.0020654176,"6":0.0003122324,"7":0.0000404577,"8":0.000004587,"9":0.0000004623},"jubilo-iwata":{"0":0.5620128907,"1":0.3238489646,"2":0.0933058241,"3":0.017921887,"4":0.0025817844,"5":0.0002975406,"6":0.0000285753,"7":0.0000023523,"8":0.0000001694,"9":0.0000000108}}