{"nagoya-grampus-eight":{"0":0.0846579886,"1":0.2090320707,"2":0.2580642848,"3":0.2123985883,"4":0.1311102397,"5":0.0647457974,"6":0.0266443611,"7":0.0093983637,"8":0.0029007295,"9":0.0007958106},"matsumoto-yamaga":{"0":0.8632431969,"1":0.126947529,"2":0.0093343771,"3":0.0004575675,"4":0.0000168223,"5":0.0000004948,"6":0.0000000121,"7":0.0000000003,"8":0.0,"9":0.0}}