{"oita-trinita":{"0":0.5954019719,"1":0.3087269484,"2":0.08004032,"3":0.0138341294,"4":0.0017933131,"5":0.0001859732,"6":0.0000160718,"7":0.0000011905,"8":0.0000000772,"9":0.0000000044},"kawasaki-frontale":{"0":0.3788601137,"1":0.3677171691,"2":0.1784509791,"3":0.0577341403,"4":0.0140090193,"5":0.0027193979,"6":0.0004399026,"7":0.0000609949,"8":0.0000074001,"9":0.0000007981}}