{"vissel-kobe":{"0":0.2679720947,"1":0.352885063,"2":0.2323523049,"3":0.1019927813,"4":0.0335778704,"5":0.0088435543,"6":0.0019409721,"7":0.0003651447,"8":0.0000601061,"9":0.0000087947},"shonan-bellmare":{"0":0.0862090264,"1":0.2112966333,"2":0.2589419526,"3":0.2115538829,"4":0.1296286047,"5":0.0635434337,"6":0.025957285,"7":0.0090886852,"8":0.0027845237,"9":0.0007583125}}