{"shimizu-s-pulse":{"0":0.2787262887,"1":0.3560798083,"2":0.2274504326,"3":0.096857873,"4":0.0309345891,"5":0.0079039423,"6":0.001682914,"7":0.0003071378,"8":0.000049047,"9":0.0000069621},"vegalta-sendai":{"0":0.1952006695,"1":0.3189046384,"2":0.260501587,"3":0.1418628406,"4":0.0579412945,"5":0.0189320535,"6":0.0051549684,"7":0.001203116,"8":0.0002456954,"9":0.0000445999}}