{"sagan-tosu":{"0":0.4537887685,"1":0.3585491504,"2":0.1416490471,"3":0.0373067449,"4":0.0073692336,"5":0.0011645209,"6":0.0001533525,"7":0.0000173096,"8":0.0000017096,"9":0.0000001501},"kashima-antlers":{"0":0.1522314923,"1":0.2865533972,"2":0.269697315,"3":0.1692218447,"4":0.0796338093,"5":0.029979787,"6":0.0094054234,"7":0.0025291895,"8":0.0005951034,"9":0.0001244661}}