{"cerezo-osaka":{"0":0.5373964932,"1":0.333733491,"2":0.1036274375,"3":0.0214515396,"4":0.003330454,"5":0.0004136551,"6":0.0000428146,"7":0.0000037984,"8":0.0000002949,"9":0.0000000203},"fc-tokyo":{"0":0.5044883527,"1":0.3451762413,"2":0.1180866089,"3":0.0269320336,"4":0.0046067952,"5":0.0006304036,"6":0.0000718881,"7":0.0000070267,"8":0.000000601,"9":0.0000000457}}