{"vegalta-sendai":{"0":0.3039805535,"1":0.361977474,"2":0.2155198584,"3":0.0855464086,"4":0.0254669851,"5":0.0060651741,"6":0.0012037263,"7":0.0002047696,"8":0.0000304797,"9":0.0000040328},"nagoya-grampus-eight":{"0":0.1845003042,"1":0.3118247329,"2":0.2635081402,"3":0.1484520686,"4":0.0627248649,"5":0.0212023111,"6":0.0059723524,"7":0.0014419854,"8":0.0003046382,"9":0.0000572078}}