{"kawasaki-frontale":{"0":0.6398337956,"1":0.2857157536,"2":0.0637927321,"3":0.0094954808,"4":0.0010600442,"5":0.0000946719,"6":0.0000070459,"7":0.0000004495,"8":0.0000000251,"9":0.0000000012},"urawa-red-diamonds":{"0":0.5176364367,"1":0.34085435,"2":0.1122232514,"3":0.0246323357,"4":0.0040549883,"5":0.0005340275,"6":0.0000586079,"7":0.0000055132,"8":0.0000004538,"9":0.0000000332}}