{"consadole-sapporo":{"0":0.2718708189,"1":0.3540922365,"2":0.230589867,"3":0.1001089195,"4":0.0325961714,"5":0.0084908349,"6":0.0018431172,"7":0.0003429326,"8":0.0000558306,"9":0.0000080795},"sanfrecce-hiroshima":{"0":0.1050338897,"1":0.2366909527,"2":0.2666882436,"3":0.2003248497,"4":0.112856621,"5":0.0508638521,"6":0.0191033796,"7":0.0061498479,"8":0.0017323139,"9":0.0004337468}}