{"matsumoto-yamaga":{"0":0.4577386213,"1":0.3577030286,"2":0.1397647595,"3":0.0364067144,"4":0.00711257,"5":0.0011116335,"6":0.0001447823,"7":0.000016163,"8":0.0000015788,"9":0.0000001371},"shimizu-s-pulse":{"0":0.3486902005,"1":0.3673700327,"2":0.1935252851,"3":0.067964237,"4":0.0179012946,"5":0.0037720585,"6":0.0006623555,"7":0.0000996913,"8":0.000013129,"9":0.0000015369}}