{"sagan-tosu":{"0":0.5811894846,"1":0.3153990029,"2":0.0855801194,"3":0.0154808286,"4":0.002100278,"5":0.0002279551,"6":0.0000206177,"7":0.0000015984,"8":0.0000001084,"9":0.0000000065},"cerezo-osaka":{"0":0.3590457162,"1":0.3677725218,"2":0.1883557186,"3":0.0643112697,"4":0.0164685977,"5":0.0033737752,"6":0.0005759628,"7":0.0000842803,"8":0.0000107911,"9":0.0000012282}}