{"fc-tokyo":{"0":0.3800250402,"1":0.3676811175,"2":0.1778690742,"3":0.0573638515,"4":0.0138751416,"5":0.0026848902,"6":0.0004329467,"7":0.0000598405,"8":0.0000072371,"9":0.000000778},"oita-trinita":{"0":0.7038496745,"1":0.2471853023,"2":0.043404562,"3":0.0050810896,"4":0.0004461076,"5":0.0000313337,"6":0.000001834,"7":0.000000092,"8":0.000000004,"9":0.0000000002}}