{"jubilo-iwata":{"0":0.1614758701,"1":0.2944350303,"2":0.2684363521,"3":0.1631555753,"4":0.074374451,"5":0.0271228682,"6":0.0082426377,"7":0.0021470888,"8":0.0004893751,"9":0.0000991474},"vissel-kobe":{"0":0.1727426471,"1":0.3033278625,"2":0.2663146412,"3":0.1558786094,"4":0.0684288538,"5":0.0240315618,"6":0.0070330463,"7":0.0017642421,"8":0.0003872406,"9":0.0000755529}}