{"gamba-osaka":{"0":0.2747767886,"1":0.3549556083,"2":0.229265151,"3":0.0987212827,"4":0.0318819442,"5":0.0082369948,"6":0.0017734197,"7":0.000327271,"8":0.0000528459,"9":0.0000075851},"kashima-antlers":{"0":0.164289946,"1":0.2967277595,"2":0.2679633339,"3":0.1613248643,"4":0.0728431147,"5":0.026312717,"6":0.0079206648,"7":0.0020436701,"8":0.0004613898,"9":0.0000925918}}