{"shonan-bellmare":{"0":0.2457332276,"1":0.3448887406,"2":0.2420271864,"3":0.113229093,"4":0.0397295063,"5":0.0111521421,"6":0.0026086882,"7":0.0005230453,"8":0.0000917623,"9":0.0000143099},"yokohama-fa-marinos":{"0":0.266687339,"1":0.3524748746,"2":0.2329292004,"3":0.1026191582,"4":0.0339073792,"5":0.0089629296,"6":0.0019743516,"7":0.0003727797,"8":0.0000615869,"9":0.0000090442}}