{"kawasaki-frontale":{"0":0.3246524674,"1":0.3652340258,"2":0.2054441395,"3":0.0770415523,"4":0.0216679366,"5":0.0048752857,"6":0.0009141161,"7":0.0001469115,"8":0.0000206594,"9":0.0000025824},"consadole-sapporo":{"0":0.6065306597,"1":0.3032653299,"2":0.0758163325,"3":0.0126360554,"4":0.0015795069,"5":0.0001579507,"6":0.0000131626,"7":0.0000009402,"8":0.0000000588,"9":0.0000000033}}