{"urawa-red-diamonds":{"0":0.5669308019,"1":0.3217434491,"2":0.0912976034,"3":0.0172710119,"4":0.0024504026,"5":0.0002781295,"6":0.0000263073,"7":0.0000021328,"8":0.0000001513,"9":0.0000000095},"sagan-tosu":{"0":0.7626100879,"1":0.2066737423,"2":0.0280051605,"3":0.0025298779,"4":0.0001714045,"5":0.0000092904,"6":0.0000004196,"7":0.0000000162,"8":0.0000000006,"9":0.0}}