{"shimizu-s-pulse":{"0":0.1982002628,"1":0.3207826324,"2":0.2595897094,"3":0.1400466867,"4":0.0566655969,"5":0.0183423968,"6":0.0049477922,"7":0.0011439842,"8":0.0002314391,"9":0.0000416199},"yokohama-fa-marinos":{"0":0.0386928349,"1":0.125833001,"2":0.2046108041,"3":0.2218049893,"4":0.180333048,"5":0.1172922514,"6":0.0635743716,"7":0.0295357525,"8":0.0120066557,"9":0.0043385394}}