{"fc-tokyo":{"0":0.055204733,"1":0.1599119137,"2":0.2316089468,"3":0.2236343873,"4":0.1619508007,"5":0.0938247902,"6":0.045297148,"7":0.0187446496,"8":0.0067872187,"9":0.002184509},"vissel-kobe":{"0":0.6131869108,"1":0.2999008133,"2":0.0733385663,"3":0.0119562759,"4":0.0014619102,"5":0.0001429998,"6":0.0000116565,"7":0.0000008144,"8":0.0000000498,"9":0.0000000027}}