{"jubilo-iwata":{"0":0.229616896,"1":0.3378452191,"2":0.2485431039,"3":0.1218973877,"4":0.0448382179,"5":0.0131944799,"6":0.003235601,"7":0.000680097,"8":0.000125082,"9":0.0000204487},"gamba-osaka":{"0":0.2410395822,"1":0.3429496996,"2":0.2439734076,"3":0.1157079764,"4":0.0411571571,"5":0.0117116322,"6":0.0027772069,"7":0.0005644848,"8":0.0001003932,"9":0.000015871}}