{"kashima-antlers":{"0":0.300080741,"1":0.3612082994,"2":0.2173938839,"3":0.0872259411,"4":0.0262485471,"5":0.0063190947,"6":0.0012677196,"7":0.0002179941,"8":0.0000328,"9":0.0000043868},"cerezo-osaka":{"0":0.670320046,"1":0.2681280184,"2":0.0536256037,"3":0.0071500805,"4":0.000715008,"5":0.0000572006,"6":0.0000038134,"7":0.0000002179,"8":0.0000000109,"9":0.0000000005}}