{"oita-trinita":{"0":0.3457201146,"1":0.3671982355,"2":0.1950053504,"3":0.0690400679,"4":0.0183323085,"5":0.0038942434,"6":0.0006893627,"7":0.0001045986,"8":0.0000138871,"9":0.0000016389},"nagoya-grampus-eight":{"0":0.4435143107,"1":0.3605883156,"2":0.1465836955,"3":0.0397254133,"4":0.0080744406,"5":0.0013129448,"6":0.0001779095,"7":0.0000206636,"8":0.0000021,"9":0.0000001897}}