{"sanfrecce-hiroshima":{"0":0.3961644303,"1":0.3668189169,"2":0.1698235727,"3":0.0524146829,"4":0.0121330285,"5":0.0022468571,"6":0.0003467372,"7":0.0000458647,"8":0.0000053084,"9":0.0000005461},"shonan-bellmare":{"0":0.4493289641,"1":0.3594631713,"2":0.1437852685,"3":0.0383427383,"4":0.0076685477,"5":0.0012269676,"6":0.0001635957,"7":0.0000186966,"8":0.0000018697,"9":0.0000001662}}