{"matsumoto-yamaga":{"0":0.3646122081,"1":0.3678648895,"2":0.1855732939,"3":0.0624095936,"4":0.0157415864,"5":0.0031764032,"6":0.0005341233,"7":0.000076984,"8":0.0000097088,"9":0.0000010884},"vegalta-sendai":{"0":0.4435143107,"1":0.3605883156,"2":0.1465836955,"3":0.0397254133,"4":0.0080744406,"5":0.0013129448,"6":0.0001779095,"7":0.0000206636,"8":0.0000021,"9":0.0000001897}}