{"cerezo-osaka":{"0":0.5122877995,"1":0.3426532763,"2":0.1145950263,"3":0.0255496756,"4":0.0042723446,"5":0.0005715275,"6":0.0000637128,"7":0.0000060879,"8":0.000000509,"9":0.0000000378},"jubilo-iwata":{"0":0.7922917969,"1":0.1844657532,"2":0.0214741679,"3":0.0016665781,"4":0.0000970055,"5":0.0000045171,"6":0.0000001753,"7":0.0000000058,"8":0.0000000002,"9":0.0}}