{"urawa-red-diamonds":{"0":0.5323579474,"1":0.3356193091,"2":0.1057937814,"3":0.0222321817,"4":0.0035040096,"5":0.000441813,"6":0.0000464227,"7":0.000004181,"8":0.0000003295,"9":0.0000000231},"kashima-antlers":{"0":0.1160934987,"1":0.2499910254,"2":0.2691602609,"3":0.1931995917,"4":0.1040070387,"5":0.0447929067,"6":0.016075871,"7":0.004945304,"8":0.0013311271,"9":0.0003184883}}