{"vissel-kobe":{"0":0.3102055207,"1":0.3631018378,"2":0.2125090236,"3":0.0829153705,"4":0.0242635297,"5":0.0056801905,"6":0.0011081296,"7":0.0001852983,"8":0.0000271119,"9":0.0000035261},"oita-trinita":{"0":0.1598529409,"1":0.2930905279,"2":0.2686908889,"3":0.164215005,"4":0.0752720942,"5":0.0276022921,"6":0.0084348051,"7":0.0022093177,"8":0.0005063483,"9":0.0001031545}}