{"vegalta-sendai":{"0":0.4461134937,"1":0.3600947326,"2":0.1453309733,"3":0.0391028432,"4":0.0078907767,"5":0.0012738584,"6":0.0001713726,"7":0.0000197613,"8":0.0000019939,"9":0.0000001788},"fc-tokyo":{"0":0.4011145384,"1":0.3664214442,"2":0.1673645081,"3":0.0509629535,"4":0.0116387698,"5":0.0021264225,"6":0.0003237507,"7":0.0000422499,"8":0.0000048244,"9":0.0000004897}}