{"nagoya-grampus-eight":{"0":0.0872843748,"1":0.2128502637,"2":0.259526604,"3":0.2109591254,"4":0.1286103772,"5":0.0627254369,"6":0.0254935392,"7":0.0088811617,"8":0.0027071822,"9":0.0007335212},"shimizu-s-pulse":{"0":0.8367273216,"1":0.1491525375,"2":0.0132937451,"3":0.0007899012,"4":0.0000352014,"5":0.000001255,"6":0.0000000373,"7":0.0000000009,"8":0.0,"9":0.0}}