{"sanfrecce-hiroshima":{"0":0.7230869038,"1":0.234443477,"2":0.0380063196,"3":0.004107544,"4":0.000332943,"5":0.0000215897,"6":0.0000011667,"7":0.000000054,"8":0.0000000022,"9":0.0000000001},"kawasaki-frontale":{"0":0.3269034367,"1":0.3655076114,"2":0.2043352853,"3":0.0761551105,"4":0.0212870755,"5":0.0047601752,"6":0.0008870511,"7":0.0001416862,"8":0.0000198022,"9":0.0000024601}}