{"yokohama-fa-marinos":{"0":0.0917381644,"1":0.2191456682,"2":0.2617494268,"3":0.2084238092,"4":0.1244715742,"5":0.0594679575,"6":0.0236763426,"7":0.0080797779,"8":0.0024126386,"9":0.0006403724},"matsumoto-yamaga":{"0":0.6277262915,"1":0.2923014062,"2":0.0680552282,"3":0.0105633295,"4":0.0012297064,"5":0.0001145228,"6":0.0000088879,"7":0.0000005912,"8":0.0000000344,"9":0.0000000018}}