{"consadole-sapporo":{"0":0.136330752,"1":0.271662383,"2":0.2706669232,"3":0.1797834074,"4":0.0895623111,"5":0.0356936502,"6":0.0118542857,"7":0.0033745279,"8":0.0008405406,"9":0.0001861024},"sagan-tosu":{"0":0.762136368,"1":0.207018933,"2":0.0281162535,"3":0.0025457372,"4":0.0001728745,"5":0.0000093916,"6":0.0000004252,"7":0.0000000165,"8":0.0000000006,"9":0.0}}