{"gamba-osaka":{"0":0.187838682,"1":0.3140985393,"2":0.2626133535,"3":0.1463782111,"4":0.0611923777,"5":0.0204648332,"6":0.0057034527,"7":0.0013624504,"8":0.0002847814,"9":0.0000529115},"shonan-bellmare":{"0":0.1372031292,"1":0.2725255817,"2":0.2706577944,"3":0.1792018722,"4":0.0889868452,"5":0.0353507852,"6":0.0117028348,"7":0.0033207508,"8":0.0008244979,"9":0.000181966}}