{"matsumoto-yamaga":{"0":0.5779531042,"1":0.3168700417,"2":0.0868639883,"3":0.0158747572,"4":0.0021758837,"5":0.0002385911,"6":0.0000218018,"7":0.0000017076,"8":0.000000117,"9":0.0000000071},"gamba-osaka":{"0":0.3806075853,"1":0.367661749,"2":0.1775781237,"3":0.0571793505,"4":0.0138086187,"5":0.0026677875,"6":0.0004295077,"7":0.0000592712,"8":0.0000071569,"9":0.0000007682}}