{"sagan-tosu":{"0":0.3819727473,"1":0.3676128696,"2":0.1768964185,"3":0.0567487257,"4":0.0136538287,"5":0.0026281054,"6":0.0004215507,"7":0.0000579576,"8":0.0000069723,"9":0.0000007456},"shimizu-s-pulse":{"0":0.22566091,"1":0.3359463172,"2":0.2500653038,"3":0.1240925568,"4":0.0461848238,"5":0.0137512708,"6":0.0034119695,"7":0.000725639,"8":0.0001350343,"9":0.0000223365}}