{"fc-tokyo":{"0":0.0918142295,"1":0.2192512772,"2":0.2617847081,"3":0.2083795795,"4":0.1244019832,"5":0.0594140883,"6":0.0236466882,"7":0.0080668582,"8":0.0024079451,"9":0.0006389049},"yokohama-fa-marinos":{"0":0.5541471472,"1":0.3271269251,"2":0.0965556041,"3":0.0189997296,"4":0.0028040039,"5":0.0003310547,"6":0.0000325716,"7":0.0000027468,"8":0.0000002027,"9":0.0000000133}}