{"kashima-antlers":{"0":0.2485648361,"1":0.3460150673,"2":0.2408354067,"3":0.1117517676,"4":0.0388910555,"5":0.0108276709,"6":0.0025121127,"7":0.0004995701,"8":0.0000869284,"9":0.0000134454},"sanfrecce-hiroshima":{"0":0.5283355792,"1":0.3370905844,"2":0.1075358792,"3":0.022870144,"4":0.0036479231,"5":0.0004654922,"6":0.0000494992,"7":0.0000045117,"8":0.0000003598,"9":0.0000000255}}