{"vegalta-sendai":{"0":0.2144939633,"1":0.3302078119,"2":0.2541731184,"3":0.1304309423,"4":0.0501987508,"5":0.0154559312,"6":0.0039656666,"7":0.0008721485,"8":0.0001678312,"9":0.000028708},"consadole-sapporo":{"0":0.4913855054,"1":0.3491423328,"2":0.1240374077,"3":0.0293772808,"4":0.0052183328,"5":0.0007415526,"6":0.0000878154,"7":0.0000089136,"8":0.0000007917,"9":0.0000000625}}