{"jubilo-iwata":{"0":0.6845816423,"1":0.2594204118,"2":0.0491533412,"3":0.0062088431,"4":0.0005882062,"5":0.0000445798,"6":0.0000028156,"7":0.0000001524,"8":0.0000000072,"9":0.0000000003},"kawasaki-frontale":{"0":0.1186498041,"1":0.2529114245,"2":0.269550334,"3":0.1915226057,"4":0.1020613886,"5":0.0435103814,"6":0.0154576355,"7":0.0047070243,"8":0.0012541743,"9":0.0002970413}}