{"shonan-bellmare":{"0":0.4742348425,"1":0.3538041523,"2":0.1319782594,"3":0.0328209093,"4":0.0061215314,"5":0.0009133969,"6":0.0001135737,"7":0.0000121046,"8":0.0000011288,"9":0.0000000936},"cerezo-osaka":{"0":0.3764486292,"1":0.3677804041,"2":0.1796558882,"3":0.0585063583,"4":0.0142897931,"5":0.0027921504,"6":0.0004546429,"7":0.0000634535,"8":0.000007749,"9":0.0000008412}}