{"vissel-kobe":{"0":0.2043400166,"1":0.3244858007,"2":0.2576368463,"3":0.1363731878,"4":0.0541391302,"5":0.0171942621,"6":0.0045506618,"7":0.0010323306,"8":0.0002049137,"9":0.0000361552},"nagoya-grampus-eight":{"0":0.116440375,"1":0.2503905808,"2":0.2692169402,"3":0.1929725436,"4":0.1037408787,"5":0.0446163779,"6":0.0159903309,"7":0.0049121747,"8":0.0013203778,"9":0.0003154787}}