{"oita-trinita":{"0":0.6485068537,"1":0.2808571035,"2":0.0608171773,"3":0.0087796226,"4":0.0009505757,"5":0.0000823356,"6":0.000005943,"7":0.0000003677,"8":0.0000000199,"9":0.000000001},"urawa-red-diamonds":{"0":0.5531615075,"1":0.32752984,"2":0.096966071,"3":0.0191380403,"4":0.0028329336,"5":0.000335479,"6":0.0000331065,"7":0.0000028004,"8":0.0000002073,"9":0.0000000136}}