{"sanfrecce-hiroshima":{"0":0.6072262458,"1":0.3029171381,"2":0.0755556872,"3":0.012563748,"4":0.0015668684,"5":0.0001563277,"6":0.0000129974,"7":0.0000009263,"8":0.0000000578,"9":0.0000000032},"cerezo-osaka":{"0":0.6658212707,"1":0.2708121532,"2":0.0550742561,"3":0.0074668576,"4":0.0007592562,"5":0.0000617631,"6":0.0000041869,"7":0.0000002433,"8":0.0000000124,"9":0.0000000006}}