{"kashima-antlers":{"0":0.1733658227,"1":0.3037978309,"2":0.2661802672,"3":0.1554804489,"4":0.068114093,"5":0.0238719644,"6":0.0069720114,"7":0.0017453448,"8":0.0003823072,"9":0.0000744374},"jubilo-iwata":{"0":0.8069539816,"1":0.1730824591,"2":0.0185621103,"3":0.0013271206,"4":0.0000711631,"5":0.0000030527,"6":0.0000001091,"7":0.0000000033,"8":0.0000000001,"9":0.0}}