{"fc-tokyo":{"0":0.1334425131,"1":0.2687644983,"2":0.270657206,"3":0.1817088285,"4":0.0914942341,"5":0.0368554239,"6":0.0123716564,"7":0.0035596516,"8":0.0008961799,"9":0.0002005536},"gamba-osaka":{"0":0.4962880363,"1":0.3476988039,"2":0.1217986828,"3":0.0284440038,"4":0.0049819587,"5":0.0006980709,"6":0.0000815113,"7":0.0000081581,"8":0.0000007144,"9":0.0000000556}}