{"nagoya-grampus-eight":{"0":0.1540895537,"1":0.2881815698,"2":0.2694816591,"3":0.1679967821,"4":0.0785477912,"5":0.0293803509,"6":0.0091579598,"7":0.0024467731,"8":0.0005720009,"9":0.0001188631},"shonan-bellmare":{"0":0.6373827475,"1":0.2870675933,"2":0.064645461,"3":0.0097051141,"4":0.0010927593,"5":0.0000984325,"6":0.0000073888,"7":0.0000004754,"8":0.0000000268,"9":0.0000000013}}