{"urawa-red-diamonds":{"0":0.3330327108,"1":0.3661743155,"2":0.2013069963,"3":0.0737799914,"4":0.0202805437,"5":0.0044597506,"6":0.0008172601,"7":0.0001283699,"8":0.0000176431,"9":0.0000021554},"vegalta-sendai":{"0":0.2228134389,"1":0.3345366547,"2":0.2511400881,"3":0.1256889551,"4":0.047177992,"5":0.0141668004,"6":0.003545054,"7":0.0007603738,"8":0.0001427051,"9":0.0000238067}}