{"yokohama-fa-marinos":{"0":0.1921898017,"1":0.3169732288,"2":0.2613875109,"3":0.1436996874,"4":0.0592499621,"5":0.0195438589,"6":0.0053721894,"7":0.001265743,"8":0.0002609443,"9":0.0000478187},"oita-trinita":{"0":0.3891657241,"1":0.3672751522,"2":0.1733079624,"3":0.0545197965,"4":0.0128632645,"5":0.0024279412,"6":0.0003818949,"7":0.0000514876,"8":0.0000060739,"9":0.0000006369}}