{"consadole-sapporo":{"0":0.1334425131,"1":0.2687644983,"2":0.270657206,"3":0.1817088285,"4":0.0914942341,"5":0.0368554239,"6":0.0123716564,"7":0.0035596516,"8":0.0008961799,"9":0.0002005536},"matsumoto-yamaga":{"0":0.5912897554,"1":0.3106926709,"2":0.0816265924,"3":0.0142968732,"4":0.0018780698,"5":0.000197366,"6":0.0000172843,"7":0.0000012974,"8":0.0000000852,"9":0.000000005}}