{"shimizu-s-pulse":{"0":0.146638144,"1":0.2815140513,"2":0.2702235548,"3":0.1729239191,"4":0.0829942874,"5":0.0318662763,"6":0.0101960789,"7":0.002796329,"8":0.0006710446,"9":0.0001431403},"vissel-kobe":{"0":0.0433840968,"1":0.1361246467,"2":0.2135565885,"3":0.2233561549,"4":0.1752040488,"5":0.1099462291,"6":0.0574956903,"7":0.0257717232,"8":0.0101078706,"9":0.0035238983}}