{"kawasaki-frontale":{"0":0.2819947555,"1":0.3569678004,"2":0.2259368446,"3":0.0953353173,"4":0.0301704534,"5":0.0076383551,"6":0.0016115234,"7":0.0002914248,"8":0.0000461131,"9":0.0000064859},"sagan-tosu":{"0":0.7849130732,"1":0.190092055,"2":0.0230184657,"3":0.0018582217,"4":0.0001125071,"5":0.0000054494,"6":0.00000022,"7":0.0000000076,"8":0.0000000002,"9":0.0}}