{"cerezo-osaka":{"0":0.2855162822,"1":0.3578821601,"2":0.22429481,"3":0.093714575,"4":0.0293667793,"5":0.0073619944,"6":0.0015379896,"7":0.0002754004,"8":0.0000431503,"9":0.0000060097},"nagoya-grampus-eight":{"0":0.4730576522,"1":0.3541016344,"2":0.1325292667,"3":0.0330677313,"4":0.0061881135,"5":0.0009264076,"6":0.0001155752,"7":0.0000123589,"8":0.0000011564,"9":0.0000000962}}