{"matsumoto-yamaga":{"0":0.6061339583,"1":0.3034635508,"2":0.0759651604,"3":0.0126774272,"4":0.001586752,"5":0.0001588828,"6":0.0000132576,"7":0.0000009482,"8":0.0000000593,"9":0.0000000033},"jubilo-iwata":{"0":0.6830413269,"1":0.2603752946,"2":0.0496275199,"3":0.0063060021,"4":0.0006009619,"5":0.0000458173,"6":0.0000029109,"7":0.0000001585,"8":0.0000000076,"9":0.0000000003}}