{"yokohama-fa-marinos":{"0":0.3518512243,"1":0.3675250884,"2":0.1919485869,"3":0.0668330973,"4":0.0174525753,"5":0.0036460065,"6":0.0006347374,"7":0.0000947161,"8":0.0000123669,"9":0.0000014353},"urawa-red-diamonds":{"0":0.5793729002,"1":0.3162269241,"2":0.0862997454,"3":0.0157010583,"4":0.0021424446,"5":0.0002338731,"6":0.000021275,"7":0.0000016589,"8":0.0000001132,"9":0.0000000069}}