{"oita-trinita":{"0":0.3354318153,"1":0.3664044407,"2":0.2001184861,"3":0.0728655807,"4":0.0198984347,"5":0.0043471576,"6":0.0007914265,"7":0.0001235006,"8":0.000016863,"9":0.0000020467},"consadole-sapporo":{"0":0.6674418968,"1":0.2698487201,"2":0.0545503152,"3":0.0073516176,"4":0.0007430701,"5":0.0000600851,"6":0.0000040488,"7":0.0000002338,"8":0.0000000118,"9":0.0000000005}}