{"sagan-tosu":{"0":0.4362703812,"1":0.3618832655,"2":0.1500898336,"3":0.0414994932,"4":0.0086058857,"5":0.0014277045,"6":0.0001973785,"7":0.0000233892,"8":0.0000024251,"9":0.0000002235},"sanfrecce-hiroshima":{"0":0.1236075966,"1":0.2584193905,"2":0.2701313804,"3":0.1882494513,"4":0.0983906123,"5":0.0411399344,"6":0.0143348212,"7":0.0042812854,"8":0.0011188301,"9":0.0002598972}}