{"vegalta-sendai":{"0":0.2152191839,"1":0.3305978247,"2":0.2539153799,"3":0.1300129954,"4":0.0499281856,"5":0.0153389203,"6":0.0039270149,"7":0.0008617544,"8":0.0001654674,"9":0.0000282416},"kashima-antlers":{"0":0.3490180709,"1":0.3673874431,"2":0.1933618122,"3":0.0678462499,"4":0.0178542763,"5":0.003758795,"6":0.0006594377,"7":0.0000991636,"8":0.0000130478,"9":0.0000015261}}