{"shonan-bellmare":{"0":0.2847354742,"1":0.3576831909,"2":0.2246598626,"3":0.0940721755,"4":0.0295432418,"5":0.0074224127,"6":0.0015539992,"7":0.0002788751,"8":0.0000437902,"9":0.0000061121},"vissel-kobe":{"0":0.1751415992,"1":0.305124775,"2":0.2657881643,"3":0.1543485465,"4":0.067224985,"5":0.0234233426,"6":0.0068012037,"7":0.0016926841,"8":0.0003686159,"9":0.0000713542}}