{"gamba-osaka":{"0":0.1649100095,"1":0.297226438,"2":0.2678538305,"3":0.1609225949,"4":0.072509925,"5":0.0261377303,"6":0.0078515797,"7":0.0020216195,"8":0.0004554596,"9":0.0000912111},"shimizu-s-pulse":{"0":0.1725643523,"1":0.3031929881,"2":0.2663527744,"3":0.1559926147,"4":0.0685191732,"5":0.0240774327,"6":0.0070506149,"7":0.0017696893,"8":0.0003886647,"9":0.0000758753}}