{"fc-tokyo":{"0":0.4135871502,"1":0.3651507284,"2":0.16119342,"3":0.0474385263,"4":0.0104707148,"5":0.0018488917,"6":0.0002720604,"7":0.0000343141,"8":0.0000037869,"9":0.0000003715},"kawasaki-frontale":{"0":0.2821965359,"1":0.3570213749,"2":0.2258430667,"3":0.0952418993,"4":0.0301238583,"5":0.007622249,"6":0.0016072166,"7":0.0002904818,"8":0.0000459379,"9":0.0000064576}}