{"kawasaki-frontale":{"0":0.4421773381,"1":0.3608362786,"2":0.147229187,"3":0.040048511,"4":0.0081703394,"5":0.0013334717,"6":0.000181362,"7":0.0000211428,"8":0.0000021567,"9":0.0000001955},"oita-trinita":{"0":0.4654201119,"1":0.3559601967,"2":0.136121816,"3":0.0347026605,"4":0.0066352772,"5":0.0010149517,"6":0.000129375,"7":0.0000141354,"8":0.0000013514,"9":0.0000001148}}