{"cerezo-osaka":{"0":0.1819983578,"1":0.310081088,"2":0.2641515075,"3":0.1500167141,"4":0.0638980298,"5":0.021773351,"6":0.0061827521,"7":0.0015048444,"8":0.0003204863,"9":0.0000606701},"vegalta-sendai":{"0":0.7279676576,"1":0.2311287544,"2":0.0366915347,"3":0.003883171,"4":0.0003082254,"5":0.0000195722,"6":0.0000010357,"7":0.000000047,"8":0.0000000019,"9":0.0000000001}}