{"vissel-kobe":{"0":0.052236956,"1":0.1542016692,"2":0.2275989703,"3":0.2239547364,"4":0.1652766395,"5":0.0975781732,"6":0.0480078931,"7":0.0202453747,"8":0.0074704549,"9":0.0024502802},"yokohama-fa-marinos":{"0":0.0981057856,"1":0.2277730793,"2":0.2644113969,"3":0.2046287678,"4":0.1187721097,"5":0.0551508537,"6":0.021340705,"7":0.0070781294,"8":0.0020541695,"9":0.0005299093}}