{"shimizu-s-pulse":{"0":0.3577515934,"1":0.3677387323,"2":0.1890023382,"3":0.0647595348,"4":0.0166418471,"5":0.0034212855,"6":0.0005861326,"7":0.0000860708,"8":0.0000110592,"9":0.0000012631},"fc-tokyo":{"0":0.2105288114,"1":0.3280318388,"2":0.2555585778,"3":0.1327313977,"4":0.0517032849,"5":0.0161121164,"6":0.0041841361,"7":0.0009313485,"8":0.0001813956,"9":0.0000314043}}