{"nagoya-grampus-eight":{"0":0.2062881462,"1":0.3256219852,"2":0.2569941105,"3":0.1352201342,"4":0.053360614,"5":0.0168457465,"6":0.0044317827,"7":0.0009993552,"8":0.0001971829,"9":0.0000345833},"gamba-osaka":{"0":0.4957837981,"1":0.3478495172,"2":0.1220282783,"3":0.0285389706,"4":0.0050058449,"5":0.0007024355,"6":0.0000821399,"7":0.0000082329,"8":0.000000722,"9":0.0000000563}}