{"kashima-antlers":{"0":0.1129088766,"1":0.2462739272,"2":0.2685831665,"3":0.1952755566,"4":0.1064825009,"5":0.0464513765,"6":0.0168864239,"7":0.0052617474,"8":0.0014345985,"9":0.0003476788},"sagan-tosu":{"0":0.8580613229,"1":0.1313517786,"2":0.0100536461,"3":0.0005130031,"4":0.0000196326,"5":0.0000006011,"6":0.0000000153,"7":0.0000000003,"8":0.0,"9":0.0}}