{"matsumoto-yamaga":{"0":0.7203658159,"1":0.2362771914,"2":0.0387490008,"3":0.0042365073,"4":0.0003473895,"5":0.0000227885,"6":0.0000012458,"7":0.0000000584,"8":0.0000000024,"9":0.0000000001},"sanfrecce-hiroshima":{"0":0.1593015198,"1":0.2926299657,"2":0.268774262,"3":0.1645755445,"4":0.0755795299,"5":0.0277672621,"6":0.0085012089,"7":0.0022309073,"8":0.00051226,"9":0.0001045555}}