{"consadole-sapporo":{"0":0.1335162979,"1":0.2688393019,"2":0.2706582319,"3":0.1816596457,"4":0.091444365,"5":0.036825226,"6":0.0123581268,"7":0.0035547829,"8":0.0008947085,"9":0.0002001693},"shonan-bellmare":{"0":0.2872747636,"1":0.3583224541,"2":0.2234706931,"3":0.0929128687,"4":0.0289729306,"5":0.0072276809,"6":0.0015025339,"7":0.0002677335,"8":0.0000417435,"9":0.0000057853}}