{"jubilo-iwata":{"0":0.4780732735,"1":0.3528139005,"2":0.1301867886,"3":0.032025571,"4":0.0059086479,"5":0.0008721061,"6":0.0001072678,"7":0.000011309,"8":0.0000010432,"9":0.0000000855},"urawa-red-diamonds":{"0":0.3366986953,"1":0.3665190307,"2":0.1994902293,"3":0.0723861487,"4":0.0196992901,"5":0.0042887987,"6":0.0007781073,"7":0.0001210031,"8":0.000016465,"9":0.0000019915}}