{"sanfrecce-hiroshima":{"0":0.3279283958,"1":0.3656270442,"2":0.2038297646,"3":0.0757540114,"4":0.0211156731,"5":0.0047086262,"6":0.0008749883,"7":0.0001393681,"8":0.0000194237,"9":0.0000024063},"consadole-sapporo":{"0":0.608436489,"1":0.3023094241,"2":0.0751031452,"3":0.0124386516,"4":0.0015450756,"5":0.0001535381,"6":0.0000127146,"7":0.0000009025,"8":0.0000000561,"9":0.0000000031}}