{"fc-tokyo":{"0":0.3295150228,"1":0.3658056107,"2":0.203046501,"3":0.0751362296,"4":0.0208528083,"5":0.0046298795,"6":0.0008566306,"7":0.0001358535,"8":0.0000188519,"9":0.0000023254},"cerezo-osaka":{"0":0.5140466924,"1":0.3420678357,"2":0.1138130115,"3":0.0252452881,"4":0.0041998136,"5":0.0005589458,"6":0.0000619909,"7":0.000005893,"8":0.0000004902,"9":0.0000000362}}