{"vegalta-sendai":{"0":0.30282506,"1":0.3617548167,"2":0.216076152,"3":0.0860415237,"4":0.0256963011,"5":0.0061393602,"6":0.0012223466,"7":0.0002086022,"8":0.0000311495,"9":0.0000041346},"jubilo-iwata":{"0":0.6304177721,"1":0.2908574545,"2":0.0670968226,"3":0.0103188774,"4":0.0011902117,"5":0.0001098262,"6":0.0000084451,"7":0.0000005566,"8":0.0000000321,"9":0.0000000016}}