{"shonan-bellmare":{"0":0.3845505612,"1":0.3675072804,"2":0.1756096789,"3":0.0559422193,"4":0.013365715,"5":0.0025546693,"6":0.0004069077,"7":0.0000555534,"8":0.0000066364,"9":0.0000007047},"kashima-antlers":{"0":0.1756925638,"1":0.3055328134,"2":0.2656637767,"3":0.1539981723,"4":0.0669514603,"5":0.0232859804,"6":0.0067491294,"7":0.0016766955,"8":0.0003644758,"9":0.0000704256}}