{"yokohama-fa-marinos":{"0":0.0630161878,"1":0.1741996581,"2":0.2407756001,"3":0.2218637712,"4":0.1533280353,"5":0.084770889,"6":0.0390562605,"7":0.0154236723,"8":0.0053295799,"9":0.0016369885},"shimizu-s-pulse":{"0":0.4799843487,"1":0.3523093675,"2":0.1292978519,"3":0.0316349513,"4":0.0058050277,"5":0.0008521801,"6":0.0001042503,"7":0.0000109314,"8":0.000001003,"9":0.0000000818}}