{"kawasaki-frontale":{"0":0.3225087112,"1":0.3649589628,"2":0.2064983671,"3":0.077892914,"4":0.0220363948,"5":0.0049873876,"6":0.0009406422,"7":0.0001520649,"8":0.0000215101,"9":0.0000027046},"matsumoto-yamaga":{"0":0.6967662005,"1":0.2517453638,"2":0.0454784748,"3":0.0054772056,"4":0.0004947359,"5":0.0000357501,"6":0.0000021528,"7":0.0000001111,"8":0.000000005,"9":0.0000000002}}