{"vissel-kobe":{"0":0.1268796691,"1":0.2619451233,"2":0.270394966,"3":0.1860782562,"4":0.0960403903,"5":0.039655387,"6":0.0136448643,"7":0.0040242918,"8":0.0010385269,"9":0.0002382284},"gamba-osaka":{"0":0.1275297076,"1":0.2626354375,"2":0.2704364901,"3":0.1856461714,"4":0.0955802071,"5":0.0393676892,"6":0.0135123422,"7":0.0039753425,"8":0.0010233555,"9":0.0002341672}}