{"urawa-red-diamonds":{"0":0.3518406008,"1":0.3675246149,"2":0.191953888,"3":0.066836875,"4":0.0174540663,"5":0.0036464234,"6":0.0006348284,"7":0.0000947324,"8":0.0000123694,"9":0.0000014356},"nagoya-grampus-eight":{"0":0.1247905083,"1":0.259703883,"2":0.2702373272,"3":0.1874653347,"4":0.0975344119,"5":0.0405961412,"6":0.0140808993,"7":0.0041862894,"8":0.0010890207,"9":0.0002518202}}