{"sagan-tosu":{"0":0.3931395136,"1":0.3670314069,"2":0.1713285602,"3":0.0533169187,"4":0.0124440453,"5":0.0023235291,"6":0.0003615375,"7":0.0000482183,"8":0.000005627,"9":0.0000005837},"oita-trinita":{"0":0.2122479738,"1":0.3289843594,"2":0.2549628786,"3":0.1317308206,"4":0.051045693,"5":0.0158241648,"6":0.0040879092,"7":0.0009051799,"8":0.0001753786,"9":0.0000302041}}