{"fc-tokyo":{"0":0.086869698,"1":0.2122527297,"2":0.2593034299,"3":0.2111893334,"4":0.1290021536,"5":0.0630393794,"6":0.0256711693,"7":0.008960507,"8":0.0027367024,"9":0.0007429679},"vegalta-sendai":{"0":0.6187564497,"1":0.2970300374,"2":0.0712936755,"3":0.0114080228,"4":0.0013690869,"5":0.0001314443,"6":0.0000105165,"7":0.0000007212,"8":0.0000000433,"9":0.0000000023}}