{"nagoya-grampus-eight":{"0":0.446038023,"1":0.3601092784,"2":0.1453673069,"3":0.0391208173,"4":0.0078960585,"5":0.0012749783,"6":0.0001715592,"7":0.0000197869,"8":0.0000019969,"9":0.0000001791},"kawasaki-frontale":{"0":0.2141924213,"1":0.3300449259,"2":0.2542798957,"3":0.1306049779,"4":0.050311666,"5":0.015504853,"6":0.0039818543,"7":0.0008765088,"8":0.0001688244,"9":0.0000289043}}