{"gamba-osaka":{"0":0.4221656888,"1":0.3640577119,"2":0.1569739336,"3":0.0451225452,"4":0.0097279403,"5":0.0016777923,"6":0.0002411428,"7":0.0000297073,"8":0.0000032023,"9":0.0000003068},"sanfrecce-hiroshima":{"0":0.1394239693,"1":0.2746981026,"2":0.2706100247,"3":0.1777218573,"4":0.0875384936,"5":0.0344942956,"6":0.011326983,"7":0.0031881183,"8":0.0007851681,"9":0.0001718852}}