{"kashima-antlers":{"0":0.0661106216,"1":0.1795846018,"2":0.2439141278,"3":0.2208582144,"4":0.149986241,"5":0.0814853006,"6":0.0368914629,"7":0.014316132,"8":0.0048610889,"9":0.0014671986},"yokohama-fa-marinos":{"0":0.4482704747,"1":0.3596736214,"2":0.144293592,"3":0.0385917296,"4":0.0077411005,"5":0.0012422275,"6":0.0001661186,"7":0.000019041,"8":0.0000019097,"9":0.0000001703}}