{"jubilo-iwata":{"0":0.2746362752,"1":0.3549145711,"2":0.2293294151,"3":0.0987880558,"4":0.0319161411,"5":0.0082490949,"6":0.0017767281,"7":0.0003280113,"8":0.0000529864,"9":0.0000076083},"shonan-bellmare":{"0":0.1704276446,"1":0.3015622488,"2":0.2667988229,"3":0.1573618983,"4":0.0696107842,"5":0.0246344831,"6":0.0072648915,"7":0.0018364031,"8":0.0004061767,"9":0.0000798563}}