{"consadole-sapporo":{"0":0.2057715733,"1":0.3253225101,"2":0.2571655888,"3":0.1355252875,"4":0.0535659834,"5":0.0169374417,"6":0.0044629837,"7":0.0010079895,"8":0.0001992025,"9":0.000034993},"urawa-red-diamonds":{"0":0.308265932,"1":0.3627650223,"2":0.2134495702,"3":0.0837286144,"4":0.0246328004,"5":0.0057975387,"6":0.0011370833,"7":0.0001911587,"8":0.0000281193,"9":0.0000036767}}