{"cerezo-osaka":{"0":0.3170429743,"1":0.3641929551,"2":0.2091774921,"3":0.0800953132,"4":0.023001731,"5":0.0052845002,"6":0.0010117334,"7":0.000166028,"8":0.0000238399,"9":0.0000030428},"sagan-tosu":{"0":0.8763527977,"1":0.1156667666,"2":0.0076332277,"3":0.0003358278,"4":0.0000110812,"5":0.0000002925,"6":0.0000000064,"7":0.0000000001,"8":0.0,"9":0.0}}