{"shimizu-s-pulse":{"0":0.2877603174,"1":0.3584421293,"2":0.2232426645,"3":0.0926923915,"4":0.0288650451,"5":0.0071910181,"6":0.0014928882,"7":0.0002656546,"8":0.0000413633,"9":0.0000057248},"matsumoto-yamaga":{"0":0.3534213388,"1":0.3675915339,"2":0.1911649369,"3":0.0662765229,"4":0.0172334591,"5":0.0035848846,"6":0.0006214364,"7":0.0000923361,"8":0.0000120048,"9":0.0000013873}}