{"oita-trinita":{"0":0.2084778305,"1":0.3268770962,"2":0.2562589887,"3":0.1339314175,"4":0.0524985231,"5":0.0164627239,"6":0.0043020461,"7":0.0009636107,"8":0.0001888584,"9":0.0000329017},"vissel-kobe":{"0":0.5062174179,"1":0.344627261,"2":0.117309228,"3":0.0266209449,"4":0.0045308118,"5":0.0006169054,"6":0.0000699971,"7":0.0000068076,"8":0.0000005793,"9":0.0000000438}}