{"vegalta-sendai":{"0":0.3299891011,"1":0.3658574816,"2":0.2028122996,"3":0.0749523716,"4":0.0207748421,"5":0.0046065954,"6":0.0008512187,"7":0.0001348204,"8":0.0000186843,"9":0.0000023017},"kawasaki-frontale":{"0":0.1022286829,"1":0.2331369057,"2":0.2658393676,"3":0.2020860351,"4":0.1152164725,"5":0.0525512237,"6":0.0199742208,"7":0.0065074384,"8":0.0018550616,"9":0.0004700609}}