{"shimizu-s-pulse":{"0":0.2542174649,"1":0.3481673975,"2":0.2384189787,"3":0.1088434468,"4":0.0372670497,"5":0.010207931,"6":0.0023300712,"7":0.0004558835,"8":0.0000780453,"9":0.0000118765},"consadole-sapporo":{"0":0.2545327438,"1":0.3482837182,"2":0.2382827973,"3":0.1086828324,"4":0.0371783807,"5":0.0101744274,"6":0.0023203219,"7":0.0004535652,"8":0.0000775781,"9":0.0000117947}}