{"vissel-kobe":{"0":0.2749119683,"1":0.3549950199,"2":0.2292033064,"3":0.0986570753,"4":0.0318490776,"5":0.0082253705,"6":0.0017702428,"7":0.0003265603,"8":0.0000527111,"9":0.0000075629},"urawa-red-diamonds":{"0":0.1721694663,"1":0.3028936131,"2":0.2664367348,"3":0.1562452526,"4":0.0687196315,"5":0.0241793599,"6":0.0070896947,"7":0.0017818185,"8":0.0003918388,"9":0.0000765947}}