{"oita-trinita":{"0":0.3399178244,"1":0.3667887987,"2":0.1978919803,"3":0.0711785384,"4":0.0192013251,"5":0.0041438433,"6":0.0007452366,"7":0.0001148784,"8":0.000015495,"9":0.0000018578},"kashima-antlers":{"0":0.4363597074,"1":0.3618680256,"2":0.1500464705,"3":0.0414772638,"4":0.008599153,"5":0.0014262355,"6":0.0001971267,"7":0.0000233536,"8":0.0000024209,"9":0.0000002231}}