{"yokohama-fa-marinos":{"0":0.2713494444,"1":0.3539340579,"2":0.2308265595,"3":0.1003593737,"4":0.0327258827,"5":0.0085371868,"6":0.0018559102,"7":0.0003458218,"8":0.000056384,"9":0.0000081716},"cerezo-osaka":{"0":0.586774937,"1":0.3128179014,"2":0.0833837927,"3":0.0148176876,"4":0.001974879,"5":0.0002105671,"6":0.0000187094,"7":0.0000014249,"8":0.000000095,"9":0.0000000056}}