{"matsumoto-yamaga":{"0":0.4307893092,"1":0.3627832504,"2":0.1527564449,"3":0.0428805748,"4":0.0090278205,"5":0.0015205308,"6":0.0002134157,"7":0.000025675,"8":0.0000027027,"9":0.0000002529},"nagoya-grampus-eight":{"0":0.1931312969,"1":0.3175822128,"2":0.2611137177,"3":0.1431238292,"4":0.0588376704,"5":0.0193503569,"6":0.0053032395,"7":0.0012457954,"8":0.0002560709,"9":0.0000467866}}