{"fc-tokyo":{"0":0.250689446,"1":0.3468389696,"2":0.2399328586,"3":0.1106522655,"4":0.0382729692,"5":0.0105904396,"6":0.0024420501,"7":0.0004826678,"8":0.0000834738,"9":0.0000128322},"sanfrecce-hiroshima":{"0":0.3509231217,"1":0.3674825192,"2":0.1924116616,"3":0.0671637345,"4":0.017583266,"5":0.0036825974,"6":0.0006427287,"7":0.0000961511,"8":0.000012586,"9":0.0000014644}}