{"gamba-osaka":{"0":0.3648834972,"1":0.3678672087,"2":0.1854376593,"3":0.0623180044,"4":0.0157068972,"5":0.003167067,"6":0.0005321608,"7":0.0000766446,"8":0.0000096589,"9":0.000001082},"jubilo-iwata":{"0":0.6075635544,"1":0.3027480035,"2":0.075429437,"3":0.0125287916,"4":0.0015607695,"5":0.0001555458,"6":0.000012918,"7":0.0000009196,"8":0.0000000573,"9":0.0000000032}}