{"shonan-bellmare":{"0":0.2501062215,"1":0.3466146005,"2":0.2401813128,"3":0.1109533239,"4":0.0384417087,"5":0.0106550388,"6":0.0024610823,"7":0.0004872484,"8":0.0000844078,"9":0.0000129976},"sagan-tosu":{"0":0.5212196618,"1":0.3396182412,"2":0.1106448568,"3":0.0240314621,"4":0.0039146273,"5":0.0005101415,"6":0.0000554,"7":0.0000051568,"8":0.00000042,"9":0.0000000304}}