{"kawasaki-frontale":{"0":0.2161974401,"1":0.3311200463,"2":0.2535656412,"3":0.1294506028,"4":0.0495654453,"5":0.0151825226,"6":0.0038754988,"7":0.0008479388,"8":0.000162334,"9":0.000027625},"shimizu-s-pulse":{"0":0.4853686511,"1":0.3508470653,"2":0.1268042991,"3":0.030553351,"4":0.0055213462,"5":0.0007982172,"6":0.0000961648,"7":0.0000099303,"8":0.0000008973,"9":0.0000000721}}