{"sagan-tosu":{"0":0.2054127698,"1":0.3251137364,"2":0.2572842518,"3":0.135737495,"4":0.0537090807,"5":0.0170014356,"6":0.0044847912,"7":0.0010140329,"8":0.000200618,"9":0.0000352805},"vissel-kobe":{"0":0.2366795802,"1":0.3410666439,"2":0.2457467085,"3":0.1180442705,"4":0.042526866,"5":0.0122566513,"6":0.0029437372,"7":0.0006060095,"8":0.0001091611,"9":0.0000174785}}