{"urawa-red-diamonds":{"0":0.4597932177,"1":0.3572494066,"2":0.1387875392,"3":0.0359449742,"4":0.0069821173,"5":0.0010849909,"6":0.0001405024,"7":0.0000155953,"8":0.0000015147,"9":0.0000001308},"matsumoto-yamaga":{"0":0.5678267839,"1":0.3213552454,"2":0.0909337114,"3":0.0171543071,"4":0.0024270723,"5":0.0002747149,"6":0.000025912,"7":0.0000020949,"8":0.0000001482,"9":0.0000000093}}