{"vegalta-sendai":{"0":0.1066248645,"1":0.2386732064,"2":0.2671276524,"3":0.1993162777,"4":0.1115393096,"5":0.049934778,"6":0.018629322,"7":0.0059572275,"8":0.0016668609,"9":0.000414574},"shonan-bellmare":{"0":0.1687537652,"1":0.3002660445,"2":0.267133884,"3":0.15843841,"4":0.0704779455,"5":0.025080488,"6":0.0074376799,"7":0.0018905675,"8":0.0004204893,"9":0.0000831314}}