{"jubilo-iwata":{"0":0.4565566213,"1":0.357959819,"2":0.1403278652,"3":0.0366743392,"4":0.0071885606,"5":0.0011272275,"6":0.0001472991,"7":0.0000164984,"8":0.0000016169,"9":0.0000001409},"cerezo-osaka":{"0":0.2696676906,"1":0.3534169974,"2":0.2315879477,"3":0.1011703416,"4":0.0331475735,"5":0.008688409,"6":0.0018977872,"7":0.0003553105,"8":0.0000582072,"9":0.000008476}}