{"nagoya-grampus-eight":{"0":0.1283793203,"1":0.2635326984,"2":0.270485476,"3":0.1850811257,"4":0.0949820585,"5":0.0389951873,"6":0.0133413322,"7":0.0039123761,"8":0.0010038991,"9":0.0002289744},"yokohama-fa-marinos":{"0":0.4651879286,"1":0.3560147448,"2":0.1362315,"3":0.0347532826,"4":0.0066492918,"5":0.001017759,"6":0.0001298175,"7":0.000014193,"8":0.0000013578,"9":0.0000001155}}