{"sanfrecce-hiroshima":{"0":0.3336510561,"1":0.3662352762,"2":0.2010008287,"3":0.0735434947,"4":0.0201814303,"5":0.004430468,"6":0.0008105243,"7":0.0001270971,"8":0.0000174387,"9":0.0000021269},"oita-trinita":{"0":0.5457888975,"1":0.3304877375,"2":0.1000589652,"3":0.020196002,"4":0.003057286,"5":0.0003702514,"6":0.000037366,"7":0.0000032323,"8":0.0000002447,"9":0.0000000165}}