{"kashima-antlers":{"0":0.0769939234,"1":0.1974146353,"2":0.2530884029,"3":0.2163086494,"4":0.1386554004,"5":0.0711032874,"6":0.0303851458,"7":0.0111297698,"8":0.0035671312,"9":0.0010162475},"gamba-osaka":{"0":0.5545936194,"1":0.3269438368,"2":0.0963699082,"3":0.0189373182,"4":0.0027909803,"5":0.0003290675,"6":0.000032332,"7":0.0000027229,"8":0.0000002007,"9":0.0000000131}}