{"consadole-sapporo":{"0":0.2787542519,"1":0.3560875674,"2":0.2274375275,"3":0.096844772,"4":0.030927976,"5":0.0079016321,"6":0.00168229,"7":0.0003069998,"8":0.0000490211,"9":0.0000069579},"fc-tokyo":{"0":0.3701251691,"1":0.3678726005,"2":0.1828168705,"3":0.0605680845,"4":0.0150498673,"5":0.0029916549,"6":0.0004955746,"7":0.0000703655,"8":0.0000087422,"9":0.0000009654}}