{"nagoya-grampus-eight":{"0":0.3770669224,"1":0.3677656596,"2":0.1793469174,"3":0.0583076314,"4":0.0142173334,"5":0.0027733257,"6":0.0004508192,"7":0.0000628141,"8":0.0000076581,"9":0.0000008299},"fc-tokyo":{"0":0.4052412431,"1":0.3660433628,"2":0.1653184933,"3":0.0497758954,"4":0.0112403022,"5":0.0020306117,"6":0.0003056994,"7":0.0000394471,"8":0.0000044539,"9":0.000000447}}