{"shimizu-s-pulse":{"0":0.3397666361,"1":0.3667768134,"2":0.1979670994,"3":0.0712349146,"4":0.019224456,"5":0.0041505457,"6":0.0007467498,"7":0.0001151591,"8":0.0000155392,"9":0.0000018638},"kashima-antlers":{"0":0.0434502181,"1":0.1362659413,"2":0.2136744942,"3":0.2233710005,"4":0.1751306493,"5":0.1098468261,"6":0.0574158267,"7":0.0257234338,"8":0.0100840343,"9":0.0035138819}}