{"shonan-bellmare":{"0":0.2877760777,"1":0.358446,"2":0.2232352597,"3":0.0926852416,"4":0.0288615496,"5":0.0071898311,"6":0.0014925761,"7":0.0002655874,"8":0.0000413511,"9":0.0000057229},"urawa-red-diamonds":{"0":0.2141595419,"1":0.3300271395,"2":0.2542915246,"3":0.1306239634,"4":0.0503239928,"5":0.015510197,"6":0.0039836235,"7":0.0008769856,"8":0.0001689331,"9":0.0000289257}}