{"cerezo-osaka":{"0":0.4226442418,"1":0.3639915715,"2":0.1567392277,"3":0.0449958871,"4":0.00968789,"5":0.0016686896,"6":0.0002395194,"7":0.0000294686,"8":0.0000031724,"9":0.0000003036},"kawasaki-frontale":{"0":0.3747877741,"1":0.3678149783,"2":0.1804859545,"3":0.0590426921,"4":0.0144860558,"5":0.0028433096,"6":0.0004650685,"7":0.0000652023,"8":0.0000079987,"9":0.0000008722}}