{"jubilo-iwata":{"0":0.5157995608,"1":0.3414784129,"2":0.1130356784,"3":0.0249446019,"4":0.0041285626,"5":0.0005466523,"6":0.0000603173,"7":0.0000057046,"8":0.0000004721,"9":0.0000000347},"sanfrecce-hiroshima":{"0":0.1046289228,"1":0.2361825563,"2":0.2665716057,"3":0.2005804947,"4":0.1131943557,"5":0.051103522,"6":0.019226297,"7":0.0062000283,"8":0.0017494428,"9":0.0004387865}}