{"sagan-tosu":{"0":0.2421538967,"1":0.3434182535,"2":0.2435147616,"3":0.1151160691,"4":0.040813879,"5":0.0115763002,"6":0.0027362164,"7":0.0005543503,"8":0.0000982712,"9":0.0000154852},"vegalta-sendai":{"0":0.4094545819,"1":0.3656139903,"2":0.1632337209,"3":0.0485853903,"4":0.0108458296,"5":0.0019369118,"6":0.0002882542,"7":0.0000367701,"8":0.0000041041,"9":0.0000004072}}