{"matsumoto-yamaga":{"0":0.5418345336,"1":0.3320332832,"2":0.1017341036,"3":0.0207807035,"4":0.0031835758,"5":0.0003901756,"6":0.0000398496,"7":0.0000034885,"8":0.0000002672,"9":0.0000000182},"oita-trinita":{"0":0.3244768371,"1":0.3652120245,"2":0.2055305766,"3":0.0771110388,"4":0.0216979114,"5":0.0048843783,"6":0.0009162614,"7":0.0001473271,"8":0.0000207278,"9":0.0000025922}}