{"yokohama-fa-marinos":{"0":0.1216652958,"1":0.2562856926,"2":0.2699305327,"3":0.1895345561,"4":0.0998127581,"5":0.0420507453,"6":0.0147631861,"7":0.0044426254,"8":0.0011697885,"9":0.0002737931},"gamba-osaka":{"0":0.3774086193,"1":0.3677570761,"2":0.1791761768,"3":0.0581980233,"4":0.0141774285,"5":0.0027629733,"6":0.0004487192,"7":0.0000624634,"8":0.0000076083,"9":0.0000008237}}