{"vissel-kobe":{"0":0.1960321536,"1":0.3194298041,"2":0.260251693,"3":0.1413580132,"4":0.0575848931,"5":0.018766647,"6":0.0050966353,"7":0.0011864068,"8":0.0002416528,"9":0.0000437519},"consadole-sapporo":{"0":0.140214642,"1":0.2754630038,"2":0.2705846743,"3":0.1771951586,"4":0.0870285549,"5":0.0341949269,"6":0.0111964499,"7":0.003142333,"8":0.0007716709,"9":0.0001684455}}