{"kawasaki-frontale":{"0":0.3118139096,"1":0.3633719382,"2":0.2117275102,"3":0.0822454605,"4":0.0239611604,"5":0.0055846215,"6":0.0010846719,"7":0.0001805744,"8":0.000026304,"9":0.0000034059},"jubilo-iwata":{"0":0.6925952826,"1":0.254396798,"2":0.046721175,"3":0.0057203765,"4":0.0005252871,"5":0.0000385886,"6":0.0000023623,"7":0.000000124,"8":0.0000000057,"9":0.0000000002}}