{"kashima-antlers":{"0":0.2890928986,"1":0.3587663669,"2":0.2226158212,"3":0.0920892786,"4":0.0285708643,"5":0.0070913296,"6":0.0014667318,"7":0.0002600321,"8":0.0000403377,"9":0.0000055622},"fc-tokyo":{"0":0.6040397776,"1":0.3045056492,"2":0.0767529671,"3":0.0128974465,"4":0.0016254498,"5":0.0001638828,"6":0.0000137693,"7":0.0000009916,"8":0.0000000625,"9":0.0000000035}}