{"vissel-kobe":{"0":0.1540460651,"1":0.2881437189,"2":0.2694869314,"3":0.1680254248,"4":0.0785730404,"5":0.0293942309,"6":0.0091636691,"7":0.002448668,"8":0.0005725303,"9":0.0001189911},"matsumoto-yamaga":{"0":0.4558305593,"1":0.3581160399,"2":0.1406740897,"3":0.0368394549,"4":0.0072355832,"5":0.0011369042,"6":0.0001488651,"7":0.0000167076,"8":0.0000016408,"9":0.0000001432}}