{"oita-trinita":{"0":0.2131262126,"1":0.3294655763,"2":0.2546555973,"3":0.1312215457,"4":0.050712887,"5":0.0156791137,"6":0.0040396472,"7":0.0008921103,"8":0.0001723859,"9":0.0000296096},"shonan-bellmare":{"0":0.4451067164,"1":0.3602877206,"2":0.1458158649,"3":0.0393431235,"4":0.0079614864,"5":0.001288871,"6":0.0001738776,"7":0.0000201062,"8":0.0000020344,"9":0.000000183}}