{"yokohama-fa-marinos":{"0":0.3014832658,"1":0.3614907264,"2":0.216721059,"3":0.0866191283,"4":0.0259649665,"5":0.0062266107,"6":0.0012443267,"7":0.0002131426,"8":0.0000319458,"9":0.000004256},"sanfrecce-hiroshima":{"0":0.3687521181,"1":0.3678784069,"2":0.1835033829,"3":0.061022865,"4":0.0152195698,"5":0.0030367018,"6":0.0005049178,"7":0.0000719602,"8":0.0000089737,"9":0.0000009947}}