{"urawa-red-diamonds":{"0":0.5476111736,"1":0.3297658527,"2":0.0992908133,"3":0.0199306377,"4":0.0030005066,"5":0.0003613749,"6":0.0000362694,"7":0.0000031201,"8":0.0000002349,"9":0.0000000157},"cerezo-osaka":{"0":0.2302431748,"1":0.338139558,"2":0.2482991315,"3":0.1215522945,"4":0.0446285098,"5":0.0131084577,"6":0.0032085555,"7":0.0006731638,"8":0.0001235777,"9":0.0000201654}}