{"consadole-sapporo":{"0":0.1308878289,"1":0.266149221,"2":0.2705958546,"3":0.1834111863,"4":0.0932377456,"5":0.0379181985,"6":0.0128505697,"7":0.0037329337,"8":0.0009488252,"9":0.0002143728},"vegalta-sendai":{"0":0.5647510478,"1":0.3226819577,"2":0.0921854384,"3":0.0175573396,"4":0.0025079355,"5":0.000286592,"6":0.0000272917,"7":0.0000022277,"8":0.0000001591,"9":0.0000000101}}