{"shimizu-s-pulse":{"0":0.2220224502,"1":0.3341386311,"2":0.2514354398,"3":0.1261348324,"4":0.0474574983,"5":0.0142844866,"6":0.0035829701,"7":0.0007703267,"8":0.0001449155,"9":0.0000242327},"nagoya-grampus-eight":{"0":0.0923051815,"1":0.2199314023,"2":0.2620103279,"3":0.2080934061,"4":0.1239536987,"5":0.0590677801,"6":0.0234563569,"7":0.007984058,"8":0.002377907,"9":0.0006295258}}