{"gamba-osaka":{"0":0.3511873003,"1":0.3674948858,"2":0.1922798618,"3":0.0670694962,"4":0.0175459768,"5":0.0036721469,"6":0.0006404442,"7":0.0000957405,"8":0.0000125233,"9":0.0000014561},"sagan-tosu":{"0":0.5454955638,"1":0.330603372,"2":0.10018284,"3":0.0202389576,"4":0.0030665087,"5":0.000371698,"6":0.0000375453,"7":0.0000032507,"8":0.0000002463,"9":0.0000000166}}