{"shonan-bellmare":{"0":0.2614872215,"1":0.3507510784,"2":0.235243463,"3":0.1051828306,"4":0.0352722698,"5":0.0094626319,"6":0.0021154815,"7":0.0004053776,"8":0.0000679702,"9":0.0000101303},"shimizu-s-pulse":{"0":0.2100356318,"1":0.327756001,"2":0.2557280288,"3":0.1330193285,"4":0.0518934368,"5":0.0161957142,"6":0.0042121762,"7":0.0009390012,"8":0.0001831614,"9":0.0000317577}}