{"sanfrecce-hiroshima":{"0":0.194560779,"1":0.3184980724,"2":0.2606923725,"3":0.1422520656,"4":0.0582170375,"5":0.0190603824,"6":0.0052003416,"7":0.001216145,"8":0.0002488553,"9":0.0000452643},"nagoya-grampus-eight":{"0":0.4965853038,"1":0.3476097127,"2":0.1216633994,"3":0.0283881265,"4":0.0049679221,"5":0.0006955091,"6":0.0000811427,"7":0.0000081143,"8":0.00000071,"9":0.0000000552}}