{"oita-trinita":{"0":0.321243834,"1":0.3647899895,"2":0.2071195184,"3":0.0783985236,"4":0.0222564557,"5":0.0050546852,"6":0.0009566454,"7":0.000155189,"8":0.0000220282,"9":0.0000027794},"jubilo-iwata":{"0":0.7208871106,"1":0.2359266908,"2":0.0386061858,"3":0.0042115839,"4":0.0003445841,"5":0.0000225546,"6":0.0000012303,"7":0.0000000575,"8":0.0000000024,"9":0.0000000001}}