{"vegalta-sendai":{"0":0.1263070861,"1":0.2613343055,"2":0.2703554542,"3":0.1864586727,"4":0.0964475732,"5":0.0399107609,"6":0.0137628211,"7":0.0040679737,"8":0.0010520996,"9":0.0002418706},"yokohama-fa-marinos":{"0":0.1510718088,"1":0.2855257187,"2":0.2698218042,"3":0.1699877366,"4":0.0803192056,"5":0.0303606597,"6":0.0095636078,"7":0.0025821741,"8":0.0006100386,"9":0.0001281081}}