{"kawasaki-frontale":{"0":0.1551326683,"1":0.2890857876,"2":0.2693520117,"3":0.1673102111,"4":0.0779445823,"5":0.0290495499,"6":0.0090221831,"7":0.0024018013,"8":0.000559462,"9":0.0001158381},"vissel-kobe":{"0":0.374629335,"1":0.3678178926,"2":0.1805651473,"3":0.0590940482,"4":0.0145049027,"5":0.0028482354,"6":0.0004660749,"7":0.0000653715,"8":0.0000080229,"9":0.0000008752}}