{"cerezo-osaka":{"0":0.1663611409,"1":0.2983843951,"2":0.267590276,"3":0.1599827985,"4":0.0717360591,"5":0.0257330774,"6":0.0076924502,"7":0.0019710193,"8":0.0004419011,"9":0.0000880657},"gamba-osaka":{"0":0.648344341,"1":0.2809492144,"2":0.0608723298,"3":0.0087926699,"4":0.0009525392,"5":0.0000825534,"6":0.0000059622,"7":0.0000003691,"8":0.00000002,"9":0.000000001}}