{"matsumoto-yamaga":{"0":0.6609989391,"1":0.273655573,"2":0.0566471201,"3":0.0078173601,"4":0.0008091027,"5":0.0000669942,"6":0.0000046226,"7":0.0000002734,"8":0.0000000141,"9":0.0000000007},"fc-tokyo":{"0":0.4783108392,"1":0.3527515972,"2":0.1300761755,"3":0.0319768199,"4":0.0058956819,"5":0.0008696066,"6":0.0001068883,"7":0.0000112614,"8":0.0000010381,"9":0.0000000851}}