{"sagan-tosu":{"0":0.2773652834,"1":0.355698767,"2":0.2280775937,"3":0.0974970838,"4":0.0312580508,"5":0.0080171895,"6":0.0017135673,"7":0.0003139304,"8":0.0000503238,"9":0.0000071707},"urawa-red-diamonds":{"0":0.2265023407,"1":0.3363559759,"2":0.2497443121,"3":0.1236234345,"4":0.0458952001,"5":0.0136308744,"6":0.0033736414,"7":0.0007156939,"8":0.0001328507,"9":0.0000219204}}