{"kashima-antlers":{"0":0.1126173712,"1":0.2459292319,"2":0.2685251238,"3":0.1954647456,"4":0.1067119891,"5":0.0466066597,"6":0.0169629544,"7":0.0052918585,"8":0.0014445182,"9":0.0003504978},"consadole-sapporo":{"0":0.444251855,"1":0.3604498005,"2":0.1462279304,"3":0.0395480085,"4":0.008021954,"5":0.0013017444,"6":0.0001760313,"7":0.0000204036,"8":0.0000020693,"9":0.0000001866}}