{"nagoya-grampus-eight":{"0":0.3757823354,"1":0.3677951564,"2":0.1799888717,"3":0.0587210813,"4":0.0143682441,"5":0.00281257,"6":0.0004587982,"7":0.0000641495,"8":0.0000078483,"9":0.0000008535},"oita-trinita":{"0":0.3505933261,"1":0.3674668017,"2":0.1925761849,"3":0.0672815191,"4":0.0176299168,"5":0.0036956831,"6":0.0006455917,"7":0.0000966661,"8":0.0000126648,"9":0.0000014749}}