{"jubilo-iwata":{"0":0.326923798,"1":0.3655100152,"2":0.2043252465,"3":0.0761471271,"4":0.0212836583,"5":0.0047591459,"6":0.0008868099,"7":0.0001416398,"8":0.0000197947,"9":0.000002459},"yokohama-fa-marinos":{"0":0.0933159058,"1":0.2213233718,"2":0.2624634809,"3":0.2075005402,"4":0.1230356144,"5":0.0583623056,"6":0.0230702761,"7":0.0078167524,"8":0.0023174372,"9":0.0006107129}}