{"cerezo-osaka":{"0":0.3195129587,"1":0.3645506895,"2":0.207968412,"3":0.0790943695,"4":0.0225608275,"5":0.0051481888,"6":0.0009789774,"7":0.0001595674,"8":0.0000227574,"9":0.000002885},"kashima-antlers":{"0":0.5206279159,"1":0.339824079,"2":0.1109049296,"3":0.0241299428,"4":0.0039375221,"5":0.0005140196,"6":0.0000559185,"7":0.0000052142,"8":0.0000004254,"9":0.0000000309}}