{"urawa-red-diamonds":{"0":0.3447645299,"1":0.3671375473,"2":0.1954812153,"3":0.0693888995,"4":0.018472949,"5":0.0039343451,"6":0.0006982765,"7":0.0001062272,"8":0.0000141401,"9":0.0000016731},"shimizu-s-pulse":{"0":0.1086909373,"1":0.2412120215,"2":0.2676545109,"3":0.1979971445,"4":0.1098511354,"5":0.0487573575,"6":0.0180341021,"7":0.0057174464,"8":0.0015860531,"9":0.0003910937}}