{"sagan-tosu":{"0":0.4580552814,"1":0.3576337152,"2":0.1396140154,"3":0.0363352642,"4":0.0070923293,"5":0.0011074891,"6":0.0001441149,"7":0.0000160743,"8":0.0000015688,"9":0.0000001361},"fc-tokyo":{"0":0.3505933261,"1":0.3674668017,"2":0.1925761849,"3":0.0672815191,"4":0.0176299168,"5":0.0036956831,"6":0.0006455917,"7":0.0000966661,"8":0.0000126648,"9":0.0000014749}}