{"shonan-bellmare":{"0":0.3694482211,"1":0.367876101,"2":0.1831553354,"3":0.0607919837,"4":0.0151333236,"5":0.0030137853,"6":0.0005001601,"7":0.0000711474,"8":0.0000088556,"9":0.0000009798},"kawasaki-frontale":{"0":0.0450303573,"1":0.1396129488,"2":0.2164292783,"3":0.223673773,"4":0.1733705709,"5":0.107504262,"6":0.0555513655,"7":0.0246046395,"8":0.0095355846,"9":0.0032849225}}