{"sanfrecce-hiroshima":{"0":0.2887328187,"1":0.3586793607,"2":0.2227853494,"3":0.0922519616,"4":0.028650081,"5":0.0071181328,"6":0.0014737543,"7":0.0002615395,"8":0.0000406123,"9":0.0000056056},"vissel-kobe":{"0":0.4323574191,"1":0.3625328519,"2":0.1519923828,"3":0.0424820065,"4":0.008905319,"5":0.0014934268,"6":0.0002087071,"7":0.0000250002,"8":0.0000026203,"9":0.0000002441}}