{"gamba-osaka":{"0":0.5418500602,"1":0.332027271,"2":0.1017275043,"3":0.0207783839,"4":0.0031830716,"5":0.0003900956,"6":0.0000398395,"7":0.0000034875,"8":0.0000002671,"9":0.0000000182},"consadole-sapporo":{"0":0.513417119,"1":0.3422780794,"2":0.1140926931,"3":0.0253539318,"4":0.0042256553,"5":0.0005634207,"6":0.0000626023,"7":0.0000059621,"8":0.0000004968,"9":0.0000000368}}