{"vegalta-sendai":{"0":0.1726097262,"1":0.3032273294,"2":0.2663430832,"3":0.155963598,"4":0.0684961769,"5":0.0240657502,"6":0.0070461394,"7":0.0017683013,"8":0.0003883018,"9":0.0000757931},"matsumoto-yamaga":{"0":0.5576871041,"1":0.3256654105,"2":0.0950873338,"3":0.0185089783,"4":0.0027021129,"5":0.0003155837,"6":0.0000307146,"7":0.0000025623,"8":0.000000187,"9":0.0000000121}}