{"vissel-kobe":{"0":0.2318792628,"1":0.3389004611,"2":0.2476580293,"3":0.1206539117,"4":0.0440850831,"5":0.0128864089,"6":0.003138997,"7":0.000655395,"8":0.0001197356,"9":0.0000194442},"fc-tokyo":{"0":0.4015475272,"1":0.3663837607,"2":0.1671496535,"3":0.0508374182,"4":0.0115963885,"5":0.0021161771,"6":0.0003218104,"7":0.000041947,"8":0.0000047842,"9":0.000000485}}