{"matsumoto-yamaga":{"0":0.7400812104,"1":0.2227610067,"2":0.0335250141,"3":0.0033636245,"4":0.0002531088,"5":0.0000152369,"6":0.0000007644,"7":0.0000000329,"8":0.0000000012,"9":0.0},"kashima-antlers":{"0":0.2746362752,"1":0.3549145711,"2":0.2293294151,"3":0.0987880558,"4":0.0319161411,"5":0.0082490949,"6":0.0017767281,"7":0.0003280113,"8":0.0000529864,"9":0.0000076083}}