{"jubilo-iwata":{"0":0.4586411516,"1":0.3575048977,"2":0.1393352422,"3":0.036203345,"4":0.0070550108,"5":0.0010998581,"6":0.0001428875,"7":0.0000159113,"8":0.0000015503,"9":0.0000001343},"sagan-tosu":{"0":0.2713794404,"1":0.3539431855,"2":0.2308129502,"3":0.1003449521,"4":0.032718407,"5":0.0085345133,"6":0.0018551717,"7":0.0003456549,"8":0.000056352,"9":0.0000081663}}