{"nagoya-grampus-eight":{"0":0.2911938059,"1":0.3592650852,"2":0.2216245656,"3":0.0911443019,"4":0.0281126905,"5":0.0069368977,"6":0.0014264183,"7":0.0002514095,"8":0.0000387726,"9":0.0000053151},"vegalta-sendai":{"0":0.3722987887,"1":0.367853002,"2":0.1817301522,"3":0.0598533436,"4":0.014784652,"5":0.0029216204,"6":0.000481122,"7":0.000067911,"8":0.0000083875,"9":0.0000009208}}