{"shimizu-s-pulse":{"0":0.3804858003,"1":0.3676658719,"2":0.1776389464,"3":0.0572178848,"4":0.0138225024,"5":0.0026713546,"6":0.0004302245,"7":0.0000593898,"8":0.0000071736,"9":0.0000007702},"sanfrecce-hiroshima":{"0":0.061144887,"1":0.1708699391,"2":0.2387487943,"3":0.2223952209,"4":0.1553713635,"5":0.0868373358,"6":0.0404446199,"7":0.0161461223,"8":0.0056400606,"9":0.0017512445}}