{"consadole-sapporo":{"0":0.3234429344,"1":0.3650805782,"2":0.2060391717,"3":0.077521042,"4":0.0218751315,"5":0.0049382347,"6":0.0009289911,"7":0.0001497975,"8":0.0000211352,"9":0.0000026507},"cerezo-osaka":{"0":0.4143190784,"1":0.3650643628,"2":0.1608325515,"3":0.0472375326,"4":0.0104054705,"5":0.0018336913,"6":0.0002692833,"7":0.0000338958,"8":0.0000037333,"9":0.0000003655}}