{"yokohama-fa-marinos":{"0":0.0545216445,"1":0.1586120515,"2":0.2307137204,"3":0.2237275174,"4":0.1627146468,"5":0.0946725073,"6":0.0459028726,"7":0.0190769552,"8":0.0069372334,"9":0.0022423894},"shonan-bellmare":{"0":0.4294117702,"1":0.3629985092,"2":0.1534283953,"3":0.0432330012,"4":0.0091366353,"5":0.0015447108,"6":0.000217634,"7":0.0000262821,"8":0.0000027772,"9":0.0000002608}}