{"gamba-osaka":{"0":0.3376605137,"1":0.3666028434,"2":0.1990129721,"3":0.0720237423,"4":0.0195493015,"5":0.0042449912,"6":0.0007681413,"7":0.0001191403,"8":0.000016169,"9":0.0000019506},"kawasaki-frontale":{"0":0.4767905581,"1":0.3531482608,"2":0.1307845678,"3":0.0322897492,"4":0.0059790764,"5":0.000885714,"6":0.0001093381,"7":0.0000115692,"8":0.0000010711,"9":0.0000000882}}