{"urawa-red-diamonds":{"0":0.381588238,"1":0.3676271312,"2":0.1770884086,"3":0.0568697679,"4":0.0136972708,"5":0.0026392262,"6":0.0004237775,"7":0.0000583247,"8":0.0000070238,"9":0.0000007519},"oita-trinita":{"0":0.3601275931,"1":0.3677971891,"2":0.1878150617,"3":0.0639383125,"4":0.0163249998,"5":0.0033345343,"6":0.0005675916,"7":0.0000828114,"8":0.0000105719,"9":0.0000011997}}