{"cerezo-osaka":{"0":0.2481399982,"1":0.3458481456,"2":0.2410150333,"3":0.1119725463,"4":0.0390157752,"5":0.0108757424,"6":0.0025263664,"7":0.000503022,"8":0.0000876366,"9":0.0000135716},"matsumoto-yamaga":{"0":0.7533507163,"1":0.2133673053,"2":0.0302154136,"3":0.0028525808,"4":0.0002019801,"5":0.0000114411,"6":0.0000005401,"7":0.0000000219,"8":0.0000000008,"9":0.0}}