{"oita-trinita":{"0":0.4399682862,"1":0.3612371192,"2":0.1482973437,"3":0.0405866414,"4":0.0083309422,"5":0.0013680284,"6":0.0001872039,"7":0.0000219577,"8":0.0000022536,"9":0.0000002056},"fc-tokyo":{"0":0.5382609686,"1":0.3334051764,"2":0.1032575443,"3":0.0213196459,"4":0.0033014099,"5":0.0004089864,"6":0.0000422218,"7":0.0000037361,"8":0.0000002893,"9":0.0000000199}}