{"kawasaki-frontale":{"0":0.3517002332,"1":0.3675183298,"2":0.1920239312,"3":0.0668868047,"4":0.0174737777,"5":0.0036519359,"6":0.0006360309,"7":0.0000949482,"8":0.0000124023,"9":0.00000144},"sanfrecce-hiroshima":{"0":0.3451982589,"1":0.3671654208,"2":0.1952652465,"3":0.0692304056,"4":0.0184089942,"5":0.0039160951,"6":0.0006942169,"7":0.0001054849,"8":0.0000140247,"9":0.0000016575}}