{"shonan-bellmare":{"0":0.2388219373,"1":0.3420018594,"2":0.2448796647,"3":0.1168922498,"4":0.0418485078,"5":0.0119857226,"6":0.0028606665,"7":0.0005852258,"8":0.0001047581,"9":0.0000166686},"gamba-osaka":{"0":0.0929857855,"1":0.2208699398,"2":0.2623171384,"3":0.2076947219,"4":0.123334767,"5":0.0585916276,"6":0.0231955332,"7":0.0078709358,"8":0.0023369877,"9":0.0006167852}}