{"kashima-antlers":{"0":0.059148851,"1":0.1672550945,"2":0.2364734576,"3":0.2228918499,"4":0.1575677159,"5":0.0891107866,"6":0.0419964005,"7":0.0169647346,"8":0.0059963935,"9":0.001883999},"urawa-red-diamonds":{"0":0.5567782488,"1":0.3260427922,"2":0.0954634117,"3":0.0186340836,"4":0.002727975,"5":0.000319494,"6":0.000031182,"7":0.0000026085,"8":0.0000001909,"9":0.0000000124}}