{"vissel-kobe":{"0":0.1337772805,"1":0.2691035612,"2":0.2706615292,"3":0.181485678,"4":0.0912681923,"5":0.0367186348,"6":0.0123104055,"7":0.0035376218,"8":0.0008895257,"9":0.0001988168},"vegalta-sendai":{"0":0.2200022188,"1":0.3331092419,"2":0.2521832908,"3":0.1272783903,"4":0.0481786142,"5":0.014589618,"6":0.003681733,"7":0.0007963681,"8":0.0001507244,"9":0.0000253572}}