{"shimizu-s-pulse":{"0":0.2376771342,"1":0.3415045139,"2":0.2453440323,"3":0.1175068786,"4":0.0422097077,"5":0.0121297371,"6":0.0029047528,"7":0.0005962387,"8":0.0001070876,"9":0.0000170964},"jubilo-iwata":{"0":0.2767319634,"1":0.3555191812,"2":0.2283687917,"3":0.0977955767,"4":0.0314096382,"5":0.0080704294,"6":0.0017280213,"7":0.0003171427,"8":0.0000509294,"9":0.0000072699}}