{"sagan-tosu":{"0":0.1576514933,"1":0.2912403902,"2":0.2690141499,"3":0.1656560818,"4":0.0765069536,"5":0.028267306,"6":0.0087033547,"7":0.0022969004,"8":0.0005304027,"9":0.0001088721},"yokohama-fa-marinos":{"0":0.0731462719,"1":0.1912990147,"2":0.2501515939,"3":0.2180733307,"4":0.1425814747,"5":0.0745784984,"6":0.0325074514,"7":0.0121452209,"8":0.0039704156,"9":0.0011537561}}