{"consadole-sapporo":{"0":0.1158726938,"1":0.2497361479,"2":0.2691235594,"3":0.1933440308,"4":0.1041768166,"5":0.044905691,"6":0.0161305969,"7":0.0049665259,"8":0.0013380213,"9":0.0003204209},"nagoya-grampus-eight":{"0":0.3350319389,"1":0.366367279,"2":0.2003166976,"3":0.0730174002,"4":0.0199616687,"5":0.0043657344,"6":0.0007956765,"7":0.0001242994,"8":0.0000169906,"9":0.0000020644}}