{"kashima-antlers":{"0":0.1818643869,"1":0.3099867557,"2":0.264185282,"3":0.1501007424,"4":0.0639614536,"5":0.0218043827,"6":0.0061942399,"7":0.0015082921,"8":0.0003213594,"9":0.0000608617},"kawasaki-frontale":{"0":0.3052385433,"1":0.3622148884,"2":0.2149132674,"3":0.085009781,"4":0.0252194628,"5":0.0059853941,"6":0.001183773,"7":0.0002006769,"8":0.0000297669,"9":0.0000039248}}