{"sanfrecce-hiroshima":{"0":0.1348803752,"1":0.270214893,"2":0.2706698002,"3":0.1807503155,"4":0.0905273045,"5":0.0362718829,"6":0.0121109822,"7":0.003466106,"8":0.0008679853,"9":0.0001932103},"urawa-red-diamonds":{"0":0.4723111919,"1":0.3542887515,"2":0.1328790442,"3":0.0332249524,"4":0.0062306521,"5":0.0009347439,"6":0.0001168612,"7":0.0000125228,"8":0.0000011742,"9":0.0000000979}}