{"nagoya-grampus-eight":{"0":0.202931926,"1":0.3236530231,"2":0.2580946267,"3":0.1372103901,"4":0.0547086878,"5":0.0174508098,"6":0.0046386716,"7":0.001056878,"8":0.0002106998,"9":0.000037338},"vissel-kobe":{"0":0.1049490264,"1":0.2365845446,"2":0.266663964,"3":0.2003784589,"4":0.1129273136,"5":0.0509139684,"6":0.0191290611,"7":0.0061603242,"8":0.0017358874,"9":0.0004347974}}