{"vegalta-sendai":{"0":0.2541162677,"1":0.3481299784,"2":0.2384626592,"3":0.1088950361,"4":0.0372955526,"5":0.0102187082,"6":0.0023332093,"7":0.0004566302,"8":0.0000781958,"9":0.0000119028},"shimizu-s-pulse":{"0":0.1762849206,"1":0.3059695792,"2":0.2655286201,"3":0.153621913,"4":0.0666586114,"5":0.0231392535,"6":0.0066936219,"7":0.0016596871,"8":0.0003600803,"9":0.0000694416}}