{"yokohama-fa-marinos":{"0":0.0798667046,"1":0.2018548078,"2":0.2550835398,"3":0.2148990586,"4":0.1357837675,"5":0.0686358763,"6":0.0289116758,"7":0.0104387515,"8":0.0032978576,"9":0.0009261103},"consadole-sapporo":{"0":0.4569429548,"1":0.357876224,"2":0.1401437426,"3":0.0365867066,"4":0.0071636472,"5":0.001122109,"6":0.000146472,"7":0.0000163881,"8":0.0000016044,"9":0.0000001396}}