{"jubilo-iwata":{"0":0.5389603852,"1":0.3331385325,"2":0.1029586634,"3":0.0212133699,"4":0.003278066,"5":0.0004052432,"6":0.0000417477,"7":0.0000036864,"8":0.0000002848,"9":0.0000000196},"fc-tokyo":{"0":0.2283478292,"1":0.3372435399,"2":0.2490350042,"3":0.1225987078,"4":0.0452660557,"5":0.013370554,"6":0.003291129,"7":0.0006943743,"8":0.0001281889,"9":0.0000210356}}