{"oita-trinita":{"0":0.3063122774,"1":0.3624134271,"2":0.2143947563,"3":0.0845537317,"4":0.0250099408,"5":0.0059181032,"6":0.0011670008,"7":0.0001972482,"8":0.0000291718,"9":0.000003835},"gamba-osaka":{"0":0.3007107542,"1":0.3613359745,"2":0.2170918144,"3":0.0869529731,"4":0.0261208128,"5":0.0062773873,"6":0.0012571582,"7":0.0002158013,"8":0.0000324135,"9":0.0000043276}}