{"sagan-tosu":{"0":0.2417671467,"1":0.3432562127,"2":0.2436741905,"3":0.1153212653,"4":0.0409327128,"5":0.0116230912,"6":0.0027503725,"7":0.0005578464,"8":0.0000990024,"9":0.000015618},"matsumoto-yamaga":{"0":0.3665521566,"1":0.3678770439,"2":0.18460336,"3":0.061756867,"4":0.0154950212,"5":0.0031102055,"6":0.0005202412,"7":0.0000745888,"8":0.0000093573,"9":0.0000010435}}