{"cerezo-osaka":{"0":0.0891433586,"1":0.2155049105,"2":0.2604925771,"3":0.2099144208,"4":0.1268675232,"5":0.0613406868,"6":0.0247152815,"7":0.0085356323,"8":0.0025793715,"9":0.0006928505},"shonan-bellmare":{"0":0.5344284734,"1":0.3348501025,"2":0.104901401,"3":0.0219089155,"4":0.0034317982,"5":0.0004300437,"6":0.0000449078,"7":0.0000040196,"8":0.0000003148,"9":0.0000000219}}