{"sanfrecce-hiroshima":{"0":0.3651807712,"1":0.3678695185,"2":0.1852890312,"3":0.0622177581,"4":0.0156689635,"5":0.0031568661,"6":0.0005300182,"7":0.0000762744,"8":0.0000096045,"9":0.000001075},"kashima-antlers":{"0":0.3439097927,"1":0.3670810199,"2":0.1959067145,"3":0.0697020344,"4":0.0185995677,"5":0.003970546,"6":0.0007063442,"7":0.000107705,"8":0.0000143702,"9":0.0000017043}}