{"shimizu-s-pulse":{"0":0.2511949107,"1":0.3470323265,"2":0.239717109,"3":0.1103918146,"4":0.0381272934,"5":0.0105347702,"6":0.0024256767,"7":0.0004787337,"8":0.0000826729,"9":0.0000126905},"oita-trinita":{"0":0.1842362011,"1":0.3116422851,"2":0.2635771724,"3":0.1486168151,"4":0.0628476971,"5":0.0212618365,"6":0.0059941959,"7":0.001448486,"8":0.0003062709,"9":0.0000575632}}