{"consadole-sapporo":{"0":0.158494592,"1":0.2919525551,"2":0.2688933841,"3":0.1651036575,"4":0.0760316709,"5":0.0280105968,"6":0.0085994157,"7":0.0022629176,"8":0.0005210466,"9":0.0001066429},"jubilo-iwata":{"0":0.5659400419,"1":0.3221710688,"2":0.0917007014,"3":0.017400732,"4":0.0024764162,"5":0.0002819485,"6":0.0000267507,"7":0.0000021755,"8":0.0000001548,"9":0.0000000098}}