{"gamba-osaka":{"0":0.2536164549,"1":0.3479445742,"2":0.2386781779,"3":0.1091500904,"4":0.0374366302,"5":0.0102721035,"6":0.0023487715,"7":0.0004603365,"8":0.0000789438,"9":0.0000120339},"vegalta-sendai":{"0":0.6015327898,"1":0.3057436166,"2":0.0777008009,"3":0.0131644383,"4":0.0016727862,"5":0.0001700468,"6":0.0000144051,"7":0.000001046,"8":0.0000000665,"9":0.0000000038}}