{"urawa-red-diamonds":{"0":0.3445522834,"1":0.3671237085,"2":0.1955868874,"3":0.0694665579,"4":0.0185043182,"5":0.0039433051,"6":0.0007002715,"7":0.0001065923,"8":0.0000141969,"9":0.0000016808},"kawasaki-frontale":{"0":0.0536957466,"1":0.1570289951,"2":0.2296094837,"3":0.2238249693,"4":0.1636396374,"5":0.0957102544,"6":0.0466495208,"7":0.0194889801,"8":0.007124249,"9":0.002314923}}