{"fc-tokyo":{"0":0.078980506,"1":0.2004962965,"2":0.2544853594,"3":0.2153416274,"4":0.1366640991,"5":0.069385845,"6":0.0293566216,"7":0.0106461965,"8":0.0033782434,"9":0.0009528727},"shonan-bellmare":{"0":0.4042407426,"1":0.3661389024,"2":0.1658141817,"3":0.050061771,"4":0.0113357957,"5":0.0020534673,"6":0.0003099862,"7":0.0000401098,"8":0.0000045412,"9":0.000000457}}