{"vissel-kobe":{"0":0.2436002579,"1":0.3440187845,"2":0.2429162537,"3":0.1143509385,"4":0.0403723617,"5":0.0114029853,"6":0.0026839334,"7":0.0005414746,"8":0.0000955856,"9":0.0000149987},"cerezo-osaka":{"0":0.2185464937,"1":0.3323560011,"2":0.2527162747,"3":0.1281066392,"4":0.0487047511,"5":0.0148136134,"6":0.0037546498,"7":0.0008157012,"8":0.0001550604,"9":0.000026201}}