{"nagoya-grampus-eight":{"0":0.260022282,"1":0.350246881,"2":0.2358891644,"3":0.1059132875,"4":0.0356659805,"5":0.0096083292,"6":0.0021570506,"7":0.0004150745,"8":0.0000698875,"9":0.0000104597},"sagan-tosu":{"0":0.2111219925,"1":0.3283620777,"2":0.2553539136,"3":0.1323856106,"4":0.0514754688,"5":0.0160121565,"6":0.0041506689,"7":0.0009222307,"8":0.0001792954,"9":0.0000309846}}