{"matsumoto-yamaga":{"0":0.5141813599,"1":0.3420227639,"2":0.1137532203,"3":0.0252220934,"4":0.0041943032,"5":0.0005579927,"6":0.0000618609,"7":0.0000058784,"8":0.0000004888,"9":0.0000000361},"yokohama-fa-marinos":{"0":0.1796333581,"1":0.3084012683,"2":0.2647374166,"3":0.1515036998,"4":0.0650268047,"5":0.0223280901,"6":0.00638895,"7":0.0015669698,"8":0.000336279,"9":0.0000641485}}