{"cerezo-osaka":{"0":0.2275453507,"1":0.336859438,"2":0.2493443189,"3":0.1230435851,"4":0.0455386067,"5":0.0134831227,"6":0.0033267487,"7":0.0007035625,"8":0.0001301947,"9":0.0000214157},"shimizu-s-pulse":{"0":0.4377589089,"1":0.3616269247,"2":0.1493676428,"3":0.0411302205,"4":0.0084942847,"5":0.0014034036,"6":0.0001932222,"7":0.0000228026,"8":0.0000023546,"9":0.0000002161}}