{"jubilo-iwata":{"0":0.2969748322,"1":0.3605594851,"2":0.2188790567,"3":0.0885809295,"4":0.0268867012,"5":0.0065286712,"6":0.0013210852,"7":0.0002291343,"8":0.0000347742,"9":0.0000046911},"nagoya-grampus-eight":{"0":0.1779021251,"1":0.3071518864,"2":0.2651522045,"3":0.1525970151,"4":0.065865516,"5":0.022743649,"6":0.0065445674,"7":0.0016141911,"8":0.000348367,"9":0.0000668292}}