{"fc-tokyo":{"0":0.1339386467,"1":0.2692666985,"2":0.27066331,"3":0.1813781103,"4":0.091159434,"5":0.0366529011,"6":0.0122810032,"7":0.0035270575,"8":0.0008863378,"9":0.0001979856},"urawa-red-diamonds":{"0":0.4030495982,"1":0.3662494175,"2":0.1664046266,"3":0.0504037202,"4":0.0114504104,"5":0.0020809876,"6":0.0003151641,"7":0.0000409126,"8":0.0000046471,"9":0.0000004692}}