{"sagan-tosu":{"0":0.1032564665,"1":0.2344478776,"2":0.2661615739,"3":0.2014434484,"4":0.1143463226,"5":0.0519255666,"6":0.019649841,"7":0.0063736769,"8":0.0018089606,"9":0.0004563685},"consadole-sapporo":{"0":0.0602835719,"1":0.1693182062,"2":0.2377816548,"3":0.2226187667,"4":0.1563170905,"5":0.0878094265,"6":0.0411049924,"7":0.0164930591,"8":0.0057904979,"9":0.0018070829}}