{"vegalta-sendai":{"0":0.2506720022,"1":0.3468322786,"2":0.2399402973,"3":0.1106612616,"4":0.0382780059,"5":0.010592366,"6":0.0024426172,"7":0.0004828042,"8":0.0000835016,"9":0.0000128371},"oita-trinita":{"0":0.4480024751,"1":0.3597265092,"2":0.1444223733,"3":0.0386549622,"4":0.0077595635,"5":0.0012461184,"6":0.0001667632,"7":0.0000191291,"8":0.00000192,"9":0.0000001713}}