{"gamba-osaka":{"0":0.3495265841,"1":0.3674138367,"2":0.1931082406,"3":0.0676635606,"4":0.0177815719,"5":0.0037383111,"6":0.0006549369,"7":0.0000983505,"8":0.000012923,"9":0.0000015094},"matsumoto-yamaga":{"0":0.7592969658,"1":0.2090817732,"2":0.0287866209,"3":0.0026422502,"4":0.000181894,"5":0.0000100174,"6":0.0000004597,"7":0.0000000181,"8":0.0000000006,"9":0.0}}