{"kashima-antlers":{"0":0.1032564665,"1":0.2344478776,"2":0.2661615739,"3":0.2014434484,"4":0.1143463226,"5":0.0519255666,"6":0.019649841,"7":0.0063736769,"8":0.0018089606,"9":0.0004563685},"vissel-kobe":{"0":0.3278440007,"1":0.3656173312,"2":0.2038714032,"3":0.0757869781,"4":0.021129739,"5":0.0047128505,"6":0.0008759755,"7":0.0001395576,"8":0.0000194546,"9":0.0000024107}}