{"shonan-bellmare":{"0":0.3882685299,"1":0.3673245843,"2":0.1737551976,"3":0.0547941702,"4":0.012959617,"5":0.0024521101,"6":0.0003866398,"7":0.0000522548,"8":0.0000061795,"9":0.0000006496},"sanfrecce-hiroshima":{"0":0.0682360263,"1":0.1831988967,"2":0.2459246059,"3":0.2200847017,"4":0.1477198949,"5":0.0793191609,"6":0.0354924506,"7":0.0136127877,"8":0.004568422,"9":0.0013628022}}