{"kawasaki-frontale":{"0":0.2923289649,"1":0.3595282373,"2":0.2210874887,"3":0.0906366966,"4":0.0278679636,"5":0.0068548252,"6":0.001405097,"7":0.0002468706,"8":0.0000379525,"9":0.0000051863},"yokohama-fa-marinos":{"0":0.2666711226,"1":0.3524696577,"2":0.2329364694,"3":0.1026270822,"4":0.0339115576,"5":0.0089644465,"6":0.0019747766,"7":0.0003728771,"8":0.0000616058,"9":0.0000090474}}