{"nagoya-grampus-eight":{"0":0.5899144351,"1":0.3113437297,"2":0.0821601509,"3":0.0144541006,"4":0.0019071383,"5":0.000201309,"6":0.0000177077,"7":0.0000013351,"8":0.0000000881,"9":0.0000000052},"kashima-antlers":{"0":0.1292309912,"1":0.2644264898,"2":0.2705286395,"3":0.1845144054,"4":0.0943862151,"5":0.0386257434,"6":0.0131723689,"7":0.0038503848,"8":0.0009848099,"9":0.000223897}}