{"shimizu-s-pulse":{"0":0.2953030723,"1":0.3601968338,"2":0.2196755999,"3":0.0893166637,"4":0.027236069,"5":0.0066442559,"6":0.0013507253,"7":0.0002353645,"8":0.0000358858,"9":0.0000048635},"sagan-tosu":{"0":0.1424565912,"1":0.2776077162,"2":0.2704895696,"3":0.1757026264,"4":0.0855987154,"5":0.0333615506,"6":0.0108353754,"7":0.0030164415,"8":0.0007347742,"9":0.0001590964}}