{"urawa-red-diamonds":{"0":0.2447770684,"1":0.3445010593,"2":0.2424266713,"3":0.113731031,"4":0.0400164739,"5":0.0112638963,"6":0.0026421485,"7":0.0005312256,"8":0.0000934564,"9":0.0000146146},"gamba-osaka":{"0":0.2103517059,"1":0.3279329159,"2":0.2556195037,"3":0.1328347506,"4":0.0517714926,"5":0.0161420859,"6":0.004194183,"7":0.0009340891,"8":0.0001820276,"9":0.0000315307}}