{"yokohama-fa-marinos":{"0":0.2626226581,"1":0.3511362207,"2":0.234741066,"3":0.1046191665,"4":0.0349699251,"5":0.009351217,"6":0.0020838206,"7":0.0003980208,"8":0.0000665211,"9":0.0000098823},"fc-tokyo":{"0":0.4586411516,"1":0.3575048977,"2":0.1393352422,"3":0.036203345,"4":0.0070550108,"5":0.0010998581,"6":0.0001428875,"7":0.0000159113,"8":0.0000015503,"9":0.0000001343}}