{"matsumoto-yamaga":{"0":0.4947495007,"1":0.348157056,"2":0.1224997049,"3":0.0287344987,"4":0.0050551433,"5":0.0007114646,"6":0.0000834434,"7":0.0000083885,"8":0.0000007379,"9":0.0000000577},"shonan-bellmare":{"0":0.4093591491,"1":0.3656241972,"2":0.1632808915,"3":0.0486121173,"4":0.0108546287,"5":0.0019389892,"6":0.0002886387,"7":0.0000368287,"8":0.0000041118,"9":0.0000004081}}