{"consadole-sapporo":{"0":0.196648492,"1":0.3198168067,"2":0.2600650247,"3":0.1409844963,"4":0.0573220915,"5":0.0186450128,"6":0.0050538471,"7":0.0011741801,"8":0.0002387016,"9":0.0000431344},"kawasaki-frontale":{"0":0.1172332495,"1":0.2512999912,"2":0.2693420418,"3":0.1924529461,"4":0.1031350404,"5":0.0442158429,"6":0.0157967712,"7":0.0048373995,"8":0.001296175,"9":0.0003087186}}