{"sanfrecce-hiroshima":{"0":0.3094869024,"1":0.3629784658,"2":0.2128577423,"3":0.0832159898,"4":0.0243997501,"5":0.0057233982,"6":0.0011187712,"7":0.0001874484,"8":0.0000274809,"9":0.0000035812},"vegalta-sendai":{"0":0.6427044676,"1":0.284120541,"2":0.0628006229,"3":0.0092540962,"4":0.0010227402,"5":0.0000904246,"6":0.0000066623,"7":0.0000004207,"8":0.0000000232,"9":0.0000000011}}