{"oita-trinita":{"0":0.4231272556,"1":0.3639242651,"2":0.1565024103,"3":0.0448683179,"4":0.0096476116,"5":0.001659548,"6":0.0002378913,"7":0.0000292294,"8":0.0000031425,"9":0.0000003003},"cerezo-osaka":{"0":0.405682585,"1":0.3660004328,"2":0.1650999103,"3":0.0496501788,"4":0.0111984022,"5":0.0020206044,"6":0.0003038262,"7":0.0000391582,"8":0.000004416,"9":0.0000004427}}