{"vissel-kobe":{"0":0.1531184905,"1":0.2873334636,"2":0.26959683,"3":0.1686367003,"4":0.0791135137,"5":0.0296919854,"6":0.0092863823,"7":0.0024894711,"8":0.00058395,"9":0.0001217564},"jubilo-iwata":{"0":0.3106057769,"1":0.3631698315,"2":0.2123146707,"3":0.0827482819,"4":0.0241879593,"5":0.0056562613,"6":0.0011022458,"7":0.0001841114,"8":0.0000269086,"9":0.0000034958}}