{"vegalta-sendai":{"0":0.1507743693,"1":0.2852607045,"2":0.2698524621,"3":0.1701843264,"4":0.0804959442,"5":0.0304591952,"6":0.0096046513,"7":0.00259596,"8":0.0006139351,"9":0.0001290608},"albirex-niigata":{"0":0.2944513427,"1":0.3600084341,"2":0.2200806277,"3":0.0896932369,"4":0.0274156686,"5":0.0067039069,"6":0.0013660791,"7":0.0002386036,"8":0.0000364658,"9":0.0000049538}}