{"yokohama-fa-marinos":{"0":0.4272393181,"1":0.3633289982,"2":0.1544894809,"3":0.0437931825,"4":0.0093105506,"5":0.0015835589,"6":0.000224446,"7":0.0000272673,"8":0.0000028986,"9":0.0000002739},"omiya-ardija":{"0":0.7197772,"1":0.236672503,"2":0.0389105641,"3":0.0042647737,"4":0.0003505789,"5":0.000023055,"6":0.0000012635,"7":0.0000000593,"8":0.0000000024,"9":0.0000000001}}