{"nagoya-grampus-eight":{"0":0.3316584399,"1":0.3660347162,"2":0.2019870405,"3":0.0743076412,"4":0.0205024003,"5":0.0045254933,"6":0.0008324265,"7":0.0001312439,"8":0.0000181059,"9":0.0000022203},"shimizu-s-pulse":{"0":0.3863763455,"1":0.3674220342,"2":0.1746987785,"3":0.0553762166,"4":0.0131649119,"5":0.0025038172,"6":0.0003968314,"7":0.0000539092,"8":0.0000064081,"9":0.0000006771}}