{"kashiwa-reysol":{"0":0.1262687047,"1":0.2612932685,"2":0.2703527066,"3":0.1864841663,"4":0.0964749291,"5":0.0399279451,"6":0.0137707694,"7":0.0040709209,"8":0.0010530165,"9":0.0002421169},"fc-tokyo":{"0":0.1010183768,"1":0.2315798638,"2":0.2654429571,"3":0.2028384861,"4":0.1162494154,"5":0.0532992603,"6":0.02036434,"7":0.0066691841,"8":0.0019110988,"9":0.0004867893}}