{"gamba-osaka":{"0":0.1843445155,"1":0.3117171567,"2":0.2635488924,"3":0.148549237,"4":0.0627972924,"5":0.0212374026,"6":0.0059852271,"7":0.0014458162,"8":0.0003056002,"9":0.0000574171},"urawa-red-diamonds":{"0":0.0596734593,"1":0.1682116005,"2":0.2370831426,"3":0.2227686887,"4":0.1569888778,"5":0.0885061824,"6":0.0415812065,"7":0.0167445613,"8":0.0059000883,"9":0.0018479522}}