{"ventforet-kofu":{"0":0.4313325484,"1":0.3626971502,"2":0.1524916485,"3":0.0427421847,"4":0.0089852184,"5":0.0015110907,"6":0.0002117733,"7":0.0000254393,"8":0.0000026739,"9":0.0000002498},"kashima-antlers":{"0":0.6882625464,"1":0.2571244985,"2":0.0480289158,"3":0.0059809593,"4":0.000558599,"5":0.0000417368,"6":0.0000025987,"7":0.0000001387,"8":0.0000000065,"9":0.0000000003}}