{"kawasaki-frontale":{"0":0.1318131535,"1":0.2671022018,"2":0.270623926,"3":0.1827947226,"4":0.0926024293,"5":0.0375293544,"6":0.0126747254,"7":0.0036690974,"8":0.0009293685,"9":0.0002092494},"vissel-kobe":{"0":0.6795286165,"1":0.2625399121,"2":0.0507169262,"3":0.0065315951,"4":0.0006308801,"5":0.0000487489,"6":0.0000031391,"7":0.0000001733,"8":0.0000000084,"9":0.0000000004}}