{"cerezo-osaka":{"0":0.4646720655,"1":0.3561355247,"2":0.1364752923,"3":0.0348659506,"4":0.0066805197,"5":0.0010240213,"6":0.0001308056,"7":0.0000143218,"8":0.0000013721,"9":0.0000001168},"sanfrecce-hiroshima":{"0":0.567770645,"1":0.3213796104,"2":0.0909564935,"3":0.0171616025,"4":0.0024285287,"5":0.0002749278,"6":0.0000259366,"7":0.0000020973,"8":0.0000001484,"9":0.0000000093}}