{"sagan-tosu":{"0":0.1460942015,"1":0.2810127298,"2":0.2702645056,"3":0.173284921,"4":0.0833285445,"5":0.0320565519,"6":0.0102768158,"7":0.0028239275,"8":0.0006789794,"9":0.0001451133},"tokushima-vortis":{"0":0.619484298,"1":0.29665116,"2":0.0710283627,"3":0.0113377349,"4":0.0013573194,"5":0.0001299953,"6":0.0000103751,"7":0.0000007098,"8":0.0000000425,"9":0.0000000023}}