{"omiya-ardija":{"0":0.2816190522,"1":0.356867663,"2":0.2261113512,"3":0.0955094348,"4":0.0302573889,"5":0.0076684327,"6":0.001619573,"7":0.000293189,"8":0.0000464411,"9":0.0000065389},"nagoya-grampus-eight":{"0":0.1920499086,"1":0.3168823492,"2":0.2614279381,"3":0.143785366,"4":0.0593114635,"5":0.0195727829,"6":0.0053825153,"7":0.0012687358,"8":0.0002616767,"9":0.0000479741}}