{"kashima-antlers":{"0":0.3048303154,"1":0.3621384147,"2":0.2151102184,"3":0.0851836465,"4":0.025299543,"5":0.0060111714,"6":0.0011902119,"7":0.000201996,"8":0.0000299964,"9":0.0000039595},"vegalta-sendai":{"0":0.4529380128,"1":0.3587269061,"2":0.1420558548,"3":0.0375027457,"4":0.0074255436,"5":0.0011762061,"6":0.0001552592,"7":0.0000175665,"8":0.0000017391,"9":0.000000153}}