{"fc-tokyo":{"0":0.2341016163,"1":0.3399155469,"2":0.2467786871,"3":0.1194408845,"4":0.0433570411,"5":0.0125908847,"6":0.0030469941,"7":0.0006320336,"8":0.0001147141,"9":0.0000185072},"ventforet-kofu":{"0":0.371576691,"1":0.3678609241,"2":0.1820911574,"3":0.060090082,"4":0.0148722953,"5":0.0029447145,"6":0.0004858779,"7":0.000068717,"8":0.0000085037,"9":0.0000009354}}