{"shimizu-s-pulse":{"0":0.7284764358,"1":0.2307813349,"2":0.0365557634,"3":0.0038602886,"4":0.0003057349,"5":0.0000193714,"6":0.0000010228,"7":0.0000000463,"8":0.0000000018,"9":0.0000000001},"yokohama-fa-marinos":{"0":0.5897833576,"1":0.3114056128,"2":0.0822110818,"3":0.0144691504,"4":0.0019099279,"5":0.0002016884,"6":0.0000177486,"7":0.0000013387,"8":0.0000000884,"9":0.0000000052}}