{"tokushima-vortis":{"0":0.456539525,"1":0.3579635108,"2":0.1403360148,"3":0.0366782208,"4":0.0071896648,"5":0.0011274545,"6":0.0001473358,"7":0.0000165033,"8":0.0000016175,"9":0.0000001409},"cerezo-osaka":{"0":0.0646349495,"1":0.1770351268,"2":0.2424496061,"3":0.2213564904,"4":0.1515738568,"5":0.0830321588,"6":0.0379041805,"7":0.0148313643,"8":0.0050778884,"9":0.0015453707}}