{"albirex-niigata":{"0":0.0893137346,"1":0.2157462573,"2":0.2605783296,"3":0.209817671,"4":0.1267088915,"5":0.0612155997,"6":0.0246454004,"7":0.0085047756,"8":0.002568017,"9":0.0006892558},"gamba-osaka":{"0":0.6279466929,"1":0.2921835962,"2":0.0679765137,"3":0.0105431573,"4":0.0012264328,"5":0.0001141318,"6":0.0000088509,"7":0.0000005883,"8":0.0000000342,"9":0.0000000018}}