{"vissel-kobe":{"0":0.2706848635,"1":0.3537309796,"2":0.2311278221,"3":0.1006792793,"4":0.0328919205,"5":0.0085966324,"6":0.0018723465,"7":0.0003495403,"8":0.0000570974,"9":0.0000082905},"kashiwa-reysol":{"0":0.1470033358,"1":0.2818494957,"2":0.2701950191,"3":0.1726816367,"4":0.0827706255,"5":0.0317392241,"6":0.010142269,"7":0.0027779675,"8":0.0006657746,"9":0.0001418322}}