{"kashiwa-reysol":{"0":0.1618602617,"1":0.294751081,"2":0.2683740865,"3":0.1629050294,"4":0.0741634065,"5":0.0270106374,"6":0.008197827,"7":0.0021326318,"8":0.0004854461,"9":0.0000982231},"nagoya-grampus-eight":{"0":0.4646589363,"1":0.3561385912,"2":0.1364814988,"3":0.0348688216,"4":0.0066813161,"5":0.0010241811,"6":0.0001308309,"7":0.0000143251,"8":0.0000013724,"9":0.0000001169}}