{"vegalta-sendai":{"0":1.0,"1":0.0,"2":0.0,"3":0.0,"4":0.0,"5":0.0,"6":0.0,"7":0.0,"8":0.0,"9":0.0},"gamba-osaka":{"0":0.0777047641,"1":0.1985231392,"2":0.2535973004,"3":0.2159667332,"4":0.1379400425,"5":0.0704829121,"6":0.0300120787,"7":0.0109537172,"8":0.0034981226,"9":0.0009930154}}