{"vissel-kobe":{"0":0.3146783165,"1":0.3638324476,"2":0.2103323347,"3":0.0810623888,"4":0.0234311723,"5":0.0054182448,"6":0.0010440997,"7":0.0001724561,"8":0.0000249243,"9":0.000003202},"fc-tokyo":{"0":0.2025488487,"1":0.3234247745,"2":0.2582181667,"3":0.1374387016,"4":0.054864643,"5":0.0175212892,"6":0.0046629237,"7":0.0010636623,"8":0.0002123036,"9":0.0000376668}}