{"kawasaki-frontale":{"0":0.1144195627,"1":0.2480482492,"2":0.2688698175,"3":0.1942927878,"4":0.1053010182,"5":0.0456560619,"6":0.0164961684,"7":0.0051088238,"8":0.0013844167,"9":0.0003334726},"omiya-ardija":{"0":0.7663402385,"1":0.2039453861,"2":0.0271378941,"3":0.0024073938,"4":0.0001601693,"5":0.0000085251,"6":0.0000003781,"7":0.0000000144,"8":0.0000000005,"9":0.0}}