{"sanfrecce-hiroshima":{"0":0.0741652287,"1":0.1929378651,"2":0.2509600552,"3":0.2176208362,"4":0.1415329672,"5":0.0736384664,"6":0.031927919,"7":0.0118655999,"8":0.0038584852,"9":0.0011152994},"urawa-red-diamonds":{"0":0.562795635,"1":0.3235167166,"2":0.092984966,"3":0.0178171193,"4":0.0025604925,"5":0.000294374,"6":0.0000282029,"7":0.000002316,"8":0.0000001664,"9":0.0000000106}}