{"ventforet-kofu":{"0":0.8448356744,"1":0.1424503947,"2":0.0120095041,"3":0.0006749867,"4":0.0000284529,"5":0.0000009595,"6":0.000000027,"7":0.0000000006,"8":0.0,"9":0.0},"albirex-niigata":{"0":0.3448946989,"1":0.3671459698,"2":0.1954164033,"3":0.0693413044,"4":0.0184537342,"5":0.0039288595,"6":0.0006970557,"7":0.0001060039,"8":0.0000141054,"9":0.0000016684}}