{"sagan-tosu":{"0":0.176522564,"1":0.3061442424,"2":0.2654739854,"3":0.1534710923,"4":0.0665414809,"5":0.0230806655,"6":0.0066714916,"7":0.001652916,"8":0.0003583329,"9":0.000069051},"kashima-antlers":{"0":0.2376166129,"1":0.3414780679,"2":0.2453685149,"3":0.1175394338,"4":0.0422288853,"5":0.012137399,"6":0.0029071028,"7":0.0005968269,"8":0.0001072122,"9":0.0000171194}}