{"yokohama-fa-marinos":{"0":0.0269670727,"1":0.0974357737,"2":0.1760244817,"3":0.2120002881,"4":0.1914966106,"5":0.1383807624,"6":0.083331481,"7":0.0430125997,"8":0.019426311,"9":0.007798884},"tokushima-vortis":{"0":1.0,"1":0.0,"2":0.0,"3":0.0,"4":0.0,"5":0.0,"6":0.0,"7":0.0,"8":0.0,"9":0.0}}