{"cerezo-osaka":{"0":0.2823526266,"1":0.3570627194,"2":0.2257704969,"3":0.0951696803,"4":0.0300878597,"5":0.0076098127,"6":0.001603893,"7":0.0002897544,"8":0.0000458029,"9":0.0000064358},"shimizu-s-pulse":{"0":0.460146815,"1":0.3571704108,"2":0.1386195647,"3":0.0358659492,"4":0.0069598742,"5":0.0010804643,"6":0.0001397778,"7":0.0000154996,"8":0.0000015039,"9":0.0000001297}}