{"gamba-osaka":{"0":1.0,"1":0.0,"2":0.0,"3":0.0,"4":0.0,"5":0.0,"6":0.0,"7":0.0,"8":0.0,"9":0.0},"sanfrecce-hiroshima":{"0":0.4529380128,"1":0.3587269061,"2":0.1420558548,"3":0.0375027457,"4":0.0074255436,"5":0.0011762061,"6":0.0001552592,"7":0.0000175665,"8":0.0000017391,"9":0.000000153}}