{"albirex-niigata":{"0":0.0812796863,"1":0.2040005647,"2":0.2560063425,"3":0.2141799541,"4":0.1343903797,"5":0.0674601849,"6":0.0282192605,"7":0.0101180527,"8":0.0031743609,"9":0.0008852443},"sagan-tosu":{"0":0.2816190522,"1":0.356867663,"2":0.2261113512,"3":0.0955094348,"4":0.0302573889,"5":0.0076684327,"6":0.001619573,"7":0.000293189,"8":0.0000464411,"9":0.0000065389}}