{"ventforet-kofu":{"0":0.9620081135,"1":0.0372608776,"2":0.0007216015,"3":0.0000093165,"4":0.0000000902,"5":0.0000000007,"6":0.0,"7":0.0,"8":1.20851758e-16,"9":5.2009755e-19},"yokohama-fa-marinos":{"0":0.6730066959,"1":0.2665106516,"2":0.052769109,"3":0.0069655224,"4":0.0006895867,"5":0.0000546153,"6":0.0000036046,"7":0.0000002039,"8":0.0000000101,"9":0.0000000004}}