{"tokushima-vortis":{"0":1.0,"1":0.0,"2":0.0,"3":0.0,"4":0.0,"5":0.0,"6":0.0,"7":0.0,"8":0.0,"9":0.0},"kashiwa-reysol":{"0":0.1088700837,"1":0.2414302977,"2":0.2676979141,"3":0.1978822981,"4":0.1097059461,"5":0.0486567812,"6":0.0179835463,"7":0.0056971875,"8":0.0015792604,"9":0.0003891298}}