{"urawa-red-diamonds":{"0":0.0812796863,"1":0.2040005647,"2":0.2560063425,"3":0.2141799541,"4":0.1343903797,"5":0.0674601849,"6":0.0282192605,"7":0.0101180527,"8":0.0031743609,"9":0.0008852443},"shimizu-s-pulse":{"0":0.1209957328,"1":0.2555429877,"2":0.269853395,"3":0.1899767901,"4":0.1003077452,"5":0.0423699916,"6":0.014914237,"7":0.0044998384,"8":0.0011879573,"9":0.000278774}}