{"nagoya-grampus-eight":{"0":0.1074224684,"1":0.2396580141,"2":0.267336827,"3":0.1988082319,"4":0.1108845913,"5":0.0494763923,"6":0.0183968557,"7":0.0058633037,"8":0.0016351185,"9":0.0004053251},"vissel-kobe":{"0":0.0793092906,"1":0.201001466,"2":0.2547090577,"3":0.215178212,"4":0.1363369151,"5":0.0691064555,"6":0.0291905668,"7":0.0105686532,"8":0.0033481493,"9":0.0009428389}}