{"omiya-ardija":{"0":0.2550032795,"1":0.348456594,"2":0.238079287,"3":0.1084434386,"4":0.0370464169,"5":0.0101246292,"6":0.0023058487,"7":0.0004501276,"8":0.0000768862,"9":0.0000116737},"vegalta-sendai":{"0":0.7284764358,"1":0.2307813349,"2":0.0365557634,"3":0.0038602886,"4":0.0003057349,"5":0.0000193714,"6":0.0000010228,"7":0.0000000463,"8":0.0000000018,"9":0.0000000001}}