{"fc-tokyo":{"0":0.1876382379,"1":0.3139636994,"2":0.2626682218,"3":0.1465022758,"4":0.0612833464,"5":0.0205083424,"6":0.0057192279,"7":0.0013670911,"8":0.0002859338,"9":0.0000531595},"kawasaki-frontale":{"0":0.1845933466,"1":0.3118889184,"2":0.2634837582,"3":0.1483940526,"4":0.0626816478,"5":0.0211813824,"6":0.0059646773,"7":0.0014397027,"8":0.0003040652,"9":0.0000570832}}