{"kashima-antlers":{"0":0.2785468492,"1":0.3560299516,"2":0.2275332261,"3":0.0969419731,"4":0.0309770565,"5":0.0079187828,"6":0.0016869238,"7":0.0003080248,"8":0.0000492135,"9":0.0000069892},"cerezo-osaka":{"0":0.0979596128,"1":0.2275797724,"2":0.2643566636,"3":0.2047178003,"4":0.1189000984,"5":0.0552457417,"6":0.0213911512,"7":0.0070994175,"8":0.0020616708,"9":0.000532186}}