{"vissel-kobe":{"0":0.1800923121,"1":0.308729678,"2":0.2646254383,"3":0.1512145361,"4":0.0648062298,"5":0.0222192788,"6":0.0063483654,"7":0.0015547017,"8":0.0003331504,"9":0.0000634572},"urawa-red-diamonds":{"0":0.2286849845,"1":0.3374040755,"2":0.2489046458,"3":0.1224121209,"4":0.0451520118,"5":0.0133235445,"6":0.0032762814,"7":0.0006905511,"8":0.0001273557,"9":0.000020878}}