{"kashiwa-reysol":{"0":0.1017013923,"1":0.2324603253,"2":0.2656689432,"3":0.2024144329,"4":0.1156653902,"5":0.052875607,"6":0.0201430884,"7":0.006577335,"8":0.0018792386,"9":0.0004772669},"omiya-ardija":{"0":0.5190590089,"1":0.3403665632,"2":0.1115955945,"3":0.0243924797,"4":0.0039987672,"5":0.0005244285,"6":0.0000573146,"7":0.000005369,"8":0.0000004401,"9":0.0000000321}}