{"cerezo-osaka":{"0":0.3189065573,"1":0.3644646369,"2":0.2082655068,"3":0.0793392407,"4":0.0226683545,"5":0.0051813382,"6":0.0009869216,"7":0.00016113,"8":0.0000230186,"9":0.000002923},"albirex-niigata":{"0":0.2694222548,"1":0.353340662,"2":0.2316987947,"3":0.1012890906,"4":0.0332095379,"5":0.0087106985,"6":0.0019039778,"7":0.0003567172,"8":0.0000584782,"9":0.0000085214}}