{"kawasaki-frontale":{"0":0.1652394389,"1":0.2974904286,"2":0.2677948912,"3":0.1607090444,"4":0.0723335223,"5":0.0260452719,"6":0.007815143,"7":0.0020100098,"8":0.0004523426,"9":0.0000904866},"nagoya-grampus-eight":{"0":0.2830037637,"1":0.3572342592,"2":0.2254675242,"3":0.094868849,"4":0.0299381204,"5":0.0075581484,"6":0.0015901023,"7":0.0002867398,"8":0.0000452438,"9":0.0000063457}}