{"sanfrecce-hiroshima":{"0":0.0183156389,"1":0.0732625556,"2":0.1465251111,"3":0.1953668148,"4":0.1953668148,"5":0.1562934519,"6":0.1041956346,"7":0.0595403626,"8":0.0297701813,"9":0.0132311917},"tokushima-vortis":{"0":1.0,"1":0.0,"2":0.0,"3":0.0,"4":0.0,"5":0.0,"6":0.0,"7":0.0,"8":0.0,"9":0.0}}