{"yokohama-fa-marinos":{"0":0.5488116361,"1":0.3292869817,"2":0.0987860945,"3":0.0197572189,"4":0.0029635828,"5":0.0003556299,"6":0.000035563,"7":0.0000030483,"8":0.0000002286,"9":0.0000000152},"kashima-antlers":{"0":0.1398460485,"1":0.2751069807,"2":0.2705970302,"3":0.1774406756,"4":0.087265906,"5":0.034334127,"6":0.0112570908,"7":0.0031635852,"8":0.0007779308,"9":0.0001700395}}