{"shimizu-s-pulse":{"0":0.0574326193,"1":0.1640931979,"2":0.2344188542,"3":0.2232560516,"4":0.1594686083,"5":0.091124919,"6":0.0433928186,"7":0.0177113545,"8":0.0063254838,"9":0.0020080901},"fc-tokyo":{"0":0.2382520268,"1":0.3417549565,"2":0.2451111368,"3":0.1171979479,"4":0.0420279526,"5":0.0120571995,"6":0.0028825272,"7":0.0005906818,"8":0.0001059112,"9":0.0000168802}}