{"sagan-tosu":{"0":1.0,"1":0.0,"2":0.0,"3":0.0,"4":0.0,"5":0.0,"6":0.0,"7":0.0,"8":0.0,"9":0.0},"gamba-osaka":{"0":0.5190590089,"1":0.3403665632,"2":0.1115955945,"3":0.0243924797,"4":0.0039987672,"5":0.0005244285,"6":0.0000573146,"7":0.000005369,"8":0.0000004401,"9":0.0000000321}}