{"vegalta-sendai":{"0":0.3678794412,"1":0.3678794412,"2":0.1839397206,"3":0.0613132402,"4":0.01532831,"5":0.003065662,"6":0.0005109437,"7":0.000072992,"8":0.000009124,"9":0.0000010138},"ventforet-kofu":{"0":0.3739599558,"1":0.3678294647,"2":0.1808997367,"3":0.0593113891,"4":0.0145847678,"5":0.0028691347,"6":0.0004703499,"7":0.0000660913,"8":0.000008126,"9":0.0000008881}}