{"ventforet-kofu":{"0":0.5476111736,"1":0.3297658527,"2":0.0992908133,"3":0.0199306377,"4":0.0030005066,"5":0.0003613749,"6":0.0000362694,"7":0.0000031201,"8":0.0000002349,"9":0.0000000157},"shimizu-s-pulse":{"0":0.3389281255,"1":0.3667091194,"2":0.198383622,"3":0.0715481915,"4":0.0193531994,"5":0.0041879054,"6":0.0007551961,"7":0.0001167282,"8":0.000015787,"9":0.0000018979}}