{"albirex-niigata":{"0":0.6671959268,"1":0.2699951984,"2":0.0546296854,"3":0.0073690262,"4":0.0007455088,"5":0.0000603372,"6":0.0000040695,"7":0.0000002353,"8":0.0000000119,"9":0.0000000005},"yokohama-fa-marinos":{"0":0.6773899352,"1":0.2638489321,"2":0.0513856609,"3":0.006671712,"4":0.0006496716,"5":0.0000506105,"6":0.0000032855,"7":0.0000001828,"8":0.0000000089,"9":0.0000000004}}