{"tokushima-vortis":{"0":1.0,"1":0.0,"2":0.0,"3":0.0,"4":0.0,"5":0.0,"6":0.0,"7":0.0,"8":0.0,"9":0.0},"kawasaki-frontale":{"0":0.0389334446,"1":0.1263741317,"2":0.2050990006,"3":0.221910394,"4":0.180074828,"5":0.1169010359,"6":0.063241544,"7":0.0293251188,"8":0.0118983064,"9":0.0042911925}}