{"fc-tokyo":{"0":0.2140371161,"1":0.329960868,"2":0.2543348004,"3":0.1306946712,"4":0.0503699171,"5":0.0155301117,"6":0.0039902185,"7":0.0008787634,"8":0.0001693384,"9":0.0000290059},"sagan-tosu":{"0":0.2198622427,"1":0.3330372332,"2":0.2522347569,"3":0.1273578773,"4":0.0482289666,"5":0.014611005,"6":0.0036886799,"7":0.0007982062,"8":0.0001511358,"9":0.0000254371}}