{"gamba-osaka":{"0":0.805100374,"1":0.1745363584,"2":0.0189187221,"3":0.0013671193,"4":0.0000740939,"5":0.0000032125,"6":0.0000001161,"7":0.0000000036,"8":0.0000000001,"9":0.0},"kashima-antlers":{"0":0.103092241,"1":0.2342390919,"2":0.2661109684,"3":0.20154634,"4":0.1144849292,"5":0.0520249547,"6":0.0197012533,"7":0.0063948331,"8":0.0018162374,"9":0.0004585255}}