{"nagoya-grampus-eight":{"0":0.4201458842,"1":0.3643308835,"2":0.1579653612,"3":0.0456600606,"4":0.0098985679,"5":0.0017167151,"6":0.0002481092,"7":0.0000307355,"8":0.0000033316,"9":0.000000321},"sanfrecce-hiroshima":{"0":0.3880111078,"1":0.3673383848,"2":0.1738835387,"3":0.0548730839,"4":0.0129873795,"5":0.0024590858,"6":0.0003880115,"7":0.000052477,"8":0.0000062101,"9":0.0000006533}}