{"urawa-red-diamonds":{"0":0.176522564,"1":0.3061442424,"2":0.2654739854,"3":0.1534710923,"4":0.0665414809,"5":0.0230806655,"6":0.0066714916,"7":0.001652916,"8":0.0003583329,"9":0.000069051},"vegalta-sendai":{"0":1.0,"1":0.0,"2":0.0,"3":0.0,"4":0.0,"5":0.0,"6":0.0,"7":0.0,"8":0.0,"9":0.0}}