{"omiya-ardija":{"0":0.0741652287,"1":0.1929378651,"2":0.2509600552,"3":0.2176208362,"4":0.1415329672,"5":0.0736384664,"6":0.031927919,"7":0.0118655999,"8":0.0038584852,"9":0.0011152994},"vissel-kobe":{"0":0.2960540871,"1":0.3603609175,"2":0.2193180174,"3":0.088985589,"4":0.0270786065,"5":0.006592087,"6":0.0013373291,"7":0.0002325449,"8":0.0000353821,"9":0.0000047853}}