{"kashiwa-reysol":{"0":0.2998779975,"1":0.3611669313,"2":0.2174910353,"3":0.0873139193,"4":0.026289775,"5":0.0063325735,"6":0.001271137,"7":0.0002187045,"8":0.0000329254,"9":0.0000044061},"cerezo-osaka":{"0":0.1677558045,"1":0.2994853625,"2":0.267327508,"3":0.1590817793,"4":0.0710000236,"5":0.0253505002,"6":0.0075428128,"7":0.0019236822,"8":0.0004292807,"9":0.0000851524}}