{"vissel-kobe":{"0":0.0045125138,"1":0.0243716398,"2":0.0658144056,"3":0.1184856941,"4":0.159982373,"5":0.1728097885,"6":0.155554757,"7":0.1200194039,"8":0.0810266133,"9":0.0486240788},"tokushima-vortis":{"0":0.7714188407,"1":0.2002015563,"2":0.0259785353,"3":0.0022473495,"4":0.0001458102,"5":0.0000075682,"6":0.0000003274,"7":0.0000000121,"8":0.0000000004,"9":0.0}}