{"sanfrecce-hiroshima":{"0":0.1563050166,"1":0.2900936619,"2":0.2691990779,"3":0.1665396458,"4":0.0772721451,"5":0.0286825849,"6":0.0088722212,"7":0.0023523376,"8":0.0005457264,"9":0.0001125376},"fc-tokyo":{"0":0.4181144835,"1":0.3645958296,"2":0.1589637817,"3":0.0462054725,"4":0.010072793,"5":0.0017566951,"6":0.0002553064,"7":0.0000318039,"8":0.0000034666,"9":0.0000003359}}