{"kawasaki-frontale":{"0":0.1517206488,"1":0.2861017949,"2":0.2697531209,"3":0.1695591046,"4":0.0799350064,"5":0.0301469167,"6":0.0094747453,"7":0.0025523804,"8":0.0006016325,"9":0.0001260563},"kashiwa-reysol":{"0":0.2344859255,"1":0.3400889394,"2":0.2466256481,"3":0.119231968,"4":0.0432323107,"5":0.0125404803,"6":0.0030313679,"7":0.000628082,"8":0.0001138681,"9":0.00001835}}