{"nagoya-grampus-eight":{"0":0.0841282454,"1":0.2082521451,"2":0.2577550246,"3":0.2126833721,"4":0.1316197914,"5":0.0651626662,"6":0.0268840842,"7":0.0095070299,"8":0.0029417281,"9":0.0008091102},"urawa-red-diamonds":{"0":0.0746281054,"1":0.193677702,"2":0.2513198752,"3":0.2174116381,"4":0.1410587414,"5":0.0732162039,"6":0.0316689136,"7":0.0117411958,"8":0.0038088998,"9":0.0010983336}}