{"shimizu-s-pulse":{"0":0.1097599622,"1":0.2425101867,"2":0.2679082131,"3":0.1973107785,"4":0.1089875415,"5":0.0481607109,"6":0.0177348564,"7":0.005597778,"8":0.001546008,"9":0.000379538},"omiya-ardija":{"0":0.1254070445,"1":0.2603689114,"2":0.2702877271,"3":0.1870562683,"4":0.0970911107,"5":0.0403159279,"6":0.0139505909,"7":0.0041377263,"8":0.0010738385,"9":0.0002477215}}