{"sagan-tosu":{"0":0.1793406035,"1":0.3081911722,"2":0.2648084058,"3":0.1516882985,"4":0.0651678895,"5":0.0223977927,"6":0.0064149834,"7":0.0015748495,"8":0.0003382912,"9":0.0000645936},"ventforet-kofu":{"0":0.6601830755,"1":0.2741331628,"2":0.0569152662,"3":0.0078777956,"4":0.0008177902,"5":0.0000679155,"6":0.0000047002,"7":0.0000002788,"8":0.0000000145,"9":0.0000000007}}