{"cerezo-osaka":{"0":0.5196214805,"1":0.3401726208,"2":0.1113477948,"3":0.0242981174,"4":0.0039767189,"5":0.0005206755,"6":0.0000568104,"7":0.000005313,"8":0.0000004348,"9":0.0000000316},"gamba-osaka":{"0":0.6488591042,"1":0.280657311,"2":0.0606977121,"3":0.0087513897,"4":0.0009463308,"5":0.0000818651,"6":0.0000059017,"7":0.0000003647,"8":0.0000000197,"9":0.0000000009}}