{"yokohama-fa-marinos":{"0":0.1011357817,"1":0.2317315359,"2":0.2654822251,"3":0.2027657035,"4":0.1161488226,"5":0.0532261572,"6":0.0203261051,"7":0.0066532896,"8":0.0019055781,"9":0.0004851372},"vegalta-sendai":{"0":1.0,"1":0.0,"2":0.0,"3":0.0,"4":0.0,"5":0.0,"6":0.0,"7":0.0,"8":0.0,"9":0.0}}