{"kashima-antlers":{"0":0.4411729435,"1":0.3610199012,"2":0.1477145992,"3":0.0402925208,"4":0.008243027,"5":0.001349084,"6":0.0001839967,"7":0.0000215097,"8":0.0000022002,"9":0.0000002001},"albirex-niigata":{"0":0.2107373185,"1":0.3281481102,"2":0.255486743,"3":0.1326097856,"4":0.0516230951,"5":0.0160769068,"6":0.0041723401,"7":0.0009281328,"8":0.0001806544,"9":0.0000312561}}