{"albirex-niigata":{"0":0.4738460967,"1":0.3539027139,"2":0.1321601378,"3":0.0329022663,"4":0.0061434511,"5":0.0009176752,"6":0.0001142311,"7":0.000012188,"8":0.0000011379,"9":0.0000000944},"sanfrecce-hiroshima":{"0":0.4210405634,"1":0.3642110764,"2":0.1575260435,"3":0.0454213797,"4":0.0098226697,"5":0.0016993731,"6":0.0002450004,"7":0.000030276,"8":0.0000032737,"9":0.0000003146}}