{"urawa-red-diamonds":{"0":0.2278943261,"1":0.3370268203,"2":0.2492099728,"3":0.1228499866,"4":0.0454198894,"5":0.0134340518,"6":0.0033112099,"7":0.0006995514,"8":0.0001293185,"9":0.0000212495},"kawasaki-frontale":{"0":0.0351607074,"1":0.1177119335,"2":0.1970395408,"3":0.2198847049,"4":0.1840339378,"5":0.1232227236,"6":0.0687547081,"7":0.0328826865,"8":0.0137606895,"9":0.0051187106}}