{"vegalta-sendai":{"0":0.4818411204,"1":0.3518118828,"2":0.1284361127,"3":0.0312588173,"4":0.0057058348,"5":0.0008332126,"6":0.0001013938,"7":0.000010576,"8":0.0000009652,"9":0.0000000783},"sagan-tosu":{"0":0.3672402069,"1":0.3678788855,"2":0.1842593374,"3":0.0615265961,"4":0.0154083997,"5":0.0030870394,"6":0.0005154014,"7":0.0000737568,"8":0.0000092356,"9":0.000001028}}