{"kashiwa-reysol":{"0":0.655383177,"1":0.2769224692,"2":0.058504747,"3":0.0082401052,"4":0.0008704336,"5":0.0000735578,"6":0.0000051801,"7":0.0000003127,"8":0.0000000165,"9":0.0000000008},"yokohama-fa-marinos":{"0":0.6334832379,"1":0.2891988695,"2":0.0660127854,"3":0.0100454239,"4":0.0011464886,"5":0.0001046794,"6":0.0000079647,"7":0.0000005194,"8":0.0000000296,"9":0.0000000015}}