{"ventforet-kofu":{"0":0.7218371393,"1":0.2352869549,"2":0.0383465661,"3":0.0041664277,"4":0.0003395178,"5":0.0000221336,"6":0.0000012024,"7":0.000000056,"8":0.0000000023,"9":0.0000000001},"nagoya-grampus-eight":{"0":0.457211728,"1":0.3578178741,"2":0.1400156899,"3":0.0365258321,"4":0.0071463585,"5":0.0011185605,"6":0.0001458992,"7":0.0000163117,"8":0.0000015957,"9":0.0000001388}}