{"tokushima-vortis":{"0":1.0,"1":0.0,"2":0.0,"3":0.0,"4":0.0,"5":0.0,"6":0.0,"7":0.0,"8":0.0,"9":0.0},"shimizu-s-pulse":{"0":0.0683420652,"1":0.1833774668,"2":0.246021943,"3":0.2200444708,"4":0.1476074711,"5":0.0792129534,"6":0.0354244264,"7":0.0135788396,"8":0.0045543934,"9":0.0013578316}}