{"kashima-antlers":{"0":0.2586931481,"1":0.3497822847,"2":0.2364725305,"3":0.1065791687,"4":0.0360267612,"5":0.0097424481,"6":0.0021954813,"7":0.0004240769,"8":0.000071675,"9":0.0000107681},"vissel-kobe":{"0":0.095576712,"1":0.2243974977,"2":0.2634231495,"3":0.2061572474,"4":0.1210053409,"5":0.0568198992,"6":0.0222338736,"7":0.0074573241,"8":0.0021885625,"9":0.0005709293}}