{"gamba-osaka":{"0":0.6475186739,"1":0.2814165665,"2":0.0611528957,"3":0.008859172,"4":0.000962566,"5":0.0000836677,"6":0.0000060604,"7":0.0000003763,"8":0.0000000204,"9":0.000000001},"omiya-ardija":{"0":0.3034475247,"1":0.361875309,"2":0.2157765818,"3":0.0857745418,"4":0.0255725342,"5":0.0060992877,"6":0.0012122808,"7":0.0002065288,"8":0.0000307869,"9":0.0000040794}}