{"fc-tokyo":{"0":0.3063280809,"1":0.3624163211,"2":0.2143871195,"3":0.084547033,"4":0.0250068689,"5":0.0059171183,"6":0.0011667557,"7":0.0001971981,"8":0.0000291631,"9":0.0000038336},"cerezo-osaka":{"0":0.095576712,"1":0.2243974977,"2":0.2634231495,"3":0.2061572474,"4":0.1210053409,"5":0.0568198992,"6":0.0222338736,"7":0.0074573241,"8":0.0021885625,"9":0.0005709293}}