{"kawasaki-frontale":{"0":0.2755768095,"1":0.3551878878,"2":0.228898861,"3":0.0983417329,"4":0.0316878917,"5":0.0081684343,"6":0.0017547007,"7":0.0003230877,"8":0.000052053,"9":0.0000074545},"gamba-osaka":{"0":0.4032182078,"1":0.3662339874,"2":0.1663210278,"3":0.0503552105,"4":0.011434125,"5":0.0020770715,"6":0.0003144262,"7":0.000040798,"8":0.000004632,"9":0.0000004675}}