{"shimizu-s-pulse":{"0":0.1872041483,"1":0.3136709507,"2":0.262786552,"3":0.1467711557,"4":0.0614808063,"5":0.0206029013,"6":0.005753551,"7":0.0013771992,"8":0.0002884467,"9":0.0000537009},"vegalta-sendai":{"0":0.7324139672,"1":0.2280805911,"2":0.0355132196,"3":0.0036863834,"4":0.0002869936,"5":0.0000178745,"6":0.0000009277,"7":0.0000000413,"8":0.0000000016,"9":0.0000000001}}