{"nagoya-grampus-eight":{"0":0.4132057922,"1":0.3651952145,"2":0.1613815043,"3":0.0475435035,"4":0.0105048503,"5":0.0018568573,"6":0.000273518,"7":0.000034534,"8":0.0000038152,"9":0.0000003747},"sagan-tosu":{"0":0.1625849231,"1":0.2953444241,"2":0.2682546671,"3":0.1624331019,"4":0.0737671581,"5":0.0268004172,"6":0.0081140711,"7":0.002105665,"8":0.000478132,"9":0.0000965059}}