{"sanfrecce-hiroshima":{"0":0.5819717725,"1":0.3150407195,"2":0.0852710214,"3":0.0153866821,"4":0.002082331,"5":0.000225447,"6":0.0000203403,"7":0.000001573,"8":0.0000001064,"9":0.0000000064},"kashima-antlers":{"0":0.1899774094,"1":0.3155240016,"2":0.2620190367,"3":0.1450581155,"4":0.0602299468,"5":0.0200065828,"6":0.0055379892,"7":0.0013139671,"8":0.0002727878,"9":0.00005034}}