{"tokushima-vortis":{"0":1.0,"1":0.0,"2":0.0,"3":0.0,"4":0.0,"5":0.0,"6":0.0,"7":0.0,"8":0.0,"9":0.0},"albirex-niigata":{"0":0.0203919013,"1":0.079377871,"2":0.1544938429,"3":0.2004618096,"4":0.1950802845,"5":0.1518745839,"6":0.0985316093,"7":0.0547922659,"8":0.0266606663,"9":0.0115310861}}