{"kashiwa-reysol":{"0":0.1319414751,"1":0.2672338447,"2":0.2706272904,"3":0.1827092183,"4":0.0925146677,"5":0.0374757828,"6":0.0126505553,"7":0.0036603421,"8":0.0009267057,"9":0.0002085496},"urawa-red-diamonds":{"0":0.2732032788,"1":0.3544919501,"2":0.2299835918,"3":0.0994709047,"4":0.0322668483,"5":0.0083734998,"6":0.001810824,"7":0.0003356593,"8":0.0000544414,"9":0.0000078489}}