{"yokohama-fa-marinos":{"0":0.2223052806,"1":0.3342812739,"2":0.2513299948,"3":0.1259752813,"4":0.0473573743,"5":0.0142422918,"6":0.0035693645,"7":0.0007667524,"8":0.000144121,"9":0.0000240795},"fc-tokyo":{"0":0.2560414055,"1":0.348834935,"2":0.2376291671,"3":0.1079166016,"4":0.0367568291,"5":0.0100156192,"6":0.0022742402,"7":0.0004426373,"8":0.000075382,"9":0.0000114113}}