{"vissel-kobe":{"0":0.1067631065,"1":0.2388443211,"2":0.2671644334,"3":0.1992283346,"4":0.1114255614,"5":0.0498549798,"6":0.0185887853,"7":0.005940824,"8":0.001661309,"9":0.000412954},"cerezo-osaka":{"0":0.3675268974,"1":0.3678792722,"2":0.1841159924,"3":0.0614308393,"4":0.0153724344,"5":0.0030774346,"6":0.0005133975,"7":0.0000734128,"8":0.0000091854,"9":0.0000010216}}