{"omiya-ardija":{"0":0.2485776518,"1":0.3460200914,"2":0.2408299836,"3":0.1117451124,"4":0.0388872991,"5":0.0108262241,"6":0.002511684,"7":0.0004994663,"8":0.0000869071,"9":0.0000134416},"ventforet-kofu":{"0":0.4181369332,"1":0.3645929554,"2":0.1589527408,"3":0.0461994185,"4":0.0100708531,"5":0.0017562486,"6":0.0002552258,"7":0.0000317919,"8":0.0000034651,"9":0.0000003357}}