{"albirex-niigata":{"0":0.4511667078,"1":0.3590918695,"2":0.1429039073,"3":0.0379132815,"4":0.0075439693,"5":0.0012008767,"6":0.0001593,"7":0.0000181128,"8":0.000001802,"9":0.0000001594},"vissel-kobe":{"0":0.5718279055,"1":0.3196044503,"2":0.0893162118,"3":0.0166401223,"4":0.0023251126,"5":0.0002599091,"6":0.0000242113,"7":0.0000019332,"8":0.0000001351,"9":0.0000000084}}