{"kashima-antlers":{"0":0.3207715027,"1":0.3647256153,"2":0.2073512973,"3":0.0785879552,"4":0.0223391418,"5":0.0050800381,"6":0.0009626894,"7":0.0001563719,"8":0.0000222249,"9":0.0000028078},"shimizu-s-pulse":{"0":0.0961227548,"1":0.2251319116,"2":0.263644013,"3":0.2058294478,"4":0.1205197904,"5":0.0564545843,"6":0.0220373218,"7":0.007373465,"8":0.002158701,"9":0.000561773}}