{"ventforet-kofu":{"0":0.2035513983,"1":0.3240205931,"2":0.2578939415,"3":0.1368416832,"4":0.0544574046,"5":0.0173374594,"6":0.0045997341,"7":0.0010460037,"8":0.0002081334,"9":0.0000368127},"tokushima-vortis":{"0":0.8524074593,"1":0.1361214824,"2":0.0108686625,"3":0.0005785412,"4":0.0000230969,"5":0.0000007377,"6":0.0000000196,"7":0.0000000004,"8":0.0,"9":0.0}}