{"cerezo-osaka":{"0":0.1621486158,"1":0.2949875694,"2":0.2683268852,"3":0.1627171782,"4":0.0740054805,"5":0.0269267754,"6":0.0081643867,"7":0.0021218564,"8":0.0004825213,"9":0.0000975359},"omiya-ardija":{"0":0.4266960489,"1":0.3634099197,"2":0.1547550887,"3":0.0439341107,"4":0.0093544876,"5":0.0015934123,"6":0.0002261804,"7":0.0000275192,"8":0.0000029297,"9":0.0000002772}}