{"vegalta-sendai":{"0":0.5882447096,"1":0.3121298459,"2":0.0828099591,"3":0.0146466594,"4":0.0019429242,"5":0.0002061879,"6":0.0000182343,"7":0.0000013822,"8":0.0000000917,"9":0.0000000054},"kawasaki-frontale":{"0":0.0518090164,"1":0.1533645884,"2":0.2269942435,"3":0.2239821118,"4":0.1657574625,"5":0.0981347525,"6":0.0484162699,"7":0.0204744872,"8":0.0075760493,"9":0.0024918393}}