{"gamba-osaka":{"0":0.4885436137,"1":0.3499567519,"2":0.125341653,"3":0.0299285171,"4":0.0053596477,"5":0.0007678516,"6":0.0000916721,"7":0.000009381,"8":0.00000084,"9":0.0000000669},"kashiwa-reysol":{"0":0.2252721933,"1":0.3357560079,"2":0.2502130759,"3":0.124309681,"4":0.0463192124,"5":0.0138072557,"6":0.0034298278,"7":0.0007302818,"8":0.0001360557,"9":0.0000225315}}