{"fc-tokyo":{"0":0.265396429,"1":0.3520564875,"2":0.2335068539,"3":0.10325133,"4":0.0342415125,"5":0.0090844829,"6":0.0020084741,"7":0.0003806146,"8":0.0000631121,"9":0.0000093022},"nagoya-grampus-eight":{"0":0.4500245513,"1":0.3593235157,"2":0.1434514946,"3":0.0381797654,"4":0.0076211884,"5":0.0012170324,"6":0.0001619572,"7":0.0000184736,"8":0.0000018438,"9":0.0000001636}}