{"urawa-red-diamonds":{"0":0.671689443,"1":0.2673049824,"2":0.0531882363,"3":0.0070555824,"4":0.0007019584,"5":0.0000558702,"6":0.0000037057,"7":0.0000002107,"8":0.0000000105,"9":0.0000000005},"yokohama-fa-marinos":{"0":0.6609925309,"1":0.2736593281,"2":0.056649224,"3":0.0078178335,"4":0.0008091707,"5":0.0000670014,"6":0.0000046232,"7":0.0000002734,"8":0.0000000142,"9":0.0000000007}}