{"sagan-tosu":{"0":0.265396429,"1":0.3520564875,"2":0.2335068539,"3":0.10325133,"4":0.0342415125,"5":0.0090844829,"6":0.0020084741,"7":0.0003806146,"8":0.0000631121,"9":0.0000093022},"sanfrecce-hiroshima":{"0":0.4917739478,"1":0.3490297355,"2":0.1238595058,"3":0.0293025218,"4":0.0051992646,"5":0.0007380212,"6":0.0000873,"7":0.0000088514,"8":0.0000007853,"9":0.0000000619}}