{"kashiwa-reysol":{"0":0.5656356167,"1":0.3223021128,"2":0.0918247091,"3":0.0174407321,"4":0.0024844549,"5":0.0002831311,"6":0.0000268883,"7":0.0000021887,"8":0.0000001559,"9":0.0000000099},"kashima-antlers":{"0":0.0984928734,"1":0.2282839341,"2":0.2645549507,"3":0.204392605,"4":0.1184338174,"5":0.0549004955,"6":0.0212077968,"7":0.0070221169,"8":0.0020344574,"9":0.0005239341}}