{"omiya-ardija":{"0":0.4161858446,"1":0.3648382404,"2":0.1599128651,"3":0.0467277853,"4":0.0102406672,"5":0.0017954417,"6":0.000262321,"7":0.000032851,"8":0.0000035997,"9":0.0000003506},"albirex-niigata":{"0":0.142017182,"1":0.2771901624,"2":0.2705108814,"3":0.1759950313,"4":0.0858770936,"5":0.0335231064,"6":0.0109051069,"7":0.0030406666,"8":0.0007418494,"9":0.000160883}}