{"nagoya-grampus-eight":{"0":0.1647477904,"1":0.2970962008,"2":0.2678826598,"3":0.1610277955,"4":0.0725969468,"5":0.0261833886,"6":0.0078695899,"7":0.0020273632,"8":0.000457003,"9":0.0000915702},"cerezo-osaka":{"0":0.0311207799,"1":0.1079853569,"2":0.187348089,"3":0.2166917656,"4":0.1879735798,"5":0.1304491349,"6":0.0754404636,"7":0.037395617,"8":0.0162197857,"9":0.0062534114}}