{"shimizu-s-pulse":{"0":0.4959408064,"1":0.3478026435,"2":0.1219567711,"3":0.0285093751,"4":0.0049983969,"5":0.0007010739,"6":0.0000819437,"7":0.0000082096,"8":0.0000007197,"9":0.0000000561},"sagan-tosu":{"0":0.3381257709,"1":0.3666424022,"2":0.1987820253,"3":0.0718489248,"4":0.0194771182,"5":0.0042239533,"6":0.0007633651,"7":0.0001182493,"8":0.0000160278,"9":0.0000019311}}