{"kawasaki-frontale":{"0":0.3107299199,"1":0.3631908155,"2":0.2122543727,"3":0.0826965088,"4":0.0241645643,"5":0.0056488592,"6":0.0011004271,"7":0.0001837448,"8":0.0000268458,"9":0.0000034865},"ventforet-kofu":{"0":0.4200128892,"1":0.3643485304,"2":0.1580306879,"3":0.0456956206,"4":0.0099098936,"5":0.0017193068,"6":0.0002485745,"7":0.0000308044,"8":0.0000033402,"9":0.000000322}}