{"urawa-red-diamonds":{"0":0.1732106573,"1":0.3036810225,"2":0.2662138833,"3":0.1555795422,"4":0.0681923318,"5":0.0239115969,"6":0.0069871549,"7":0.0017500295,"8":0.0003835292,"9":0.0000747135},"fc-tokyo":{"0":0.2822222943,"1":0.3570282036,"2":0.2258310926,"3":0.0952299788,"4":0.030117915,"5":0.0076201954,"6":0.0016066677,"7":0.0002903616,"8":0.0000459156,"9":0.000006454}}