{"yokohama-fa-marinos":{"0":0.374629335,"1":0.3678178926,"2":0.1805651473,"3":0.0590940482,"4":0.0145049027,"5":0.0028482354,"6":0.0004660749,"7":0.0000653715,"8":0.0000080229,"9":0.0000008752},"gamba-osaka":{"0":0.3381257709,"1":0.3666424022,"2":0.1987820253,"3":0.0718489248,"4":0.0194771182,"5":0.0042239533,"6":0.0007633651,"7":0.0001182493,"8":0.0000160278,"9":0.0000019311}}