{"tokushima-vortis":{"0":0.7208871106,"1":0.2359266908,"2":0.0386061858,"3":0.0042115839,"4":0.0003445841,"5":0.0000225546,"6":0.0000012303,"7":0.0000000575,"8":0.0000000024,"9":0.0000000001},"vegalta-sendai":{"0":0.5448586283,"1":0.330853914,"2":0.1004520317,"3":0.0203324594,"4":0.0030866143,"5":0.0003748563,"6":0.0000379373,"7":0.0000032909,"8":0.0000002498,"9":0.0000000169}}