{"vissel-kobe":{"0":0.2592402606,"1":0.3499743519,"2":0.2362326875,"3":0.1063047094,"4":0.0358778394,"5":0.0096870166,"6":0.0021795787,"7":0.0004203473,"8":0.0000709336,"9":0.00001064},"sanfrecce-hiroshima":{"0":0.3202817452,"1":0.3646581316,"2":0.2075915267,"3":0.078784736,"4":0.0224251734,"5":0.0051064551,"6":0.000968996,"7":0.0001576078,"8":0.0000224306,"9":0.0000028376}}