{"vegalta-sendai":{"0":0.3701433075,"1":0.3678724897,"2":0.1828078016,"3":0.0605620938,"4":0.0150476368,"5":0.002991064,"6":0.0004954523,"7":0.0000703447,"8":0.0000087391,"9":0.0000009651},"vissel-kobe":{"0":0.0848578811,"1":0.2093255041,"2":0.2581797123,"3":0.2122906272,"4":0.1309184308,"5":0.0645893255,"6":0.0265545815,"7":0.0093577488,"8":0.0028854354,"9":0.0007908585}}