{"albirex-niigata":{"0":0.4117332908,"1":0.3653636783,"2":0.1621081176,"3":0.047950473,"4":0.0106375666,"5":0.0018879117,"6":0.0002792157,"7":0.0000353958,"8":0.0000039262,"9":0.0000003871},"shimizu-s-pulse":{"0":0.578905835,"1":0.3164388726,"2":0.0864851881,"3":0.0157580466,"4":0.0021533979,"5":0.0002354161,"6":0.000021447,"7":0.0000016748,"8":0.0000001144,"9":0.0000000069}}