{"fc-tokyo":{"0":0.1859414166,"1":0.3128136369,"2":0.263126885,"3":0.1475548579,"4":0.0620587556,"5":0.0208805821,"6":0.0058546494,"7":0.0014070593,"8":0.0002958911,"9":0.0000553094},"omiya-ardija":{"0":0.3316275648,"1":0.3660315145,"2":0.202002312,"3":0.074319528,"4":0.0205074097,"5":0.0045269809,"6":0.0008327704,"7":0.0001313092,"8":0.0000181164,"9":0.0000022218}}