{"gamba-osaka":{"0":0.1564193521,"1":0.2901914851,"2":0.269183758,"3":0.1664645571,"4":0.0772068743,"5":0.028647066,"6":0.0088577431,"7":0.0023475736,"8":0.0005444066,"9":0.0001122212},"tokushima-vortis":{"0":0.6443360426,"1":0.2832081676,"2":0.0622399345,"3":0.0091188741,"4":0.0010020158,"5":0.0000880842,"6":0.0000064527,"7":0.0000004052,"8":0.0000000223,"9":0.0000000011}}