{"ventforet-kofu":{"0":0.4368257701,"1":0.3617882145,"2":0.1498202729,"3":0.041361425,"4":0.0085640987,"5":0.001418593,"6":0.0001958181,"7":0.0000231687,"8":0.0000023986,"9":0.0000002207},"urawa-red-diamonds":{"0":0.3081016305,"1":0.3627359312,"2":0.2135291456,"3":0.0837977751,"4":0.0246643161,"5":0.0058075861,"6":0.0011395699,"7":0.0001916635,"8":0.0000282063,"9":0.0000036898}}