{"kashima-antlers":{"0":0.3880821929,"1":0.367334591,"2":0.1738480974,"3":0.054851284,"4":0.0129797079,"5":0.0024571577,"6":0.0003876322,"7":0.0000524155,"8":0.0000062017,"9":0.0000006522},"nagoya-grampus-eight":{"0":0.3155940546,"1":0.3639741588,"2":0.2098854309,"3":0.0806868529,"4":0.0232640072,"5":0.0053660691,"6":0.0010314466,"7":0.000169938,"8":0.0000244987,"9":0.0000031394}}