{"sagan-tosu":{"0":0.1261161278,"1":0.2611300192,"2":0.270341661,"3":0.1865855022,"4":0.0965837531,"5":0.0399963395,"6":0.0138024178,"7":0.0040826608,"8":0.0010566703,"9":0.000243099},"kashiwa-reysol":{"0":0.3258681398,"1":0.3653837116,"2":0.2048455194,"3":0.0765618636,"4":0.0214614858,"5":0.0048127917,"6":0.0008994004,"7":0.0001440663,"8":0.000020192,"9":0.0000025156}}