{"cerezo-osaka":{"0":0.5562783467,"1":0.326249733,"2":0.0956705298,"3":0.0187031576,"4":0.0027422873,"5":0.0003216629,"6":0.0000314418,"7":0.0000026343,"8":0.0000001931,"9":0.0000000126},"kawasaki-frontale":{"0":0.2258238519,"1":0.3360258916,"2":0.2500032634,"3":0.1240016186,"4":0.0461286021,"5":0.013727872,"6":0.0034045123,"7":0.000723702,"8":0.0001346086,"9":0.0000222553}}