{"sanfrecce-hiroshima":{"0":0.7219309182,"1":0.2352237376,"2":0.0383209843,"3":0.0041619888,"4":0.0003390209,"5":0.0000220924,"6":0.0000011997,"7":0.0000000558,"8":0.0000000023,"9":0.0000000001},"yokohama-fa-marinos":{"0":0.4795942645,"1":0.3524129707,"2":0.1294791359,"3":0.0317143958,"4":0.005826052,"5":0.0008562139,"6":0.0001048598,"7":0.0000110075,"8":0.0000010111,"9":0.0000000825}}