{"sanfrecce-hiroshima":{"0":0.2377041621,"1":0.3415163193,"2":0.2453330966,"3":0.1174923421,"4":0.042201146,"5":0.012126317,"6":0.002903704,"7":0.0005959763,"8":0.000107032,"9":0.0000170862},"shimizu-s-pulse":{"0":0.1909503428,"1":0.3161644777,"2":0.2617433818,"3":0.1444598254,"4":0.0597970454,"5":0.0198016943,"6":0.0054644157,"7":0.0012925231,"8":0.0002675106,"9":0.0000492143}}