{"tokushima-vortis":{"0":0.8224453428,"1":0.160766065,"2":0.0157127327,"3":0.0010238063,"4":0.0000500317,"5":0.000001956,"6":0.0000000637,"7":0.0000000018,"8":0.0,"9":0.0},"fc-tokyo":{"0":0.1316722993,"1":0.266957558,"2":0.2706200854,"3":0.182888574,"4":0.092698858,"5":0.0375882565,"6":0.0127013163,"7":0.0036787349,"8":0.0009323013,"9":0.0002100205}}