{"yokohama-fa-marinos":{"0":0.4947495007,"1":0.348157056,"2":0.1224997049,"3":0.0287344987,"4":0.0050551433,"5":0.0007114646,"6":0.0000834434,"7":0.0000083885,"8":0.0000007379,"9":0.0000000577},"sagan-tosu":{"0":0.2796014049,"1":0.3563213026,"2":0.2270461959,"3":0.0964484856,"4":0.0307282523,"5":0.007831957,"6":0.0016634949,"7":0.0003028488,"8":0.0000482434,"9":0.0000068312}}