{"vissel-kobe":{"0":0.2219853183,"1":0.3341198773,"2":0.2514492698,"3":0.1261557893,"4":0.0474706584,"5":0.0142900356,"6":0.0035847603,"7":0.0007707972,"8":0.0001450201,"9":0.0000242529},"ventforet-kofu":{"0":0.6372826473,"1":0.287122602,"2":0.0646803964,"3":0.0097137452,"4":0.0010941126,"5":0.0000985887,"6":0.0000074031,"7":0.0000004765,"8":0.0000000268,"9":0.0000000013}}