{"kashiwa-reysol":{"0":0.31869571,"1":0.3644344462,"2":0.208368769,"3":0.0794245153,"4":0.022705851,"5":0.0051929122,"6":0.0009896985,"7":0.0001616769,"8":0.0000231101,"9":0.0000029363},"albirex-niigata":{"0":0.2796014049,"1":0.3563213026,"2":0.2270461959,"3":0.0964484856,"4":0.0307282523,"5":0.007831957,"6":0.0016634949,"7":0.0003028488,"8":0.0000482434,"9":0.0000068312}}