{"kawasaki-frontale":{"0":0.5470721395,"1":0.3299800206,"2":0.099517784,"3":0.0200088666,"4":0.00301721,"5":0.0003639809,"6":0.0000365907,"7":0.0000031529,"8":0.0000002377,"9":0.0000000159},"kashima-antlers":{"0":0.1053074534,"1":0.2370335013,"2":0.2667659266,"3":0.2001519031,"4":0.1126290326,"5":0.0507026864,"6":0.0190208684,"7":0.0061162175,"8":0.0017208521,"9":0.0004303796}}