{"omiya-ardija":{"0":0.1164601923,"1":0.2504133765,"2":0.2692201424,"3":0.1929595671,"4":0.1037256932,"5":0.0446063166,"6":0.0159854598,"7":0.0049102897,"8":0.0013197666,"9":0.0003153078},"urawa-red-diamonds":{"0":0.209292101,"1":0.3273379507,"2":0.2559822694,"3":0.1334541709,"4":0.0521813946,"5":0.0163225948,"6":0.0042548227,"7":0.0009506638,"8":0.0001858577,"9":0.0000322984}}