{"nagoya-grampus-eight":{"0":0.1688395228,"1":0.3003328549,"2":0.2671170299,"3":0.1583831772,"4":0.0704332596,"5":0.0250574292,"6":0.00742872,"7":0.0018877509,"8":0.000419743,"9":0.0000829602},"gamba-osaka":{"0":0.2185852308,"1":0.3323761703,"2":0.2527021569,"3":0.1280845536,"4":0.0486906792,"5":0.0148076075,"6":0.0037526902,"7":0.0008151804,"8":0.0001549433,"9":0.0000261782}}