{"cerezo-osaka":{"0":0.1576745434,"1":0.2912599205,"2":0.2690108988,"3":0.1656409701,"4":0.0764939202,"5":0.0282602539,"6":0.0087004948,"7":0.0022959639,"8":0.0005301444,"9":0.0001088105},"vegalta-sendai":{"0":0.7377753875,"1":0.2243691918,"2":0.0341171141,"3":0.0034585184,"4":0.0002629476,"5":0.0000159933,"6":0.0000008106,"7":0.0000000352,"8":0.0000000013,"9":0.0}}