{"urawa-red-diamonds":{"0":0.2303754032,"1":0.3382014848,"2":0.2482475184,"3":0.1214795187,"4":0.0445843534,"5":0.0130903684,"6":0.0032028752,"7":0.0006717093,"8":0.0001232625,"9":0.0000201061},"cerezo-osaka":{"0":0.1284747205,"1":0.263633097,"2":0.2704906053,"3":0.1850176588,"4":0.0949151284,"5":0.0389536076,"6":0.0133222839,"7":0.0039053764,"8":0.0010017403,"9":0.0002283994}}