{"kawasaki-frontale":{"0":0.4957285181,"1":0.3478660088,"2":0.1220534583,"3":0.0285493961,"4":0.0050084694,"5":0.0007029155,"6":0.0000822091,"7":0.0000082412,"8":0.0000007229,"9":0.0000000564},"yokohama-fa-marinos":{"0":0.7617639818,"1":0.207290077,"2":0.0282037331,"3":0.0025582526,"4":0.000174037,"5":0.0000094717,"6":0.0000004296,"7":0.0000000167,"8":0.0000000006,"9":0.0}}