{"sagan-tosu":{"0":0.0765114653,"1":0.1966585422,"2":0.2527371686,"3":0.2165380178,"4":0.1391427113,"5":0.0715281105,"6":0.0306416254,"7":0.0112512313,"8":0.0036149006,"9":0.0010323813},"omiya-ardija":{"0":0.4576168148,"1":0.3577296323,"2":0.1398227575,"3":0.0364342262,"4":0.007120369,"5":0.0011132314,"6":0.0001450398,"7":0.0000161973,"8":0.0000015827,"9":0.0000001375}}