{"ventforet-kofu":{"0":0.6558683286,"1":0.2766421317,"2":0.0583431656,"3":0.0082029563,"4":0.000864992,"5":0.0000729699,"6":0.0000051297,"7":0.0000003091,"8":0.0000000163,"9":0.0000000008},"kashiwa-reysol":{"0":0.401715852,"1":0.3663689851,"2":0.1670661396,"3":0.0507886787,"4":0.0115799492,"5":0.0021122065,"6":0.000321059,"7":0.0000418299,"8":0.0000047687,"9":0.0000004832}}