{"albirex-niigata":{"0":0.4835463104,"1":0.351348708,"2":0.1276464239,"3":0.0309163122,"4":0.0056160114,"5":0.000816128,"6":0.0000988342,"7":0.0000102591,"8":0.0000009318,"9":0.0000000752},"nagoya-grampus-eight":{"0":0.7034381019,"1":0.2474522142,"2":0.0435237999,"3":0.0051035339,"4":0.0004488244,"5":0.0000315771,"6":0.0000018513,"7":0.000000093,"8":0.0000000041,"9":0.0000000002}}