{"fc-tokyo":{"0":0.3008547107,"1":0.3613649626,"2":0.2170227548,"3":0.0868906894,"4":0.0260917061,"5":0.0062678948,"6":0.0012547571,"7":0.0002153034,"8":0.0000323259,"9":0.0000043142},"gamba-osaka":{"0":0.3971622448,"1":0.3667437492,"2":0.1693274969,"3":0.0521195908,"4":0.0120319431,"5":0.0022220843,"6":0.0003419826,"7":0.0000451129,"8":0.0000052072,"9":0.0000005343}}