{"kashima-antlers":{"0":0.070868458,"1":0.1875838351,"2":0.2482606239,"3":0.2190428165,"4":0.144947741,"5":0.0767332997,"6":0.0338512766,"7":0.0128002791,"8":0.0042351801,"9":0.0012455805},"tokushima-vortis":{"0":0.6195230352,"1":0.2966309716,"2":0.0710142548,"3":0.0113340028,"4":0.0013566954,"5":0.0001299186,"6":0.0000103676,"7":0.0000007092,"8":0.0000000424,"9":0.0000000023}}