{"shimizu-s-pulse":{"0":0.2711917919,"1":0.3538860309,"2":0.2308980703,"3":0.1004351952,"4":0.0327651994,"5":0.0085512517,"6":0.001859796,"7":0.0003467003,"8":0.0000565524,"9":0.0000081997},"vissel-kobe":{"0":0.1689047996,"1":0.3003836803,"2":0.2671041781,"3":0.1583411409,"4":0.0703992645,"5":0.0250398925,"6":0.0074219078,"7":0.0018856099,"8":0.0004191758,"9":0.0000828301}}