{"vegalta-sendai":{"0":0.5994900965,"1":0.3067445892,"2":0.0784768953,"3":0.01338491,"4":0.0017121837,"5":0.0001752166,"6":0.0000149423,"7":0.0000010922,"8":0.0000000699,"9":0.000000004},"sanfrecce-hiroshima":{"0":0.1605353564,"1":0.2936578674,"2":0.268585516,"3":0.163769219,"4":0.0748933454,"5":0.0273995967,"6":0.0083534113,"7":0.0021829147,"8":0.0004991347,"9":0.0001014486}}