{"urawa-red-diamonds":{"0":0.3395955256,"1":0.3667631677,"2":0.1980521106,"3":0.0712987598,"4":0.0192506651,"5":0.0041581437,"6":0.0007484659,"7":0.0001154776,"8":0.0000155895,"9":0.0000018707},"albirex-niigata":{"0":0.7404060062,"1":0.2225339017,"2":0.0334420149,"3":0.0033504059,"4":0.0002517466,"5":0.0000151328,"6":0.000000758,"7":0.0000000325,"8":0.0000000012,"9":0.0}}