{"vissel-kobe":{"0":0.2910425757,"1":0.3592296934,"2":0.2216960394,"3":0.0912120848,"4":0.0281454433,"5":0.0069479037,"6":0.0014292831,"7":0.0002520205,"8":0.0000388832,"9":0.0000053325},"sagan-tosu":{"0":0.3991702158,"1":0.3665848921,"2":0.1683297974,"3":0.0515295298,"4":0.0118307594,"5":0.0021729966,"6":0.0003326015,"7":0.0000436358,"8":0.0000050092,"9":0.0000005111}}