{"shimizu-s-pulse":{"0":0.6270890853,"1":0.2926415731,"2":0.0682830337,"3":0.0106218052,"4":0.0012392106,"5":0.0001156597,"6":0.0000089958,"7":0.0000005997,"8":0.000000035,"9":0.0000000018},"kawasaki-frontale":{"0":0.2231301601,"1":0.3346952402,"2":0.2510214302,"3":0.1255107151,"4":0.0470665182,"5":0.0141199554,"6":0.0035299889,"7":0.0007564262,"8":0.0001418299,"9":0.0000236383}}