{"cerezo-osaka":{"0":0.6627028552,"1":0.272654889,"2":0.0560890057,"3":0.0076922065,"4":0.0007911984,"5":0.0000651043,"6":0.0000044643,"7":0.0000002624,"8":0.0000000135,"9":0.0000000006},"yokohama-fa-marinos":{"0":0.4486625512,"1":0.3595959594,"2":0.1441052453,"3":0.0384993605,"4":0.0077141576,"5":0.0012365551,"6":0.0001651799,"7":0.0000189127,"8":0.0000018948,"9":0.0000001687}}