{"nagoya-grampus-eight":{"0":0.0335645203,"1":0.1139275717,"2":0.1933513645,"3":0.2187632581,"4":0.1856362504,"5":0.1260204946,"6":0.0712915941,"7":0.0345691485,"8":0.0146671959,"9":0.0055316282},"tokushima-vortis":{"0":0.548201054,"1":0.3295308747,"2":0.0990426748,"3":0.0198452855,"4":0.0029823156,"5":0.0003585418,"6":0.0000359207,"7":0.0000030846,"8":0.0000002318,"9":0.0000000155}}