{"fc-tokyo":{"0":0.4391750743,"1":0.3613783469,"2":0.148681377,"3":0.0407811777,"4":0.0083892708,"5":0.0013806343,"6":0.0001893441,"7":0.0000222576,"8":0.0000022894,"9":0.0000002093},"kashima-antlers":{"0":0.117973969,"1":0.2521447353,"2":0.2694533721,"3":0.1919667808,"4":0.1025722317,"5":0.0438453473,"6":0.0156183797,"7":0.0047687181,"8":0.0012740175,"9":0.0003025496}}