{"omiya-ardija":{"0":0.4965853038,"1":0.3476097127,"2":0.1216633994,"3":0.0283881265,"4":0.0049679221,"5":0.0006955091,"6":0.0000811427,"7":0.0000081143,"8":0.00000071,"9":0.0000000552},"sanfrecce-hiroshima":{"0":0.1453557012,"1":0.2803288524,"2":0.2703171077,"3":0.1737752835,"4":0.0837845117,"5":0.0323168831,"6":0.0103875696,"7":0.0028618814,"8":0.0006899178,"9":0.0001478395}}