{"gamba-osaka":{"0":0.3187547332,"1":0.3644429116,"2":0.2083398645,"3":0.0794006372,"4":0.0226953488,"5":0.0051896698,"6":0.0009889204,"7":0.0001615237,"8":0.0000230844,"9":0.0000029326},"ventforet-kofu":{"0":0.5292133415,"1":0.3367721264,"2":0.1071547675,"3":0.0227297992,"4":0.0036161044,"5":0.0004602315,"6":0.0000488124,"7":0.0000044375,"8":0.000000353,"9":0.000000025}}