{"kashiwa-reysol":{"0":0.1920499086,"1":0.3168823492,"2":0.2614279381,"3":0.143785366,"4":0.0593114635,"5":0.0195727829,"6":0.0053825153,"7":0.0012687358,"8":0.0002616767,"9":0.0000479741},"vegalta-sendai":{"0":0.6642538429,"1":0.2717402084,"2":0.0555832245,"3":0.0075795306,"4":0.0007751793,"5":0.0000634238,"6":0.0000043243,"7":0.0000002527,"8":0.0000000129,"9":0.0000000006}}