{"kashima-antlers":{"0":0.171557838,"1":0.3024281307,"2":0.2665654199,"3":0.1566369348,"4":0.0690312607,"5":0.024338142,"6":0.0071506874,"7":0.001800783,"8":0.0003968104,"9":0.0000777235},"omiya-ardija":{"0":0.2299375025,"1":0.3379961111,"2":0.248418309,"3":0.1217206436,"4":0.0447307461,"5":0.0131503718,"6":0.0032217265,"7":0.0006765385,"8":0.0001243095,"9":0.0000203032}}