{"sanfrecce-hiroshima":{"0":0.3246524674,"1":0.3652340258,"2":0.2054441395,"3":0.0770415523,"4":0.0216679366,"5":0.0048752857,"6":0.0009141161,"7":0.0001469115,"8":0.0000206594,"9":0.0000025824},"kashiwa-reysol":{"0":0.3085232147,"1":0.3628104006,"2":0.2133249307,"3":0.0836203996,"4":0.0245835234,"5":0.0057818391,"6":0.0011332002,"7":0.0001903709,"8":0.0000279835,"9":0.0000036564}}