{"gamba-osaka":{"0":0.1964726304,"1":0.3197065794,"2":0.2601184111,"3":0.1410910132,"4":0.0573969579,"5":0.018679635,"6":0.0050660171,"7":0.0011776551,"8":0.0002395398,"9":0.0000433096},"shimizu-s-pulse":{"0":0.2624610893,"1":0.3510817163,"2":0.2348126571,"3":0.1046992411,"4":0.0350127988,"5":0.0093669911,"6":0.0020882964,"7":0.0003990593,"8":0.0000667253,"9":0.0000099173}}