{"vegalta-sendai":{"0":0.4851902069,"1":0.3508964889,"2":0.1268866768,"3":0.0305887524,"4":0.0055305557,"5":0.0007999554,"6":0.0000964232,"7":0.0000099621,"8":0.0000009006,"9":0.0000000724},"nagoya-grampus-eight":{"0":0.3470236418,"1":0.3672767638,"2":0.1943559529,"3":0.0685663423,"4":0.0181420091,"5":0.003840164,"6":0.0006773808,"7":0.0001024163,"8":0.0000135492,"9":0.0000015933}}