{"albirex-niigata":{"0":0.5965563151,"1":0.3081700352,"2":0.07959749,"3":0.0137062004,"4":0.0017700929,"5":0.0001828795,"6":0.0000157454,"7":0.000001162,"8":0.000000075,"9":0.0000000043},"fc-tokyo":{"0":0.6041202082,"1":0.3044657595,"2":0.0767226435,"3":0.0128889458,"4":0.0016239494,"5":0.0001636883,"6":0.0000137493,"7":0.0000009899,"8":0.0000000624,"9":0.0000000035}}