{"yokohama-fa-marinos":{"0":0.1557202925,"1":0.2895920747,"2":0.2692763041,"3":0.1669238314,"4":0.0776068068,"5":0.0288649807,"6":0.0089466713,"7":0.0023768671,"8":0.0005525307,"9":0.0001141709},"vissel-kobe":{"0":0.1523563489,"1":0.2866635137,"2":0.2696834449,"3":0.1691394428,"4":0.0795603651,"5":0.0299390921,"6":0.0093885655,"7":0.0025235567,"8":0.0005935194,"9":0.0001240807}}