{"tokushima-vortis":{"0":0.886445428,"1":0.1068483328,"2":0.0064395201,"3":0.0002587307,"4":0.0000077966,"5":0.000000188,"6":0.0000000038,"7":0.0000000001,"8":0.0,"9":0.0},"urawa-red-diamonds":{"0":0.080466816,"1":0.2027691667,"2":0.2554800664,"3":0.2145956257,"4":0.1351904374,"5":0.0681335579,"6":0.0286150769,"7":0.0103010614,"8":0.003244719,"9":0.000908489}}