{"ventforet-kofu":{"0":0.4300946406,"1":0.362892353,"2":0.1530952114,"3":0.0430580282,"4":0.0090825528,"5":0.0015326808,"6":0.0002155332,"7":0.0000259795,"8":0.00000274,"9":0.0000002569},"cerezo-osaka":{"0":0.3961085167,"1":0.3668230547,"2":0.1698513763,"3":0.0524312557,"4":0.0121387149,"5":0.0022482528,"6":0.0003470055,"7":0.0000459072,"8":0.0000053141,"9":0.0000005468}}