{"sagan-tosu":{"0":0.4375647377,"1":0.3616606505,"2":0.1494617995,"3":0.0411782509,"4":0.0085087712,"5":0.001406552,"6":0.0001937597,"7":0.0000228783,"8":0.0000023637,"9":0.0000002171},"kawasaki-frontale":{"0":0.2697247162,"1":0.3534347016,"2":0.2315621831,"3":0.1011427654,"4":0.0331331919,"5":0.0086832382,"6":0.0018963518,"7":0.0003549844,"8":0.0000581444,"9":0.0000084655}}