{"omiya-ardija":{"0":0.061308503,"1":0.1711633308,"2":0.2389300372,"3":0.2223512183,"4":0.1551920748,"5":0.0866541871,"6":0.0403207238,"7":0.0160812683,"8":0.0056120344,"9":0.001740876},"tokushima-vortis":{"0":0.5413786358,"1":0.3322096174,"2":0.1019279508,"3":0.020848899,"4":0.0031984106,"5":0.0003925322,"6":0.0000401453,"7":0.0000035192,"8":0.0000002699,"9":0.0000000184}}