{"nagoya-grampus-eight":{"0":0.4623520933,"1":0.3566716148,"2":0.1375733372,"3":0.035376001,"4":0.0068225145,"5":0.0010526165,"6":0.0001353364,"7":0.0000149146,"8":0.0000014382,"9":0.0000001233},"yokohama-fa-marinos":{"0":0.1432474366,"1":0.2783558143,"2":0.2704479787,"3":0.1751765316,"4":0.0850999628,"5":0.0330729401,"6":0.0107111226,"7":0.0029733798,"8":0.0007222272,"9":0.0001559354}}