{"shimizu-s-pulse":{"0":0.365101393,"1":0.3678689254,"2":0.1853287181,"3":0.0622445141,"4":0.0156790846,"5":0.003159587,"6":0.0005305895,"7":0.0000763731,"8":0.000009619,"9":0.0000010769},"kashiwa-reysol":{"0":0.3434733891,"1":0.3670513398,"2":0.196123907,"3":0.0698623194,"4":0.0186645157,"5":0.0039891507,"6":0.0007104981,"7":0.0001084672,"8":0.0000144891,"9":0.0000017204}}