{"kawasaki-frontale":{"0":0.2137694582,"1":0.3298157355,"2":0.2544292817,"3":0.1308493449,"4":0.0504704616,"5":0.0155737424,"6":0.0040046766,"7":0.0008826634,"8":0.0001702279,"9":0.0000291819},"albirex-niigata":{"0":0.2514070807,"1":0.3471131853,"2":0.2396264319,"3":0.1102826192,"4":0.0380663018,"5":0.0105114902,"6":0.0024188372,"7":0.0004770921,"8":0.000082339,"9":0.0000126316}}