{"urawa-red-diamonds":{"0":0.4065696597,"1":0.3659126938,"2":0.1646607122,"3":0.0493982137,"4":0.0111145981,"5":0.0020006277,"6":0.0003000941,"7":0.0000385835,"8":0.0000043406,"9":0.0000004341},"kashima-antlers":{"0":0.6474853631,"1":0.2814353993,"2":0.0611642274,"3":0.0088618625,"4":0.0009629723,"5":0.0000837129,"6":0.0000060644,"7":0.0000003766,"8":0.0000000205,"9":0.000000001}}