{"sanfrecce-hiroshima":{"0":0.179212384,"1":0.3080990047,"2":0.2648393894,"3":0.1517691848,"4":0.0652297761,"5":0.0224283932,"6":0.0064264212,"7":0.0015783141,"8":0.0003391765,"9":0.0000647896},"ventforet-kofu":{"0":0.4959408064,"1":0.3478026435,"2":0.1219567711,"3":0.0285093751,"4":0.0049983969,"5":0.0007010739,"6":0.0000819437,"7":0.0000082096,"8":0.0000007197,"9":0.0000000561}}