{"cerezo-osaka":{"0":0.4623520933,"1":0.3566716148,"2":0.1375733372,"3":0.035376001,"4":0.0068225145,"5":0.0010526165,"6":0.0001353364,"7":0.0000149146,"8":0.0000014382,"9":0.0000001233},"sagan-tosu":{"0":0.215651649,"1":0.3308292343,"2":0.2537610604,"3":0.1297641786,"4":0.0497675117,"5":0.0152695774,"6":0.0039041533,"7":0.000855618,"8":0.0001640745,"9":0.0000279672}}