{"fc-tokyo":{"0":0.2800303909,"1":0.3564386832,"2":0.226847762,"3":0.0962482647,"4":0.0306275728,"5":0.007796905,"6":0.0016540577,"7":0.0003007685,"8":0.0000478544,"9":0.000006768},"vegalta-sendai":{"0":0.6311401883,"1":0.2904679275,"2":0.0668406311,"3":0.0102539604,"4":0.0011797881,"5":0.0001085941,"6":0.0000083297,"7":0.0000005476,"8":0.0000000315,"9":0.0000000016}}