{"vissel-kobe":{"0":0.1570127022,"1":0.2906978029,"2":0.2691031089,"3":0.1660750615,"4":0.0768690285,"5":0.0284635031,"6":0.0087830238,"7":0.0023230202,"8":0.0005376132,"9":0.0001105947},"gamba-osaka":{"0":0.5845389757,"1":0.313857575,"2":0.0842600592,"3":0.0150806356,"4":0.0020243183,"5":0.0002173842,"6":0.0000194534,"7":0.0000014922,"8":0.0000001001,"9":0.000000006}}