{"urawa-red-diamonds":{"0":0.1969116752,"1":0.3199814722,"2":0.2599849462,"3":0.1408251792,"4":0.057210229,"5":0.0185933244,"6":0.005035692,"7":0.0011689999,"8":0.0002374531,"9":0.0000428735},"vissel-kobe":{"0":0.6013106334,"1":0.3058528155,"2":0.0777850412,"3":0.0131882882,"4":0.0016770347,"5":0.0001706026,"6":0.0000144627,"7":0.0000010509,"8":0.0000000668,"9":0.0000000038}}