{"fc-tokyo":{"0":0.1437910695,"1":0.2788675287,"2":0.2704169975,"3":0.1748150287,"4":0.0847588018,"5":0.0328761413,"6":0.0106266315,"7":0.002944175,"8":0.0007137394,"9":0.0001538024},"shimizu-s-pulse":{"0":0.308654758,"1":0.3628335187,"2":0.2132611905,"3":0.0835651119,"4":0.024558364,"5":0.0057738281,"6":0.0011312199,"7":0.0001899693,"8":0.0000279144,"9":0.000003646}}