{"albirex-niigata":{"0":0.5996772793,"1":0.3066531542,"2":0.078405636,"3":0.013364597,"4":0.0017085422,"5":0.0001747373,"6":0.0000148924,"7":0.0000010879,"8":0.0000000695,"9":0.000000004},"cerezo-osaka":{"0":0.5032496636,"1":0.3455658843,"2":0.1186446699,"3":0.0271565343,"4":0.0046618868,"5":0.0006402345,"6":0.0000732715,"7":0.0000071876,"8":0.0000006169,"9":0.0000000471}}