{"tokushima-vortis":{"0":0.879993367,"1":0.112499152,"2":0.0071909969,"3":0.0003064345,"4":0.0000097937,"5":0.0000002504,"6":0.0000000053,"7":0.0000000001,"8":0.0,"9":0.0},"ventforet-kofu":{"0":0.3393009911,"1":0.3667394772,"2":0.1981984251,"3":0.0714087577,"4":0.0192958547,"5":0.0041712532,"6":0.0007514288,"7":0.0001160279,"8":0.0000156763,"9":0.0000018827}}