{"gamba-osaka":{"0":0.4121517648,"1":0.365316337,"2":0.1619015584,"3":0.0478345514,"4":0.0105997017,"5":0.001879038,"6":0.0002775852,"7":0.0000351488,"8":0.0000038943,"9":0.0000003835},"yokohama-fa-marinos":{"0":0.490612306,"1":0.3493655451,"2":0.1243917881,"3":0.0295265082,"4":0.0052564645,"5":0.0007486268,"6":0.0000888497,"7":0.0000090386,"8":0.0000008045,"9":0.0000000637}}