{"vegalta-sendai":{"0":0.1818550288,"1":0.3099801627,"2":0.2641876386,"3":0.1501066129,"4":0.0639658862,"5":0.0218065521,"6":0.0061950432,"7":0.0015085332,"8":0.0003214204,"9":0.0000608751},"omiya-ardija":{"0":0.1963886697,"1":0.3196538986,"2":0.2601438643,"3":0.1411418838,"4":0.0574327346,"5":0.0186961881,"6":0.0050718383,"7":0.001179318,"8":0.000239941,"9":0.0000433936}}