{"sagan-tosu":{"0":0.2514070807,"1":0.3471131853,"2":0.2396264319,"3":0.1102826192,"4":0.0380663018,"5":0.0105114902,"6":0.0024188372,"7":0.0004770921,"8":0.000082339,"9":0.0000126316},"nagoya-grampus-eight":{"0":0.410603878,"1":0.3654893229,"2":0.1626658348,"3":0.0482643808,"4":0.010740349,"5":0.0019120535,"6":0.0002836615,"7":0.0000360707,"8":0.0000040134,"9":0.0000003969}}