{"kashima-antlers":{"0":0.3246524674,"1":0.3652340258,"2":0.2054441395,"3":0.0770415523,"4":0.0216679366,"5":0.0048752857,"6":0.0009141161,"7":0.0001469115,"8":0.0000206594,"9":0.0000025824},"sanfrecce-hiroshima":{"0":0.1602344824,"1":0.2934080882,"2":0.2686322722,"3":0.1639657087,"4":0.0750601,"5":0.0274887654,"6":0.008389191,"7":0.0021945129,"8":0.0005023012,"9":0.0001021969}}