{"kashiwa-reysol":{"0":0.6347364189,"1":0.2885165541,"2":0.0655719441,"3":0.009935143,"4":0.0011289935,"5":0.0001026358,"6":0.0000077754,"7":0.0000005049,"8":0.0000000287,"9":0.0000000014},"kawasaki-frontale":{"0":0.3303136022,"1":0.365892594,"2":0.2026519487,"3":0.0748267169,"4":0.0207216274,"5":0.0045907222,"6":0.0008475336,"7":0.0001341177,"8":0.0000185705,"9":0.0000022856}}