{"kawasaki-frontale":{"0":0.3011942119,"1":0.3614330543,"2":0.2168598326,"3":0.086743933,"4":0.0260231799,"5":0.0062455632,"6":0.0012491126,"7":0.0002141336,"8":0.00003212,"9":0.0000042827},"urawa-red-diamonds":{"0":0.1914628997,"1":0.3164998954,"2":0.2615968523,"3":0.1441452043,"4":0.059570212,"5":0.0196946415,"6":0.0054260747,"7":0.0012813762,"8":0.0002647742,"9":0.000048632}}