{"vissel-kobe":{"0":0.3281495878,"1":0.3656523978,"2":0.2037206216,"3":0.0756676595,"4":0.021078848,"5":0.0046975718,"6":0.0008724062,"7":0.0001388728,"8":0.000019343,"9":0.0000023948},"albirex-niigata":{"0":0.3641446568,"1":0.3678604186,"2":0.1858070481,"3":0.0625676795,"4":0.0158015313,"5":0.0031925543,"6":0.0005375219,"7":0.0000775724,"8":0.0000097955,"9":0.0000010995}}