{"ventforet-kofu":{"0":0.3932407209,"1":0.3670246728,"2":0.1712781806,"3":0.0532865451,"4":0.0124335272,"5":0.0023209251,"6":0.0003610328,"7":0.0000481377,"8":0.0000056161,"9":0.0000005824},"vegalta-sendai":{"0":0.7514772931,"1":0.214707798,"2":0.0306725426,"3":0.0029211945,"4":0.0002086568,"5":0.0000119232,"6":0.0000005678,"7":0.0000000232,"8":0.0000000008,"9":0.0}}