{"nagoya-grampus-eight":{"0":0.3713997919,"1":0.367862651,"2":0.1821795986,"3":0.0601481849,"4":0.0148938363,"5":0.002950398,"6":0.0004870498,"7":0.0000689159,"8":0.0000085324,"9":0.000000939},"kashima-antlers":{"0":0.0253882353,"1":0.0932629053,"2":0.1712992139,"3":0.2097541395,"4":0.1926313526,"5":0.1415250754,"6":0.0866480053,"7":0.0454712564,"8":0.0208796586,"9":0.0085223096}}