{"yokohama-fa-marinos":{"0":0.1639759162,"1":0.2964743128,"2":0.268018073,"3":0.1615287493,"4":0.0730124369,"5":0.0264018187,"6":0.0079559052,"7":0.0020549372,"8":0.000464425,"9":0.0000932997},"kashiwa-reysol":{"0":0.3946141059,"1":0.3669307183,"2":0.1705947026,"3":0.052875654,"4":0.0122915663,"5":0.0022858551,"6":0.0003542492,"7":0.0000470568,"8":0.0000054695,"9":0.0000005651}}