{"cerezo-osaka":{"0":0.5257880244,"1":0.3380065871,"2":0.1086449744,"3":0.023281066,"4":0.0037415999,"5":0.0004810628,"6":0.0000515424,"7":0.0000047335,"8":0.0000003804,"9":0.0000000272},"fc-tokyo":{"0":0.413156604,"1":0.3652009268,"2":0.1614057667,"3":0.0475570563,"4":0.0105092602,"5":0.0018578871,"6":0.0002737066,"7":0.0000345624,"8":0.0000038188,"9":0.0000003751}}