{"omiya-ardija":{"0":0.2160721591,"1":0.3310534152,"2":0.2536105627,"3":0.1295225374,"4":0.0496117576,"5":0.01520246,"6":0.0038820568,"7":0.0008496951,"8":0.0001627318,"9":0.0000277031},"gamba-osaka":{"0":0.0961508723,"1":0.2251696448,"2":0.2636552729,"3":0.2058125345,"4":0.1204948384,"5":0.0564358478,"6":0.0220272569,"7":0.0073691771,"8":0.0021571762,"9":0.0005613061}}