{"shimizu-s-pulse":{"0":0.1800923121,"1":0.308729678,"2":0.2646254383,"3":0.1512145361,"4":0.0648062298,"5":0.0222192788,"6":0.0063483654,"7":0.0015547017,"8":0.0003331504,"9":0.0000634572},"tokushima-vortis":{"0":0.5763613864,"1":0.3175868864,"2":0.0874984279,"3":0.0160711398,"4":0.0022138815,"5":0.0002439788,"6":0.0000224062,"7":0.0000017638,"8":0.0000001215,"9":0.0000000074}}