{"sanfrecce-hiroshima":{"0":0.4454373783,"1":0.3602245873,"2":0.145656561,"3":0.039264086,"4":0.0079382029,"5":0.0012839227,"6":0.0001730511,"7":0.0000199923,"8":0.000002021,"9":0.0000001816},"sagan-tosu":{"0":0.1757516908,"1":0.3055764995,"2":0.265650352,"3":0.1539605949,"4":0.0669221722,"5":0.0232712903,"6":0.0067435666,"7":0.0016749894,"8":0.0003640345,"9":0.0000703267}}