{"kashiwa-reysol":{"0":0.1617153144,"1":0.2946320112,"2":0.268397654,"3":0.1629994885,"4":0.0742429177,"5":0.0270528988,"6":0.008214693,"7":0.0021380708,"8":0.0004869237,"9":0.0000985705},"vissel-kobe":{"0":0.2817692891,"1":0.3569077662,"2":0.2260415853,"3":0.0954397804,"4":0.0302225971,"5":0.0076563913,"6":0.0016163493,"7":0.0002924822,"8":0.0000463097,"9":0.0000065177}}