{"sagan-tosu":{"0":0.4714686884,"1":0.3544985268,"2":0.1332741798,"3":0.0334030669,"4":0.0062789631,"5":0.0009442337,"6":0.0001183286,"7":0.0000127102,"8":0.0000011946,"9":0.0000000998},"fc-tokyo":{"0":0.602251221,"1":0.3053899166,"2":0.0774286526,"3":0.0130875228,"4":0.0016591073,"5":0.0001682602,"6":0.0000142202,"7":0.0000010301,"8":0.0000000653,"9":0.0000000037}}