{"urawa-red-diamonds":{"0":0.2307985457,"1":0.3383991462,"2":0.2480821138,"3":0.1212468291,"4":0.0444433297,"5":0.0130326513,"6":0.0031847674,"7":0.0006670768,"8":0.0001222593,"9":0.0000199175},"sanfrecce-hiroshima":{"0":0.5458603218,"1":0.3304595576,"2":0.1000288122,"3":0.0201855528,"4":0.0030550438,"5":0.0003698999,"6":0.0000373224,"7":0.0000032278,"8":0.0000002443,"9":0.0000000164}}