{"albirex-niigata":{"0":0.4127424423,"1":0.3652487914,"2":0.1616100817,"3":0.0476712844,"4":0.0105464554,"5":0.0018665781,"6":0.000275299,"7":0.000034803,"8":0.0000038498,"9":0.0000003785},"omiya-ardija":{"0":0.4573286769,"1":0.3577924354,"2":0.1399599821,"3":0.0364993679,"4":0.007138847,"5":0.0011170196,"6":0.0001456506,"7":0.0000162786,"8":0.000001592,"9":0.0000001384}}