{"vegalta-sendai":{"0":0.1246566924,"1":0.2595591404,"2":0.2702259544,"3":0.187554087,"4":0.0976308946,"5":0.0406572493,"6":0.014109365,"7":0.0041969148,"8":0.0010923477,"9":0.0002527197},"shimizu-s-pulse":{"0":0.18358123,"1":0.311188183,"2":0.2637472394,"3":0.1490258095,"4":0.0631533393,"5":0.0214102203,"6":0.0060487371,"7":0.0014647432,"8":0.0003103604,"9":0.0000584546}}