{"gamba-osaka":{"0":0.2355183346,"1":0.3405516254,"2":0.2462131234,"3":0.1186719773,"4":0.0428989263,"5":0.0124060822,"6":0.0029897966,"7":0.0006175922,"8":0.0001116272,"9":0.0000179344},"nagoya-grampus-eight":{"0":0.4846148286,"1":0.3510554041,"2":0.1271524203,"3":0.030703108,"4":0.0055603396,"5":0.000805583,"6":0.0000972608,"7":0.0000100651,"8":0.0000009114,"9":0.0000000734}}