{"kashima-antlers":{"0":0.1571055921,"1":0.2907768645,"2":0.26909031,"3":0.1660141131,"4":0.0768162715,"5":0.0284348816,"6":0.0087713892,"7":0.0023192018,"8":0.0005365581,"9":0.0001103424},"ventforet-kofu":{"0":0.3899560912,"1":0.367229892,"2":0.172914075,"3":0.0542789462,"4":0.0127789077,"5":0.0024068335,"6":0.000377761,"7":0.0000508208,"8":0.0000059824,"9":0.000000626}}