{"tokushima-vortis":{"0":0.8120290382,"1":0.1690800189,"2":0.0176028513,"3":0.0012217504,"4":0.000063598,"5":0.0000026485,"6":0.0000000919,"7":0.0000000027,"8":0.0000000001,"9":0.0},"yokohama-fa-marinos":{"0":0.2033865225,"1":0.3239229468,"2":0.2579474643,"3":0.1369397568,"4":0.0545241752,"5":0.0173675535,"6":0.0046100638,"7":0.0010488864,"8":0.0002088132,"9":0.0000369518}}