{"kawasaki-frontale":{"0":0.2452494429,"1":0.3446930526,"2":0.2422295014,"3":0.1134828623,"4":0.0398744578,"5":0.0112085462,"6":0.0026255636,"7":0.0005271679,"8":0.0000926155,"9":0.0000144632},"cerezo-osaka":{"0":0.3363153955,"1":0.3664848648,"2":0.1996803565,"3":0.072530953,"4":0.0197593515,"5":0.0043063763,"6":0.0007821139,"7":0.0001217535,"8":0.0000165844,"9":0.000002008}}