{"vissel-kobe":{"0":0.2199922215,"1":0.3331041019,"2":0.2521869681,"3":0.1272840663,"4":0.0481822088,"5":0.0145911444,"6":0.0036822287,"7":0.0007964993,"8":0.0001507537,"9":0.0000253629},"vegalta-sendai":{"0":0.6942126464,"1":0.2533716202,"2":0.0462374017,"3":0.0056251954,"4":0.0005132667,"5":0.0000374661,"6":0.000002279,"7":0.0000001188,"8":0.0000000054,"9":0.0000000002}}