{"fc-tokyo":{"0":0.2905291097,"1":0.3591089425,"2":0.2219385739,"3":0.0914425025,"4":0.0282569107,"5":0.0069853994,"6":0.0014390522,"7":0.0002541061,"8":0.000039261,"9":0.0000053921},"urawa-red-diamonds":{"0":0.3401593775,"1":0.366807808,"2":0.1977719518,"3":0.0710885357,"4":0.0191644209,"5":0.0041331562,"6":0.0007428253,"7":0.0001144313,"8":0.0000154245,"9":0.0000018481}}