{"yokohama-fa-marinos":{"0":0.4002789078,"1":0.3664928484,"2":0.1677792725,"3":0.0512058819,"4":0.0117209458,"5":0.0021463248,"6":0.0003275269,"7":0.0000428402,"8":0.000004903,"9":0.0000004988},"kawasaki-frontale":{"0":0.1845733855,"1":0.3118751521,"2":0.2634889918,"3":0.1484064982,"4":0.0626909171,"5":0.0211858706,"6":0.005966323,"7":0.0014401921,"8":0.000304188,"9":0.0000571099}}