{"shimizu-s-pulse":{"0":0.4618421149,"1":0.3567879,"2":0.1378150687,"3":0.0354888589,"4":0.0068540715,"5":0.0010589982,"6":0.0001363517,"7":0.000015048,"8":0.0000014531,"9":0.0000001247},"kashima-antlers":{"0":0.2125905855,"1":0.3291725195,"2":0.2548432409,"3":0.1315319953,"4":0.0509156111,"5":0.015767415,"6":0.0040690103,"7":0.0009000576,"8":0.0001742047,"9":0.0000299707}}