{"omiya-ardija":{"0":0.5163635507,"1":0.341287497,"2":0.1127859969,"3":0.024848417,"4":0.0041058543,"5":0.0005427481,"6":0.0000597877,"7":0.0000056452,"8":0.0000004664,"9":0.0000000343},"sagan-tosu":{"0":0.1026430652,"1":0.2336667013,"2":0.2659708536,"3":0.2018273451,"4":0.1148648715,"5":0.0522979231,"6":0.0198426836,"7":0.0064531176,"8":0.0018363134,"9":0.0004644848}}