{"ventforet-kofu":{"0":0.4950956554,"1":0.3480543706,"2":0.1223418582,"3":0.0286689505,"4":0.0050385988,"5":0.0007084313,"6":0.000083005,"7":0.0000083361,"8":0.0000007325,"9":0.0000000572},"gamba-osaka":{"0":0.4435684158,"1":0.3605781961,"2":0.1465575894,"3":0.0397123791,"4":0.0080705803,"5":0.0013121201,"6":0.0001777711,"7":0.0000206444,"8":0.0000020977,"9":0.0000001895}}