{"sanfrecce-hiroshima":{"0":0.1974405808,"1":0.3203113285,"2":0.2598233523,"3":0.1405053322,"4":0.0569860682,"5":0.0184899002,"6":0.0049994151,"7":0.0011586627,"8":0.0002349649,"9":0.0000423542},"cerezo-osaka":{"0":0.246142826,"1":0.3450536759,"2":0.241855595,"3":0.1130145499,"4":0.0396071729,"5":0.0111046101,"6":0.0025944873,"7":0.0005195807,"8":0.0000910463,"9":0.0000141814}}