{"albirex-niigata":{"0":0.2731172532,"1":0.3544663406,"2":0.2300227927,"3":0.0995120064,"4":0.0322880158,"5":0.0083810266,"6":0.0018128916,"7":0.0003361241,"8":0.00005453,"9":0.0000078636},"tokushima-vortis":{"0":0.7058256005,"1":0.2459005318,"2":0.0428342862,"3":0.0049743042,"4":0.0004332458,"5":0.0000301875,"6":0.0000017528,"7":0.0000000872,"8":0.0000000038,"9":0.0000000001}}