{"nagoya-grampus-eight":{"0":0.1120465127,"1":0.2452520236,"2":0.268408867,"3":0.1958347957,"4":0.1071628174,"5":0.046912478,"6":0.0171139941,"7":0.0053514022,"8":0.0014641712,"9":0.0003560931},"kashiwa-reysol":{"0":0.1200537562,"1":0.2544918334,"2":0.2697378879,"3":0.1905982004,"4":0.1010082629,"5":0.0428237797,"6":0.0151297532,"7":0.0045817554,"8":0.0012140596,"9":0.0002859536}}