{"sagan-tosu":{"0":0.125994428,"1":0.2609996745,"2":0.270332709,"3":0.1866663211,"4":0.0966706422,"5":0.0400509872,"6":0.0138277208,"7":0.0040920524,"8":0.0010595948,"9":0.0002438855},"shimizu-s-pulse":{"0":0.3711092664,"1":0.3678653042,"2":0.1823248492,"3":0.0602437002,"4":0.0149292736,"5":0.0029597546,"6":0.0004889804,"7":0.0000692437,"8":0.0000085798,"9":0.000000945}}