{"urawa-red-diamonds":{"0":0.1872420266,"1":0.3136965357,"2":0.2627762536,"3":0.1467476826,"4":0.0614635513,"5":0.020594632,"6":0.0057505472,"7":0.001376314,"8":0.0002882265,"9":0.0000536535},"omiya-ardija":{"0":0.6061451938,"1":0.3034579403,"2":0.0759609434,"3":0.0126762541,"4":0.0015865464,"5":0.0001588564,"6":0.0000132549,"7":0.000000948,"8":0.0000000593,"9":0.0000000033}}