{"tokushima-vortis":{"0":0.726090479,"1":0.232407509,"2":0.0371945727,"3":0.0039684209,"4":0.0003175537,"5":0.0000203286,"6":0.0000010845,"7":0.0000000496,"8":0.000000002,"9":0.0000000001},"sanfrecce-hiroshima":{"0":0.0992612516,"1":0.2292934911,"2":0.2648339822,"3":0.2039221663,"4":0.117765051,"5":0.0544074536,"6":0.0209468696,"7":0.006912467,"8":0.0019959748,"9":0.0005123002}}