{"nagoya-grampus-eight":{"0":0.3300522186,"1":0.3658643362,"2":0.202781113,"3":0.0749279186,"4":0.0207644818,"5":0.0046035039,"6":0.0008505007,"7":0.0001346834,"8":0.0000186621,"9":0.0000022986},"kawasaki-frontale":{"0":0.0711221368,"1":0.1880011728,"2":0.2484770745,"3":0.2189378419,"4":0.1446826997,"5":0.0764895951,"6":0.0336982132,"7":0.0127251994,"8":0.004204655,"9":0.0012349336}}