{"kashima-antlers":{"0":0.4596275876,"1":0.3572863158,"2":0.1388662419,"3":0.0359820351,"4":0.0069925572,"5":0.0010871171,"6":0.000140843,"7":0.0000156404,"8":0.0000015197,"9":0.0000001313},"fc-tokyo":{"0":0.3886795709,"1":0.3673021945,"2":0.1735502869,"3":0.0546683404,"4":0.0129153954,"5":0.0024410097,"6":0.000384459,"7":0.000051902,"8":0.0000061309,"9":0.0000006437}}