{"cerezo-osaka":{"0":0.2737432882,"1":0.3546520907,"2":0.2297373322,"3":0.0992131785,"4":0.0321342684,"5":0.0083264036,"6":0.0017978988,"7":0.0003327563,"8":0.0000538884,"9":0.0000077573},"vissel-kobe":{"0":0.2208250289,"1":0.3335307264,"2":0.2518798389,"3":0.1268118112,"4":0.0478836522,"5":0.0144645463,"6":0.0036411714,"7":0.0007856527,"8":0.0001483297,"9":0.0000248928}}