{"vegalta-sendai":{"0":0.435448694,"1":0.3620225945,"2":0.1504888644,"3":0.0417043921,"4":0.0086680316,"5":0.0014412827,"6":0.0001997085,"7":0.000023719,"8":0.0000024649,"9":0.0000002277},"yokohama-fa-marinos":{"0":0.2441945074,"1":0.3442630258,"2":0.2426693217,"3":0.1140376113,"4":0.040192277,"5":0.0113325357,"6":0.0026627497,"7":0.0005362741,"8":0.0000945042,"9":0.0000148035}}