{"kashiwa-reysol":{"0":0.2366777617,"1":0.3410658419,"2":0.2457474409,"3":0.1180452517,"4":0.0425274462,"5":0.0122568839,"6":0.0029438088,"7":0.0006060275,"8":0.0001091649,"9":0.0000174792},"ventforet-kofu":{"0":0.6628617641,"1":0.2725613407,"2":0.0560370868,"3":0.0076806077,"4":0.000789545,"5":0.0000649304,"6":0.0000044498,"7":0.0000002614,"8":0.0000000134,"9":0.0000000006}}