{"gamba-osaka":{"0":0.3188147196,"1":0.364451504,"2":0.2083104867,"3":0.079376375,"4":0.0226846797,"5":0.0051863764,"6":0.0009881302,"7":0.000161368,"8":0.0000230584,"9":0.0000029288},"albirex-niigata":{"0":0.5590376467,"1":0.325101893,"2":0.0945296274,"3":0.0183242047,"4":0.0026640575,"5":0.0003098504,"6":0.0000300317,"7":0.0000024949,"8":0.0000001814,"9":0.0000000117}}