{"kawasaki-frontale":{"0":0.0741533945,"1":0.1929189121,"2":0.2509507953,"3":0.2176261553,"4":0.1415451087,"5":0.0736493011,"6":0.0319345755,"7":0.0118688017,"8":0.0038597632,"9":0.0011157372},"tokushima-vortis":{"0":0.3729535605,"1":0.3678446076,"2":0.1814028202,"3":0.0596392833,"4":0.0147055767,"5":0.0029008261,"6":0.0004768481,"7":0.000067188,"8":0.0000082835,"9":0.0000009078}}