{"albirex-niigata":{"0":0.3992295862,"1":0.3665800411,"2":0.1683003104,"3":0.0515121598,"4":0.0118248561,"5":0.0021715606,"6":0.0003323279,"7":0.0000435928,"8":0.0000050035,"9":0.0000005105},"vegalta-sendai":{"0":0.7500081297,"1":0.2157557633,"2":0.0310333632,"3":0.002975802,"4":0.0002140132,"5":0.0000123131,"6":0.0000005904,"7":0.0000000243,"8":0.0000000009,"9":0.0}}