{"ventforet-kofu":{"0":0.5582234485,"1":0.3254420105,"2":0.0948656873,"3":0.0184354372,"4":0.0026869463,"5":0.0003132958,"6":0.0000304417,"7":0.0000025353,"8":0.0000001848,"9":0.000000012},"sagan-tosu":{"0":0.4772446496,"1":0.3530302887,"2":0.1305728465,"3":0.0321960443,"4":0.005954063,"5":0.0008808751,"6":0.000108601,"7":0.0000114764,"8":0.0000010612,"9":0.0000000872}}