{"omiya-ardija":{"0":0.3754022786,"1":0.3678030422,"2":0.1801788182,"3":0.0588438246,"4":0.0144131635,"5":0.0028242798,"6":0.0004611847,"7":0.0000645499,"8":0.0000079054,"9":0.0000008606},"kashima-antlers":{"0":0.0259141005,"1":0.0946633809,"2":0.1729011524,"3":0.2105341277,"4":0.1922686098,"5":0.1404702172,"6":0.0855222022,"7":0.0446299816,"8":0.020378987,"9":0.008271532}}