{"yokohama-fa-marinos":{"0":0.3784543129,"1":0.367728887,"2":0.1786537103,"3":0.0578635499,"4":0.0140559231,"5":0.0027315154,"6":0.0004423507,"7":0.0000614021,"8":0.0000074577,"9":0.0000008052},"nagoya-grampus-eight":{"0":0.3662034557,"1":0.3678756176,"2":0.1847777075,"3":0.0618738138,"4":0.0155390857,"5":0.0031220081,"6":0.0005227106,"7":0.0000750139,"8":0.0000094196,"9":0.0000010514}}