{"cerezo-osaka":{"0":0.2199906925,"1":0.3331033157,"2":0.2521875305,"3":0.1272849344,"4":0.0481827586,"5":0.0145913779,"6":0.0036823045,"7":0.0007965193,"8":0.0001507582,"9":0.0000253637},"kashiwa-reysol":{"0":0.3342418618,"1":0.3662924513,"2":0.2007081925,"3":0.0733180612,"4":0.02008714,"5":0.0044026608,"6":0.000804139,"7":0.0001258926,"8":0.0000172456,"9":0.0000020999}}