{"fc-tokyo":{"0":0.1091115402,"1":0.2417240275,"2":0.2677558459,"3":0.1977273939,"4":0.1095105566,"5":0.0485216005,"6":0.0179156679,"7":0.0056700136,"8":0.0015701576,"9":0.0003865003},"vissel-kobe":{"0":0.1869877207,"1":0.3135246167,"2":0.2628452951,"3":0.1469053156,"4":0.0615794885,"5":0.0206502175,"6":0.0057707457,"7":0.0013822686,"8":0.0002897084,"9":0.0000539731}}