{"sanfrecce-hiroshima":{"0":0.2196347206,"1":0.3329199975,"2":0.2523183139,"3":0.1274871481,"4":0.0483109193,"5":0.0146458366,"6":0.0037000008,"7":0.0008012032,"8":0.0001518069,"9":0.0000255675},"gamba-osaka":{"0":0.2277624555,"1":0.3369636329,"2":0.2492607695,"3":0.1229231192,"4":0.0454647153,"5":0.0134525733,"6":0.0033170729,"7":0.0007010643,"8":0.0001296489,"9":0.0000213121}}