{"shimizu-s-pulse":{"0":0.3104940181,"1":0.3631508983,"2":0.2123689464,"3":0.0827949109,"4":0.0242090383,"5":0.0056629329,"6":0.0011038856,"7":0.000184442,"8":0.0000269652,"9":0.0000035043},"urawa-red-diamonds":{"0":0.1971991101,"1":0.3201609093,"2":0.2598972374,"3":0.1406513039,"4":0.0570883019,"5":0.0185370437,"6":0.0050159428,"7":0.0011633701,"8":0.0002360974,"9":0.0000425904}}