{"kawasaki-frontale":{"0":0.4088900673,"1":0.365674044,"2":0.1635127839,"3":0.0487436483,"4":0.0108979702,"5":0.0019492304,"6":0.0002905357,"7":0.0000371184,"8":0.0000041494,"9":0.0000004123},"fc-tokyo":{"0":0.3981484981,"1":0.3666669889,"2":0.1688373577,"3":0.0518291424,"4":0.011932756,"5":0.0021978472,"6":0.000337344,"7":0.0000443815,"8":0.000005109,"9":0.0000005228}}