{"sagan-tosu":{"0":0.3300050076,"1":0.3658592102,"2":0.2028044402,"3":0.0749462085,"4":0.0207722307,"5":0.0046058161,"6":0.0008510377,"7":0.0001347858,"8":0.0000186787,"9":0.0000023009},"vegalta-sendai":{"0":0.7130053288,"1":0.2411857349,"2":0.0407925133,"3":0.0045995787,"4":0.0003889707,"5":0.0000263151,"6":0.0000014836,"7":0.0000000717,"8":0.000000003,"9":0.0000000001}}