{"urawa-red-diamonds":{"0":0.1028026069,"1":0.233870232,"2":0.266020907,"3":0.2017276057,"4":0.1147297802,"5":0.052200778,"6":0.0197923127,"7":0.0064323449,"8":0.0018291535,"9":0.0004623581},"kashiwa-reysol":{"0":0.7375364662,"1":0.2245354147,"2":0.0341787523,"3":0.0034684569,"4":0.000263984,"5":0.0000160734,"6":0.0000008156,"7":0.0000000355,"8":0.0000000013,"9":0.0}}