{"sanfrecce-hiroshima":{"0":0.2530966772,"1":0.3477507191,"2":0.2389019168,"3":0.109415783,"4":0.0375838767,"5":0.0103279271,"6":0.0023650673,"7":0.0004642234,"8":0.0000797294,"9":0.0000121719},"albirex-niigata":{"0":0.5412069784,"1":0.3322759123,"2":0.1020009777,"3":0.0208746187,"4":0.0032040112,"5":0.0003934228,"6":0.0000402572,"7":0.0000035309,"8":0.000000271,"9":0.0000000185}}