{"nagoya-grampus-eight":{"0":0.2238735137,"1":0.3350656801,"2":0.2507420555,"3":0.1250930432,"4":0.0468058781,"5":0.0140106287,"6":0.0034948908,"7":0.0007472446,"8":0.0001397977,"9":0.000023248},"ventforet-kofu":{"0":0.3661723471,"1":0.3678754743,"2":0.1847932615,"3":0.061884255,"4":0.0155430222,"5":0.0031230631,"6":0.0005229315,"7":0.000075052,"8":0.0000094251,"9":0.0000010521}}