{"tokushima-vortis":{"0":0.6735978882,"1":0.2661533119,"2":0.052581508,"3":0.0069253693,"4":0.0006840914,"5":0.0000540599,"6":0.00000356,"7":0.000000201,"8":0.0000000099,"9":0.0000000004},"omiya-ardija":{"0":0.1445754896,"1":0.2796022725,"2":0.2703688951,"3":0.1742936226,"4":0.0842689399,"5":0.032594442,"6":0.0105060225,"7":0.0029025941,"8":0.0007016853,"9":0.0001507807}}