{"vissel-kobe":{"0":0.134239457,"1":0.2695702917,"2":0.2706661059,"3":0.1811775831,"4":0.0909570387,"5":0.0365307131,"6":0.012226404,"7":0.0035074585,"8":0.0008804291,"9":0.0001964462},"shimizu-s-pulse":{"0":0.2984053966,"1":0.3608623401,"2":0.2181958336,"3":0.0879549097,"4":0.0265910192,"5":0.0064313163,"6":0.0012962343,"7":0.0002239342,"8":0.0000338505,"9":0.0000045484}}