{"gamba-osaka":{"0":0.1288919931,"1":0.2640714006,"2":0.2705121664,"3":0.1847400161,"4":0.0946229351,"5":0.0387723246,"6":0.0132393304,"7":0.003874926,"8":0.0009923591,"9":0.0002259029},"cerezo-osaka":{"0":0.5248455958,"1":0.3383423237,"2":0.1090563862,"3":0.0234344421,"4":0.0037767601,"5":0.0004869386,"6":0.0000523176,"7":0.0000048181,"8":0.0000003882,"9":0.0000000278}}