{"kashima-antlers":{"0":0.3614113993,"1":0.3678222445,"2":0.1871734038,"3":0.063497851,"4":0.0161560497,"5":0.0032885263,"6":0.0005578099,"7":0.0000811006,"8":0.0000103174,"9":0.0000011667},"yokohama-fa-marinos":{"0":0.2266963634,"1":0.3364499938,"2":0.24967008,"3":0.1235154307,"4":0.045828664,"5":0.0136032652,"6":0.0033648669,"7":0.0007134209,"8":0.0001323524,"9":0.0000218256}}