{"cerezo-osaka":{"0":0.5244431077,"1":0.338485193,"2":0.1092322734,"3":0.0235001704,"4":0.0037918602,"5":0.0004894672,"6":0.0000526519,"7":0.0000048546,"8":0.0000003917,"9":0.0000000281},"nagoya-grampus-eight":{"0":0.3490180709,"1":0.3673874431,"2":0.1933618122,"3":0.0678462499,"4":0.0178542763,"5":0.003758795,"6":0.0006594377,"7":0.0000991636,"8":0.0000130478,"9":0.0000015261}}