{"vegalta-sendai":{"0":0.2114461632,"1":0.3285418472,"2":0.2552416741,"3":0.132196883,"4":0.0513513789,"5":0.015957799,"6":0.0041324978,"7":0.0009172875,"8":0.0001781584,"9":0.0000307578},"kashima-antlers":{"0":0.0635466586,"1":0.175133375,"2":0.2413321148,"3":0.2217022299,"4":0.1527517756,"5":0.084196194,"6":0.0386738499,"7":0.0152263414,"8":0.0052454382,"9":0.0016062586}}