{"shimizu-s-pulse":{"0":0.2830444308,"1":0.357244923,"2":0.2254485889,"3":0.0948500836,"4":0.0299287913,"5":0.0075549331,"6":0.0015892449,"7":0.0002865525,"8":0.0000452091,"9":0.0000063401},"gamba-osaka":{"0":0.1452663096,"1":0.2802458184,"2":0.2703232392,"3":0.1738346572,"4":0.0838398729,"5":0.0323485519,"6":0.0104010655,"7":0.0028665137,"8":0.000691255,"9":0.0001481733}}