{"yokohama-fa-marinos":{"0":0.3549222336,"1":0.3676485289,"2":0.1904155727,"3":0.0657477409,"4":0.0170263074,"5":0.0035273625,"6":0.0006089736,"7":0.0000901156,"8":0.0000116684,"9":0.000001343},"sanfrecce-hiroshima":{"0":0.1903878094,"1":0.3157947715,"2":0.2619031598,"3":0.1448055748,"4":0.0600469688,"5":0.0199198876,"6":0.005506827,"7":0.0013048758,"8":0.0002705484,"9":0.0000498618}}