{"ventforet-kofu":{"0":0.3410598816,"1":0.3668771635,"2":0.1973243708,"3":0.0707537585,"4":0.0190274052,"5":0.0040935453,"6":0.0007339025,"7":0.0001127796,"8":0.0000151646,"9":0.0000018125},"vissel-kobe":{"0":0.4433493899,"1":0.360619121,"2":0.1466632789,"3":0.0397651633,"4":0.0080862174,"5":0.0013154612,"6":0.0001783321,"7":0.0000207221,"8":0.0000021069,"9":0.0000001904}}