{"omiya-ardija":{"0":0.4881505219,"1":0.3500681034,"2":0.1255224275,"3":0.0300053612,"4":0.0053794472,"5":0.0007715542,"6":0.0000922176,"7":0.0000094475,"8":0.0000008469,"9":0.0000000675},"kawasaki-frontale":{"0":0.0857653371,"1":0.2106517051,"2":0.2586950764,"3":0.2117971386,"4":0.1300508746,"5":0.0638846401,"6":0.0261516071,"7":0.0091760025,"8":0.0028171937,"9":0.0007688248}}