{"fc-tokyo":{"0":0.0756473169,"1":0.1952966587,"2":0.2520960854,"3":0.2169432448,"4":0.140019146,"5":0.0722967384,"6":0.0311077599,"7":0.0114728676,"8":0.0037023995,"9":0.0010620429},"tokushima-vortis":{"0":0.5378929621,"1":0.3335451095,"2":0.103414943,"3":0.0213757203,"4":0.003313748,"5":0.0004109682,"6":0.0000424733,"7":0.0000037625,"8":0.0000002916,"9":0.0000000201}}