{"albirex-niigata":{"0":0.3664167018,"1":0.3678765293,"2":0.1846710864,"3":0.0618022759,"4":0.015512125,"5":0.0031147853,"6":0.0005211991,"7":0.0000747537,"8":0.0000093814,"9":0.0000010465},"urawa-red-diamonds":{"0":0.2994698223,"1":0.3610832307,"2":0.217686541,"3":0.0874912414,"4":0.0263729579,"5":0.0063597946,"6":0.0012780449,"7":0.0002201417,"8":0.0000331793,"9":0.0000044451}}