{"kashiwa-reysol":{"0":0.3560552645,"1":0.3676873489,"2":0.1898497228,"3":0.0653506615,"4":0.0168714058,"5":0.0034845167,"6":0.0005997256,"7":0.000088474,"8":0.0000114206,"9":0.0000013104},"sagan-tosu":{"0":0.4606486762,"1":0.3570578256,"2":0.1383812625,"3":0.0357540104,"4":0.0069284087,"5":0.0010740691,"6":0.0001387553,"7":0.0000153646,"8":0.0000014887,"9":0.0000001282}}