{"fc-tokyo":{"0":0.0313482944,"1":0.1085464605,"2":0.1879262384,"3":0.2169041775,"4":0.1877628529,"5":0.1300293589,"6":0.0750398437,"7":0.0371189456,"8":0.0160659864,"9":0.0061811123},"kashiwa-reysol":{"0":0.5312071049,"1":0.3360433706,"2":0.1062910736,"3":0.0224133615,"4":0.0035446916,"5":0.0004484767,"6":0.0000472846,"7":0.0000042732,"8":0.0000003379,"9":0.0000000238}}