{"gamba-osaka":{"0":0.2522918737,"1":0.3474484547,"2":0.2392475567,"3":0.1098280769,"4":0.0378129456,"5":0.0104149605,"6":0.0023905262,"7":0.0004703082,"8":0.0000809617,"9":0.0000123887},"sagan-tosu":{"0":0.4951509755,"1":0.3480379377,"2":0.1223166389,"3":0.0286584852,"4":0.005035959,"5":0.0007079476,"6":0.0000829352,"7":0.0000083278,"8":0.0000007317,"9":0.0000000571}}