{"tokushima-vortis":{"0":0.7743278711,"1":0.1980420103,"2":0.0253256013,"3":0.002159091,"4":0.0001380522,"5":0.0000070616,"6":0.000000301,"7":0.000000011,"8":0.0000000004,"9":0.0},"kashima-antlers":{"0":0.0443271898,"1":0.1381304839,"2":0.2152181389,"3":0.2235511718,"4":0.1741551386,"5":0.1085389517,"6":0.0563707361,"7":0.0250942951,"8":0.0097747205,"9":0.003384396}}