{"cerezo-osaka":{"0":0.3992719873,"1":0.3665765713,"2":0.1682792518,"3":0.0514997572,"4":0.0118206417,"5":0.0021705356,"6":0.0003321326,"7":0.0000435622,"8":0.0000049994,"9":0.00000051},"urawa-red-diamonds":{"0":0.1312595639,"1":0.26653285,"2":0.270607939,"3":0.1831635554,"4":0.092981995,"5":0.0377614482,"6":0.0127795976,"7":0.0037071395,"8":0.0009409547,"9":0.000212298}}