{"omiya-ardija":{"0":0.2198333552,"1":0.3330223613,"2":0.2522453725,"3":0.1273742854,"4":0.0482393644,"5":0.0146154227,"6":0.0036901153,"7":0.000798586,"8":0.0001512208,"9":0.0000254536},"shimizu-s-pulse":{"0":0.0685382266,"1":0.1837073704,"2":0.2462012776,"3":0.2199696506,"4":0.1473996631,"5":0.0790169394,"6":0.0352990218,"7":0.0135163164,"8":0.0045285804,"9":0.0013486936}}