{"sanfrecce-hiroshima":{"0":0.2186569779,"1":0.3324135085,"2":0.2526759991,"3":0.1280436542,"4":0.0486646262,"5":0.0147964902,"6":0.0037490634,"7":0.0008142168,"8":0.0001547267,"9":0.0000261359},"vissel-kobe":{"0":0.2650899835,"1":0.3519562466,"2":0.2336436819,"3":0.1034018113,"4":0.034321283,"5":0.0091135771,"6":0.0020166614,"7":0.000382499,"8":0.0000634798,"9":0.0000093646}}