{"kawasaki-frontale":{"0":0.181760403,"1":0.3099134699,"2":0.2642114488,"3":0.1501659796,"4":0.0640107238,"5":0.0218285008,"6":0.0062031722,"7":0.0015109739,"8":0.0003220388,"9":0.0000610108},"vegalta-sendai":{"0":0.6258809878,"1":0.2932847273,"2":0.0687158845,"3":0.0107333076,"4":0.0012573937,"5":0.0001178417,"6":0.0000092033,"7":0.0000006161,"8":0.0000000361,"9":0.0000000019}}