{"nagoya-grampus-eight":{"0":0.2286557181,"1":0.3373901601,"2":0.2489159708,"3":0.1224283097,"4":0.0451619003,"5":0.0133276184,"6":0.0032775675,"7":0.0006908821,"8":0.0001274278,"9":0.0000208916},"albirex-niigata":{"0":0.3737943172,"1":0.3678321434,"2":0.1809825344,"3":0.0593652627,"4":0.0146045906,"5":0.0028743283,"6":0.0004714136,"7":0.0000662706,"8":0.0000081517,"9":0.0000008913}}