{"yokohama-fa-marinos":{"0":0.3279642081,"1":0.3656311592,"2":0.2038120948,"3":0.0757400255,"4":0.021109707,"5":0.0047068347,"6":0.0008745697,"7":0.0001392878,"8":0.0000194106,"9":0.0000024044},"ventforet-kofu":{"0":0.543800105,"1":0.3312686425,"2":0.1009000481,"3":0.020488547,"4":0.0031202702,"5":0.0003801572,"6":0.000038597,"7":0.0000033589,"8":0.0000002558,"9":0.0000000173}}