{"ventforet-kofu":{"0":0.2795755389,"1":0.356314204,"2":0.2270581548,"3":0.0964605678,"4":0.0307343327,"5":0.0078340754,"6":0.0016640657,"7":0.0003029747,"8":0.000048267,"9":0.0000068351},"omiya-ardija":{"0":0.6220980673,"1":0.2952835347,"2":0.0700792772,"3":0.0110878856,"4":0.0013157371,"5":0.0001249049,"6":0.0000098812,"7":0.00000067,"8":0.0000000398,"9":0.0000000021}}