{"vissel-kobe":{"0":0.3513483802,"1":0.3675023287,"2":0.1921994938,"3":0.067012084,"4":0.0175232748,"5":0.0036657885,"6":0.0006390551,"7":0.000095491,"8":0.0000124852,"9":0.000001451},"nagoya-grampus-eight":{"0":0.278443862,"1":0.3560012847,"2":0.2275807299,"3":0.0969902654,"4":0.0310014547,"5":0.0079273126,"6":0.0016892295,"7":0.0003085351,"8":0.0000493093,"9":0.0000070049}}