{"urawa-red-diamonds":{"0":0.0819564395,"1":0.2050195572,"2":0.2564351201,"3":0.2138299121,"4":0.1337274842,"5":0.0669056629,"6":0.0278948375,"7":0.009968688,"8":0.0031171681,"9":0.0008664229},"tokushima-vortis":{"0":0.8027786842,"1":0.1763513822,"2":0.019370102,"3":0.0014183836,"4":0.0000778963,"5":0.0000034224,"6":0.0000001253,"7":0.0000000039,"8":0.0000000001,"9":0.0}}