{"kashiwa-reysol":{"0":0.1612454427,"1":0.2942451319,"2":0.2684733169,"3":0.1633058383,"4":0.0745012497,"5":0.0271903871,"6":0.0082696281,"7":0.0021558065,"8":0.0004917469,"9":0.0000997059},"sanfrecce-hiroshima":{"0":0.6608379848,"1":0.2737498721,"2":0.0566999735,"3":0.0078292566,"4":0.0008108107,"5":0.0000671751,"6":0.0000046378,"7":0.0000002745,"8":0.0000000142,"9":0.0000000007}}