{"albirex-niigata":{"0":0.5529561977,"1":0.3276135466,"2":0.0970516619,"3":0.0191669426,"4":0.0028389907,"5":0.0003364071,"6":0.0000332189,"7":0.0000028116,"8":0.0000002082,"9":0.0000000137},"kawasaki-frontale":{"0":0.3721184863,"1":0.3678551114,"2":0.181820291,"3":0.0599123898,"4":0.0148064928,"5":0.0029273709,"6":0.0004823053,"7":0.0000681114,"8":0.0000084164,"9":0.0000009244}}