{"kashima-antlers":{"0":0.1612454427,"1":0.2942451319,"2":0.2684733169,"3":0.1633058383,"4":0.0745012497,"5":0.0271903871,"6":0.0082696281,"7":0.0021558065,"8":0.0004917469,"9":0.0000997059},"gamba-osaka":{"0":0.1186421053,"1":0.2529027125,"2":0.2695492541,"3":0.1915276686,"4":0.1020671935,"5":0.0435141808,"6":0.0154594559,"7":0.004707722,"8":0.0012543983,"9":0.0002971034}}