{"vegalta-sendai":{"0":0.6061434713,"1":0.3034588004,"2":0.0759615899,"3":0.0126764339,"4":0.0015865779,"5":0.0001588604,"6":0.0000132553,"7":0.000000948,"8":0.0000000593,"9":0.0000000033},"fc-tokyo":{"0":0.3595755215,"1":0.3677850083,"2":0.1880909631,"3":0.0641284258,"4":0.0163981363,"5":0.0033545046,"6":0.0005718486,"7":0.0000835578,"8":0.0000106832,"9":0.0000012141}}