{"sagan-tosu":{"0":0.5177269962,"1":0.3408234144,"2":0.1121832555,"3":0.0246170153,"4":0.0040513897,"5":0.0005334118,"6":0.0000585248,"7":0.0000055039,"8":0.0000004529,"9":0.0000000331},"yokohama-fa-marinos":{"0":0.3606218848,"1":0.3678073769,"2":0.187568021,"3":0.0637684554,"4":0.0162597649,"5":0.0033167491,"6":0.000563806,"7":0.0000821486,"8":0.0000104732,"9":0.0000011869}}