{"shimizu-s-pulse":{"0":0.313918874,"1":0.3637129022,"2":0.2107026468,"3":0.0813748153,"4":0.0235706362,"5":0.0054618853,"6":0.0010547089,"7":0.0001745725,"8":0.0000252829,"9":0.0000032548},"cerezo-osaka":{"0":0.3370927175,"1":0.3665536975,"2":0.1992947432,"3":0.0722375192,"4":0.0196377201,"5":0.0042708006,"6":0.0007740095,"7":0.0001202365,"8":0.0000163431,"9":0.0000019746}}