{"sanfrecce-hiroshima":{"0":0.4229261215,"1":0.3639523595,"2":0.1566010152,"3":0.0449214068,"4":0.0096643664,"5":0.0016633491,"6":0.000238568,"7":0.0000293288,"8":0.0000031549,"9":0.0000003017},"nagoya-grampus-eight":{"0":0.2281819504,"1":0.3371643744,"2":0.2490990528,"3":0.1226905782,"4":0.0453222658,"5":0.0133937442,"6":0.0032984594,"7":0.0006962633,"8":0.0001286009,"9":0.0000211136}}