{"kashima-antlers":{"0":0.0331612086,"1":0.1129594954,"2":0.1923911725,"3":0.2184521281,"4":0.1860324398,"5":0.1267392319,"6":0.071953548,"7":0.0350143902,"8":0.0149090157,"9":0.0056428546},"kashiwa-reysol":{"0":0.366782931,"1":0.3678778054,"2":0.1844879741,"3":0.0616795615,"4":0.0154659199,"5":0.0031024174,"6":0.0005186131,"7":0.0000743087,"8":0.0000093163,"9":0.0000010382}}