{"sagan-tosu":{"0":0.2954890478,"1":0.360237644,"2":0.2195870898,"3":0.0892345942,"4":0.0271969978,"5":0.0066312999,"6":0.0013473956,"7":0.0002346631,"8":0.0000357604,"9":0.000004844},"cerezo-osaka":{"0":0.4884989727,"1":0.3499694133,"2":0.1253621779,"3":0.0299372365,"4":0.0053618931,"5":0.0007682713,"6":0.0000917339,"7":0.0000093885,"8":0.0000008408,"9":0.0000000669}}