{"yokohama-fa-marinos":{"0":0.1921647138,"1":0.3169569383,"2":0.2613947658,"3":0.1437150505,"4":0.059260987,"5":0.0195490427,"6":0.0053740396,"7":0.0012662791,"8":0.0002610755,"9":0.0000478465},"shimizu-s-pulse":{"0":0.3552882417,"1":0.367661464,"2":0.1902327973,"3":0.0656192734,"4":0.0169761304,"5":0.0035134678,"6":0.0006059712,"7":0.0000895821,"8":0.0000115877,"9":0.0000013324}}