{"vegalta-sendai":{"0":0.2685438575,"1":0.3530656293,"2":0.2320949356,"3":0.101714912,"4":0.0334321922,"5":0.008790935,"6":0.0019263005,"7":0.000361798,"8":0.0000594588,"9":0.0000086859},"urawa-red-diamonds":{"0":0.0667722528,"1":0.180716943,"2":0.244552281,"3":0.2206242801,"4":0.1492781198,"5":0.0808032808,"6":0.0364485777,"7":0.0140924139,"8":0.0047675828,"9":0.001433701}}