{"omiya-ardija":{"0":0.6821742744,"1":0.2609112763,"2":0.0498953835,"3":0.0063611644,"4":0.0006082388,"5":0.0000465266,"6":0.0000029658,"7":0.000000162,"8":0.0000000077,"9":0.0000000003},"fc-tokyo":{"0":0.2688953964,"1":0.3531760431,"2":0.2319365059,"3":0.1015443409,"4":0.0333429179,"5":0.0087587366,"6":0.0019173354,"7":0.0003597559,"8":0.0000590644,"9":0.0000086197}}