{"albirex-niigata":{"0":0.3344541958,"1":0.3663127446,"2":0.2006029953,"3":0.0732371674,"4":0.0200533497,"5":0.0043927077,"6":0.0008018561,"7":0.0001254625,"8":0.0000171767,"9":0.0000020903},"ventforet-kofu":{"0":0.6932600707,"1":0.2539758739,"2":0.0465220393,"3":0.0056811174,"4":0.0005203194,"5":0.0000381238,"6":0.0000023278,"7":0.0000001218,"8":0.0000000056,"9":0.0000000002}}