{"gamba-osaka":{"0":0.0972298719,"1":0.2266114544,"2":0.2640790853,"3":0.2051610424,"4":0.1195410456,"5":0.0557223201,"6":0.0216451243,"7":0.0072068285,"8":0.0020995989,"9":0.0005437208},"kawasaki-frontale":{"0":0.6390572765,"1":0.2861450492,"2":0.0640623244,"3":0.009561541,"4":0.0010703217,"5":0.0000958497,"6":0.000007153,"7":0.0000004575,"8":0.0000000256,"9":0.0000000013}}