{"tokushima-vortis":{"0":0.7032475187,"1":0.2475757291,"2":0.0435790671,"3":0.0051139507,"4":0.0004500869,"5":0.0000316903,"6":0.0000018594,"7":0.0000000935,"8":0.0000000041,"9":0.0000000002},"vissel-kobe":{"0":0.0681143639,"1":0.1829938135,"2":0.2458125853,"3":0.2201306734,"4":0.1478489598,"5":0.0794412321,"6":0.0355707009,"7":0.0136518682,"8":0.0045845826,"9":0.0013685321}}