{"kawasaki-frontale":{"0":0.1723652452,"1":0.3030421521,"2":0.2663951941,"3":0.1561199742,"4":0.0686201747,"5":0.0241287684,"6":0.0070702903,"7":0.0017757938,"8":0.0003902617,"9":0.0000762372},"sagan-tosu":{"0":0.2993651029,"1":0.3610616673,"2":0.2177366806,"3":0.0875367772,"4":0.0263943379,"5":0.0063667966,"6":0.0012798231,"7":0.0002205119,"8":0.0000332447,"9":0.0000044551}}