{"fc-tokyo":{"0":0.1072537089,"1":0.2394501409,"2":0.2672931805,"3":0.1989158553,"4":0.111022803,"5":0.0495729725,"6":0.0184457572,"7":0.0058830322,"8":0.0016417764,"9":0.0004072624},"sanfrecce-hiroshima":{"0":0.5663585511,"1":0.3219906484,"2":0.0915303366,"3":0.0173458506,"4":0.0024654001,"5":0.0002803298,"6":0.0000265625,"7":0.0000021574,"8":0.0000001533,"9":0.0000000097}}