{"vissel-kobe":{"0":0.3594228193,"1":0.3677814895,"2":0.1881672737,"3":0.0641810856,"4":0.0164184172,"5":0.0033600482,"6":0.0005730315,"7":0.0000837654,"8":0.0000107142,"9":0.0000012181},"kashima-antlers":{"0":0.0814623594,"1":0.2042761703,"2":0.256122914,"3":0.2140858198,"4":0.1342111612,"5":0.0673099631,"6":0.0281312367,"7":0.0100774698,"8":0.0031588008,"9":0.0008801171}}