{"omiya-ardija":{"0":0.4384435048,"1":0.3615073295,"2":0.1490357912,"3":0.0409612111,"4":0.0084433786,"5":0.0013923542,"6":0.0001913383,"7":0.0000225376,"8":0.0000023228,"9":0.0000002128},"yokohama-fa-marinos":{"0":0.0929554886,"1":0.2208282673,"2":0.2623036271,"3":0.2077125169,"4":0.1233622562,"5":0.0586127268,"6":0.0232070695,"7":0.0078759308,"8":0.0023387916,"9":0.000617346}}