{"nagoya-grampus-eight":{"0":0.4329169796,"1":0.3624421225,"2":0.1517199582,"3":0.0423404535,"4":0.0088619554,"5":0.0014838623,"6":0.0002070506,"7":0.0000247635,"8":0.0000025915,"9":0.0000002411},"vegalta-sendai":{"0":0.5039495134,"1":0.3453461132,"2":0.118329252,"3":0.0270295246,"4":0.0046306927,"5":0.0006346635,"6":0.0000724869,"7":0.0000070963,"8":0.0000006079,"9":0.0000000463}}