{"shimizu-s-pulse":{"0":0.3030678868,"1":0.3618019734,"2":0.2159593175,"3":0.0859372995,"4":0.0256479537,"5":0.0061236975,"6":0.0012184101,"7":0.0002077909,"8":0.0000310076,"9":0.000004113},"albirex-niigata":{"0":0.4913198692,"1":0.3491613284,"2":0.1240674771,"3":0.0293899269,"4":0.0052215606,"5":0.0007421507,"6":0.0000879028,"7":0.0000089241,"8":0.0000007928,"9":0.0000000626}}