{"cerezo-osaka":{"0":0.3229581411,"1":0.365017806,"2":0.2062775043,"3":0.0777138505,"4":0.021958681,"5":0.0049636832,"6":0.0009350194,"7":0.0001509699,"8":0.0000213289,"9":0.0000026785},"tokushima-vortis":{"0":0.4475079779,"1":0.3598236736,"2":0.1446600759,"3":0.0387718376,"4":0.0077937298,"5":0.0012533267,"6":0.0001679585,"7":0.0000192927,"8":0.0000019391,"9":0.0000001732}}