{"urawa-red-diamonds":{"0":0.2210174233,"1":0.3336288377,"2":0.2518086576,"3":0.1267028764,"4":0.0478149333,"5":0.0144354598,"6":0.0036317541,"7":0.000783169,"8":0.0001477755,"9":0.0000247855},"ventforet-kofu":{"0":0.8124829416,"1":0.1687205001,"2":0.0175182799,"3":0.0012126174,"4":0.0000629531,"5":0.0000026146,"6":0.0000000905,"7":0.0000000027,"8":0.0000000001,"9":0.0}}