{"kashiwa-reysol":{"0":0.1761474046,"1":0.3058683614,"2":0.2655601277,"3":0.1537092212,"4":0.0667264836,"5":0.0231732284,"6":0.006706464,"7":0.001663619,"8":0.0003610956,"9":0.0000696687},"gamba-osaka":{"0":0.5438199529,"1":0.331260885,"2":0.1008916401,"3":0.0204856122,"4":0.0031196364,"5":0.0003800572,"6":0.0000385845,"7":0.0000033576,"8":0.0000002557,"9":0.0000000173}}