{"ventforet-kofu":{"0":0.4051593212,"1":0.3660512786,"2":0.1653590718,"3":0.0497992572,"4":0.0112480948,"5":0.0020324743,"6":0.0003060482,"7":0.000039501,"8":0.000004461,"9":0.0000004478},"kawasaki-frontale":{"0":0.5858102436,"1":0.3132675099,"2":0.0837613663,"3":0.0149307248,"4":0.0019960862,"5":0.0002134852,"6":0.0000190272,"7":0.0000014536,"8":0.0000000972,"9":0.0000000058}}