{"vissel-kobe":{"0":0.3958812737,"1":0.3668397903,"2":0.1699643816,"3":0.0524986507,"4":0.0121618496,"5":0.0022539335,"6":0.0003480978,"7":0.0000460802,"8":0.0000053375,"9":0.0000005495},"omiya-ardija":{"0":0.2374238124,"1":0.3413937172,"2":0.2454464634,"3":0.1176431851,"4":0.0422900338,"5":0.0121618398,"6":0.0029146021,"7":0.0005987045,"8":0.0001076103,"9":0.0000171926}}