{"kashima-antlers":{"0":0.1719386141,"1":0.3027181777,"2":0.2664855001,"3":0.1563930348,"4":0.0688370887,"5":0.0242391602,"6":0.0071126493,"7":0.001788951,"8":0.0003937074,"9":0.0000770187},"urawa-red-diamonds":{"0":0.0784373905,"1":0.1996588122,"2":0.2541112156,"3":0.2156095162,"4":0.1372060558,"5":0.0698503557,"6":0.0296334842,"7":0.0107758124,"8":0.0034286676,"9":0.0009697242}}