{"vegalta-sendai":{"0":0.0391193816,"1":0.1267912846,"2":0.2054739772,"3":0.2219897866,"4":0.1798748411,"5":0.1165998092,"6":0.0629859973,"7":0.0291637517,"8":0.0118154652,"9":0.0042550605},"kashiwa-reysol":{"0":0.2360172774,"1":0.3407736091,"2":0.2460130333,"3":0.1184019946,"4":0.0427386879,"5":0.0123416532,"6":0.0029699165,"7":0.0006125878,"8":0.0001105606,"9":0.000017737}}