{"gamba-osaka":{"0":0.3958812737,"1":0.3668397903,"2":0.1699643816,"3":0.0524986507,"4":0.0121618496,"5":0.0022539335,"6":0.0003480978,"7":0.0000460802,"8":0.0000053375,"9":0.0000005495},"fc-tokyo":{"0":0.8074261014,"1":0.1727114655,"2":0.0184718145,"3":0.0013170634,"4":0.0000704312,"5":0.0000030131,"6":0.0000001074,"7":0.0000000033,"8":0.0000000001,"9":0.0}}