{"shimizu-s-pulse":{"0":0.3111228068,"1":0.3632568988,"2":0.2120634868,"3":0.0825328165,"4":0.02409066,"5":0.0056254946,"6":0.0010946909,"7":0.0001825894,"8":0.0000266482,"9":0.0000034571},"sanfrecce-hiroshima":{"0":0.3150322659,"1":0.3638875371,"2":0.2101596471,"3":0.0809170834,"4":0.0233664305,"5":0.0053980203,"6":0.0010391911,"7":0.0001714784,"8":0.0000247589,"9":0.0000031776}}