{"sagan-tosu":{"0":0.3140191969,"1":0.3637287995,"2":0.2106537449,"3":0.0813334922,"4":0.0235521696,"5":0.0054561011,"6":0.0010533014,"7":0.0001742915,"8":0.0000252352,"9":0.0000032478},"albirex-niigata":{"0":0.6804324426,"1":0.2619846838,"2":0.0504355541,"3":0.0064730123,"4":0.0006230707,"5":0.0000479798,"6":0.0000030789,"7":0.0000001694,"8":0.0000000082,"9":0.0000000003}}