{"yokohama-fa-marinos":{"0":0.3008326343,"1":0.3613605216,"2":0.2170333463,"3":0.0869002388,"4":0.0260961678,"5":0.0062693496,"6":0.001255125,"7":0.0002153797,"8":0.0000323393,"9":0.0000043162},"cerezo-osaka":{"0":0.6070714806,"1":0.3029946784,"2":0.0756136452,"3":0.0125798103,"4":0.0015696733,"5":0.0001566875,"6":0.000013034,"7":0.0000009293,"8":0.000000058,"9":0.0000000032}}