{"tokushima-vortis":{"0":0.6902811017,"1":0.2558570879,"2":0.0474175298,"3":0.0058585365,"4":0.000542876,"5":0.0000402441,"6":0.0000024861,"7":0.0000001316,"8":0.0000000061,"9":0.0000000003},"nagoya-grampus-eight":{"0":0.0557041552,"1":0.1608569188,"2":0.2322533053,"3":0.2235593313,"4":0.1613931001,"5":0.0932109883,"6":0.0448609035,"7":0.0185064078,"8":0.0066801205,"9":0.0021433542}}