{"nagoya-grampus-eight":{"0":0.6170787554,"1":0.2979000888,"2":0.071906918,"3":0.0115712282,"4":0.0013965275,"5":0.0001348371,"6":0.000010849,"7":0.0000007482,"8":0.0000000452,"9":0.0000000024},"fc-tokyo":{"0":0.5073602216,"1":0.3442611765,"2":0.116796462,"3":0.0264167914,"4":0.004481173,"5":0.0006081257,"6":0.0000687723,"7":0.0000066663,"8":0.0000005654,"9":0.0000000426}}