{"sagan-tosu":{"0":0.3481323993,"1":0.3673397041,"2":0.1938033611,"3":0.0681653201,"4":0.0179815413,"5":0.0037947253,"6":0.0006673482,"7":0.0001005954,"8":0.0000132682,"9":0.0000015556},"vissel-kobe":{"0":0.332000833,"1":0.3660700284,"2":0.2018176649,"3":0.0741759166,"4":0.0204469215,"5":0.0045090279,"6":0.0008286224,"7":0.000130522,"8":0.0000179895,"9":0.0000022039}}