{"cerezo-osaka":{"0":0.3807861904,"1":0.3676556321,"2":0.1774889259,"3":0.0571228727,"4":0.0137882796,"5":0.0026625643,"6":0.0004284586,"7":0.0000590977,"8":0.0000071325,"9":0.0000007652},"ventforet-kofu":{"0":0.7537289088,"1":0.2130961313,"2":0.0301235369,"3":0.0028388674,"4":0.0002006529,"5":0.0000113458,"6":0.0000005346,"7":0.0000000216,"8":0.0000000008,"9":0.0}}