{"kawasaki-frontale":{"0":0.0290066581,"1":0.1026902379,"2":0.1817735246,"3":0.2145066881,"4":0.1898507469,"5":0.1344230576,"6":0.0793147543,"7":0.0401132091,"8":0.0177512477,"9":0.0069826108},"shimizu-s-pulse":{"0":0.4327061862,"1":0.3624763864,"2":0.1518225702,"3":0.0423937369,"4":0.0088782695,"5":0.0014874588,"6":0.0002076731,"7":0.0000248524,"8":0.0000026023,"9":0.0000002422}}