{"kashiwa-reysol":{"0":0.105096788,"1":0.2367697752,"2":0.2667061836,"3":0.2002851034,"4":0.1128042536,"5":0.0508267442,"6":0.0190843714,"7":0.0061420965,"8":0.0017296709,"9":0.00043297},"tokushima-vortis":{"0":0.9196430866,"1":0.0770381643,"2":0.0032267294,"3":0.0000901006,"4":0.0000018869,"5":0.0000000316,"6":0.0000000004,"7":0.0,"8":0.0,"9":5.147967734e-16}}