{"yokohama-fa-marinos":{"0":0.4568036257,"1":0.3579064098,"2":0.1402101373,"3":0.0366182929,"4":0.0071726235,"5":0.0011239525,"6":0.0001467698,"7":0.0000164278,"8":0.0000016089,"9":0.0000001401},"urawa-red-diamonds":{"0":0.2820540483,"1":0.3569835581,"2":0.2259092921,"3":0.0953078596,"4":0.0301567546,"5":0.0076336189,"6":0.0016102566,"7":0.0002911474,"8":0.0000460616,"9":0.0000064776}}