{"gamba-osaka":{"0":0.2118823443,"1":0.3287829481,"2":0.2550902184,"3":0.1319432164,"4":0.0511848684,"5":0.0158849592,"6":0.0041081791,"7":0.0009106801,"8":0.0001766405,"9":0.0000304553},"vegalta-sendai":{"0":0.8681756209,"1":0.1227263967,"2":0.0086743788,"3":0.0004087404,"4":0.000014445,"5":0.0000004084,"6":0.0000000096,"7":0.0000000002,"8":0.0,"9":0.0}}