{"albirex-niigata":{"0":0.4023854465,"1":0.3663095099,"2":0.1667339838,"3":0.0505951399,"4":0.011514756,"5":0.0020964797,"6":0.0003180866,"7":0.0000413669,"8":0.0000047073,"9":0.0000004761},"kashima-antlers":{"0":0.2993078243,"1":0.3610498571,"2":0.2177641023,"3":0.0875616914,"4":0.0264060389,"5":0.0063706297,"6":0.0012807968,"7":0.0002207147,"8":0.0000332805,"9":0.0000044606}}