{"sanfrecce-hiroshima":{"0":0.2031379992,"1":0.3237755083,"2":0.2580279913,"3":0.1370876684,"4":0.0546249713,"5":0.0174130177,"6":0.0046256803,"7":0.0010532474,"8":0.0002098424,"9":0.0000371624},"omiya-ardija":{"0":0.3979352527,"1":0.3666837931,"2":0.1689433183,"3":0.0518918395,"4":0.011954141,"5":0.0022030668,"6":0.0003383419,"7":0.0000445386,"8":0.0000051301,"9":0.0000005252}}