{"shimizu-s-pulse":{"0":0.3284056335,"1":0.3656815603,"2":0.2035942595,"3":0.0755677927,"4":0.0210362929,"5":0.0046848066,"6":0.0008694265,"7":0.0001383016,"8":0.00001925,"9":0.0000023817},"nagoya-grampus-eight":{"0":0.0796735232,"1":0.2015595095,"2":0.254954433,"3":0.2149961006,"4":0.1359752488,"5":0.0687985251,"6":0.0290079573,"7":0.0104835502,"8":0.0033151842,"9":0.0009318681}}