{"ventforet-kofu":{"0":0.2891633439,"1":0.3587833362,"2":0.2225826424,"3":0.0920574763,"4":0.0285553902,"5":0.0070860974,"6":0.0014653619,"7":0.0002597382,"8":0.0000402842,"9":0.0000055537},"sanfrecce-hiroshima":{"0":0.4947550467,"1":0.3481554127,"2":0.1224971753,"3":0.0287334476,"4":0.0050548779,"5":0.0007114159,"6":0.0000834363,"7":0.0000083876,"8":0.0000007378,"9":0.0000000577}}