{"omiya-ardija":{"0":0.0849061267,"1":0.2093962558,"2":0.258207468,"3":0.2122645293,"4":0.1308721745,"5":0.0645516276,"6":0.0265329677,"7":0.0093479778,"8":0.0028817584,"9":0.0007896687},"kashiwa-reysol":{"0":0.1043986789,"1":0.2358928091,"2":0.2665044134,"3":0.2007256393,"4":0.1133868153,"5":0.0512403694,"6":0.0192965958,"7":0.0062287709,"8":0.0017592683,"9":0.0004416816}}