{"tokushima-vortis":{"0":0.6317123564,"1":0.2901588275,"2":0.0666380389,"3":0.0102027529,"4":0.001171585,"5":0.0001076267,"6":0.0000082392,"7":0.0000005406,"8":0.000000031,"9":0.0000000016},"sagan-tosu":{"0":0.2101672378,"1":0.327829722,"2":0.2556828738,"3":0.1329424547,"4":0.0518426283,"5":0.0161733623,"6":0.0042046744,"7":0.0009369527,"8":0.0001826884,"9":0.000031663}}