{"urawa-red-diamonds":{"0":0.3106212252,"1":0.3631724454,"2":0.2123071677,"3":0.082741838,"4":0.0241850469,"5":0.0056553396,"6":0.0011020193,"7":0.0001840657,"8":0.0000269008,"9":0.0000034947},"gamba-osaka":{"0":0.2646897396,"1":0.35182479,"2":0.2338222159,"3":0.1035985908,"4":0.0344257323,"5":0.0091517156,"6":0.0020274054,"7":0.0003849744,"8":0.0000639634,"9":0.0000094467}}