{"kashima-antlers":{"0":0.1347531969,"1":0.2700872265,"2":0.2706693111,"3":0.1808351001,"4":0.0906124154,"5":0.0363230803,"6":0.0121337876,"7":0.003474268,"8":0.0008704389,"9":0.0001938477},"kawasaki-frontale":{"0":0.2357660559,"1":0.3406619706,"2":0.2461138389,"3":0.11853788,"4":0.0428192978,"5":0.0123740513,"6":0.0029799092,"7":0.0006151023,"8":0.0001110963,"9":0.0000178361}}