{"vissel-kobe":{"0":0.3603377109,"1":0.3678016026,"2":0.1877100492,"3":0.0638660668,"4":0.0162972408,"5":0.0033269631,"6":0.0005659794,"7":0.000082529,"8":0.0000105298,"9":0.0000011942},"yokohama-fa-marinos":{"0":0.1499634824,"1":0.2845352326,"2":0.2699333775,"3":0.1707205761,"4":0.080979746,"5":0.0307296023,"6":0.0097175374,"7":0.0026339572,"8":0.0006246968,"9":0.0001316974}}