{"vegalta-sendai":{"0":0.1527365178,"1":0.2869981712,"2":0.2696406578,"3":0.1688886125,"4":0.0793371546,"5":0.0298155525,"6":0.0093374407,"7":0.0025064905,"8":0.0005887248,"9":0.0001229153},"cerezo-osaka":{"0":0.4647559091,"1":0.3561159332,"2":0.1364356594,"3":0.0348476202,"4":0.0066754357,"5":0.0010230011,"6":0.0001306446,"7":0.0000143008,"8":0.0000013697,"9":0.0000001166}}