{"fc-tokyo":{"0":0.056067659,"1":0.1615419217,"2":0.232716979,"3":0.2235010857,"4":0.1609876153,"5":0.0927673785,"6":0.0445468352,"7":0.0183354527,"8":0.0066035044,"9":0.002113999},"albirex-niigata":{"0":0.6817300852,"1":0.2611854317,"2":0.0500328731,"3":0.0063895559,"4":0.000611994,"5":0.0000468936,"6":0.0000029943,"7":0.0000001639,"8":0.0000000078,"9":0.0000000003}}