{"nagoya-grampus-eight":{"0":0.2971345752,"1":0.3605936444,"2":0.2188028375,"3":0.0885108625,"4":0.0268535347,"5":0.0065177295,"6":0.001318287,"7":0.0002285477,"8":0.0000346698,"9":0.0000046749},"omiya-ardija":{"0":0.3072185978,"1":0.3625780803,"2":0.2139565529,"3":0.0841702041,"4":0.0248343291,"5":0.0058618739,"6":0.0011530264,"7":0.0001943996,"8":0.0000286787,"9":0.0000037607}}