{"cerezo-osaka":{"0":0.4882440524,"1":0.3500416376,"2":0.1254794067,"3":0.029987064,"4":0.0053747306,"5":0.0007706718,"6":0.0000920876,"7":0.0000094316,"8":0.0000008452,"9":0.0000000673},"kashima-antlers":{"0":0.1241101169,"1":0.2589664408,"2":0.2701778837,"3":0.1879164694,"4":0.0980259717,"5":0.0409079254,"6":0.0142263179,"7":0.0042406338,"8":0.0011060559,"9":0.0002564312}}