{"kashiwa-reysol":{"0":0.0456111781,"1":0.1408291856,"2":0.2174122699,"3":0.2237608864,"4":0.1727211658,"5":0.1066588592,"6":0.0548866927,"7":0.0242097553,"8":0.0093437625,"9":0.003205536},"shimizu-s-pulse":{"0":0.8873686056,"1":0.1060359506,"2":0.0063353733,"3":0.0002523481,"4":0.0000075386,"5":0.0000001802,"6":0.0000000036,"7":0.0000000001,"8":0.0,"9":0.0}}