{"ventforet-kofu":{"0":0.4738746773,"1":0.3538954785,"2":0.1321467634,"3":0.0328962799,"4":0.0061418373,"5":0.00091736,"6":0.0001141826,"7":0.0000121819,"8":0.0000011372,"9":0.0000000944},"fc-tokyo":{"0":0.6237046775,"1":0.2944374413,"2":0.0694987628,"3":0.0109362858,"4":0.0012906958,"5":0.0001218619,"6":0.0000095881,"7":0.0000006466,"8":0.0000000382,"9":0.000000002}}