{"vegalta-sendai":{"0":0.058549246,"1":0.1661561479,"2":0.2357661917,"3":0.2230259421,"4":0.1582306092,"5":0.0898081199,"6":0.0424775503,"7":0.0172209273,"8":0.0061088808,"9":0.0019262571},"tokushima-vortis":{"0":0.2400938197,"1":0.342547979,"2":0.2443609711,"3":0.1162120109,"4":0.0414506603,"5":0.011827743,"6":0.0028124904,"7":0.000573236,"8":0.0001022313,"9":0.0000162062}}