{"kawasaki-frontale":{"0":0.0925075995,"1":0.2202110549,"2":0.2621022972,"3":0.2079750696,"4":0.1237693165,"5":0.0589256924,"6":0.0233784196,"7":0.0079502139,"8":0.0023656502,"9":0.0006257052},"sanfrecce-hiroshima":{"0":0.3844434599,"1":0.3675120122,"2":0.175663125,"3":0.0559755554,"4":0.0133775777,"5":0.0025576819,"6":0.0004075063,"7":0.0000556513,"8":0.00000665,"9":0.0000007064}}