{"yokohama-fa-marinos":{"0":0.4699587747,"1":0.3548707121,"2":0.1339832652,"3":0.0337240479,"4":0.006366344,"5":0.0009614584,"6":0.0001210012,"7":0.0000130527,"8":0.000001232,"9":0.0000001034},"albirex-niigata":{"0":0.6436459897,"1":0.2835945485,"2":0.0624767879,"3":0.0091758911,"4":0.0010107391,"5":0.0000890676,"6":0.0000065406,"7":0.0000004117,"8":0.0000000227,"9":0.0000000011}}