{"sagan-tosu":{"0":0.3787586432,"1":0.36772014,"2":0.1785016709,"3":0.0577664788,"4":0.0140207346,"5":0.0027224231,"6":0.0004405135,"7":0.0000610965,"8":0.0000074145,"9":0.0000007998},"urawa-red-diamonds":{"0":0.2008762552,"1":0.3224196889,"2":0.2587524734,"3":0.1384382836,"4":0.0555506527,"5":0.0178324951,"6":0.0047703892,"7":0.0010938272,"8":0.0002194581,"9":0.0000391383}}