{"gamba-osaka":{"0":0.0902893394,"1":0.2171220143,"2":0.2610605494,"3":0.209260557,"4":0.1258040926,"5":0.0605051231,"6":0.0242498068,"7":0.0083306258,"8":0.0025041193,"9":0.0006690829},"vissel-kobe":{"0":0.6854617113,"1":0.2588732773,"2":0.0488833822,"3":0.006153809,"4":0.0005810159,"5":0.0000438856,"6":0.0000027623,"7":0.000000149,"8":0.000000007,"9":0.0000000003}}