{"shimizu-s-pulse":{"0":0.3241620844,"1":0.3651723574,"2":0.2056854534,"3":0.077235685,"4":0.0217517243,"5":0.0049007141,"6":0.0009201186,"7":0.0001480749,"8":0.000020851,"9":0.0000026099},"ventforet-kofu":{"0":0.3983620202,"1":0.3666500485,"2":0.1687312686,"3":0.0517664207,"4":0.0119113769,"5":0.0021926322,"6":0.0003363476,"7":0.0000442246,"8":0.000005088,"9":0.0000005203}}