{"fc-tokyo":{"0":0.1169818559,"1":0.2510122303,"2":0.269303044,"3":0.1926177844,"4":0.1033267495,"5":0.0443423942,"6":0.0158578485,"7":0.0048609662,"8":0.001303794,"9":0.0003108443},"yokohama-fa-marinos":{"0":0.241626714,"1":0.343197221,"2":0.2437320166,"3":0.1153958371,"4":0.0409759438,"5":0.0116401285,"6":0.0027555312,"7":0.0005591214,"8":0.0000992693,"9":0.0000156665}}