{"omiya-ardija":{"0":0.2091717732,"1":0.3272700483,"2":0.2560232742,"3":0.1335246275,"4":0.0522281408,"5":0.0163432244,"6":0.0042617667,"7":0.0009525654,"8":0.0001862979,"9":0.0000323868},"cerezo-osaka":{"0":0.248589081,"1":0.3460245713,"2":0.240825147,"3":0.1117391774,"4":0.0388839494,"5":0.010824934,"6":0.0025113017,"7":0.0004993738,"8":0.0000868882,"9":0.0000134383}}