{"sanfrecce-hiroshima":{"0":0.3035904175,"1":0.3619027889,"2":0.2157077777,"3":0.0857133403,"4":0.0255441996,"5":0.0060901244,"6":0.0012099817,"7":0.0002060557,"8":0.0000307043,"9":0.0000040669},"vegalta-sendai":{"0":0.7385914153,"1":0.2238008799,"2":0.033906997,"3":0.0034247242,"4":0.0002594318,"5":0.0000157221,"6":0.000000794,"7":0.0000000344,"8":0.0000000013,"9":0.0}}