{"vissel-kobe":{"0":0.2817935597,"1":0.3569142373,"2":0.2260303126,"3":0.0954285314,"4":0.0302169801,"5":0.0076544477,"6":0.0016158291,"7":0.0002923682,"8":0.0000462885,"9":0.0000065142},"kawasaki-frontale":{"0":0.2354666479,"1":0.3405285692,"2":0.2462338243,"3":0.1186999697,"4":0.0429155585,"5":0.012412776,"6":0.0029918638,"7":0.0006181131,"8":0.0001117383,"9":0.0000179549}}