{"urawa-red-diamonds":{"0":0.2488872998,"1":0.3461412806,"2":0.240698875,"3":0.1115843957,"4":0.0387966417,"5":0.0107913254,"6":0.0025013485,"7":0.0004969662,"8":0.0000863948,"9":0.0000133504},"nagoya-grampus-eight":{"0":0.3313018402,"1":0.365997563,"2":0.2021634048,"3":0.0744450171,"4":0.0205603256,"5":0.0045427028,"6":0.0008364065,"7":0.0001319999,"8":0.000018228,"9":0.0000022374}}