{"kashima-antlers":{"0":0.1941538835,"1":0.3182384498,"2":0.2608129931,"3":0.1424998926,"4":0.0583930438,"5":0.0191424569,"6":0.0052294137,"7":0.0012245077,"8":0.000250887,"9":0.0000456922},"sagan-tosu":{"0":0.383878688,"1":0.3675364705,"2":0.1759449813,"3":0.0561515912,"4":0.0134402861,"5":0.0025736231,"6":0.0004106768,"7":0.0000561705,"8":0.0000067224,"9":0.0000007151}}