{"tokushima-vortis":{"0":0.7704607392,"1":0.2009104124,"2":0.0261953606,"3":0.0022769582,"4":0.0001484387,"5":0.0000077416,"6":0.0000003365,"7":0.0000000125,"8":0.0000000004,"9":0.0},"gamba-osaka":{"0":0.011133345,"1":0.0500756774,"2":0.1126154568,"3":0.1688409992,"4":0.1898537097,"5":0.1707852063,"6":0.1280265857,"7":0.0822627624,"8":0.0462502908,"9":0.0231138943}}