{"albirex-niigata":{"0":0.1941264976,"1":0.3182209455,"2":0.2608210919,"3":0.1425165815,"4":0.0584049085,"5":0.0191479942,"6":0.0052313765,"7":0.0012250728,"8":0.0002510243,"9":0.0000457212},"kashiwa-reysol":{"0":0.3676057359,"1":0.3678793393,"2":0.1840765732,"3":0.0614045262,"4":0.0153625572,"5":0.0030747983,"6":0.0005128478,"7":0.0000733185,"8":0.0000091716,"9":0.0000010198}}