{"gamba-osaka":{"0":0.2267358794,"1":0.3364691218,"2":0.2496549515,"3":0.1234934416,"4":0.0458151242,"5":0.0135976491,"6":0.0033630827,"7":0.0007129589,"8":0.0001322511,"9":0.0000218063},"jef-united":{"0":0.5362917678,"1":0.3341510246,"2":0.1041008961,"3":0.0216209553,"4":0.0033678796,"5":0.0004196896,"6":0.0000435832,"7":0.0000038794,"8":0.0000003021,"9":0.0000000209}}