{"shimizu-s-pulse":{"0":0.0686050376,"1":0.1838196045,"2":0.2462621419,"3":0.2199440504,"4":0.1473289345,"5":0.0789503145,"6":0.0352564382,"7":0.0134951034,"8":0.0045198295,"9":0.0013455981},"oita-trinita":{"0":0.4458858472,"1":0.3601385689,"2":0.1454405759,"3":0.0391570781,"4":0.0079067177,"5":0.001277239,"6":0.000171936,"7":0.0000198388,"8":0.000002003,"9":0.0000001798}}