{"kashima-antlers":{"0":0.0380499708,"1":0.1243798359,"2":0.2032898218,"3":0.2215083143,"4":0.181019638,"5":0.1183453884,"6":0.0644756517,"7":0.0301087934,"8":0.0123026598,"9":0.0044684012},"consadole-sapporo":{"0":0.6138056554,"1":0.2995843757,"2":0.0731101101,"3":0.0118944525,"4":0.0014513519,"5":0.0001416743,"6":0.0000115247,"7":0.0000008036,"8":0.000000049,"9":0.0000000027}}