{"yokohama-fa-marinos":{"0":0.6097803379,"1":0.3016318007,"2":0.0746020637,"3":0.0123007983,"4":0.0015211674,"5":0.0001504911,"6":0.0000124069,"7":0.0000008767,"8":0.0000000542,"9":0.000000003},"urawa-red-diamonds":{"0":0.0627102248,"1":0.1736590841,"2":0.2404510396,"3":0.2219548058,"4":0.1536610194,"5":0.0851045646,"6":0.0392790298,"7":0.0155389568,"8":0.0053788697,"9":0.0016550368}}