{"nagoya-grampus-eight":{"0":0.2844346058,"1":0.357605951,"2":0.2248003822,"3":0.0942102365,"4":0.0296114999,"5":0.007445823,"6":0.0015602125,"7":0.0002802257,"8":0.0000440393,"9":0.0000061521},"kyoto-sanga":{"0":0.8498526413,"1":0.1382644874,"2":0.0112472843,"3":0.0006099489,"4":0.0000248085,"5":0.0000008072,"6":0.0000000219,"7":0.0000000005,"8":0.0,"9":0.0}}