{"kashiwa-reysol":{"0":0.6081910697,"1":0.3024328542,"2":0.0751948161,"3":0.0124639465,"4":0.0015494748,"5":0.0001541003,"6":0.0000127715,"7":0.0000009073,"8":0.0000000564,"9":0.0000000031},"jubilo-iwata":{"0":0.3695180997,"1":0.367875797,"2":0.1831203967,"3":0.0607688428,"4":0.0151246898,"5":0.0030114938,"6":0.0004996849,"7":0.0000710663,"8":0.0000088438,"9":0.0000009783}}