{"omiya-ardija":{"0":0.4743075725,"1":0.3537856771,"2":0.131944241,"3":0.0328057048,"4":0.0061174379,"5":0.0009125985,"6":0.0001134511,"7":0.000012089,"8":0.0000011271,"9":0.0000000934},"albirex-niigata":{"0":0.2780373005,"1":0.3558877446,"2":0.2277681565,"3":0.0971810801,"4":0.0310979456,"5":0.0079610741,"6":0.0016983625,"7":0.0003105577,"8":0.0000496892,"9":0.0000070669}}