{"fc-tokyo":{"0":0.192269939,"1":0.317025243,"2":0.2613643225,"3":0.14365062,"4":0.0592147594,"5":0.01952731,"6":0.0053662837,"7":0.0012640319,"8":0.0002605257,"9":0.0000477299},"vissel-kobe":{"0":0.0324867464,"1":0.1113295808,"2":0.1907589548,"3":0.2179054215,"4":0.1866862794,"5":0.1279519038,"6":0.073080222,"7":0.0357771856,"8":0.0153257079,"9":0.005835558}}