{"kawasaki-frontale":{"0":0.0620045963,"1":0.1724066795,"2":0.2396924173,"3":0.2221586583,"4":0.1544306346,"5":0.0858803202,"6":0.039799041,"7":0.0158090135,"8":0.0054947127,"9":0.0016975895},"tokyo-verdy":{"0":0.3104359194,"1":0.3631410399,"2":0.2123971593,"3":0.082819159,"4":0.0242200029,"5":0.0056664042,"6":0.001104739,"7":0.0001846142,"8":0.0000269947,"9":0.0000035086}}