{"urawa-red-diamonds":{"0":0.4683809669,"1":0.3552544494,"2":0.1347255042,"3":0.0340618985,"4":0.00645876,"5":0.0009797594,"6":0.0001238536,"7":0.0000134199,"8":0.0000012723,"9":0.0000001072},"nagoya-grampus-eight":{"0":0.6842845471,"1":0.2596048591,"2":0.0492446331,"3":0.0062275,"4":0.0005906495,"5":0.0000448163,"6":0.0000028337,"7":0.0000001536,"8":0.0000000073,"9":0.0000000003}}