{"jef-united":{"0":0.2288223913,"1":0.3374693587,"2":0.2488514508,"3":0.1223361331,"4":0.0451056124,"5":0.0133044341,"6":0.0032702502,"7":0.0006889993,"8":0.0001270178,"9":0.0000208141},"shimizu-s-pulse":{"0":0.3522905671,"1":0.3675443855,"2":0.1917293392,"3":0.0666770073,"4":0.0173910133,"5":0.0036288052,"6":0.0006309881,"7":0.0000940442,"8":0.0000122645,"9":0.0000014217}}