{"tokyo-verdy":{"0":0.6043185338,"1":0.3043673539,"2":0.0766478942,"3":0.0128680022,"4":0.0016202547,"5":0.0001632095,"6":0.0000137002,"7":0.0000009857,"8":0.0000000621,"9":0.0000000035},"kashima-antlers":{"0":0.0438666056,"1":0.1371534141,"2":0.2144120655,"3":0.2234603934,"4":0.174667925,"5":0.1092234147,"6":0.0569163567,"7":0.0254221131,"8":0.0099356035,"9":0.0034516308}}