{"consadole-sapporo":{"0":0.4989411253,"1":0.346897387,"2":0.1205931832,"3":0.0279481606,"4":0.0048578597,"5":0.0006755021,"6":0.0000782757,"7":0.0000077747,"8":0.0000006757,"9":0.0000000522},"yokohama-fa-marinos":{"0":0.1103380785,"1":0.2432078752,"2":0.2680401514,"3":0.1969385866,"4":0.1085233127,"5":0.0478415514,"6":0.0175754406,"7":0.0055342707,"8":0.0015248342,"9":0.0003734499}}