{"jubilo-iwata":{"0":0.1056812021,"1":0.2375003503,"2":0.2668706226,"3":0.1999152959,"4":0.1123188227,"5":0.0504834525,"6":0.0189088148,"7":0.0060706162,"8":0.0017053334,"9":0.0004258271},"gamba-osaka":{"0":0.1558332004,"1":0.2896890999,"2":0.2692615386,"3":0.1668496242,"4":0.0775420728,"5":0.028829663,"6":0.008932242,"7":0.0023721088,"8":0.0005512096,"9":0.0001138535}}