{"vissel-kobe":{"0":0.111788673,"1":0.2449451962,"2":0.2683552256,"3":0.1960017404,"4":0.1073670602,"5":0.0470513603,"6":0.0171827258,"7":0.0053785492,"8":0.0014731477,"9":0.0003586534},"kawasaki-frontale":{"0":0.6342844715,"1":0.2887629099,"2":0.0657307737,"3":0.0099748143,"4":0.0011352778,"5":0.0001033688,"6":0.0000078432,"7":0.0000005101,"8":0.000000029,"9":0.0000000015}}