{"kyoto-sanga":{"0":0.7644372134,"1":0.2053395961,"2":0.0275786873,"3":0.0024693532,"4":0.0001658266,"5":0.0000089087,"6":0.0000003988,"7":0.0000000153,"8":0.0000000005,"9":0.0},"omiya-ardija":{"0":0.2094435618,"1":0.3274233234,"2":0.2559305997,"3":0.1333655183,"4":0.0521226111,"5":0.0162966657,"6":0.0042460989,"7":0.0009482758,"8":0.0001853051,"9":0.0000321875}}