{"oita-trinita":{"0":0.1216180079,"1":0.2562333602,"2":0.2699252191,"3":0.1895658027,"4":0.0998476366,"5":0.0420732026,"6":0.0147737963,"7":0.0044466388,"8":0.0011710614,"9":0.0002741416},"kashiwa-reysol":{"0":0.5660503965,"1":0.3221235246,"2":0.0916557658,"3":0.0173862484,"4":0.0024735075,"5":0.0002815209,"6":0.0000267009,"7":0.0000021707,"8":0.0000001544,"9":0.0000000098}}