{"albirex-niigata":{"0":0.4156704187,"1":0.3649015126,"2":0.1601666945,"3":0.0468681167,"4":0.0102859416,"5":0.0018059287,"6":0.0002642262,"7":0.0000331363,"8":0.0000036361,"9":0.0000003547},"fc-tokyo":{"0":0.2410669912,"1":0.3429612864,"2":0.2439621522,"3":0.1156933918,"4":0.0411486806,"5":0.0117082844,"6":0.0027761911,"7":0.0005642333,"8":0.0001003404,"9":0.0000158614}}