{"nagoya-grampus-eight":{"0":0.7798261954,"1":0.1939304618,"2":0.0241137219,"3":0.0019989006,"4":0.0001242738,"5":0.000006181,"6":0.0000002562,"7":0.0000000091,"8":0.0000000003,"9":0.0},"oita-trinita":{"0":0.5505474648,"1":0.3285899079,"2":0.0980581462,"3":0.0195084101,"4":0.0029108601,"5":0.0003474648,"6":0.0000345636,"7":0.000002947,"8":0.0000002199,"9":0.0000000146}}