{"shimizu-s-pulse":{"0":0.2555823719,"1":0.3486681621,"2":0.2378283885,"3":0.1081493303,"4":0.0368846137,"5":0.0100636757,"6":0.002288162,"7":0.0004459335,"8":0.0000760434,"9":0.0000115266},"omiya-ardija":{"0":0.4410811902,"1":0.3610365616,"2":0.1477589633,"3":0.0403148666,"4":0.0082496948,"5":0.0013505185,"6":0.0001842391,"7":0.0000215435,"8":0.0000022042,"9":0.0000002005}}