{"kashima-antlers":{"0":0.0918711322,"1":0.2193302398,"2":0.2618110441,"3":0.208346473,"4":0.1243499476,"5":0.0593738276,"6":0.0236245335,"7":0.0080572093,"8":0.0024044409,"9":0.0006378096},"yokohama-fa-marinos":{"0":0.6203486103,"1":0.2962001365,"2":0.0707138852,"3":0.0112546731,"4":0.0013434526,"5":0.0001282926,"6":0.0000102094,"7":0.0000006964,"8":0.0000000416,"9":0.0000000022}}