{"gamba-osaka":{"0":0.241459715,"1":0.3431269634,"2":0.2438007371,"3":0.1154845597,"4":0.0410274094,"5":0.0116604216,"6":0.0027616788,"7":0.0005606416,"8":0.0000995876,"9":0.0000157244},"tokyo-verdy":{"0":0.8080285437,"1":0.1722376633,"2":0.0183569088,"3":0.0013043067,"4":0.0000695058,"5":0.0000029631,"6":0.0000001053,"7":0.0000000032,"8":0.0000000001,"9":0.0}}