{"urawa-red-diamonds":{"0":0.608128895,"1":0.3024641083,"2":0.075218048,"3":0.0124703606,"4":0.0015505909,"5":0.000154243,"6":0.0000127859,"7":0.0000009085,"8":0.0000000565,"9":0.0000000031},"albirex-niigata":{"0":0.4262916345,"1":0.3634697094,"2":0.1549528761,"3":0.0440392385,"4":0.0093873114,"5":0.0016007836,"6":0.0002274798,"7":0.0000277081,"8":0.0000029531,"9":0.0000002798}}