{"vissel-kobe":{"0":0.2094735303,"1":0.3274402026,"2":0.2559203689,"3":0.1333479817,"4":0.0521109876,"5":0.0162915403,"6":0.004244375,"7":0.000947804,"8":0.0001851959,"9":0.0000321656},"jubilo-iwata":{"0":0.8432208993,"1":0.1437913534,"2":0.0122601049,"3":0.0006968902,"4":0.0000297095,"5":0.0000010133,"6":0.0000000288,"7":0.0000000007,"8":0.0,"9":0.0}}