{"kashiwa-reysol":{"0":0.0187053188,"1":0.074427479,"2":0.1480715108,"3":0.1963895827,"4":0.1953559533,"5":0.1554622113,"6":0.1030959928,"7":0.0586019327,"8":0.0291467507,"9":0.0128859319},"consadole-sapporo":{"0":1.0,"1":0.0,"2":0.0,"3":0.0,"4":0.0,"5":0.0,"6":0.0,"7":0.0,"8":0.0,"9":0.0}}