{"kawasaki-frontale":{"0":0.1468386297,"1":0.2816983185,"2":0.2702079923,"3":0.1727909004,"4":0.0828714252,"5":0.0317964574,"6":0.0101664989,"7":0.0027862322,"8":0.0006681458,"9":0.0001424206},"jef-united":{"0":0.3444558086,"1":0.367117375,"2":0.1956349169,"3":0.0695018784,"4":0.0185185926,"5":0.0039473842,"6":0.0007011801,"7":0.0001067586,"8":0.0000142228,"9":0.0000016843}}