{"fc-tokyo":{"0":0.4913855054,"1":0.3491423328,"2":0.1240374077,"3":0.0293772808,"4":0.0052183328,"5":0.0007415526,"6":0.0000878154,"7":0.0000089136,"8":0.0000007917,"9":0.0000000625},"kyoto-sanga":{"0":0.1292100648,"1":0.2644045958,"2":0.2705276496,"3":0.1845283336,"4":0.0944008107,"5":0.0386347739,"6":0.0131764913,"7":0.0038518946,"8":0.0009852741,"9":0.0002240202}}