{"tokyo-verdy":{"0":1.0,"1":0.0,"2":0.0,"3":0.0,"4":0.0,"5":0.0,"6":0.0,"7":0.0,"8":0.0,"9":0.0},"jubilo-iwata":{"0":0.3189065573,"1":0.3644646369,"2":0.2082655068,"3":0.0793392407,"4":0.0226683545,"5":0.0051813382,"6":0.0009869216,"7":0.00016113,"8":0.0000230186,"9":0.000002923}}