{"shimizu-s-pulse":{"0":0.1818550288,"1":0.3099801627,"2":0.2641876386,"3":0.1501066129,"4":0.0639658862,"5":0.0218065521,"6":0.0061950432,"7":0.0015085332,"8":0.0003214204,"9":0.0000608751},"urawa-red-diamonds":{"0":0.3425188551,"1":0.3669844876,"2":0.1965988326,"3":0.0702138688,"4":0.0188072863,"5":0.0040301328,"6":0.0007196666,"7":0.000110153,"8":0.0000147526,"9":0.0000017563}}