{"yokohama-fa-marinos":{"0":0.5056967074,"1":0.3447932096,"2":0.1175431396,"3":0.0267143499,"4":0.0045535824,"5":0.0006209431,"6":0.0000705617,"7":0.0000068729,"8":0.0000005858,"9":0.0000000444},"fc-tokyo":{"0":0.2004595382,"1":0.3221671149,"2":0.2588842888,"3":0.1386880119,"4":0.0557228619,"5":0.0179109199,"6":0.0047975678,"7":0.0011014824,"8":0.0002212799,"9":0.0000395143}}