{"jef-united":{"0":0.3032548256,"1":0.3618381442,"2":0.2158693474,"3":0.0858571268,"4":0.0256107907,"5":0.006111666,"6":0.0012153881,"7":0.0002071684,"8":0.0000308987,"9":0.0000040964},"vissel-kobe":{"0":0.0230191553,"1":0.0868150999,"2":0.1637084741,"3":0.2058049389,"4":0.1940446567,"5":0.1463651125,"6":0.0920009278,"7":0.0495678468,"8":0.0233676992,"9":0.0097921787}}