{"consadole-sapporo":{"0":0.4412331678,"1":0.3610089554,"2":0.1476854818,"3":0.0402778587,"4":0.0082386529,"5":0.0013481432,"6":0.0001838377,"7":0.0000214875,"8":0.0000021976,"9":0.0000001998},"kawasaki-frontale":{"0":0.0115954458,"1":0.0516825586,"2":0.1151782735,"3":0.1711220064,"4":0.1906788071,"5":0.1699765367,"6":0.1262682844,"7":0.0803993974,"8":0.04479395,"9":0.0221836705}}