{"kyoto-sanga":{"0":0.0465056337,"1":0.1426877399,"2":0.2188959646,"3":0.2238708728,"4":0.1717191354,"5":0.1053731058,"6":0.0538839746,"7":0.0236179759,"8":0.0090580305,"9":0.0030879649},"kashiwa-reysol":{"0":0.807117747,"1":0.1729538029,"2":0.0185307646,"3":0.001323626,"4":0.0000709085,"5":0.0000030389,"6":0.0000001085,"7":0.0000000033,"8":0.0000000001,"9":0.0}}