{"omiya-ardija":{"0":0.5056967074,"1":0.3447932096,"2":0.1175431396,"3":0.0267143499,"4":0.0045535824,"5":0.0006209431,"6":0.0000705617,"7":0.0000068729,"8":0.0000005858,"9":0.0000000444},"nagoya-grampus-eight":{"0":0.4065696597,"1":0.3659126938,"2":0.1646607122,"3":0.0493982137,"4":0.0111145981,"5":0.0020006277,"6":0.0003000941,"7":0.0000385835,"8":0.0000043406,"9":0.0000004341}}