{"oita-trinita":{"0":0.1293213942,"1":0.2645210335,"2":0.2705328752,"3":0.1844542331,"4":0.0943231874,"5":0.0385867585,"6":0.0131545768,"7":0.0038438698,"8":0.0009828076,"9":0.0002233654},"gamba-osaka":{"0":0.357517335,"1":0.367732116,"2":0.1891193739,"3":0.0648409282,"4":0.0166733815,"5":0.0034299528,"6":0.0005879919,"7":0.0000863988,"8":0.0000111084,"9":0.0000012695}}