{"albirex-niigata":{"0":0.5413786358,"1":0.3322096174,"2":0.1019279508,"3":0.020848899,"4":0.0031984106,"5":0.0003925322,"6":0.0000401453,"7":0.0000035192,"8":0.0000002699,"9":0.0000000184},"kashima-antlers":{"0":0.0672055127,"1":0.1814548844,"2":0.2449640939,"3":0.2204676845,"4":0.1488156871,"5":0.080360471,"6":0.036162212,"7":0.0139482818,"8":0.0047075451,"9":0.0014122635}}