{"gamba-osaka":{"0":0.2430991937,"1":0.3438117168,"2":0.2431239998,"3":0.1146155999,"4":0.0405248014,"5":0.0114627295,"6":0.0027019291,"7":0.0005459,"8":0.0000965073,"9":0.0000151654},"shimizu-s-pulse":{"0":0.7169328411,"1":0.2385759707,"2":0.0396958338,"3":0.0044032353,"4":0.0003663196,"5":0.0000243803,"6":0.0000013522,"7":0.0000000643,"8":0.0000000027,"9":0.0000000001}}