{"kashima-antlers":{"0":0.0809206921,"1":0.20345774,"2":0.2557754446,"3":0.2143641822,"4":0.1347432002,"5":0.0677565807,"6":0.0283932338,"7":0.010198386,"8":0.003205207,"9":0.0008954229},"jef-united":{"0":0.7070607747,"1":0.2450945963,"2":0.0424796307,"3":0.0049083607,"4":0.0004253569,"5":0.000029489,"6":0.0000017037,"7":0.0000000844,"8":0.0000000037,"9":0.0000000001}}