{"nagoya-grampus-eight":{"0":0.5679543202,"1":0.3212998726,"2":0.090881964,"3":0.0171377418,"4":0.0024237663,"5":0.0002742318,"6":0.0000258561,"7":0.0000020896,"8":0.0000001478,"9":0.0000000093},"yokohama-fa-marinos":{"0":0.5139926987,"1":0.342085897,"2":0.1138369876,"3":0.0252545922,"4":0.0042020246,"5":0.0005593283,"6":0.0000620431,"7":0.0000058989,"8":0.0000004908,"9":0.0000000363}}