{"jubilo-iwata":{"0":0.1481861961,"1":0.2829297872,"2":0.2700969005,"3":0.1718973845,"4":0.0820503051,"5":0.0313314951,"6":0.0099701293,"7":0.0027194036,"8":0.0006490148,"9":0.0001376839},"urawa-red-diamonds":{"0":0.1742857956,"1":0.3044875371,"2":0.2659788192,"3":0.1548935476,"4":0.0676520348,"5":0.0236384169,"6":0.0068829508,"7":0.0017178457,"8":0.0003751472,"9":0.0000728227}}