{"vissel-kobe":{"0":0.0534948969,"1":0.1566420996,"2":0.2293372712,"3":0.2238460971,"4":0.1638648014,"5":0.0959647668,"6":0.0468335094,"7":0.0195909187,"8":0.0071706901,"9":0.0023329992},"tokyo-verdy":{"0":0.5052213542,"1":0.3449442349,"2":0.117756825,"3":0.0267998291,"4":0.0045744536,"5":0.0006246495,"6":0.0000710808,"7":0.000006933,"8":0.0000005917,"9":0.0000000449}}