{"kashiwa-reysol":{"0":0.1419738099,"1":0.2771488739,"2":0.2705129149,"3":0.1760238968,"4":0.08590462,"5":0.0335390995,"6":0.0109120169,"7":0.0030430695,"8":0.0007425518,"9":0.0001610605},"albirex-niigata":{"0":0.302756149,"1":0.3617413987,"2":0.2161093011,"3":0.0860711182,"4":0.0257100366,"5":0.0061438122,"6":0.001223466,"7":0.000208833,"8":0.0000311899,"9":0.0000041407}}