{"omiya-ardija":{"0":0.2800303909,"1":0.3564386832,"2":0.226847762,"3":0.0962482647,"4":0.0306275728,"5":0.007796905,"6":0.0016540577,"7":0.0003007685,"8":0.0000478544,"9":0.000006768},"oita-trinita":{"0":0.3298083016,"1":0.36583778,"2":0.2029016259,"3":0.0750224499,"4":0.0208045449,"5":0.0046154621,"6":0.0008532787,"7":0.0001352134,"8":0.0000187481,"9":0.0000023107}}