{"fc-tokyo":{"0":0.094690381,"1":0.2231987553,"2":0.2630556758,"3":0.2066866024,"4":0.1217974622,"5":0.0574188036,"6":0.0225573871,"7":0.0075958548,"8":0.0022380644,"9":0.0005861597},"consadole-sapporo":{"0":0.1249512106,"1":0.2598775179,"2":0.2702507802,"3":0.1873587342,"4":0.0974186696,"5":0.040522892,"6":0.0140468008,"7":0.0041735693,"8":0.0010850403,"9":0.0002507446}}