{"kawasaki-frontale":{"0":0.0445372852,"1":0.1385745816,"2":0.2155824562,"3":0.2235898046,"4":0.1739209266,"5":0.108228508,"6":0.056124212,"7":0.0249466395,"8":0.0097024609,"9":0.0033542793},"kyoto-sanga":{"0":0.1894054078,"1":0.3151451324,"2":0.2621795639,"3":0.1454105144,"4":0.0604858863,"5":0.0201280764,"6":0.0055817355,"7":0.0013267511,"8":0.0002759419,"9":0.0000510145}}