{"shimizu-s-pulse":{"0":0.6241100454,"1":0.2942233071,"2":0.0693526367,"3":0.0108982715,"4":0.0012844391,"5":0.0001211043,"6":0.0000095153,"7":0.0000006408,"8":0.0000000378,"9":0.000000002},"nagoya-grampus-eight":{"0":0.1266805195,"1":0.261732969,"2":0.2703815366,"3":0.1862105887,"4":0.0961818171,"5":0.0397439996,"6":0.0136857598,"7":0.0040394243,"8":0.0010432252,"9":0.0002394882}}