{"jef-united":{"0":0.60101051,"1":0.3060002082,"2":0.0778989101,"3":0.0132205579,"4":0.0016827882,"5":0.0001713559,"6":0.0000145408,"7":0.0000010576,"8":0.0000000673,"9":0.0000000038},"omiya-ardija":{"0":0.1914995988,"1":0.3165238587,"2":0.2615863263,"3":0.1441226925,"4":0.059554003,"5":0.0196869998,"6":0.0054233405,"7":0.0012805821,"8":0.0002645794,"9":0.0000485906}}