{"tokyo-verdy":{"0":0.6095709073,"1":0.3017375991,"2":0.0746800558,"3":0.0123222092,"4":0.0015248734,"5":0.0001509625,"6":0.0000124544,"7":0.0000008807,"8":0.0000000545,"9":0.000000003},"fc-tokyo":{"0":0.1266805195,"1":0.261732969,"2":0.2703815366,"3":0.1862105887,"4":0.0961818171,"5":0.0397439996,"6":0.0136857598,"7":0.0040394243,"8":0.0010432252,"9":0.0002394882}}