{"yokohama-fa-marinos":{"0":0.168301208,"1":0.2999127527,"2":0.2672222627,"3":0.158730024,"4":0.0707142257,"5":0.02520255,"6":0.0074851574,"7":0.0019055072,"8":0.0004244517,"9":0.0000840414},"kashiwa-reysol":{"0":0.708682387,"1":0.2440332393,"2":0.0420161577,"3":0.0048227242,"4":0.0004151736,"5":0.0000285928,"6":0.000001641,"7":0.0000000807,"8":0.0000000035,"9":0.0000000001}}