{"gamba-osaka":{"0":0.0924624761,"1":0.2201487525,"2":0.2620818483,"3":0.2080014669,"4":0.1238103969,"5":0.0589573319,"6":0.0233957666,"7":0.0079577437,"8":0.0023683761,"9":0.0006265545},"albirex-niigata":{"0":0.7904008527,"1":0.1859141791,"2":0.0218649068,"3":0.0017143184,"4":0.0001008084,"5":0.0000047423,"6":0.0000001859,"7":0.0000000062,"8":0.0000000002,"9":0.0}}