{"urawa-red-diamonds":{"0":0.7732577405,"1":0.1988377047,"2":0.0255648477,"3":0.0021912727,"4":0.0001408675,"5":0.0000072446,"6":0.0000003105,"7":0.0000000114,"8":0.0000000004,"9":0.0},"kashima-antlers":{"0":0.3270173879,"1":0.3655210481,"2":0.2042791019,"3":0.0761104396,"4":0.0212679575,"5":0.0047544176,"6":0.000885702,"7":0.0001414266,"8":0.0000197598,"9":0.000002454}}