{"consadole-sapporo":{"0":0.6241100454,"1":0.2942233071,"2":0.0693526367,"3":0.0108982715,"4":0.0012844391,"5":0.0001211043,"6":0.0000095153,"7":0.0000006408,"8":0.0000000378,"9":0.000000002},"jubilo-iwata":{"0":0.2381671339,"1":0.3417180616,"2":0.2451455659,"3":0.1172435315,"4":0.042054745,"5":0.0120678833,"6":0.0028857982,"7":0.000591499,"8":0.0001060841,"9":0.000016912}}