{"kyoto-sanga":{"0":0.4895416596,"1":0.349672614,"2":0.1248830764,"3":0.0297340658,"4":0.0053096546,"5":0.0007585221,"6":0.0000903002,"7":0.0000092143,"8":0.0000008227,"9":0.0000000653},"vissel-kobe":{"0":0.3055982736,"1":0.3622818243,"2":0.2147396297,"3":0.0848567892,"4":0.0251490887,"5":0.0059627678,"6":0.0011781275,"7":0.0001995216,"8":0.0000295662,"9":0.0000038945}}