{"oita-trinita":{"0":0.3048303154,"1":0.3621384147,"2":0.2151102184,"3":0.0851836465,"4":0.025299543,"5":0.0060111714,"6":0.0011902119,"7":0.000201996,"8":0.0000299964,"9":0.0000039595},"kawasaki-frontale":{"0":0.0554362405,"1":0.1603505307,"2":0.2319086979,"3":0.2236003167,"4":0.1616921943,"5":0.0935396374,"6":0.0450942391,"7":0.0186337238,"8":0.0067373064,"9":0.0021653117}}