{"nagoya-grampus-eight":{"0":0.3083651679,"1":0.3627825505,"2":0.2134015003,"3":0.0836868629,"4":0.0246137832,"5":0.0057914784,"6":0.001135584,"7":0.0001908545,"8":0.0000280668,"9":0.0000036689},"jef-united":{"0":0.7016428896,"1":0.2486136223,"2":0.0440457205,"3":0.0052022505,"4":0.0004608293,"5":0.0000326572,"6":0.0000019286,"7":0.0000000976,"8":0.0000000043,"9":0.0000000002}}