{"urawa-red-diamonds":{"0":0.6163927313,"1":0.2982545474,"2":0.0721583582,"3":0.0116384449,"4":0.0014078764,"5":0.0001362461,"6":0.0000109876,"7":0.0000007595,"8":0.0000000459,"9":0.0000000025},"omiya-ardija":{"0":0.5515397745,"1":0.3281889567,"2":0.0976429954,"3":0.0193672057,"4":0.0028810719,"5":0.0003428714,"6":0.0000340038,"7":0.0000028905,"8":0.000000215,"9":0.0000000142}}