{"yokohama-fa-marinos":{"0":0.2806664753,"1":0.3566115215,"2":0.2265532019,"3":0.0959519443,"4":0.0304788529,"5":0.0077452144,"6":0.001640163,"7":0.0002977103,"8":0.0000472834,"9":0.0000066753},"shimizu-s-pulse":{"0":0.5672647609,"1":0.3215989195,"2":0.0911618985,"3":0.0172274454,"4":0.0024416852,"5":0.0002768525,"6":0.0000261593,"7":0.0000021186,"8":0.0000001501,"9":0.0000000095}}