{"kashima-antlers":{"0":0.0183156389,"1":0.0732625556,"2":0.1465251111,"3":0.1953668148,"4":0.1953668148,"5":0.1562934519,"6":0.1041956346,"7":0.0595403626,"8":0.0297701813,"9":0.0132311917},"gamba-osaka":{"0":0.7116582418,"1":0.2420758744,"2":0.0411719597,"3":0.0046683167,"4":0.0003969907,"5":0.0000270079,"6":0.0000015312,"7":0.0000000744,"8":0.0000000032,"9":0.0000000001}}