{"kashiwa-reysol":{"0":0.4388799298,"1":0.3614305304,"2":0.1488243361,"3":0.0408537393,"4":0.008411064,"5":0.0013853517,"6":0.0001901463,"7":0.0000223702,"8":0.0000023028,"9":0.0000002107},"tokyo-verdy":{"0":0.370787564,"1":0.3678679768,"2":0.1824856893,"3":0.060349598,"4":0.0149686011,"5":0.0029701476,"6":0.0004911268,"7":0.0000696085,"8":0.0000086326,"9":0.0000009516}}