{"jubilo-iwata":{"0":0.095215465,"1":0.223909916,"2":0.2632747238,"3":0.2063734125,"4":0.121327595,"5":0.0570631076,"6":0.0223650567,"7":0.0075134223,"8":0.0022085826,"9":0.0005770813},"oita-trinita":{"0":0.2720816993,"1":0.354155931,"2":0.230494046,"3":0.1000077472,"4":0.0325438434,"5":0.0084721576,"6":0.0018379681,"7":0.0003417709,"8":0.0000556084,"9":0.0000080425}}