{"vissel-kobe":{"0":0.0371007666,"1":0.1222142899,"2":0.2012941246,"3":0.2210288427,"4":0.1820237528,"5":0.1199215312,"6":0.0658392721,"7":0.0309831868,"8":0.0127577828,"9":0.0046695153},"consadole-sapporo":{"0":0.6234785326,"1":0.2945567871,"2":0.0695803434,"3":0.0109575344,"4":0.001294197,"5":0.0001222863,"6":0.0000096288,"7":0.0000006499,"8":0.0000000384,"9":0.000000002}}