{"fc-tokyo":{"0":0.4388799298,"1":0.3614305304,"2":0.1488243361,"3":0.0408537393,"4":0.008411064,"5":0.0013853517,"6":0.0001901463,"7":0.0000223702,"8":0.0000023028,"9":0.0000002107},"kawasaki-frontale":{"0":0.0097555272,"1":0.0451673229,"2":0.1045605743,"3":0.1613690752,"4":0.186781528,"5":0.1729567535,"6":0.1334626917,"7":0.0882745362,"8":0.051088019,"9":0.0262815006}}