{"albirex-niigata":{"0":0.3901685434,"1":0.3672174526,"2":0.172808213,"3":0.0542143413,"4":0.0127563156,"5":0.0024011888,"6":0.0003766571,"7":0.000050643,"8":0.000005958,"9":0.0000006231},"kyoto-sanga":{"0":0.077989498,"1":0.1989653335,"2":0.2537982994,"3":0.2158284751,"4":0.1376543817,"5":0.0702362515,"6":0.0298642329,"7":0.0108841524,"8":0.0034709305,"9":0.0009838858}}