{"tokyo-verdy":{"0":0.8530472013,"1":0.1355836611,"2":0.0107748605,"3":0.0005708535,"4":0.0000226829,"5":0.000000721,"6":0.0000000191,"7":0.0000000004,"8":0.0,"9":0.0},"nagoya-grampus-eight":{"0":0.0379029144,"1":0.1240459017,"2":0.2029842027,"3":0.2214373121,"4":0.1811759826,"5":0.1185879159,"6":0.0646843178,"7":0.0302420187,"8":0.0123717349,"9":0.0044988127}}