{"jef-united":{"0":0.2934313299,"1":0.3597795682,"2":0.2205649576,"3":0.0901457537,"4":0.0276321894,"5":0.0067760298,"6":0.0013846948,"7":0.0002425415,"8":0.0000371729,"9":0.0000050642},"jubilo-iwata":{"0":0.1594336375,"1":0.2927404877,"2":0.2687544312,"3":0.1644891348,"4":0.0755057563,"5":0.0277276393,"6":0.0084852469,"7":0.0022257136,"8":0.0005108367,"9":0.0001042179}}