{"shimizu-s-pulse":{"0":0.1949883403,"1":0.3187699641,"2":0.2605650416,"3":0.1419919243,"4":0.0580326502,"5":0.0189745354,"6":0.0051699775,"7":0.0012074228,"8":0.0002467392,"9":0.0000448192},"fc-tokyo":{"0":0.167776261,"1":0.2995014246,"2":0.2673235856,"3":0.1590685799,"4":0.0709892836,"5":0.0253449343,"6":0.0075406416,"7":0.0019229972,"8":0.0004290985,"9":0.0000851105}}