{"consadole-sapporo":{"0":0.3853349264,"1":0.3674717179,"2":0.1752183026,"3":0.0556985333,"4":0.0132791205,"5":0.0025327064,"6":0.0004025494,"7":0.0000548412,"8":0.0000065374,"9":0.0000006927},"albirex-niigata":{"0":0.3709323651,"1":0.3678668084,"2":0.1824132934,"3":0.0603019152,"4":0.0149508881,"5":0.0029654654,"6":0.0004901596,"7":0.0000694441,"8":0.0000086088,"9":0.0000009486}}