{"vissel-kobe":{"0":0.1296076793,"1":0.2648200149,"2":0.2705458531,"3":0.1842636621,"4":0.0941238706,"5":0.0384635925,"6":0.0130984126,"7":0.0038233204,"8":0.0009764967,"9":0.0002216911},"gamba-osaka":{"0":0.4096050061,"1":0.3655978567,"2":0.163159374,"3":0.0485432848,"4":0.0108319727,"5":0.0019336414,"6":0.0002876491,"7":0.0000366778,"8":0.0000040922,"9":0.0000004058}}