{"kyoto-sanga":{"0":0.3853349264,"1":0.3674717179,"2":0.1752183026,"3":0.0556985333,"4":0.0132791205,"5":0.0025327064,"6":0.0004025494,"7":0.0000548412,"8":0.0000065374,"9":0.0000006927},"urawa-red-diamonds":{"0":0.4096050061,"1":0.3655978567,"2":0.163159374,"3":0.0485432848,"4":0.0108319727,"5":0.0019336414,"6":0.0002876491,"7":0.0000366778,"8":0.0000040922,"9":0.0000004058}}