{"omiya-ardija":{"0":0.4416236204,"1":0.3609377913,"2":0.1474967407,"3":0.0401828958,"4":0.008210343,"5":0.0013420582,"6":0.0001828101,"7":0.0000213443,"8":0.0000021806,"9":0.000000198},"kashima-antlers":{"0":0.2397642396,"1":0.3424071124,"2":0.2444956571,"3":0.1163880153,"4":0.0415534071,"5":0.0118684773,"6":0.0028248938,"7":0.0005763183,"8":0.00010288,"9":0.0000163248}}