{"kawasaki-frontale":{"0":0.1649052676,"1":0.2972226332,"2":0.267854675,"3":0.1609256697,"4":0.0725124673,"5":0.0261390637,"6":0.0078521055,"7":0.0020217872,"8":0.0004555046,"9":0.0000912216},"kashiwa-reysol":{"0":0.8984291424,"1":0.0962284437,"2":0.005153391,"3":0.0001839888,"4":0.0000049266,"5":0.0000001055,"6":0.0000000019,"7":0.0,"8":0.0,"9":0.0}}