{"oita-trinita":{"0":0.3853349264,"1":0.3674717179,"2":0.1752183026,"3":0.0556985333,"4":0.0132791205,"5":0.0025327064,"6":0.0004025494,"7":0.0000548412,"8":0.0000065374,"9":0.0000006927},"yokohama-fa-marinos":{"0":0.3529876127,"1":0.3675738777,"2":0.1913814405,"3":0.0664299215,"4":0.0172937399,"5":0.0036016714,"6":0.0006250835,"7":0.0000929876,"8":0.0000121038,"9":0.0000014004}}