{"gamba-osaka":{"0":0.4117472128,"1":0.3653621102,"2":0.1621012449,"3":0.0479466131,"4":0.010636305,"5":0.0018876159,"6":0.0002791613,"7":0.0000353875,"8":0.0000039251,"9":0.000000387},"omiya-ardija":{"0":0.4803927964,"1":0.3522005474,"2":0.1291081242,"3":0.0315519247,"4":0.0057830827,"5":0.0008479748,"6":0.0001036156,"7":0.0000108523,"8":0.0000009945,"9":0.000000081}}