{"kashima-antlers":{"0":0.1370164454,"1":0.2723413297,"2":0.2706602104,"3":0.1793263122,"4":0.0891096799,"5":0.035423848,"6":0.0117350608,"7":0.0033321777,"8":0.0008279022,"9":0.0001828426},"vissel-kobe":{"0":0.7303673514,"1":0.2294870093,"2":0.036053287,"3":0.0037760729,"4":0.0002966177,"5":0.0000186399,"6":0.0000009761,"7":0.0000000438,"8":0.0000000017,"9":0.0000000001}}