{"urawa-red-diamonds":{"0":0.352379571,"1":0.367548228,"2":0.1916849203,"3":0.0666454193,"4":0.0173785655,"5":0.0036253299,"6":0.0006302312,"7":0.0000939086,"8":0.0000122439,"9":0.000001419},"consadole-sapporo":{"0":0.7052958414,"1":0.2462455308,"2":0.0429868276,"3":0.0050027773,"4":0.0004366648,"5":0.0000304913,"6":0.0000017743,"7":0.0000000885,"8":0.0000000039,"9":0.0000000001}}