{"yokohama-fa-marinos":{"0":0.0755635347,"1":0.1951640963,"2":0.2520331045,"3":0.216982143,"4":0.1401043638,"5":0.0723717906,"6":0.0311534198,"7":0.0114946393,"8":0.0037110176,"9":0.001064972},"jef-united":{"0":0.5961628689,"1":0.3083601046,"2":0.0797483029,"3":0.0137497074,"4":0.0017779794,"5":0.0001839289,"6":0.0000158559,"7":0.0000011716,"8":0.0000000758,"9":0.0000000044}}