{"nagoya-grampus-eight":{"0":0.204047193,"1":0.3243134194,"2":0.2577325187,"3":0.1365470298,"4":0.0542570979,"5":0.0172472894,"6":0.0045688184,"7":0.0010373854,"8":0.0002061031,"9":0.0000363979},"kawasaki-frontale":{"0":0.3941457624,"1":0.366963296,"2":0.1708277413,"3":0.0530155059,"4":0.012339816,"5":0.0022977588,"6":0.0003565488,"7":0.0000474227,"8":0.000005519,"9":0.0000005709}}