{"jubilo-iwata":{"0":0.1672811298,"1":0.2991119539,"2":0.267417972,"3":0.1593881952,"4":0.0712496899,"5":0.0254800216,"6":0.0075933839,"7":0.0019396534,"8":0.0004335318,"9":0.0000861321},"kyoto-sanga":{"0":0.2474487661,"1":0.3455750009,"2":0.2413066817,"3":0.1123324208,"4":0.039219509,"5":0.0109544146,"6":0.0025497344,"7":0.0005086909,"8":0.0000888016,"9":0.0000137796}}