{"kashiwa-reysol":{"0":0.1594919881,"1":0.2927892656,"2":0.2687456438,"3":0.1644509767,"4":0.0754731966,"5":0.0277101591,"6":0.0084782076,"7":0.002223424,"8":0.0005102095,"9":0.0001040692},"shimizu-s-pulse":{"0":0.6278102917,"1":0.2922565151,"2":0.0680252233,"3":0.0105556381,"4":0.0012284579,"5":0.0001143737,"6":0.0000088738,"7":0.0000005901,"8":0.0000000343,"9":0.0000000018}}