{"fc-tokyo":{"0":0.2165786919,"1":0.3313223698,"2":0.2534287,"3":0.1292318537,"4":0.0494247652,"5":0.0151220143,"6":0.0038556129,"7":0.0008426174,"8":0.0001611296,"9":0.0000273885},"oita-trinita":{"0":0.155350882,"1":0.2892740562,"2":0.2693241213,"3":0.167166696,"4":0.0778189792,"5":0.0289808612,"6":0.0089940604,"7":0.0023925087,"8":0.000556877,"9":0.0001152159}}