{"albirex-niigata":{"0":0.23919801,"1":0.3421640409,"2":0.2447265988,"3":0.1166908285,"4":0.041730495,"5":0.0119387906,"6":0.0028463342,"7":0.0005816539,"8":0.0001040043,"9":0.0000165305},"tokyo-verdy":{"0":0.2254503836,"1":0.3358433301,"2":0.2501453769,"3":0.1242101182,"4":0.0462575613,"5":0.0137815631,"6":0.0034216295,"7":0.0007281497,"8":0.0001355865,"9":0.0000224419}}