{"tokyo-verdy":{"0":0.3907219739,"1":0.3671845056,"2":0.1725324785,"3":0.0540463186,"4":0.0126976291,"5":0.0023865423,"6":0.0003737958,"7":0.0000501826,"8":0.0000058949,"9":0.0000006155},"yokohama-fa-marinos":{"0":0.251103578,"1":0.346997464,"2":0.2397561218,"3":0.1104388435,"4":0.0381535768,"5":0.0105448075,"6":0.0024286269,"7":0.0004794421,"8":0.000082817,"9":0.000012716}}