{"jef-united":{"0":0.1930939708,"1":0.3175581568,"2":0.2611246289,"3":0.1431466339,"4":0.0588539624,"5":0.0193579901,"6":0.0053059551,"7":0.0012465798,"8":0.0002562623,"9":0.000046827},"kashiwa-reysol":{"0":0.3413649465,"1":0.3669001197,"2":0.1971727021,"3":0.0706406137,"4":0.0189811885,"5":0.0040802082,"6":0.0007309034,"7":0.0001122253,"8":0.0000150775,"9":0.0000018006}}