{"nagoya-grampus-eight":{"0":0.2568419612,"1":0.3491238191,"2":0.2372810121,"3":0.1075115774,"4":0.0365349691,"5":0.0099323552,"6":0.0022501657,"7":0.0004369482,"8":0.0000742427,"9":0.0000112131},"gamba-osaka":{"0":0.4540030815,"1":0.3585041206,"2":0.1415466213,"3":0.0372574909,"4":0.0073551065,"5":0.0011615939,"6":0.0001528757,"7":0.0000172455,"8":0.0000017022,"9":0.0000001494}}