{"shimizu-s-pulse":{"0":0.3164071801,"1":0.3640977631,"2":0.209488263,"3":0.080354485,"4":0.0231164857,"5":0.0053201452,"6":0.0010203377,"7":0.0001677326,"8":0.0000241268,"9":0.0000030848},"jubilo-iwata":{"0":0.3059061448,"1":0.3623387744,"2":0.2145909615,"3":0.0847260152,"4":0.0250890028,"5":0.0059434691,"6":0.001173317,"7":0.0001985381,"8":0.0000293955,"9":0.0000038687}}