{"vissel-kobe":{"0":0.3089120115,"1":0.3628785677,"2":0.2131365081,"3":0.0834570664,"4":0.0245092288,"5":0.0057581923,"6":0.0011273569,"7":0.0001891864,"8":0.0000277796,"9":0.0000036259},"urawa-red-diamonds":{"0":0.251103578,"1":0.346997464,"2":0.2397561218,"3":0.1104388435,"4":0.0381535768,"5":0.0105448075,"6":0.0024286269,"7":0.0004794421,"8":0.000082817,"9":0.000012716}}