{"omiya-ardija":{"0":0.2442315437,"1":0.3442782001,"2":0.2426539121,"3":0.1140181033,"4":0.0401810786,"5":0.0113281595,"6":0.0026614351,"7":0.0005359516,"8":0.0000944373,"9":0.0000147914},"fc-tokyo":{"0":0.3413649465,"1":0.3669001197,"2":0.1971727021,"3":0.0706406137,"4":0.0189811885,"5":0.0040802082,"6":0.0007309034,"7":0.0001122253,"8":0.0000150775,"9":0.0000018006}}