{"kawasaki-frontale":{"0":0.3757182834,"1":0.3677965124,"2":0.1800208833,"3":0.0587417541,"4":0.0143758058,"5":0.0028145403,"6":0.0004591996,"7":0.0000642168,"8":0.0000078579,"9":0.0000008547},"kashima-antlers":{"0":0.3161385212,"1":0.3640571553,"2":0.2096195235,"3":0.0804641872,"4":0.0231651326,"5":0.0053352766,"6":0.001023995,"7":0.0001684581,"8":0.000024249,"9":0.0000031027}}