{"kyoto-sanga":{"0":0.2121201521,"1":0.328914019,"2":0.2550074352,"3":0.1318050478,"4":0.0510943062,"5":0.0158453909,"6":0.0040949835,"7":0.0009070988,"8":0.0001758187,"9":0.0000302917},"consadole-sapporo":{"0":0.1994474024,"1":0.3215500445,"2":0.2592022504,"3":0.1392956976,"4":0.0561432954,"5":0.0181028972,"6":0.0048642627,"7":0.0011203125,"8":0.0002257716,"9":0.0000404433}}