{"oita-trinita":{"0":0.4468609774,"1":0.3599499784,"2":0.1449712477,"3":0.0389251543,"4":0.0078386283,"5":0.0012628152,"6":0.0001695346,"7":0.0000195088,"8":0.0000019643,"9":0.0000001758},"albirex-niigata":{"0":0.57789161,"1":0.3168978176,"2":0.0868884624,"3":0.0158823117,"4":0.0021773417,"5":0.0002387973,"6":0.0000218248,"7":0.0000017097,"8":0.0000001172,"9":0.0000000071}}