{"kashima-antlers":{"0":0.1384130114,"1":0.2737135608,"2":0.2706360935,"3":0.1783954849,"4":0.0881948578,"5":0.0348812996,"6":0.0114963719,"7":0.0032477468,"8":0.0008028078,"9":0.0001763959},"oita-trinita":{"0":0.6140361712,"1":0.299466326,"2":0.0730250795,"3":0.0118714789,"4":0.0014474343,"5":0.0001411832,"6":0.0000114759,"7":0.0000007995,"8":0.0000000487,"9":0.0000000026}}