{"gamba-osaka":{"0":0.2184574498,"1":0.3323096128,"2":0.2527487134,"3":0.1281574164,"4":0.0487371127,"5":0.0148274285,"6":0.0037591585,"7":0.0008168995,"8":0.0001553298,"9":0.0000262536},"kyoto-sanga":{"0":0.3770404195,"1":0.3677663125,"2":0.1793601609,"3":0.0583161394,"4":0.0142204326,"5":0.0027741302,"6":0.0004509824,"7":0.0000628414,"8":0.000007662,"9":0.0000008304}}