{"urawa-red-diamonds":{"0":0.1263581081,"1":0.2613888398,"2":0.2703590873,"3":0.1864247816,"4":0.0964112199,"5":0.0398879301,"6":0.0137522632,"7":0.0040640595,"8":0.0010508821,"9":0.0002415435},"jef-united":{"0":0.6317991895,"1":0.2901118727,"2":0.0666073177,"3":0.0101949976,"4":0.0011703441,"5":0.0001074806,"6":0.0000082256,"7":0.0000005396,"8":0.000000031,"9":0.0000000016}}