{"yokohama-fa-marinos":{"0":0.2705596818,"1":0.353692545,"2":0.2311845126,"3":0.10073962,"4":0.0329232836,"5":0.0086078753,"6":0.0018754589,"7":0.0003502453,"8":0.0000572328,"9":0.0000083131},"omiya-ardija":{"0":0.4796522688,"1":0.3523975853,"2":0.1294521742,"3":0.0317025733,"4":0.0058229216,"5":0.000855613,"6":0.0001047689,"7":0.0000109962,"8":0.0000010099,"9":0.0000000824}}