{"consadole-sapporo":{"0":0.4296893654,"1":0.3629554863,"2":0.1532929316,"3":0.0431618087,"4":0.0091146166,"5":0.0015398101,"6":0.0002167777,"7":0.0000261587,"8":0.000002762,"9":0.0000002592},"tokyo-verdy":{"0":0.3395955256,"1":0.3667631677,"2":0.1980521106,"3":0.0712987598,"4":0.0192506651,"5":0.0041581437,"6":0.0007484659,"7":0.0001154776,"8":0.0000155895,"9":0.0000018707}}