{"jubilo-iwata":{"0":0.1094496664,"1":0.2421344576,"2":0.2678358804,"3":0.1975102582,"4":0.1092375171,"5":0.0483330243,"6":0.0178211151,"7":0.005632212,"8":0.0015575111,"9":0.0003828519},"kawasaki-frontale":{"0":0.2430991937,"1":0.3438117168,"2":0.2431239998,"3":0.1146155999,"4":0.0405248014,"5":0.0114627295,"6":0.0027019291,"7":0.0005459,"8":0.0000965073,"9":0.0000151654}}