{"kashiwa-reysol":{"0":0.2288106816,"1":0.3374637986,"2":0.2488559855,"3":0.1223426074,"4":0.0451095647,"5":0.0133060616,"6":0.0032707637,"7":0.0006891314,"8":0.0001270466,"9":0.0000208195},"vissel-kobe":{"0":0.3499377491,"1":0.3674346366,"2":0.1929031842,"3":0.0675161145,"4":0.01772298,"5":0.0037218258,"6":0.0006513195,"7":0.0000976979,"8":0.0000128229,"9":0.000001496}}