{"fc-tokyo":{"0":0.4473252708,"1":0.3598594358,"2":0.1447479295,"3":0.0388150872,"4":0.0078063863,"5":0.0012559996,"6":0.0001684022,"7":0.0000193535,"8":0.0000019462,"9":0.000000174},"nagoya-grampus-eight":{"0":0.1198602772,"1":0.2542750166,"2":0.2697131426,"3":0.1907257223,"4":0.1011527491,"5":0.0429176664,"6":0.0151744606,"7":0.0045987906,"8":0.0012195007,"9":0.0002874537}}