{"albirex-niigata":{"0":0.5044141905,"1":0.3451996555,"2":0.1181199939,"3":0.0269454362,"4":0.0046100781,"5":0.0006309883,"6":0.0000719703,"7":0.0000070362,"8":0.0000006019,"9":0.0000000458},"shimizu-s-pulse":{"0":0.3678794412,"1":0.3678794412,"2":0.1839397206,"3":0.0613132402,"4":0.01532831,"5":0.003065662,"6":0.0005109437,"7":0.000072992,"8":0.000009124,"9":0.0000010138}}