{"nagoya-grampus-eight":{"0":0.2051733132,"1":0.3249740573,"2":0.2573632415,"3":0.1358792322,"4":0.0538047867,"5":0.0170442828,"6":0.0044994072,"7":0.0010180874,"8":0.0002015686,"9":0.0000354738},"vissel-kobe":{"0":0.3624078605,"1":0.3678385477,"2":0.1866753069,"3":0.0631575464,"4":0.0160259908,"5":0.0032532281,"6":0.0005503296,"7":0.0000797966,"8":0.000010124,"9":0.0000011418}}