{"gamba-osaka":{"0":0.1798780441,"1":0.3085765018,"2":0.2646778209,"3":0.1513495,"4":0.0649091159,"5":0.0222700086,"6":0.0063672782,"7":0.0015604163,"8":0.0003346071,"9":0.000063779},"yokohama-fa-marinos":{"0":0.2948038021,"1":0.3600866954,"2":0.2199130867,"3":0.089537263,"4":0.0273412155,"5":0.0066791594,"6":0.0013597046,"7":0.0002372578,"8":0.0000362247,"9":0.0000049163}}