{"jef-united":{"0":0.3724033352,"1":0.3678517388,"2":0.1816778866,"3":0.0598191264,"4":0.0147720009,"5":0.0029182908,"6":0.0004804371,"7":0.000067795,"8":0.0000083708,"9":0.0000009187},"kyoto-sanga":{"0":0.1491061362,"1":0.283763426,"2":0.2700146487,"3":0.1712880139,"4":0.0814944222,"5":0.0310183565,"6":0.0098384897,"7":0.0026747999,"8":0.0006363004,"9":0.000134549}}