{"shimizu-s-pulse":{"0":0.535899024,"1":0.3342989149,"2":0.1042694235,"3":0.0216814198,"4":0.003381269,"5":0.0004218536,"6":0.0000438594,"7":0.0000039086,"8":0.0000003048,"9":0.0000000211},"kashima-antlers":{"0":0.2079558315,"1":0.3265799871,"2":0.2564354344,"3":0.1342379297,"4":0.0527028036,"5":0.0165532082,"6":0.0043326079,"7":0.0009720079,"8":0.0001908088,"9":0.0000332946}}