{"fc-tokyo":{"0":0.1629542627,"1":0.295645591,"2":0.2681927861,"3":0.1621927802,"4":0.073566011,"5":0.0266939526,"6":0.0080717428,"7":0.0020920639,"8":0.0004744502,"9":0.0000956431},"kashiwa-reysol":{"0":0.5302717678,"1":0.3363861864,"2":0.1066959183,"3":0.022561408,"4":0.0035780455,"5":0.0004539578,"6":0.0000479959,"7":0.0000043496,"8":0.0000003449,"9":0.0000000243}}