{"kawasaki-frontale":{"0":0.3252603789,"1":0.3653094459,"2":0.2051448623,"3":0.0768013986,"4":0.0215644743,"5":0.0048439384,"6":0.0009067281,"7":0.0001454818,"8":0.0000204244,"9":0.0000025488},"urawa-red-diamonds":{"0":0.2811881478,"1":0.3567521955,"2":0.2263113328,"3":0.0957094215,"4":0.0303573839,"5":0.0077030724,"6":0.0016288548,"7":0.0002952256,"8":0.0000468202,"9":0.0000066003}}