{"omiya-ardija":{"0":0.1993489619,"1":0.3214897544,"2":0.2592330083,"3":0.139354887,"4":0.0561843513,"5":0.0181216828,"6":0.0048708015,"7":0.001122162,"8":0.0002262136,"9":0.0000405349},"consadole-sapporo":{"0":0.3861426371,"1":0.3674334284,"2":0.1748153549,"3":0.0554484268,"4":0.0131904662,"5":0.0025102735,"6":0.0003981078,"7":0.000054117,"8":0.0000064369,"9":0.0000006806}}