{"oita-trinita":{"0":0.2564775133,"1":0.3489926163,"2":0.2374396193,"3":0.1076958273,"4":0.0366358127,"5":0.0099701747,"6":0.0022610932,"7":0.0004395288,"8":0.0000747591,"9":0.0000113029},"tokyo-verdy":{"0":0.4114318492,"1":0.3653975164,"2":0.1622569391,"3":0.0480341055,"4":0.010664915,"5":0.0018943276,"6":0.0002803958,"7":0.0000355747,"8":0.0000039493,"9":0.0000003897}}