{"albirex-niigata":{"0":0.3299777145,"1":0.3658562437,"2":0.2028179256,"3":0.0749567836,"4":0.0207767116,"5":0.0046071534,"6":0.0008513483,"7":0.0001348451,"8":0.0000186884,"9":0.0000023023},"jubilo-iwata":{"0":0.3060064239,"1":0.3623572572,"2":0.2145425252,"3":0.0846834521,"4":0.0250694602,"5":0.0059371962,"6":0.0011717543,"7":0.0001982188,"8":0.0000293401,"9":0.0000038603}}