{"urawa-red-diamonds":{"0":0.2106879713,"1":0.328120611,"2":0.2555037545,"3":0.1326385611,"4":0.0516420627,"5":0.0160852326,"6":0.0041751287,"7":0.0009288928,"8":0.0001808295,"9":0.0000312911},"gamba-osaka":{"0":0.5193525113,"1":0.3402654385,"2":0.1114662643,"3":0.0243432072,"4":0.0039872494,"5":0.0005224672,"6":0.000057051,"7":0.0000053397,"8":0.0000004373,"9":0.0000000318}}