{"kashima-antlers":{"0":0.0827605915,"1":0.2062231133,"2":0.2569337149,"3":0.2134094244,"4":0.1329435759,"5":0.0662538476,"6":0.0275152591,"7":0.009794659,"8":0.0030507954,"9":0.0008446647},"kashiwa-reysol":{"0":0.7206611626,"1":0.2360786567,"2":0.0386680558,"3":0.0042223739,"4":0.0003457979,"5":0.0000226557,"6":0.000001237,"7":0.0000000579,"8":0.0000000024,"9":0.0000000001}}