{"tokyo-verdy":{"0":0.1916178505,"1":0.3166010251,"2":0.2615523784,"3":0.1440501688,"4":0.0595018039,"5":0.0196623979,"6":0.0054145402,"7":0.0012780266,"8":0.0002639528,"9":0.0000484574},"shimizu-s-pulse":{"0":0.2973150396,"1":0.3606321314,"2":0.2187167093,"3":0.0884317559,"4":0.0268161112,"5":0.0065053899,"6":0.0013151328,"7":0.0002278868,"8":0.0000345523,"9":0.0000046567}}