{"jef-united":{"0":0.4283111839,"1":0.3631673153,"2":0.1539657425,"3":0.0435161221,"4":0.0092243875,"5":0.0015642814,"6":0.0002210604,"7":0.0000267769,"8":0.000002838,"9":0.0000002674},"oita-trinita":{"0":0.179097024,"1":0.3080160026,"2":0.2648672091,"3":0.1518419776,"4":0.0652855055,"5":0.0224559627,"6":0.0064367307,"7":0.0015814381,"8":0.0003399751,"9":0.0000649665}}