{"vissel-kobe":{"0":0.17401853,"1":0.3042876689,"2":0.2660377187,"3":0.1550639411,"4":0.0677859495,"5":0.023706014,"6":0.006908697,"7":0.0017257861,"8":0.0003772123,"9":0.0000732879},"albirex-niigata":{"0":0.5946149238,"1":0.3091053771,"2":0.0803428659,"3":0.0139218458,"4":0.0018092875,"5":0.0001881085,"6":0.0000162978,"7":0.0000012103,"8":0.0000000786,"9":0.0000000045}}