{"consadole-sapporo":{"0":0.717314833,"1":0.2383209937,"2":0.0395899356,"3":0.0043844592,"4":0.0003641737,"5":0.0000241986,"6":0.00000134,"7":0.0000000636,"8":0.0000000026,"9":0.0000000001},"nagoya-grampus-eight":{"0":0.0589925079,"1":0.1669691397,"2":0.2362901204,"3":0.2229275067,"4":0.1577404289,"5":0.0892919614,"6":0.0421211735,"7":0.0170310637,"8":0.0060254729,"9":0.0018949073}}