{"jubilo-iwata":{"0":0.2070735492,"1":0.326074833,"2":0.2567319609,"3":0.1347570007,"4":0.0530498302,"5":0.0167073145,"6":0.0043847824,"7":0.0009863764,"8":0.0001941535,"9":0.00003397},"fc-tokyo":{"0":0.1400834109,"1":0.2753363594,"2":0.2705891808,"3":0.1772825667,"4":0.0871129854,"5":0.0342444149,"6":0.011217998,"7":0.0031498812,"8":0.0007738932,"9":0.0001690112}}