{"kawasaki-frontale":{"0":0.2876814063,"1":0.3584227357,"2":0.223279737,"3":0.0927281968,"4":0.0288825531,"5":0.0071969641,"6":0.0014944516,"7":0.0002659914,"8":0.0000414249,"9":0.0000057346},"omiya-ardija":{"0":0.2833118919,"1":0.357314912,"2":0.2253240156,"3":0.0947267342,"4":0.0298675026,"5":0.0075338201,"6":0.0015836176,"7":0.0002853242,"8":0.0000449816,"9":0.0000063035}}