{"kyoto-sanga":{"0":0.3069682586,"1":0.3625328682,"2":0.2140776397,"3":0.0842760107,"4":0.0248827224,"5":0.0058773534,"6":0.0011568698,"7":0.0001951823,"8":0.000028814,"9":0.0000037811},"yokohama-fa-marinos":{"0":0.2008549218,"1":0.3224067796,"2":0.2587592343,"3":0.1384510616,"4":0.0555594562,"5":0.0178365013,"6":0.0047717766,"7":0.0010942177,"8":0.000219551,"9":0.0000391575}}