{"nagoya-grampus-eight":{"0":0.3175694249,"1":0.3642708109,"2":0.2089200239,"3":0.0798811856,"4":0.0229071047,"5":0.0052551593,"6":0.0010046628,"7":0.0001646296,"8":0.000023605,"9":0.0000030085},"kashima-antlers":{"0":0.3039659183,"1":0.3619746814,"2":0.2155269095,"3":0.0855526664,"4":0.0254698778,"5":0.0060661083,"6":0.0012039604,"7":0.0002048177,"8":0.0000304881,"9":0.0000040341}}