{"yokohama-fa-marinos":{"0":0.1376868866,"1":0.2730018563,"2":0.2706503697,"3":0.178879425,"4":0.0886693284,"5":0.035162232,"6":0.011619788,"7":0.0032913433,"8":0.0008157484,"9":0.000179716},"jubilo-iwata":{"0":0.7115995805,"1":0.2421145792,"2":0.0411885216,"3":0.0046713263,"4":0.0003973429,"5":0.0000270384,"6":0.0000015333,"7":0.0000000745,"8":0.0000000032,"9":0.0000000001}}