{"gamba-osaka":{"0":0.1331039832,"1":0.2684207706,"2":0.2706519682,"3":0.1819344749,"4":0.0917233856,"5":0.0369943277,"6":0.0124339454,"7":0.0035820858,"8":0.0009029653,"9":0.0002023269},"consadole-sapporo":{"0":0.363743896,"1":0.3678561085,"2":0.1860074054,"3":0.0627034213,"4":0.0158530747,"5":0.0032064595,"6":0.0005404515,"7":0.0000780802,"8":0.0000098704,"9":0.0000011091}}