{"shimizu-s-pulse":{"0":0.5314996067,"1":0.3359358259,"2":0.1061645932,"3":0.0223672102,"4":0.0035343146,"5":0.0004467747,"6":0.0000470642,"7":0.0000042496,"8":0.0000003357,"9":0.0000000236},"kyoto-sanga":{"0":0.5283745687,"1":0.3370764697,"2":0.1075189393,"3":0.0228638966,"4":0.0036465048,"5":0.0004652574,"6":0.0000494685,"7":0.0000045083,"8":0.0000003595,"9":0.0000000255}}