{"kashiwa-reysol":{"0":0.4312029273,"1":0.3627177565,"2":0.1525548211,"3":0.0427751753,"4":0.0089953678,"5":0.0015133383,"6":0.0002121641,"7":0.0000254953,"8":0.0000026808,"9":0.0000002506},"urawa-red-diamonds":{"0":0.2892517059,"1":0.358804597,"2":0.2225410191,"3":0.092017597,"4":0.0285359914,"5":0.0070795399,"6":0.0014636453,"7":0.0002593701,"8":0.0000402172,"9":0.0000055431}}