{"fc-tokyo":{"0":0.0847629051,"1":0.2091861423,"2":0.2581249549,"3":0.2123419573,"4":0.1310095342,"5":0.0646636144,"6":0.0265971929,"7":0.00937702,"8":0.0028926903,"9":0.0007932069},"jef-united":{"0":0.6031118437,"1":0.3049650844,"2":0.0771031971,"3":0.0129958112,"4":0.0016428415,"5":0.0001661414,"6":0.0000140016,"7":0.0000010114,"8":0.0000000639,"9":0.0000000036}}