{"omiya-ardija":{"0":0.283153902,"1":0.3572735999,"2":0.2253976093,"3":0.0947995827,"4":0.0299036919,"5":0.0075462846,"6":0.0015869393,"7":0.0002860491,"8":0.0000451158,"9":0.0000063251},"tokyo-verdy":{"0":0.3039659183,"1":0.3619746814,"2":0.2155269095,"3":0.0855526664,"4":0.0254698778,"5":0.0060661083,"6":0.0012039604,"7":0.0002048177,"8":0.0000304881,"9":0.0000040341}}