{"oita-trinita":{"0":0.2112368463,"1":0.328425827,"2":0.2553141787,"3":0.1323187246,"4":0.0514314706,"5":0.0159928758,"6":0.0041442213,"7":0.0009204761,"8":0.0001788917,"9":0.000030904},"vissel-kobe":{"0":0.6916293862,"1":0.2550072377,"2":0.0470112264,"3":0.0057777586,"4":0.0005325722,"5":0.0000392724,"6":0.0000024133,"7":0.0000001271,"8":0.0000000059,"9":0.0000000002}}