{"albirex-niigata":{"0":0.2623081571,"1":0.3510300338,"2":0.2348803903,"3":0.1047750761,"4":0.0350534262,"5":0.0093819464,"6":0.002092542,"7":0.0004000448,"8":0.0000669193,"9":0.0000099504},"kawasaki-frontale":{"0":0.255507423,"1":0.3486408539,"2":0.237860888,"3":0.1081873632,"4":0.0369055175,"5":0.0100715439,"6":0.0022904433,"7":0.0004464741,"8":0.000076152,"9":0.0000115455}}