{"tokyo-verdy":{"0":0.0567235836,"1":0.1627720226,"2":0.2335424673,"3":0.2233884469,"4":0.1602569293,"5":0.0919735421,"6":0.0439873462,"7":0.0180320798,"8":0.0064680286,"9":0.00206227},"jef-united":{"0":0.4674030272,"1":0.3554896263,"2":0.1351861959,"3":0.0342725567,"4":0.0065166129,"5":0.0009912594,"6":0.0001256526,"7":0.0000136524,"8":0.0000012979,"9":0.0000001097}}