{"urawa-red-diamonds":{"0":0.1610425028,"1":0.2940776137,"2":0.2685056473,"3":0.1634382201,"4":0.0746131005,"5":0.0272500019,"6":0.0082934788,"7":0.0021635162,"8":0.0004938461,"9":0.0001002007},"fc-tokyo":{"0":0.2278943261,"1":0.3370268203,"2":0.2492099728,"3":0.1228499866,"4":0.0454198894,"5":0.0134340518,"6":0.0033112099,"7":0.0006995514,"8":0.0001293185,"9":0.0000212495}}