{"vissel-kobe":{"0":0.2210609618,"1":0.3336510169,"2":0.2517925376,"3":0.1266782332,"4":0.0477993954,"5":0.0144288858,"6":0.0036296266,"7":0.000782608,"8":0.0001476504,"9":0.0000247613},"omiya-ardija":{"0":0.1757960815,"1":0.3056092845,"2":0.2656402634,"3":0.153932386,"4":0.0669001919,"5":0.0232602679,"6":0.0067393935,"7":0.0016737097,"8":0.0003637035,"9":0.0000702526}}