{"jubilo-iwata":{"0":0.3580173203,"1":0.3677460518,"2":0.1888695755,"3":0.0646673003,"4":0.016606141,"5":0.003411479,"6":0.0005840304,"7":0.0000857001,"8":0.0000110036,"9":0.0000012558},"kashima-antlers":{"0":0.1234956562,"1":0.2582972528,"2":0.2701207186,"3":0.1883235996,"4":0.098472023,"5":0.0411918181,"6":0.0143591197,"7":0.004290401,"8":0.0011216981,"9":0.0002606763}}