{"kashiwa-reysol":{"0":0.1517206488,"1":0.2861017949,"2":0.2697531209,"3":0.1695591046,"4":0.0799350064,"5":0.0301469167,"6":0.0094747453,"7":0.0025523804,"8":0.0006016325,"9":0.0001260563},"gamba-osaka":{"0":0.3583521678,"1":0.3677549944,"2":0.1887022712,"3":0.0645512142,"4":0.0165612445,"5":0.0033991592,"6":0.0005813917,"7":0.0000852353,"8":0.000010934,"9":0.0000012468}}