{"consadole-sapporo":{"0":0.3512715696,"1":0.3674987888,"2":0.1922378175,"3":0.0670394563,"4":0.0175340969,"5":0.0036688192,"6":0.0006397171,"7":0.0000956099,"8":0.0000125033,"9":0.0000014534},"shimizu-s-pulse":{"0":0.1695431373,"1":0.3008793704,"2":0.2669774695,"3":0.1579303341,"4":0.0700676834,"5":0.0248690933,"6":0.0073556473,"7":0.001864812,"8":0.0004136731,"9":0.0000815693}}