{"kyoto-sanga":{"0":0.4188134561,"1":0.3645057772,"2":0.1586200964,"3":0.0460172587,"4":0.0100125464,"5":0.0017428432,"6":0.000252808,"7":0.0000314323,"8":0.0000034196,"9":0.0000003307},"oita-trinita":{"0":0.5495588268,"1":0.328987597,"2":0.098472478,"3":0.0196498369,"4":0.0029407919,"5":0.0003520948,"6":0.0000351296,"7":0.0000030043,"8":0.0000002248,"9":0.000000015}}