{"kawasaki-frontale":{"0":0.1614519214,"1":0.2944153092,"2":0.2684402065,"3":0.1631711899,"4":0.0743876194,"5":0.0271298771,"6":0.0082454383,"7":0.0021479931,"8":0.000489621,"9":0.0000992053},"yokohama-fa-marinos":{"0":0.2772602082,"1":0.3556690718,"2":0.2281259353,"3":0.0975465612,"4":0.0312831537,"5":0.0080259986,"6":0.0017159569,"7":0.0003144611,"8":0.0000504238,"9":0.0000071871}}