{"albirex-niigata":{"0":0.5560169377,"1":0.3263577678,"2":0.0957789101,"3":0.018739352,"4":0.0027497962,"5":0.0003228022,"6":0.0000315785,"7":0.0000026479,"8":0.0000001943,"9":0.0000000127},"nagoya-grampus-eight":{"0":0.2815048412,"1":0.3568371226,"2":0.2261643735,"3":0.0955624113,"4":0.0302838627,"5":0.007677599,"6":0.001622028,"7":0.0002937274,"8":0.0000465413,"9":0.0000065551}}