{"kashima-antlers":{"0":0.1401339127,"1":0.2753851106,"2":0.2705874606,"3":0.1772489289,"4":0.0870804842,"5":0.0342253611,"6":0.0112097001,"7":0.0031469741,"8":0.0007730372,"9":0.0001687933},"fc-tokyo":{"0":0.3928726318,"1":0.3670490398,"2":0.1714614187,"3":0.0533970758,"4":0.012471819,"5":0.0023304088,"6":0.0003628718,"7":0.0000484314,"8":0.000005656,"9":0.0000005871}}