{"jef-united":{"0":0.231868387,"1":0.3388954412,"2":0.2476623087,"3":0.1206598687,"4":0.0440886746,"5":0.0128878723,"6":0.0031394543,"7":0.0006555115,"8":0.0001197607,"9":0.000019449},"consadole-sapporo":{"0":0.2295866057,"1":0.33783094,"2":0.2485548834,"3":0.1219140952,"4":0.0448483844,"5":0.0131986549,"6":0.003236915,"7":0.0006804342,"8":0.0001251552,"9":0.0000204625}}