{"shimizu-s-pulse":{"0":0.4282749215,"1":0.3631728291,"2":0.1539834546,"3":0.043525474,"4":0.0092272911,"5":0.00156493,"6":0.0002211742,"7":0.0000267934,"8":0.0000028401,"9":0.0000002676},"vissel-kobe":{"0":0.5235244105,"1":0.338810141,"2":0.109634154,"3":0.0236507044,"4":0.0038265162,"5":0.0004952825,"6":0.0000534221,"7":0.000004939,"8":0.0000003996,"9":0.0000000287}}