{"tokyo-verdy":{"0":0.1548067229,"1":0.2888039993,"2":0.2693931777,"3":0.167524652,"4":0.0781325717,"5":0.0291524796,"6":0.0090643702,"7":0.0024157555,"8":0.0005633475,"9":0.0001167743},"kyoto-sanga":{"0":0.4174119365,"1":0.3646851651,"2":0.1593093752,"3":0.0463952279,"4":0.0101336653,"5":0.0017707196,"6":0.0002578409,"7":0.0000321816,"8":0.0000035146,"9":0.0000003412}}