{"nagoya-grampus-eight":{"0":0.3794124636,"1":0.3677005211,"2":0.1781750551,"3":0.0575583451,"4":0.0139453995,"5":0.0027029848,"6":0.0004365912,"7":0.0000604449,"8":0.0000073224,"9":0.0000007885},"kashiwa-reysol":{"0":0.3119510743,"1":0.363394588,"2":0.2116607979,"3":0.0821885169,"4":0.0239355341,"5":0.0055765434,"6":0.0010826942,"7":0.0001801772,"8":0.0000262362,"9":0.0000033959}}