{"yokohama-fa-marinos":{"0":0.1829656326,"1":0.3107592492,"2":0.2639056023,"3":0.1494107676,"4":0.0634419389,"5":0.0215506803,"6":0.0061004838,"7":0.0014802013,"8":0.0003142573,"9":0.0000593058},"albirex-niigata":{"0":0.7555714387,"1":0.2117722758,"2":0.0296778666,"3":0.0027727135,"4":0.0001942847,"5":0.0000108909,"6":0.0000005088,"7":0.0000000204,"8":0.0000000007,"9":0.0}}