{"gamba-osaka":{"0":0.1129798737,"1":0.2463577648,"2":0.2685971682,"3":0.1952294564,"4":0.1064266823,"5":0.0464136464,"6":0.0168678453,"7":0.0052544437,"8":0.0014321942,"9":0.0003469961},"kawasaki-frontale":{"0":0.1434864231,"1":0.2785810227,"2":0.2704345978,"3":0.1750175969,"4":0.0849498163,"5":0.0329862662,"6":0.0106738877,"7":0.0029605016,"8":0.0007184822,"9":0.0001549938}}