{"omiya-ardija":{"0":0.3014051,"1":0.3614751581,"2":0.2167585915,"3":0.0866528648,"4":0.0259806967,"5":0.0062317303,"6":0.0012456191,"7":0.0002134102,"8":0.0000319929,"9":0.0000042632},"jubilo-iwata":{"0":0.3119510743,"1":0.363394588,"2":0.2116607979,"3":0.0821885169,"4":0.0239355341,"5":0.0055765434,"6":0.0010826942,"7":0.0001801772,"8":0.0000262362,"9":0.0000033959}}