{"oita-trinita":{"0":0.4357511165,"1":0.3619714946,"2":0.1503419704,"3":0.0416288914,"4":0.0086451138,"5":0.0014362716,"6":0.000198848,"7":0.0000235971,"8":0.0000024502,"9":0.0000002262},"urawa-red-diamonds":{"0":0.5432474331,"1":0.3314843603,"2":0.1011342847,"3":0.0205703894,"4":0.0031379635,"5":0.000382951,"6":0.0000389455,"7":0.0000033949,"8":0.0000002589,"9":0.0000000176}}