{"urawa-red-diamonds":{"0":0.1051543949,"1":0.2368419336,"2":0.2667225729,"3":0.2002486913,"4":0.1127563125,"5":0.0507927854,"6":0.0190669817,"7":0.0061350072,"8":0.0017272542,"9":0.0004322599},"tokyo-verdy":{"0":0.4966519512,"1":0.347589714,"2":0.1216330762,"3":0.02837561,"4":0.0049647797,"5":0.0006949359,"6":0.0000810603,"7":0.0000081045,"8":0.000000709,"9":0.0000000551}}