{"vissel-kobe":{"0":0.1409528075,"1":0.2761730845,"2":0.2705571246,"3":0.1767035766,"4":0.086555161,"5":0.0339180272,"6":0.0110761022,"7":0.0031002487,"8":0.0007593013,"9":0.0001653024},"yokohama-fa-marinos":{"0":0.404274823,"1":0.3661356887,"2":0.165797293,"3":0.050052013,"4":0.0113325312,"5":0.0020526849,"6":0.0003098392,"7":0.000040087,"8":0.0000045382,"9":0.0000004567}}