{"jubilo-iwata":{"0":0.4280137725,"1":0.3632124468,"2":0.1541110239,"3":0.0435928668,"4":0.0092482256,"5":0.0015696087,"6":0.000221995,"7":0.0000269121,"8":0.0000028547,"9":0.0000002692},"nagoya-grampus-eight":{"0":0.1046333336,"1":0.2361881021,"2":0.2665728867,"3":0.2005777127,"4":0.1131906718,"5":0.0511009045,"6":0.0192249532,"7":0.0061994792,"8":0.0017492552,"9":0.0004387313}}