{"kashiwa-reysol":{"0":0.2195910399,"1":0.3328974631,"2":0.2523343416,"3":0.1275119759,"4":0.0483266682,"5":0.0146525334,"6":0.0037021784,"7":0.0008017799,"8":0.0001519361,"9":0.0000255926},"omiya-ardija":{"0":0.3575878427,"1":0.3677341235,"2":0.1890841486,"3":0.0648164221,"4":0.0166638846,"5":0.0034273419,"6":0.0005874317,"7":0.0000862999,"8":0.0000110936,"9":0.0000012676}}