{"consadole-sapporo":{"0":0.4226359879,"1":0.3639927168,"2":0.1567432752,"3":0.0449980694,"4":0.0096885795,"5":0.0016688462,"6":0.0002395473,"7":0.0000294727,"8":0.0000031729,"9":0.0000003036},"oita-trinita":{"0":0.3223635053,"1":0.3649398173,"2":0.2065697079,"3":0.0779508332,"4":0.0220615566,"5":0.0049950694,"6":0.0009424659,"7":0.0001524204,"8":0.0000215689,"9":0.0000027131}}