{"kyoto-sanga":{"0":0.5020802983,"1":0.3459309232,"2":0.1191723755,"3":0.0273697322,"4":0.0047144036,"5":0.0006496403,"6":0.0000745998,"7":0.0000073427,"8":0.0000006324,"9":0.0000000484},"kashima-antlers":{"0":0.1860126307,"1":0.3128622144,"2":0.263107846,"3":0.1475105983,"4":0.0620260198,"5":0.0208648174,"6":0.0058488976,"7":0.001405357,"8":0.0002954659,"9":0.0000552173}}