{"fc-tokyo":{"0":0.2583646141,"1":0.3496663951,"2":0.2366163576,"3":0.1067442215,"4":0.0361164659,"5":0.0097758855,"6":0.002205087,"7":0.0004263326,"8":0.0000721239,"9":0.0000108457},"gamba-osaka":{"0":0.3121034782,"1":0.3634196835,"2":0.2115866621,"3":0.0821252813,"4":0.02390709,"5":0.0055675811,"6":0.0010805009,"7":0.0001797368,"8":0.0000261611,"9":0.0000033847}}