{"kawasaki-frontale":{"0":0.1235085144,"1":0.2583112875,"2":0.2701219489,"3":0.1883150829,"4":0.0984626683,"5":0.0411858546,"6":0.0143563262,"7":0.0042893528,"8":0.0011213683,"9":0.0002605867},"shimizu-s-pulse":{"0":0.2377681485,"1":0.3415442553,"2":0.2453072018,"3":0.1174579327,"4":0.0421808834,"5":0.012118224,"6":0.0029012225,"7":0.0005953554,"8":0.0001069005,"9":0.000017062}}