{"albirex-niigata":{"0":0.1053992246,"1":0.2371482553,"2":0.2667917872,"3":0.2000938404,"4":0.1125527852,"5":0.0506487533,"6":0.0189932825,"7":0.0061049837,"8":0.0017170267,"9":0.0004292567},"jef-united":{"0":0.6728543343,"1":0.2666026608,"2":0.0528175083,"3":0.0069758973,"4":0.0006910087,"5":0.0000547592,"6":0.0000036162,"7":0.0000002047,"8":0.0000000101,"9":0.0000000004}}