{"yokohama-fa-marinos":{"0":0.3505660034,"1":0.3674654857,"2":0.1925898145,"3":0.0672912842,"4":0.0176337866,"5":0.0036967692,"6":0.0006458294,"7":0.0000967089,"8":0.0000126714,"9":0.0000014758},"kashima-antlers":{"0":0.4903799156,"1":0.349432395,"2":0.1244983683,"3":0.0295714687,"4":0.0052679712,"5":0.0007507648,"6":0.0000891627,"7":0.0000090764,"8":0.0000008085,"9":0.000000064}}