{"nagoya-grampus-eight":{"0":0.3576434656,"1":0.3677356975,"2":0.1890563595,"3":0.0647970944,"4":0.016656396,"5":0.0034252835,"6":0.0005869901,"7":0.000086222,"8":0.0000110819,"9":0.0000012661},"omiya-ardija":{"0":0.1951647182,"1":0.3188818518,"2":0.2605123413,"3":0.141884692,"4":0.0579567528,"5":0.0189392395,"6":0.0051575064,"7":0.0012038441,"8":0.0002458718,"9":0.000044637}}