{"shimizu-s-pulse":{"0":0.4801079067,"1":0.3522764854,"2":0.1292404483,"3":0.0316098182,"4":0.0057983817,"5":0.000850906,"6":0.0001040579,"7":0.0000109074,"8":0.0000010004,"9":0.0000000816},"albirex-niigata":{"0":0.5030197987,"1":0.3456378557,"2":0.1187483351,"3":0.0271983462,"4":0.004672171,"5":0.0006420738,"6":0.0000735309,"7":0.0000072179,"8":0.0000006199,"9":0.0000000473}}