{"urawa-red-diamonds":{"0":0.078635715,"1":0.1999650632,"2":0.2542485084,"3":0.2155119933,"4":0.1370079402,"5":0.0696803009,"6":0.029532013,"7":0.0107282601,"8":0.0034101509,"9":0.0009635303},"kawasaki-frontale":{"0":0.2245858791,"1":0.3354183614,"2":0.2504731767,"3":0.1246936551,"4":0.0465574034,"5":0.0139066695,"6":0.0034615951,"7":0.0007385546,"8":0.0001378786,"9":0.0000228802}}