{"tokyo-verdy":{"0":0.2590441609,"1":0.3499056428,"2":0.2363187003,"3":0.1064030247,"4":0.0359311503,"5":0.0097068486,"6":0.0021852652,"7":0.0004216802,"8":0.0000711984,"9":0.0000106858},"kashiwa-reysol":{"0":0.4236247727,"1":0.3638543613,"2":0.1562585627,"3":0.0447372008,"4":0.0096062758,"5":0.0016501799,"6":0.0002362252,"7":0.0000289851,"8":0.0000031119,"9":0.000000297}}