{"jef-united":{"0":0.4380323802,"1":0.3615792791,"2":0.1492350577,"3":0.0410626451,"4":0.0084739179,"5":0.0013989802,"6":0.0001924676,"7":0.0000226964,"8":0.0000023419,"9":0.0000002148},"gamba-osaka":{"0":0.1873327162,"1":0.3137577613,"2":0.2627515759,"3":0.1466914907,"4":0.061422258,"5":0.0205748473,"6":0.0057433624,"7":0.0013741971,"8":0.0002877,"9":0.00005354}}