{"consadole-sapporo":{"0":0.4721680099,"1":0.3543245085,"2":0.1329461703,"3":0.0332551729,"4":0.0062388401,"5":0.0009363506,"6":0.0001171094,"7":0.0000125545,"8":0.0000011776,"9":0.0000000982},"vissel-kobe":{"0":0.3004511622,"1":0.361283527,"2":0.2172163122,"3":0.0870653706,"4":0.0261733754,"5":0.00629454,"6":0.0012614993,"7":0.0002167022,"8":0.0000325722,"9":0.0000043519}}