{"kyoto-sanga":{"0":0.2579179839,"1":0.3495081771,"2":0.2368116484,"3":0.106968898,"4":0.0362387531,"5":0.0098215257,"6":0.0022182139,"7":0.0004294188,"8":0.0000727389,"9":0.0000109522},"fc-tokyo":{"0":0.2413048121,"1":0.3430616914,"2":0.2438644366,"3":0.1155668984,"4":0.041075202,"5":0.0116792766,"6":0.0027673936,"7":0.0005620554,"8":0.0000998839,"9":0.0000157783}}