{"oita-trinita":{"0":0.2535492209,"1":0.3479195588,"2":0.2387071412,"3":0.1091844323,"4":0.0374556461,"5":0.0102793073,"6":0.002350873,"7":0.0004608374,"8":0.000079045,"9":0.0000120517},"jubilo-iwata":{"0":0.6571058386,"1":0.2759254307,"2":0.0579319486,"3":0.0081087383,"4":0.0008512354,"5":0.0000714885,"6":0.0000050031,"7":0.0000003001,"8":0.0000000158,"9":0.0000000007}}