{"kashima-antlers":{"0":0.2097196855,"1":0.3275786823,"2":0.2558362436,"3":0.1332039946,"4":0.0520156095,"5":0.0162495044,"6":0.0042302429,"7":0.0009439385,"8":0.000184302,"9":0.0000319863},"urawa-red-diamonds":{"0":0.3900126568,"1":0.3672265913,"2":0.1728858884,"3":0.0542617394,"4":0.0127728891,"5":0.0024053294,"6":0.0003774668,"7":0.0000507734,"8":0.0000059759,"9":0.0000006252}}