{"gamba-osaka":{"0":0.2382108302,"1":0.341737056,"2":0.2451278461,"3":0.1172200671,"4":0.0420409523,"5":0.0120623829,"6":0.0028841141,"7":0.0005910782,"8":0.000105995,"9":0.0000168956},"oita-trinita":{"0":0.5371548168,"1":0.3338250274,"2":0.1037309407,"3":0.0214885188,"4":0.0033386117,"5":0.0004149687,"6":0.0000429817,"7":0.000003816,"8":0.0000002964,"9":0.0000000205}}