{"kashiwa-reysol":{"0":0.2484769825,"1":0.3459806086,"2":0.2408725756,"3":0.111797398,"4":0.0389168157,"5":0.0108375943,"6":0.0025150535,"7":0.0005002819,"8":0.0000870744,"9":0.0000134714},"kyoto-sanga":{"0":0.6221486229,"1":0.2952569736,"2":0.0700609768,"3":0.0110830924,"4":0.0013149432,"5":0.0001248082,"6":0.0000098718,"7":0.0000006693,"8":0.0000000397,"9":0.0000000021}}