{"vissel-kobe":{"0":0.0836584652,"1":0.2075577113,"2":0.2574766545,"3":0.2129342796,"4":0.1320731608,"5":0.0655350367,"6":0.027098876,"7":0.0096046649,"8":0.0029786619,"9":0.000821122},"jef-united":{"0":0.5813670992,"1":0.3153177487,"2":0.085509898,"3":0.0154594166,"4":0.0020961921,"5":0.0002273835,"6":0.0000205544,"7":0.0000015926,"8":0.000000108,"9":0.0000000065}}