{"jubilo-iwata":{"0":0.1615751677,"1":0.2945167613,"2":0.2684203394,"3":0.1630908391,"4":0.0743198761,"5":0.0270938282,"6":0.0082310364,"7":0.002143344,"8":0.0004883569,"9":0.0000989077},"tokyo-verdy":{"0":0.2533758408,"1":0.3478549678,"2":0.2387818,"3":0.1092730271,"4":0.0375047254,"5":0.0102979077,"6":0.0023563009,"7":0.0004621317,"8":0.0000793065,"9":0.0000120976}}