{"omiya-ardija":{"0":0.1965052529,"1":0.3197270386,"2":0.2601085154,"3":0.1410712506,"4":0.0573830629,"5":0.0186732075,"6":0.0050637572,"7":0.0011770097,"8":0.0002393841,"9":0.0000432771},"shimizu-s-pulse":{"0":0.276936403,"1":0.3555773109,"2":0.2282748361,"3":0.0976991486,"4":0.0313606302,"5":0.0080532053,"6":0.0017233422,"7":0.0003161022,"8":0.0000507331,"9":0.0000072377}}