{"fc-tokyo":{"0":0.2189334795,"1":0.3325571841,"2":0.2525750765,"3":0.1278861147,"4":0.0485643474,"5":0.0147537258,"6":0.0037351205,"7":0.0008105144,"8":0.0001538951,"9":0.0000259739},"yokohama-fa-marinos":{"0":0.4049649324,"1":0.3660699954,"2":0.1654553652,"3":0.049854724,"4":0.0112666043,"5":0.0020369002,"6":0.0003068776,"7":0.0000396291,"8":0.0000044779,"9":0.0000004498}}