{"kawasaki-frontale":{"0":0.3200620146,"1":0.3646276116,"2":0.2076992724,"3":0.0788731414,"4":0.0224638694,"5":0.00511835,"6":0.0009718386,"7":0.0001581654,"8":0.0000225236,"9":0.0000028511},"nagoya-grampus-eight":{"0":0.1603320223,"1":0.2934891255,"2":0.2686171658,"3":0.1639019994,"4":0.0750059997,"5":0.0274598236,"6":0.0083775733,"7":0.0021907456,"8":0.0005012723,"9":0.0001019537}}