{"albirex-niigata":{"0":0.1504548199,"1":0.284975337,"2":0.2698848156,"3":0.1703955963,"4":0.0806862526,"5":0.0305654442,"6":0.0096489628,"7":0.0026108611,"8":0.0006181515,"9":0.0001300929},"consadole-sapporo":{"0":0.296001338,"1":0.360349455,"2":0.2193431465,"3":0.0890088131,"4":0.0270896388,"5":0.0065957381,"6":0.0013382657,"7":0.0002327419,"8":0.0000354172,"9":0.0000047907}}