{"tokyo-verdy":{"0":0.1451251609,"1":0.2801145963,"2":0.2703328168,"3":0.1739284154,"4":0.0839273624,"5":0.0323986262,"6":0.0104224152,"7":0.0028738451,"8":0.0006933722,"9":0.000148702},"albirex-niigata":{"0":0.47279001,"1":0.3541688605,"2":0.1326546449,"3":0.0331240392,"4":0.0062033371,"5":0.0009293889,"6":0.0001160348,"7":0.0000124174,"8":0.0000011627,"9":0.0000000968}}