{"yokohama-fa-marinos":{"0":0.3525261816,"1":0.3675545086,"2":0.1916117495,"3":0.0665934107,"4":0.0173580784,"5":0.003619612,"6":0.0006289862,"7":0.0000936857,"8":0.0000122099,"9":0.0000014145},"gamba-osaka":{"0":0.5061088146,"1":0.3446619167,"2":0.1173580003,"3":0.0266404063,"4":0.004535553,"5":0.0006177456,"6":0.0000701145,"7":0.0000068212,"8":0.0000005807,"9":0.0000000439}}