{"jef-united":{"0":0.5810856337,"1":0.3154464868,"2":0.0856211893,"3":0.0154933581,"4":0.00210267,"5":0.0002282899,"6":0.0000206548,"7":0.0000016018,"8":0.0000001087,"9":0.0000000066},"kashima-antlers":{"0":0.1014517419,"1":0.2321390395,"2":0.2655870301,"3":0.2025696058,"4":0.1158785272,"5":0.0530300013,"6":0.0202236277,"7":0.0066107342,"8":0.0018908122,"9":0.0004807226}}