{"urawa-red-diamonds":{"0":0.1815684704,"1":0.3097780434,"2":0.264259637,"3":0.150286433,"4":0.0641017643,"5":0.0218730918,"6":0.0062196955,"7":0.0015159374,"8":0.0003232969,"9":0.0000612871},"kashiwa-reysol":{"0":0.4239818988,"1":0.3638038229,"2":0.1560835756,"3":0.0446432593,"4":0.0095766992,"5":0.0016434851,"6":0.000235036,"7":0.0000288109,"8":0.0000030902,"9":0.0000002946}}