{"nagoya-grampus-eight":{"0":0.1746628108,"1":0.3047687821,"2":0.265895213,"3":0.1546533381,"4":0.0674635735,"5":0.0235434104,"6":0.0068468081,"7":0.0017067116,"8":0.0003722547,"9":0.0000721718},"fc-tokyo":{"0":0.2297030843,"1":0.3378858272,"2":0.2485095761,"3":0.1218498567,"4":0.0448093021,"5":0.0131826076,"6":0.0032318651,"7":0.0006791385,"8":0.0001248738,"9":0.0000204095}}