{"jubilo-iwata":{"0":0.2916503731,"1":0.3593714575,"2":0.2214086735,"3":0.090939889,"4":0.0280140225,"5":0.0069037732,"6":0.0014178044,"7":0.000249574,"8":0.0000384406,"9":0.0000052629},"vissel-kobe":{"0":0.3559890041,"1":0.367685178,"2":0.1898828174,"3":0.0653738334,"4":0.0168804298,"5":0.0034870087,"6":0.0006002627,"7":0.0000885692,"8":0.0000114349,"9":0.0000013123}}