{"consadole-sapporo":{"0":0.3943122208,"1":0.366951781,"2":0.1707449103,"3":0.0529657681,"4":0.0123226481,"5":0.0022935214,"6":0.0003557299,"7":0.0000472924,"8":0.0000055014,"9":0.0000005688},"omiya-ardija":{"0":0.1590224841,"1":0.2923961804,"2":0.2688158433,"3":0.1647580975,"4":0.0757355771,"5":0.0278511477,"6":0.0085350291,"7":0.0022419201,"8":0.00051528,"9":0.0001052723}}