{"kyoto-sanga":{"0":0.2745787959,"1":0.3548977634,"2":0.2293556974,"3":0.0988153798,"4":0.0319301397,"5":0.0082540497,"6":0.0017780833,"7":0.0003283147,"8":0.000053044,"9":0.0000076178},"kawasaki-frontale":{"0":0.162673597,"1":0.2954168071,"2":0.2682398726,"3":0.1623753908,"4":0.0737188154,"5":0.0267748147,"6":0.0081038866,"7":0.0021023908,"8":0.0004772452,"9":0.000096298}}