{"oita-trinita":{"0":0.1637320859,"1":0.2962771078,"2":0.2680602404,"3":0.1616871291,"4":0.0731441775,"5":0.0264712261,"6":0.0079833857,"7":0.0020637323,"8":0.0004667966,"9":0.0000938533},"shimizu-s-pulse":{"0":0.664578582,"1":0.2715482378,"2":0.055477597,"3":0.0075560885,"4":0.0007718585,"5":0.0000630766,"6":0.0000042955,"7":0.0000002507,"8":0.0000000128,"9":0.0000000006}}