{"shimizu-s-pulse":{"0":0.3294114304,"1":0.3657941854,"2":0.2030976671,"3":0.0751764499,"4":0.0208698801,"5":0.0046349823,"6":0.0008578176,"7":0.0001360802,"8":0.0000188887,"9":0.0000023306},"yokohama-fa-marinos":{"0":0.4778160698,"1":0.352881221,"2":0.1303065803,"3":0.032078414,"4":0.0059227131,"5":0.0008748196,"6":0.00010768,"7":0.0000113607,"8":0.0000010488,"9":0.0000000861}}