{"kashima-antlers":{"0":0.083357609,"1":0.2071115977,"2":0.2572963309,"3":0.2130941408,"4":0.1323642451,"5":0.065774848,"6":0.0272375332,"7":0.0096678277,"8":0.0030026042,"9":0.0008289241},"tokyo-verdy":{"0":0.4930864787,"1":0.3486470052,"2":0.1232590422,"3":0.0290509527,"4":0.0051352694,"5":0.0007261997,"6":0.0000855791,"7":0.0000086444,"8":0.000000764,"9":0.00000006}}