{"kashiwa-reysol":{"0":0.0844548285,"1":0.2087333569,"2":0.2579462599,"3":0.2125080341,"4":0.1313054449,"5":0.0649052915,"6":0.0267359874,"7":0.0094398602,"8":0.0029163722,"9":0.0008008807},"jef-united":{"0":0.6010417321,"1":0.3059848818,"2":0.0778870608,"3":0.0132171982,"4":0.0016821889,"5":0.0001712774,"6":0.0000145326,"7":0.0000010569,"8":0.0000000673,"9":0.0000000038}}