{"consadole-sapporo":{"0":0.4439626129,"1":0.3605042679,"2":0.1463674231,"3":0.0396175107,"4":0.0080425025,"5":0.0013061264,"6":0.0001767657,"7":0.0000205052,"8":0.0000020813,"9":0.0000001878},"kyoto-sanga":{"0":0.2478330364,"1":0.3457270857,"2":0.2411446423,"3":0.1121322587,"4":0.0391061252,"5":0.0109106089,"6":0.0025367166,"7":0.0005055314,"8":0.000088152,"9":0.0000136636}}