{"vissel-kobe":{"0":0.3793747526,"1":0.3677016833,"2":0.1781938927,"3":0.0575703346,"4":0.0139497349,"5":0.0027041025,"6":0.0004368166,"7":0.0000604823,"8":0.0000073277,"9":0.0000007891},"nagoya-grampus-eight":{"0":0.3067205576,"1":0.3624879317,"2":0.2141974142,"3":0.0843807995,"4":0.0249306908,"5":0.0058927087,"6":0.0011606851,"7":0.0001959598,"8":0.0000289486,"9":0.0000038013}}