{"omiya-ardija":{"0":0.3678794412,"1":0.3678794412,"2":0.1839397206,"3":0.0613132402,"4":0.01532831,"5":0.003065662,"6":0.0005109437,"7":0.000072992,"8":0.000009124,"9":0.0000010138},"gamba-osaka":{"0":0.3291929878,"1":0.3657699865,"2":0.203205548,"3":0.0752613141,"4":0.0209059206,"5":0.0046457601,"6":0.0008603259,"7":0.0001365597,"8":0.0000189666,"9":0.0000023416}}