{"fc-tokyo":{"0":0.4065696597,"1":0.3659126938,"2":0.1646607122,"3":0.0493982137,"4":0.0111145981,"5":0.0020006277,"6":0.0003000941,"7":0.0000385835,"8":0.0000043406,"9":0.0000004341},"urawa-red-diamonds":{"0":0.2635971381,"1":0.3514628508,"2":0.2343085672,"3":0.104137141,"4":0.0347123803,"5":0.0092566348,"6":0.0020570299,"7":0.0003918152,"8":0.0000653025,"9":0.0000096745}}