{"kawasaki-frontale":{"0":0.2112681994,"1":0.3284432186,"2":0.2553033257,"3":0.1323004697,"4":0.0514194661,"5":0.0159876167,"6":0.0041424631,"7":0.0009199978,"8":0.0001787817,"9":0.0000308821},"jubilo-iwata":{"0":0.2411459466,"1":0.3429946464,"2":0.2439297221,"3":0.1156513859,"4":0.0411242722,"5":0.0116986459,"6":0.0027732672,"7":0.0005635093,"8":0.0001001886,"9":0.0000158337}}