{"albirex-niigata":{"0":0.3539988769,"1":0.3676142183,"2":0.1908766134,"3":0.0660726739,"4":0.0171534826,"5":0.0035626464,"6":0.0006166119,"7":0.0000914754,"8":0.0000118742,"9":0.0000013701},"oita-trinita":{"0":0.5795782788,"1":0.3161336066,"2":0.0862182563,"3":0.0156760466,"4":0.0021376427,"5":0.0002331974,"6":0.0000211998,"7":0.0000016519,"8":0.0000001126,"9":0.0000000068}}