{"shimizu-s-pulse":{"0":0.4052266157,"1":0.3660447775,"2":0.1653257386,"3":0.0497800662,"4":0.0112416932,"5":0.0020309441,"6":0.0003057616,"7":0.0000394567,"8":0.0000044552,"9":0.0000004472},"kashiwa-reysol":{"0":0.4771678766,"1":0.3530502645,"2":0.1306086342,"3":0.0322118728,"4":0.0059582857,"5":0.0008816915,"6":0.0001087253,"7":0.0000114921,"8":0.0000010629,"9":0.0000000874}}