{"urawa-red-diamonds":{"0":0.1324711525,"1":0.2677759125,"2":0.270639826,"3":0.1823562464,"4":0.0921532903,"5":0.0372555548,"6":0.0125513366,"7":0.0036244502,"8":0.0009158036,"9":0.0002056885},"jubilo-iwata":{"0":0.2311180628,"1":0.3385478872,"2":0.247956976,"3":0.1210713251,"4":0.0443371245,"5":0.0129892399,"6":0.003171164,"7":0.0006636008,"8":0.0001215075,"9":0.0000197764}}