{"yokohama-fa-marinos":{"0":0.1812317421,"1":0.3095399596,"2":0.2643438325,"3":0.1504978805,"4":0.0642617945,"5":0.0219515555,"6":0.0062487983,"7":0.0015246878,"8":0.0003255168,"9":0.0000617751},"consadole-sapporo":{"0":0.4414273013,"1":0.3609736157,"2":0.1475916316,"3":0.0402306222,"4":0.0082245667,"5":0.0013451146,"6":0.0001833261,"7":0.0000214162,"8":0.0000021891,"9":0.0000001989}}