{"jef-united":{"0":0.3307531412,"1":0.3659396456,"2":0.2024346976,"3":0.0746567679,"4":0.0206497443,"5":0.0045693051,"6":0.0008425669,"7":0.0001331717,"8":0.0000184174,"9":0.0000022641},"kawasaki-frontale":{"0":0.0883660634,"1":0.2143996884,"2":0.2600954745,"3":0.2103537133,"4":0.127593583,"5":0.0619152271,"6":0.0250371483,"7":0.0086781162,"8":0.0026319287,"9":0.0007095292}}