{"gamba-osaka":{"0":0.2727021786,"1":0.3543423934,"2":0.2302118237,"3":0.0997104961,"4":0.0323903315,"5":0.0084174374,"6":0.0018229013,"7":0.0003383761,"8":0.0000549597,"9":0.0000079348},"vissel-kobe":{"0":0.4197340547,"1":0.3643853918,"2":0.1581676686,"3":0.0457702421,"4":0.0099336755,"5":0.0017247522,"6":0.0002495527,"7":0.0000309493,"8":0.0000033585,"9":0.000000324}}