{"kashima-antlers":{"0":0.2022679926,"1":0.323256972,"2":0.2583084664,"3":0.1376062382,"4":0.0549792571,"5":0.0175731493,"6":0.0046807892,"7":0.0010686655,"8":0.0002134875,"9":0.0000379097},"nagoya-grampus-eight":{"0":0.3378452042,"1":0.3666186235,"2":0.198921301,"3":0.0719543079,"4":0.0195206185,"5":0.004236628,"6":0.0007662418,"7":0.0001187858,"8":0.0000161128,"9":0.0000019428}}