{"kyoto-sanga":{"0":0.2526351759,"1":0.3475777041,"2":0.2391002361,"3":0.1096520715,"4":0.0377150719,"5":0.0103777457,"6":0.0023796324,"7":0.0004677027,"8":0.0000804337,"9":0.0000122957},"albirex-niigata":{"0":0.5214715926,"1":0.3395304035,"2":0.1105342041,"3":0.0239896244,"4":0.003904914,"5":0.0005084983,"6":0.0000551806,"7":0.0000051326,"8":0.0000004177,"9":0.0000000302}}