{"fc-tokyo":{"0":0.2085188035,"1":0.3269003616,"2":0.2562451075,"3":0.1339073774,"4":0.0524825212,"5":0.0164556432,"6":0.0042996568,"7":0.0009629549,"8":0.0001887062,"9":0.0000328711},"tokyo-verdy":{"0":0.372873568,"1":0.3678456948,"2":0.181442809,"3":0.0596654039,"4":0.0147152171,"5":0.0029033591,"6":0.0004773683,"7":0.0000672759,"8":0.0000082961,"9":0.0000009094}}