{"oita-trinita":{"0":0.2000307183,"1":0.321906301,"2":0.2590193834,"3":0.1389452785,"4":0.055900615,"5":0.0179919968,"6":0.0048257064,"7":0.0011094191,"8":0.0002231713,"9":0.0000399051},"omiya-ardija":{"0":0.5034771205,"1":0.3454945636,"2":0.118542123,"3":0.027115207,"4":0.0046517291,"5":0.0006384191,"6":0.0000730157,"7":0.0000071578,"8":0.000000614,"9":0.0000000468}}