{"tokyo-verdy":{"0":0.2850959247,"1":0.3577753083,"2":0.2244914082,"3":0.0939069694,"4":0.0294616583,"5":0.0073944613,"6":0.001546588,"7":0.0002772656,"8":0.0000434936,"9":0.0000060646},"urawa-red-diamonds":{"0":0.2728570249,"1":0.3543887065,"2":0.2301413265,"3":0.0996364147,"4":0.0323521267,"5":0.0084038359,"6":0.0018191606,"7":0.0003375342,"8":0.000054799,"9":0.0000079081}}