{"nagoya-grampus-eight":{"0":0.1986527044,"1":0.3210619412,"2":0.2594497025,"3":0.1397739594,"4":0.0564755699,"5":0.0182551314,"6":0.0049173153,"7":0.0011353359,"8":0.0002293658,"9":0.0000411889},"shimizu-s-pulse":{"0":0.3070532957,"1":0.3625482491,"2":0.2140365122,"3":0.0842400585,"4":0.0248662741,"5":0.0058720908,"6":0.0011555628,"7":0.000194916,"8":0.000028768,"9":0.0000037742}}