{"vissel-kobe":{"0":0.3251204535,"1":0.3652921869,"2":0.2052137606,"3":0.0768566261,"4":0.0215882488,"5":0.0048511366,"6":0.0009084235,"7":0.0001458097,"8":0.0000204782,"9":0.0000025565},"kashima-antlers":{"0":0.2456936794,"1":0.3448727793,"2":0.2420437396,"3":0.1132498231,"4":0.039741337,"5":0.0111567423,"6":0.0026100636,"7":0.000523381,"8":0.0000918318,"9":0.0000143224}}