{"consadole-sapporo":{"0":0.4213562648,"1":0.3641683466,"2":0.1573710845,"3":0.0453373803,"4":0.0097960089,"5":0.0016932922,"6":0.0002439121,"7":0.0000301154,"8":0.0000032535,"9":0.0000003124},"gamba-osaka":{"0":0.2082934577,"1":0.3267723051,"2":0.2563213953,"3":0.1340396287,"4":0.0525705883,"5":0.016494625,"6":0.0043128148,"7":0.0009665679,"8":0.0001895449,"9":0.0000330399}}