{"kashiwa-reysol":{"0":0.1815156416,"1":0.3097407321,"2":0.2642728755,"3":0.1503195964,"4":0.0641268453,"5":0.0218853822,"6":0.0062242518,"7":0.0015173067,"8":0.0003236441,"9":0.0000613634},"fc-tokyo":{"0":0.3846620259,"1":0.3675023241,"2":0.1755540567,"3":0.0559075409,"4":0.013353379,"5":0.0025515374,"6":0.0004062856,"7":0.0000554516,"8":0.0000066222,"9":0.000000703}}