{"jubilo-iwata":{"0":0.1632167746,"1":0.2958591393,"2":0.2681483889,"3":0.1620220547,"4":0.0734233748,"5":0.0266185587,"6":0.008041804,"7":0.0020824551,"8":0.0004718521,"9":0.000095035},"jef-united":{"0":0.3966223771,"1":0.3667847304,"2":0.1695958753,"3":0.0522790955,"4":0.0120865432,"5":0.0022354561,"6":0.0003445474,"7":0.0000455182,"8":0.0000052617,"9":0.0000005407}}