{"omiya-ardija":{"0":0.2754662501,"1":0.3551559262,"2":0.2289495208,"3":0.0983941216,"4":0.0317146432,"5":0.0081778755,"6":0.0017572757,"7":0.0003236626,"8":0.0000521619,"9":0.0000074724},"yokohama-fa-marinos":{"0":0.441943688,"1":0.3608791982,"2":0.14734207,"3":0.0401051759,"4":0.008187199,"5":0.0013370888,"6":0.0001819717,"7":0.0000212276,"8":0.0000021667,"9":0.0000001966}}