{"kawasaki-frontale":{"0":0.1401613609,"1":0.2754115998,"2":0.2705865183,"3":0.1772306466,"4":0.0870628246,"5":0.03421501,"6":0.011205193,"7":0.0031453952,"8":0.0007725723,"9":0.0001686749},"albirex-niigata":{"0":0.5126791723,"1":0.342523531,"2":0.114420846,"3":0.025481714,"4":0.0042561153,"5":0.0005687064,"6":0.0000633259,"7":0.0000060441,"8":0.0000005048,"9":0.0000000375}}