{"oita-trinita":{"0":0.2547611194,"1":0.3483677324,"2":0.238184063,"3":0.1085665951,"4":0.0371142766,"5":0.0101502273,"6":0.0023132858,"7":0.0004518934,"8":0.0000772415,"9":0.0000117358},"kyoto-sanga":{"0":0.6126608954,"1":0.3001693365,"2":0.0735330354,"3":0.0120090154,"4":0.0014709353,"5":0.0001441351,"6":0.0000117697,"7":0.0000008238,"8":0.0000000505,"9":0.0000000027}}