{"shimizu-s-pulse":{"0":0.2688278114,"1":0.3531548512,"2":0.231966976,"3":0.1015771179,"4":0.033360064,"5":0.0087649179,"6":0.0019190557,"7":0.0003601476,"8":0.00005914,"9":0.0000086324},"consadole-sapporo":{"0":0.3501732124,"1":0.3674463305,"2":0.1927857429,"3":0.0674317845,"4":0.017689504,"5":0.0037124161,"6":0.0006492566,"7":0.0000973261,"8":0.0000127659,"9":0.0000014884}}