{"yokohama-fa-marinos":{"0":0.3702881902,"1":0.3678715725,"2":0.1827353632,"3":0.0605142582,"4":0.0150298308,"5":0.0029863483,"6":0.0004944764,"7":0.0000701785,"8":0.0000087151,"9":0.000000962},"vissel-kobe":{"0":0.6082193245,"1":0.3024186489,"2":0.0751842596,"3":0.0124610324,"4":0.0015489678,"5":0.0001540355,"6":0.0000127649,"7":0.0000009067,"8":0.0000000564,"9":0.0000000031}}