{"urawa-red-diamonds":{"0":0.2718155469,"1":0.3540755151,"2":0.2306149737,"3":0.1001354491,"4":0.0326098995,"5":0.008495737,"6":0.0018444692,"7":0.0003432377,"8":0.000055889,"9":0.0000080892},"oita-trinita":{"0":0.5741108772,"1":0.3185929195,"2":0.0883988202,"3":0.0163517997,"4":0.0022685372,"5":0.0002517771,"6":0.0000232866,"7":0.0000018461,"8":0.0000001281,"9":0.0000000079}}