{"gamba-osaka":{"0":0.2863540445,"1":0.3580932683,"2":0.2239025278,"3":0.0933320011,"4":0.0291785309,"5":0.0072977041,"6":0.0015209952,"7":0.0002717206,"8":0.0000424742,"9":0.0000059017},"nagoya-grampus-eight":{"0":0.1679890463,"1":0.2996683526,"2":0.2672826696,"3":0.1589313094,"4":0.0708776624,"5":0.0252871158,"6":0.0075180977,"7":0.0019158868,"8":0.0004272084,"9":0.0000846754}}