{"kashima-antlers":{"0":0.1325159012,"1":0.2678216109,"2":0.2706407857,"3":0.1823264241,"4":0.0921228248,"5":0.0372370155,"6":0.0125429947,"7":0.0036214361,"8":0.0009148891,"9":0.0002054488},"kawasaki-frontale":{"0":0.2157505743,"1":0.3308820467,"2":0.253725695,"3":0.129707306,"4":0.0497308281,"5":0.0152537607,"6":0.0038989433,"7":0.0008542208,"8":0.0001637576,"9":0.0000279049}}