{"jef-united":{"0":0.2993771085,"1":0.3610641413,"2":0.2177309327,"3":0.0875315558,"4":0.026391886,"5":0.0063659935,"6":0.0012796191,"7":0.0002204695,"8":0.0000332372,"9":0.000004454},"tokyo-verdy":{"0":0.2400982021,"1":0.342549849,"2":0.2443591789,"3":0.1162096719,"4":0.0414492957,"5":0.0118272023,"6":0.0028123259,"7":0.0005731951,"8":0.0001022227,"9":0.0000162047}}