{"kyoto-sanga":{"0":0.3099662476,"1":0.3630609446,"2":0.2126251656,"3":0.0830153757,"4":0.0243088086,"5":0.005694542,"6":0.0011116618,"7":0.0001860115,"8":0.0000272342,"9":0.0000035444},"jubilo-iwata":{"0":0.2669132353,"1":0.3525474449,"2":0.232827909,"3":0.1025088226,"4":0.0338492239,"5":0.0089418252,"6":0.0019684409,"7":0.0003714256,"8":0.0000613238,"9":0.0000089998}}