{"fc-tokyo":{"0":0.312497786,"1":0.3634842668,"2":0.2113947973,"3":0.0819618425,"4":0.023833641,"5":0.0055444575,"6":0.0010748466,"7":0.0001786023,"8":0.0000259678,"9":0.0000033561},"omiya-ardija":{"0":0.2939883181,"1":0.3599049814,"2":0.2203005828,"3":0.0898984441,"4":0.0275137615,"5":0.0067365533,"6":0.0013744985,"7":0.0002403832,"8":0.0000367851,"9":0.0000050037}}