{"albirex-niigata":{"0":0.2519954352,"1":0.3473364732,"2":0.2393746251,"3":0.1099802171,"4":0.0378976515,"5":0.0104472024,"6":0.0023999737,"7":0.00047257,"8":0.0000814205,"9":0.0000124695},"kashiwa-reysol":{"0":0.4069264563,"1":0.3658768576,"2":0.1644841136,"3":0.0492971393,"4":0.0110810456,"5":0.0019926442,"6":0.0002986053,"7":0.0000383547,"8":0.0000043107,"9":0.0000004306}}