{"nagoya-grampus-eight":{"0":0.1278396886,"1":0.2629634567,"2":0.2704550533,"3":0.1854400525,"4":0.0953615379,"5":0.0392313215,"6":0.0134496624,"7":0.0039522375,"8":0.0010162083,"9":0.0002322576},"albirex-niigata":{"0":0.4759586766,"1":0.3533632599,"2":0.1311727253,"3":0.0324619371,"4":0.0060251323,"5":0.0008946409,"6":0.0001107005,"7":0.000011741,"8":0.0000010896,"9":0.0000000899}}