{"tokyo-verdy":{"0":0.3018312104,"1":0.3615597809,"2":0.2165539392,"3":0.0864690729,"4":0.0258950516,"5":0.0062038708,"6":0.0012385897,"7":0.0002119558,"8":0.0000317374,"9":0.0000042242},"oita-trinita":{"0":0.6592406302,"1":0.2746835959,"2":0.0572257491,"3":0.0079480207,"4":0.0008279188,"5":0.0000689932,"6":0.0000047912,"7":0.0000002852,"8":0.0000000149,"9":0.0000000007}}