{"jubilo-iwata":{"0":0.3404575643,"1":0.3668310376,"2":0.1976237632,"3":0.0709775488,"4":0.0191189524,"5":0.0041199996,"6":0.0007398591,"7":0.0001138817,"8":0.0000153379,"9":0.0000018362},"yokohama-fa-marinos":{"0":0.3932407209,"1":0.3670246728,"2":0.1712781806,"3":0.0532865451,"4":0.0124335272,"5":0.0023209251,"6":0.0003610328,"7":0.0000481377,"8":0.0000056161,"9":0.0000005824}}