{"vissel-kobe":{"0":0.2357294753,"1":0.3406456925,"2":0.2461285074,"3":0.1185576754,"4":0.0428310475,"5":0.012378776,"6":0.0029813672,"7":0.0006154694,"8":0.0001111746,"9":0.0000178506},"shimizu-s-pulse":{"0":0.3328710837,"1":0.3661581921,"2":0.2013870056,"3":0.0738419021,"4":0.0203065231,"5":0.0044674351,"6":0.0008190298,"7":0.0001287047,"8":0.0000176969,"9":0.000002163}}