{"kashiwa-reysol":{"0":0.2750910875,"1":0.3550471398,"2":0.2291213296,"3":0.0985720445,"4":0.0318055765,"5":0.0082099926,"6":0.0017660419,"7":0.000325621,"8":0.000052533,"9":0.0000075335},"kashima-antlers":{"0":0.2758553105,"1":0.355268203,"2":0.2287711913,"3":0.0982098549,"4":0.0316205972,"5":0.0081446993,"6":0.0017482309,"7":0.0003216442,"8":0.0000517798,"9":0.0000074096}}