{"consadole-sapporo":{"0":0.2184655898,"1":0.3323138549,"2":0.2527457488,"3":0.128152774,"4":0.0487341535,"5":0.014826165,"6":0.0037587461,"7":0.0008167899,"8":0.0001553051,"9":0.0000262488},"jef-united":{"0":0.2975654101,"1":0.3606853456,"2":0.2185971792,"3":0.0883220926,"4":0.0267642705,"5":0.006488308,"6":0.0013107693,"7":0.000226973,"8":0.0000343899,"9":0.0000046316}}