{"omiya-ardija":{"0":0.4954696715,"1":0.3479431482,"2":0.1221713874,"3":0.0285982504,"4":0.0050207741,"5":0.0007051669,"6":0.0000825338,"7":0.0000082799,"8":0.0000007268,"9":0.0000000567},"urawa-red-diamonds":{"0":0.2792757719,"1":0.3562317624,"2":0.2271967018,"3":0.0966006717,"4":0.0308048809,"5":0.0078586674,"6":0.0016706945,"7":0.0003044377,"8":0.0000485409,"9":0.0000068796}}