{"kyoto-sanga":{"0":0.3481157157,"1":0.3673387832,"2":0.1938116775,"3":0.0681713413,"4":0.0179839464,"5":0.0037954052,"6":0.0006674981,"7":0.0001006225,"8":0.0000132724,"9":0.0000015561},"gamba-osaka":{"0":0.3136128676,"1":0.3636642141,"2":0.2108517767,"3":0.0815009561,"4":0.0236270448,"5":0.0054795651,"6":0.0010590136,"7":0.0001754326,"8":0.0000254289,"9":0.0000032764}}