{"kawasaki-frontale":{"0":0.1772344777,"1":0.3066655717,"2":0.2653089118,"3":0.1530197175,"4":0.0661918038,"5":0.0229060932,"6":0.0066056656,"7":0.0016328089,"8":0.0003531524,"9":0.0000678948},"fc-tokyo":{"0":0.2528395958,"1":0.3476544442,"2":0.2390124304,"3":0.1095473639,"4":0.0376569064,"5":0.0103556492,"6":0.0023731696,"7":0.0004661583,"8":0.000080121,"9":0.0000122407}}