{"urawa-red-diamonds":{"0":0.2053358992,"1":0.3250689269,"2":0.2573096269,"3":0.1357829856,"4":0.0537397863,"5":0.0170151783,"6":0.0044894778,"7":0.0010153327,"8":0.0002009227,"9":0.0000353425},"kyoto-sanga":{"0":0.4784150915,"1":0.3527242191,"2":0.1300276443,"3":0.0319554435,"4":0.0058899996,"5":0.0008685117,"6":0.0001067222,"7":0.0000112405,"8":0.0000010359,"9":0.0000000849}}