{"yokohama-fa-marinos":{"0":0.3417625048,"1":0.3669296269,"2":0.196975018,"3":0.0704933678,"4":0.018921111,"5":0.0040628893,"6":0.0007270129,"7":0.0001115071,"8":0.0000149648,"9":0.0000017852},"kawasaki-frontale":{"0":0.3196604732,"1":0.3645714488,"2":0.2078961154,"3":0.0790348868,"4":0.0225347405,"5":0.0051401557,"6":0.0009770544,"7":0.0001591895,"8":0.0000226944,"9":0.0000028759}}