{"kashima-antlers":{"0":0.1056113191,"1":0.2374131601,"2":0.2668511723,"3":0.1999595645,"4":0.1123767616,"5":0.0505243611,"6":0.0189297074,"7":0.0060791125,"8":0.0017082228,"9":0.0004266741},"omiya-ardija":{"0":0.3565945035,"1":0.3677045573,"2":0.1895803779,"3":0.0651623139,"4":0.0167981275,"5":0.003464298,"6":0.0005953719,"7":0.000087703,"8":0.0000113044,"9":0.0000012952}}