{"shimizu-s-pulse":{"0":0.1613566848,"1":0.2943368491,"2":0.2684555055,"3":0.1632332901,"4":0.074440009,"5":0.0271577688,"6":0.008256586,"7":0.0021515931,"8":0.0004906003,"9":0.0000994359},"tokyo-verdy":{"0":0.435075003,"1":0.3620854466,"2":0.1506704243,"3":0.041797826,"4":0.0086964227,"5":0.0014474967,"6":0.0002007767,"7":0.0000238705,"8":0.0000024832,"9":0.0000002296}}