{"gamba-osaka":{"0":0.1873657154,"1":0.3137800285,"2":0.262742589,"3":0.1466710472,"4":0.0614072394,"5":0.0205676533,"6":0.0057407504,"7":0.0013734277,"8":0.0002875087,"9":0.0000534988},"kashiwa-reysol":{"0":0.2825491886,"1":0.3571146611,"2":0.2256790787,"3":0.0950787933,"4":0.0300425841,"5":0.0075941802,"6":0.0015997174,"7":0.000288841,"8":0.0000456334,"9":0.0000064085}}