{"jef-united":{"0":0.4897828725,"1":0.3496036366,"2":0.1247723324,"3":0.0296872101,"4":0.0052976315,"5":0.0007562826,"6":0.0000899715,"7":0.0000091744,"8":0.0000008186,"9":0.0000000649},"nagoya-grampus-eight":{"0":0.1862378325,"1":0.3130156524,"2":0.2630475165,"3":0.1473706835,"4":0.0619226099,"5":0.020815047,"6":0.0058307483,"7":0.0013999883,"8":0.0002941254,"9":0.0000549273}}