{"fc-tokyo":{"0":0.2215966256,"1":0.333923191,"2":0.2515938525,"3":0.1263753029,"4":0.0476086271,"5":0.0143482552,"6":0.003603556,"7":0.0007757409,"8":0.0001461202,"9":0.0000244653},"jubilo-iwata":{"0":0.2660653941,"1":0.3522740827,"2":0.2332077603,"3":0.1029233811,"4":0.0340679777,"5":0.0090212901,"6":0.0019907178,"7":0.0003765338,"8":0.000062317,"9":0.0000091676}}