{"oita-trinita":{"0":0.1664048784,"1":0.2984190992,"2":0.2675821755,"3":0.1599545088,"4":0.0717128621,"5":0.025720986,"6":0.0076877088,"7":0.0019695157,"8":0.0004414993,"9":0.0000879727},"consadole-sapporo":{"0":0.5324458737,"1":0.3355868077,"2":0.1057558252,"3":0.0222183835,"4":0.0035009175,"5":0.0004413075,"6":0.0000463574,"7":0.000004174,"8":0.0000003288,"9":0.000000023}}