{"albirex-niigata":{"0":0.3458185787,"1":0.3672043387,"2":0.1949563075,"3":0.0690041989,"4":0.0183178715,"5":0.0038901333,"6":0.0006884505,"7":0.0001044321,"8":0.0000138613,"9":0.0000016354},"vissel-kobe":{"0":0.5445670273,"1":0.3309683684,"2":0.1005753703,"3":0.0203753713,"4":0.0030958555,"5":0.0003763101,"6":0.000038118,"7":0.0000033095,"8":0.0000002514,"9":0.000000017}}