{"yokohama-fa-marinos":{"0":0.5195911042,"1":0.3401831102,"2":0.1113611718,"3":0.0243032066,"4":0.003977907,"5":0.0005208776,"6":0.0000568376,"7":0.000005316,"8":0.0000004351,"9":0.0000000316},"oita-trinita":{"0":0.672641653,"1":0.2667310385,"2":0.0528851035,"3":0.006990398,"4":0.0006929976,"5":0.0000549606,"6":0.0000036324,"7":0.0000002058,"8":0.0000000102,"9":0.0000000004}}