{"nagoya-grampus-eight":{"0":0.4014362204,"1":0.3663934925,"2":0.1672048815,"3":0.0508696669,"4":0.0116072703,"5":0.0021188065,"6":0.0003223081,"7":0.0000420247,"8":0.0000047945,"9":0.0000004862},"urawa-red-diamonds":{"0":0.2415476867,"1":0.343163988,"2":0.2437645426,"3":0.1154378165,"4":0.0410002907,"5":0.0116497272,"6":0.0027584386,"7":0.0005598402,"8":0.0000994198,"9":0.0000156938}}