{"kashima-antlers":{"0":0.0979544021,"1":0.2275728775,"2":0.2643547072,"3":0.2047209725,"4":0.1189046633,"5":0.0552491277,"6":0.0213929521,"7":0.0071001777,"8":0.0020619388,"9":0.0005322673},"shimizu-s-pulse":{"0":0.377499397,"1":0.3677547437,"2":0.1791308179,"3":0.05816893,"4":0.0141668438,"5":0.002760229,"6":0.0004481629,"7":0.0000623706,"8":0.0000075951,"9":0.0000008221}}