{"tokyo-verdy":{"0":0.1663953943,"1":0.2984115748,"2":0.2675839328,"3":0.159960643,"4":0.0717178916,"5":0.0257236074,"6":0.0076887366,"7":0.0019698416,"8":0.0004415864,"9":0.0000879929},"gamba-osaka":{"0":0.2728276296,"1":0.3543799214,"2":0.2301547114,"3":0.0996504749,"4":0.0323593761,"5":0.0084064163,"6":0.0018198701,"7":0.0003376938,"8":0.0000548294,"9":0.0000079132}}