{"jubilo-iwata":{"0":0.2929899181,"1":0.3596794277,"2":0.2207743043,"3":0.0903421023,"4":0.0277263769,"5":0.0068074748,"6":0.0013928287,"7":0.0002442658,"8":0.0000374831,"9":0.0000051128},"albirex-niigata":{"0":0.4914750112,"1":0.3491164151,"2":0.1239964073,"3":0.0293600422,"4":0.0052139338,"5":0.0007407375,"6":0.0000876964,"7":0.0000088992,"8":0.0000007902,"9":0.0000000624}}