{"consadole-sapporo":{"0":0.3785456019,"1":0.3677262889,"2":0.1786081028,"3":0.057834419,"4":0.0140453595,"5":0.0027287851,"6":0.0004417988,"7":0.0000613102,"8":0.0000074447,"9":0.0000008036},"fc-tokyo":{"0":0.154557293,"1":0.2885878973,"2":0.269424279,"3":0.1676888111,"4":0.0782767355,"5":0.0292315142,"6":0.0090968006,"7":0.0024264941,"8":0.0005663408,"9":0.0001174962}}