{"kashiwa-reysol":{"0":0.3152986567,"1":0.3639287365,"2":0.2100296376,"3":0.080807851,"4":0.0233178119,"5":0.0053828468,"6":0.0010355117,"7":0.0001707463,"8":0.0000246352,"9":0.0000031594},"kawasaki-frontale":{"0":0.2503859446,"1":0.3467223808,"2":0.2400622158,"3":0.1108088596,"4":0.0383606912,"5":0.010624007,"6":0.0024519354,"7":0.000485046,"8":0.0000839585,"9":0.000012918}}