{"omiya-ardija":{"0":0.417717121,"1":0.3646465031,"2":0.1591592319,"3":0.0463127273,"4":0.0101071833,"5":0.0017646148,"6":0.000256737,"7":0.000032017,"8":0.0000034937,"9":0.0000003389},"vissel-kobe":{"0":0.4356783384,"1":0.361983811,"2":0.1503773172,"3":0.0416470513,"4":0.0086506242,"5":0.0014374761,"6":0.0001990548,"7":0.0000236264,"8":0.0000024538,"9":0.0000002265}}