{"kyoto-sanga":{"0":0.2202229682,"1":0.3332226224,"2":0.2521020331,"3":0.127153102,"4":0.0480993087,"5":0.0145559547,"6":0.003670805,"7":0.0007934785,"8":0.000150078,"9":0.0000252317},"jef-united":{"0":0.4065336179,"1":0.3659162964,"2":0.1646785531,"3":0.0494084323,"4":0.0111179923,"5":0.0020014357,"6":0.0003002449,"7":0.0000386067,"8":0.0000043437,"9":0.0000004344}}