{"jef-united":{"0":0.5379781656,"1":0.3335127336,"2":0.1033784925,"3":0.021362728,"4":0.003310888,"5":0.0004105086,"6":0.0000424149,"7":0.0000037564,"8":0.0000002911,"9":0.0000000201},"urawa-red-diamonds":{"0":0.2606642379,"1":0.3504688402,"2":0.2356065583,"3":0.105592745,"4":0.035492946,"5":0.0095442104,"6":0.0021387337,"7":0.0004107964,"8":0.0000690406,"9":0.0000103141}}