{"nagoya-grampus-eight":{"0":0.1504306838,"1":0.2849537551,"2":0.2698872347,"3":0.1704115566,"4":0.0807006452,"5":0.0305734858,"6":0.0096523189,"7":0.0026119904,"8":0.0006184713,"9":0.0001301712},"tokyo-verdy":{"0":0.3580561265,"1":0.3677471042,"2":0.1888501867,"3":0.0646538389,"4":0.0166009323,"5":0.0034100491,"6":0.000583724,"7":0.0000856461,"8":0.0000109955,"9":0.0000012548}}