{"gamba-osaka":{"0":0.2078182776,"1":0.3265014768,"2":0.2564818061,"3":0.1343187735,"4":0.0527567623,"5":0.0165771375,"6":0.0043406993,"7":0.0009742335,"8":0.0001913262,"9":0.000033399},"kashima-antlers":{"0":0.1862378325,"1":0.3130156524,"2":0.2630475165,"3":0.1473706835,"4":0.0619226099,"5":0.020815047,"6":0.0058307483,"7":0.0013999883,"8":0.0002941254,"9":0.0000549273}}