{"jubilo-iwata":{"0":0.2748482779,"1":0.3549764593,"2":0.2292324471,"3":0.0986873231,"4":0.0318645589,"5":0.0082308453,"6":0.0017717389,"7":0.000326895,"8":0.0000527746,"9":0.0000075734},"consadole-sapporo":{"0":0.233035225,"1":0.3394311055,"2":0.2472018455,"3":0.1200219061,"4":0.0437049466,"5":0.0127318249,"6":0.0030907898,"7":0.000643134,"8":0.0001170959,"9":0.0000189509}}