{"vissel-kobe":{"0":0.5062087189,"1":0.3446300378,"2":0.1173131344,"3":0.0266225033,"4":0.0045311914,"5":0.0006169726,"6":0.0000700065,"7":0.0000068087,"8":0.0000005794,"9":0.0000000438},"kyoto-sanga":{"0":0.4757689382,"1":0.3534120941,"2":0.1312613101,"3":0.0325013052,"4":0.006035679,"5":0.0008966882,"6":0.0001110134,"7":0.0000117805,"8":0.0000010939,"9":0.0000000903}}