{"kawasaki-frontale":{"0":0.4445198056,"1":0.3603991745,"2":0.1460987377,"3":0.0394837034,"4":0.0080029584,"5":0.0012976968,"6":0.0001753536,"7":0.00002031,"8":0.0000020583,"9":0.0000001854},"oita-trinita":{"0":0.5167029774,"1":0.3411723009,"2":0.1126358314,"3":0.0247906615,"4":0.0040922384,"5":0.0005404104,"6":0.000059471,"7":0.0000056097,"8":0.000000463,"9":0.000000034}}