{"fc-tokyo":{"0":0.1575181978,"1":0.2911273835,"2":0.2690328945,"3":0.1657434797,"4":0.0765823667,"5":0.0283081248,"6":0.0087199135,"7":0.0023023241,"8":0.0005318985,"9":0.0001092292},"shimizu-s-pulse":{"0":0.4033725361,"1":0.3662198025,"2":0.1662445156,"3":0.0503108403,"4":0.0114192368,"5":0.002073493,"6":0.0003137522,"7":0.0000406934,"8":0.0000046182,"9":0.0000004659}}