{"omiya-ardija":{"0":0.3508508185,"1":0.3674790999,"2":0.1924477323,"3":0.0671895439,"4":0.0175934841,"5":0.0036854625,"6":0.0006433553,"7":0.0000962638,"8":0.0000126033,"9":0.0000014667},"kashiwa-reysol":{"0":0.3714167164,"1":0.3678624894,"2":0.1821711371,"3":0.0601426242,"4":0.0148917742,"5":0.0029498538,"6":0.0004869376,"7":0.0000688968,"8":0.0000085297,"9":0.0000009387}}