{"albirex-niigata":{"0":0.2078182776,"1":0.3265014768,"2":0.2564818061,"3":0.1343187735,"4":0.0527567623,"5":0.0165771375,"6":0.0043406993,"7":0.0009742335,"8":0.0001913262,"9":0.000033399},"yokohama-fa-marinos":{"0":0.5826113898,"1":0.314746997,"2":0.0850186538,"3":0.0153100142,"4":0.0020677509,"5":0.0002234142,"6":0.000020116,"7":0.0000015525,"8":0.0000001048,"9":0.0000000063}}