{"shimizu-s-pulse":{"0":0.1996501266,"1":0.3216740502,"2":0.2591388153,"3":0.1391738532,"4":0.0560588388,"5":0.0180642748,"6":0.0048508262,"7":0.0011165138,"8":0.0002248643,"9":0.0000402554},"kawasaki-frontale":{"0":0.2742404507,"1":0.3547985831,"2":0.2295103335,"3":0.0989763313,"4":0.0320126572,"5":0.008283275,"6":0.0017860812,"7":0.0003301061,"8":0.0000533843,"9":0.000007674}}