{"jef-united":{"0":0.2112853996,"1":0.3284527576,"2":0.2552973707,"3":0.1322904557,"4":0.0514128817,"5":0.0159847323,"6":0.0041414988,"7":0.0009197355,"8":0.0001787213,"9":0.00003087},"albirex-niigata":{"0":0.6174588471,"1":0.2977033727,"2":0.0717677773,"3":0.0115341071,"4":0.0013902718,"5":0.0001340619,"6":0.0000107728,"7":0.000000742,"8":0.0000000447,"9":0.0000000024}}