{"urawa-red-diamonds":{"0":0.2208018667,"1":0.3335189035,"2":0.2518884026,"3":0.12682493,"4":0.0478919316,"5":0.0144680521,"6":0.0036423068,"7":0.0007859523,"8":0.0001483966,"9":0.0000249057},"vissel-kobe":{"0":0.2995849858,"1":0.3611069025,"2":0.2176313921,"3":0.0874411843,"4":0.026349464,"5":0.0063521029,"6":0.0012760921,"7":0.0002197352,"8":0.0000331074,"9":0.000004434}}