{"tokyo-verdy":{"0":0.1037538237,"1":0.2350785935,"2":0.2663128122,"3":0.2011313547,"4":0.1139275506,"5":0.051625911,"6":0.0194950993,"7":0.0063101021,"8":0.0017871268,"9":0.000449906},"omiya-ardija":{"0":0.413156604,"1":0.3652009268,"2":0.1614057667,"3":0.0475570563,"4":0.0105092602,"5":0.0018578871,"6":0.0002737066,"7":0.0000345624,"8":0.0000038188,"9":0.0000003751}}