{"kashima-antlers":{"0":0.1575423402,"1":0.2911478596,"2":0.2690295066,"3":0.165727649,"4":0.0765687024,"5":0.028300727,"6":0.0087169118,"7":0.0023013407,"8":0.0005316273,"9":0.0001091644},"kyoto-sanga":{"0":0.5533742301,"1":0.3274430306,"2":0.0968774226,"3":0.019108128,"4":0.0028266691,"5":0.0003345198,"6":0.0000329904,"7":0.0000027887,"8":0.0000002063,"9":0.0000000136}}