{"yokohama-fa-marinos":{"0":0.4267261087,"1":0.3634054603,"2":0.1547403895,"3":0.0439263041,"4":0.0093520518,"5":0.0015928656,"6":0.0002260842,"7":0.0000275052,"8":0.000002928,"9":0.0000002771},"nagoya-grampus-eight":{"0":0.3921934759,"1":0.3670930934,"2":0.1717995677,"3":0.0536014651,"4":0.0125427428,"5":0.0023480015,"6":0.0003662882,"7":0.000048978,"8":0.0000057304,"9":0.000000596}}