{"gamba-osaka":{"0":0.174712173,"1":0.304805545,"2":0.2658842215,"3":0.1546219011,"4":0.0674389369,"5":0.0235310014,"6":0.0068420912,"7":0.0017052596,"8":0.0003718778,"9":0.0000720871},"jubilo-iwata":{"0":0.3113661543,"1":0.3632975808,"2":0.2119452136,"3":0.0824315492,"4":0.0240449885,"5":0.0056110698,"6":0.0010911527,"7":0.0001818773,"8":0.0000265265,"9":0.000003439}}