{"consadole-sapporo":{"0":0.295247483,"1":0.3601846127,"2":0.2197020511,"3":0.0893412055,"4":0.0272477577,"5":0.0066481333,"6":0.0013517221,"7":0.0002355745,"8":0.0000359234,"9":0.0000048694},"kashiwa-reysol":{"0":0.0729353521,"1":0.1909580127,"2":0.2499813985,"3":0.2181655841,"4":0.1427992914,"5":0.0747749017,"6":0.032629048,"7":0.0122041115,"8":0.0039940728,"9":0.0011619121}}