{"oita-trinita":{"0":0.2876088602,"1":0.3584048874,"2":0.2233138144,"3":0.0927611229,"4":0.0288986575,"5":0.0072024346,"6":0.0014958903,"7":0.0002663013,"8":0.0000414816,"9":0.0000057436},"fc-tokyo":{"0":0.5291789781,"1":0.3367846211,"2":0.1071696776,"3":0.0227352816,"4":0.0036173457,"5":0.0004604364,"6":0.0000488392,"7":0.0000044404,"8":0.0000003532,"9":0.000000025}}