{"nagoya-grampus-eight":{"0":0.1924082164,"1":0.3171149153,"2":0.2613242598,"3":0.1435659766,"4":0.0591540649,"5":0.0194987892,"6":0.0053561095,"7":0.0012610853,"8":0.000259805,"9":0.0000475771},"jubilo-iwata":{"0":0.3150322659,"1":0.3638875371,"2":0.2101596471,"3":0.0809170834,"4":0.0233664305,"5":0.0053980203,"6":0.0010391911,"7":0.0001714784,"8":0.0000247589,"9":0.0000031776}}