{"shimizu-s-pulse":{"0":0.1698690772,"1":0.301131546,"2":0.2669120521,"3":0.1577207581,"4":0.0698989723,"5":0.0247823629,"6":0.0073220618,"7":0.0018542884,"8":0.0004108934,"9":0.0000809336},"gamba-osaka":{"0":0.3748670188,"1":0.3678134956,"2":0.180446346,"3":0.0590170185,"4":0.0144766376,"5":0.0028408488,"6":0.0004645659,"7":0.0000651178,"8":0.0000079866,"9":0.0000008707}}