{"vissel-kobe":{"0":0.5370936882,"1":0.333848163,"2":0.1037571269,"3":0.0214978795,"4":0.0033406777,"5":0.0004153015,"6":0.000043024,"7":0.0000038204,"8":0.0000002968,"9":0.0000000205},"oita-trinita":{"0":0.6654845753,"1":0.271011818,"2":0.0551834019,"3":0.0074909595,"4":0.0007626543,"5":0.0000621166,"6":0.0000042161,"7":0.0000002453,"8":0.0000000125,"9":0.0000000006}}