{"kashiwa-reysol":{"0":0.3347924122,"1":0.3663447906,"2":0.2004354052,"3":0.0731084536,"4":0.0199996327,"5":0.004376898,"6":0.0007982328,"7":0.0001247803,"8":0.0000170675,"9":0.0000020751},"yokohama-fa-marinos":{"0":0.4286738852,"1":0.3631119969,"2":0.1537886104,"3":0.0434226665,"4":0.0091953882,"5":0.0015578069,"6":0.0002199257,"7":0.0000266129,"8":0.0000028178,"9":0.0000002652}}