{"kawasaki-frontale":{"0":0.038039977,"1":0.12435716,"2":0.2032690931,"3":0.2215035264,"4":0.1810302718,"5":0.1183618512,"6":0.0644898028,"7":0.0301178218,"8":0.0123073378,"9":0.0044704595},"consadole-sapporo":{"0":0.2159322241,"1":0.3309789045,"2":0.253660693,"3":0.1296029168,"4":0.0496635363,"5":0.0152247613,"6":0.0038893954,"7":0.0008516613,"8":0.0001631773,"9":0.0000277907}}