{"fc-tokyo":{"0":0.3401630926,"1":0.366808099,"2":0.1977701057,"3":0.0710871521,"4":0.0191638538,"5":0.0041329921,"6":0.0007427883,"7":0.0001144244,"8":0.0000154234,"9":0.0000018479},"kashima-antlers":{"0":0.1654705348,"1":0.297675227,"2":0.2677532313,"3":0.1605593084,"4":0.0722100291,"5":0.0259806217,"6":0.0077896924,"7":0.0020019088,"8":0.0004501698,"9":0.000089982}}