{"kyoto-sanga":{"0":0.311776833,"1":0.3633658054,"2":0.2117455413,"3":0.0822608578,"4":0.0239680916,"5":0.005586807,"6":0.0010852071,"7":0.000180682,"8":0.0000263224,"9":0.0000034087},"tokyo-verdy":{"0":0.4112626401,"1":0.3654164141,"2":0.1623404884,"3":0.048081099,"4":0.0106802935,"5":0.0018979378,"6":0.0002810603,"7":0.0000356755,"8":0.0000039623,"9":0.0000003912}}