{"omiya-ardija":{"0":0.4574509736,"1":0.3577658016,"2":0.1399017339,"3":0.0364717087,"4":0.0071309992,"5":0.0011154103,"6":0.000145391,"7":0.000016244,"8":0.000001588,"9":0.000000138},"jef-united":{"0":0.3285363402,"1":0.3656963703,"2":0.2035297452,"3":0.0755168505,"4":0.0210145992,"5":0.004678303,"6":0.0008679093,"7":0.0001380109,"8":0.0000192026,"9":0.000002375}}