{"albirex-niigata":{"0":0.2955994354,"1":0.3602618119,"2":0.2195345416,"3":0.0891859075,"4":0.0271738312,"5":0.0066236214,"6":0.0013454231,"7":0.0002342478,"8":0.0000356862,"9":0.0000048325},"urawa-red-diamonds":{"0":0.4761264153,"1":0.3533200249,"2":0.1310944278,"3":0.0324271629,"4":0.0060158214,"5":0.0008928344,"6":0.0001104245,"7":0.0000117061,"8":0.0000010858,"9":0.0000000895}}