{"kashima-antlers":{"0":0.0873359737,"1":0.2129244777,"2":0.2595541752,"3":0.2109304062,"4":0.1285617045,"5":0.0626865028,"6":0.0254715408,"7":0.0088713477,"8":0.0027035353,"9":0.0007323555},"albirex-niigata":{"0":0.7838501478,"1":0.1908968387,"2":0.0232452613,"3":0.0018870303,"4":0.0001148906,"5":0.000005596,"6":0.0000002271,"7":0.0000000079,"8":0.0000000002,"9":0.0}}