{"gamba-osaka":{"0":0.3258571134,"1":0.3653823743,"2":0.2048509515,"3":0.0765662044,"4":0.0214633504,"5":0.0048133551,"6":0.0008995329,"7":0.0001440918,"8":0.0000201962,"9":0.0000025162},"fc-tokyo":{"0":0.3945112875,"1":0.366937918,"2":0.1706458597,"3":0.0529063328,"4":0.0123021446,"5":0.0022884635,"6":0.0003547528,"7":0.0000471369,"8":0.0000054803,"9":0.0000005664}}