{"tokyo-verdy":{"0":0.4072989325,"1":0.3658391128,"2":0.1642997879,"3":0.0491917884,"4":0.011046113,"5":0.0019843412,"6":0.0002970585,"7":0.0000381172,"8":0.0000042796,"9":0.0000004271},"vissel-kobe":{"0":0.4012120028,"1":0.3664130025,"2":0.1673161415,"3":0.0509346757,"4":0.0116292181,"5":0.0021241123,"6":0.000323313,"7":0.0000421815,"8":0.0000048154,"9":0.0000004886}}