{"yokohama-fa-marinos":{"0":0.4635278132,"1":0.3564013853,"2":0.1370165326,"3":0.0351168298,"4":0.0067502351,"5":0.0010380361,"6":0.0001330224,"7":0.0000146114,"8":0.0000014043,"9":0.00000012},"kyoto-sanga":{"0":0.4850918787,"1":0.3509236948,"2":0.1269320772,"3":0.0306082727,"4":0.0055356359,"5":0.0008009146,"6":0.0000965659,"7":0.0000099796,"8":0.0000009024,"9":0.0000000725}}