{"jubilo-iwata":{"0":0.2088257422,"1":0.327074393,"2":0.2561409752,"3":0.1337273734,"4":0.0523627966,"5":0.0164026999,"6":0.0042818022,"7":0.0009580564,"8":0.0001875701,"9":0.0000326425},"shimizu-s-pulse":{"0":0.2763534532,"1":0.3554111582,"2":0.2285426324,"3":0.0979742919,"4":0.0315005622,"5":0.0081024146,"6":0.0017367183,"7":0.0003190785,"8":0.0000512948,"9":0.0000073299}}