{"kashiwa-reysol":{"0":0.375720612,"1":0.3677964633,"2":0.1800197196,"3":0.0587410025,"4":0.0143755308,"5":0.0028144686,"6":0.000459185,"7":0.0000642144,"8":0.0000078575,"9":0.0000008546},"nagoya-grampus-eight":{"0":0.1452771608,"1":0.2802559007,"2":0.2703224976,"3":0.1738274497,"4":0.0838331508,"5":0.0323447059,"6":0.0103994262,"7":0.002865951,"8":0.0006910925,"9":0.0001481328}}