{"omiya-ardija":{"0":0.4210515526,"1":0.364209593,"2":0.157520649,"3":0.0454184538,"4":0.0098217406,"5":0.0016991611,"6":0.0002449624,"7":0.0000302704,"8":0.000003273,"9":0.0000003146},"kawasaki-frontale":{"0":0.155639156,"1":0.2895223009,"2":0.2692868713,"3":0.1669771639,"4":0.0776533585,"5":0.0288903893,"6":0.0089570562,"7":0.002380293,"8":0.0005534821,"9":0.0001143995}}