{"oita-trinita":{"0":0.2298609393,"1":0.3379601176,"2":0.2484481301,"3":0.1217628355,"4":0.0447563887,"5":0.0131608915,"6":0.0032250343,"7":0.0006773865,"8":0.0001244936,"9":0.0000203378},"jef-united":{"0":0.5690744464,"1":0.3208123139,"2":0.0904280111,"3":0.0169927501,"4":0.0023948903,"5":0.000270021,"6":0.0000253705,"7":0.0000020432,"8":0.000000144,"9":0.000000009}}