{"jef-united":{"0":0.4521710732,"1":0.3588857799,"2":0.1424228689,"3":0.0376800916,"4":0.0074766222,"5":0.0011868311,"6":0.0001569969,"7":0.0000178011,"8":0.0000017661,"9":0.0000001557},"yokohama-fa-marinos":{"0":0.4037528898,"1":0.3661845907,"2":0.1660559687,"3":0.0502016113,"4":0.0113826161,"5":0.0020646978,"6":0.0003120971,"7":0.0000404367,"8":0.0000045843,"9":0.000000462}}