{"tokyo-verdy":{"0":0.0788803597,"1":0.2003421525,"2":0.2544168042,"3":0.2153912177,"4":0.1367638927,"5":0.0694712163,"6":0.0294074323,"7":0.0106699533,"8":0.0033874741,"9":0.0009559539},"consadole-sapporo":{"0":0.278134509,"1":0.355914946,"2":0.2277233581,"3":0.0971354316,"4":0.0310748494,"5":0.0079529889,"6":0.0016961743,"7":0.0003100729,"8":0.0000495981,"9":0.000007052}}