{"urawa-red-diamonds":{"0":0.1820827542,"1":0.3101404631,"2":0.2641301952,"3":0.1499637924,"4":0.063858107,"5":0.0217538261,"6":0.0061755269,"7":0.0015026769,"8":0.0003199376,"9":0.0000605497},"shimizu-s-pulse":{"0":0.1604295899,"1":0.2935701266,"2":0.2686020057,"3":0.1638382812,"4":0.0749519228,"5":0.0274309066,"6":0.0083659699,"7":0.0021869842,"8":0.0005002453,"9":0.000101711}}