{"vissel-kobe":{"0":0.4037014554,"1":0.3661893732,"2":0.1660814635,"3":0.0502163717,"4":0.0113875622,"5":0.0020658852,"6":0.0003123204,"7":0.0000404714,"8":0.0000045888,"9":0.0000004625},"fc-tokyo":{"0":0.4082990914,"1":0.3657360775,"2":0.163805016,"3":0.0489097374,"4":0.0109527892,"5":0.0019622038,"6":0.0002929424,"7":0.0000374864,"8":0.0000041973,"9":0.0000004178}}