{"jubilo-iwata":{"0":0.2643758588,"1":0.3517212753,"2":0.2339620872,"3":0.1037530987,"4":0.0345078521,"5":0.0091817353,"6":0.0020358715,"7":0.0003869271,"8":0.0000643452,"9":0.0000095115},"kashiwa-reysol":{"0":0.3685689994,"1":0.3678787953,"2":0.1835949419,"3":0.0610837104,"4":0.0152423303,"5":0.0030427573,"6":0.0005061765,"7":0.0000721755,"8":0.000009005,"9":0.0000009987}}