{"kawasaki-frontale":{"0":0.0908339894,"1":0.2178854643,"2":0.261323299,"3":0.208947292,"4":0.1253016025,"5":0.0601127353,"6":0.0240322874,"7":0.0082352529,"8":0.00246926,"9":0.0006581186},"gamba-osaka":{"0":0.2927417613,"1":0.3596228378,"2":0.2208919303,"3":0.0904526257,"4":0.0277794581,"5":0.0068252152,"6":0.0013974223,"7":0.0002452405,"8":0.0000376587,"9":0.0000051403}}