{"kyoto-sanga":{"0":0.4119215664,"1":0.3653424316,"2":0.1620151786,"3":0.0478982927,"4":0.0106205162,"5":0.0018839146,"6":0.000278481,"7":0.0000352844,"8":0.0000039118,"9":0.0000003855},"nagoya-grampus-eight":{"0":0.4025348331,"1":0.3662960889,"2":0.1666598934,"3":0.0505520368,"4":0.0115002553,"5":0.0020929858,"6":0.000317427,"7":0.0000412643,"8":0.0000046937,"9":0.0000004746}}