{"oita-trinita":{"0":0.2777288451,"1":0.3558012059,"2":0.2279102448,"3":0.0973260326,"4":0.0311713389,"5":0.0079867829,"6":0.0017053246,"7":0.0003121012,"8":0.0000499795,"9":0.0000071144},"kashima-antlers":{"0":0.4260918731,"1":0.3634991011,"2":0.1550505945,"3":0.0440912358,"4":0.0094035615,"5":0.0016044362,"6":0.0002281242,"7":0.0000278018,"8":0.0000029647,"9":0.000000281}}