{"albirex-niigata":{"0":0.1597226161,"1":0.2929818489,"2":0.2687107371,"3":0.1643001901,"4":0.0753446422,"5":0.0276411859,"6":0.0084504478,"7":0.0022143995,"8":0.0005077387,"9":0.0001034837},"omiya-ardija":{"0":0.6812028604,"1":0.2615104614,"2":0.0501962964,"3":0.0064233713,"4":0.0006164752,"5":0.0000473324,"6":0.0000030284,"7":0.0000001661,"8":0.000000008,"9":0.0000000003}}