{"shimizu-s-pulse":{"0":0.2047770744,"1":0.3247423105,"2":0.2574935904,"3":0.1361139729,"4":0.0539635188,"5":0.0171154294,"6":0.0045237031,"7":0.0010248342,"8":0.000203152,"9":0.0000357961},"jef-united":{"0":0.4997809693,"1":0.3466407525,"2":0.1202124717,"3":0.0277925359,"4":0.0048191239,"5":0.0006684947,"6":0.0000772764,"7":0.0000076568,"8":0.0000006638,"9":0.0000000512}}