{"gamba-osaka":{"0":0.3567244419,"1":0.367708582,"2":0.189515471,"3":0.0651169894,"4":0.0167805125,"5":0.0034594425,"6":0.0005943274,"7":0.0000875182,"8":0.0000112766,"9":0.0000012915},"urawa-red-diamonds":{"0":0.3399282821,"1":0.3667896252,"2":0.1978867842,"3":0.0711746401,"4":0.019199726,"5":0.0041433801,"6":0.0007451321,"7":0.000114859,"8":0.0000154919,"9":0.0000018573}}