{"nagoya-grampus-eight":{"0":0.0978487558,"1":0.2274330237,"2":0.2643149616,"3":0.2047852676,"4":0.118997253,"5":0.0553178318,"6":0.0214295039,"7":0.0071156126,"8":0.002067381,"9":0.0005339201},"consadole-sapporo":{"0":0.331231328,"1":0.365990171,"2":0.2021982735,"3":0.0744722036,"4":0.020571797,"5":0.0045461132,"6":0.0008371957,"7":0.0001321499,"8":0.0000182522,"9":0.0000022408}}