{"kashima-antlers":{"0":0.0862217051,"1":0.211315029,"2":0.2589489584,"3":0.211546913,"4":0.1296165565,"5":0.0635337154,"6":0.0259517579,"7":0.0090862048,"8":0.0027835967,"9":0.0007580146},"jubilo-iwata":{"0":0.5356754505,"1":0.3343829745,"2":0.1043654078,"3":0.021715895,"4":0.0033889109,"5":0.0004230898,"6":0.0000440173,"7":0.0000039253,"8":0.0000003063,"9":0.0000000212}}