{"yokohama-fa-marinos":{"0":0.4312910088,"1":0.3627037581,"2":0.1525118927,"3":0.0427527551,"4":0.0089884699,"5":0.0015118107,"6":0.0002118985,"7":0.0000254572,"8":0.0000026761,"9":0.0000002501},"tokyo-verdy":{"0":0.4997809693,"1":0.3466407525,"2":0.1202124717,"3":0.0277925359,"4":0.0048191239,"5":0.0006684947,"6":0.0000772764,"7":0.0000076568,"8":0.0000006638,"9":0.0000000512}}