{"kashiwa-reysol":{"0":0.5189445024,"1":0.3404059709,"2":0.1116460667,"3":0.0244117226,"4":0.0040032682,"5":0.0005251954,"6":0.0000574177,"7":0.0000053805,"8":0.0000004412,"9":0.0000000322},"oita-trinita":{"0":0.5123156024,"1":0.3426440691,"2":0.1145826494,"3":0.0255448432,"4":0.00427119,"5":0.0005713267,"6":0.0000636853,"7":0.0000060848,"8":0.0000005087,"9":0.0000000378}}