{"fc-tokyo":{"0":0.1208712482,"1":0.2554044968,"2":0.2698386007,"3":0.1900589623,"4":0.1004000421,"5":0.0424296474,"6":0.0149425151,"7":0.0045105676,"8":0.0011913702,"9":0.0002797111},"albirex-niigata":{"0":0.7154598621,"1":0.2395572677,"2":0.0401054535,"3":0.0044761667,"4":0.0003746885,"5":0.0000250914,"6":0.0000014002,"7":0.000000067,"8":0.0000000028,"9":0.0000000001}}