{"kawasaki-frontale":{"0":0.3080906839,"1":0.3627339899,"2":0.2135344467,"3":0.0838023845,"4":0.0246664171,"5":0.0058082561,"6":0.0011397358,"7":0.0001916972,"8":0.0000282121,"9":0.0000036906},"vissel-kobe":{"0":0.3862761506,"1":0.3674269364,"2":0.174748756,"3":0.0554071657,"4":0.0131758621,"5":0.0025065832,"6":0.0003973781,"7":0.0000539982,"8":0.0000064204,"9":0.0000006786}}