{"omiya-ardija":{"0":0.3194879067,"1":0.3645471573,"2":0.2079806889,"3":0.0791044745,"4":0.0225652605,"5":0.0051495543,"6":0.0009793043,"7":0.0001596316,"8":0.0000227682,"9":0.0000028866},"kyoto-sanga":{"0":0.274507203,"1":0.3548768119,"2":0.2293884282,"3":0.0988494208,"4":0.0319475836,"5":0.0082602252,"6":0.0017797726,"7":0.0003286929,"8":0.0000531159,"9":0.0000076297}}