{"jef-united":{"0":0.4194027468,"1":0.3644289493,"2":0.1583304593,"3":0.0458590248,"4":0.0099619974,"5":0.0017312429,"6":0.0002507196,"7":0.0000311223,"8":0.0000033804,"9":0.0000003264},"fc-tokyo":{"0":0.2632459095,"1":0.3513455405,"2":0.2344645907,"3":0.1043106912,"4":0.0348050006,"5":0.0092906148,"6":0.0020666457,"7":0.0003940404,"8":0.0000657391,"9":0.0000097489}}