{"urawa-red-diamonds":{"0":0.4231000492,"1":0.3639280709,"2":0.1565157473,"3":0.0448754962,"4":0.0096498764,"5":0.0016600617,"6":0.0002379827,"7":0.0000292429,"8":0.0000031441,"9":0.0000003005},"yokohama-fa-marinos":{"0":0.2321216185,"1":0.3390121909,"2":0.2475626061,"3":0.1205212193,"4":0.0440051242,"5":0.0128538425,"6":0.0031288263,"7":0.0006528045,"8":0.0001191771,"9":0.0000193397}}