{"tokyo-verdy":{"0":0.274197604,"1":0.3547859936,"2":0.2295299072,"3":0.0989967272,"4":0.032023121,"5":0.0082869833,"6":0.0017870966,"7":0.0003303336,"8":0.0000534276,"9":0.0000076811},"kawasaki-frontale":{"0":0.2015737419,"1":0.322840505,"2":0.2585306764,"3":0.1380209104,"4":0.0552635725,"5":0.0177020276,"6":0.0047252612,"7":0.0010811398,"8":0.0002164442,"9":0.0000385174}}