{"jubilo-iwata":{"0":0.1704276446,"1":0.3015622488,"2":0.2667988229,"3":0.1573618983,"4":0.0696107842,"5":0.0246344831,"6":0.0072648915,"7":0.0018364031,"8":0.0004061767,"9":0.0000798563},"omiya-ardija":{"0":0.6344479679,"1":0.2886738254,"2":0.0656732953,"3":0.0099604498,"4":0.0011330012,"5":0.0001031031,"6":0.0000078187,"7":0.0000005082,"8":0.0000000289,"9":0.0000000015}}