{"consadole-sapporo":{"0":0.3912386684,"1":0.3671530379,"2":0.1722750895,"3":0.0538898014,"4":0.0126430526,"5":0.0023729429,"6":0.0003711431,"7":0.0000497564,"8":0.0000058367,"9":0.0000006086},"kashima-antlers":{"0":0.0628879945,"1":0.173973348,"2":0.2406399349,"3":0.2219021053,"4":0.153467496,"5":0.0849104962,"6":0.0391493995,"7":0.0154718427,"8":0.0053501632,"9":0.0016445213}}