{"vissel-kobe":{"0":0.2680582622,"1":0.3529123533,"2":0.2323135427,"3":0.1019508699,"4":0.0335558781,"5":0.0088356045,"6":0.0019387539,"7":0.0003646383,"8":0.0000600081,"9":0.0000087782},"kashiwa-reysol":{"0":0.2373962267,"1":0.3413816356,"2":0.2454576106,"3":0.1176580349,"4":0.0422987898,"5":0.0121653408,"6":0.0029156768,"7":0.0005989736,"8":0.0001076674,"9":0.0000172031}}