{"kyoto-sanga":{"0":0.3345918828,"1":0.3663258317,"2":0.2005347737,"3":0.0731847479,"4":0.020031466,"5":0.0043862651,"6":0.0008003791,"7":0.0001251843,"8":0.0000171322,"9":0.0000020841},"shimizu-s-pulse":{"0":0.2227957158,"1":0.3345277673,"2":0.2511467213,"3":0.125698934,"4":0.0471842374,"5":0.0141694265,"6":0.003545899,"7":0.0007605953,"8":0.0001427542,"9":0.0000238162}}