{"oita-trinita":{"0":0.3007474584,"1":0.3613433721,"2":0.2170742078,"3":0.0869370896,"4":0.0261133887,"5":0.0062749657,"6":0.0012565455,"7":0.0002156743,"8":0.0000323912,"9":0.0000043242},"nagoya-grampus-eight":{"0":0.4917425361,"1":0.3490388521,"2":0.1238738886,"3":0.029308562,"4":0.0052008043,"5":0.0007383062,"6":0.0000873416,"7":0.0000088564,"8":0.0000007858,"9":0.000000062}}