{"albirex-niigata":{"0":0.1466757003,"1":0.2815485903,"2":0.2702206587,"3":0.1728989996,"4":0.0829712582,"5":0.0318531846,"6":0.0101905305,"7":0.0027944345,"8":0.0006705006,"9":0.0001430052},"gamba-osaka":{"0":0.2697121499,"1":0.3534308013,"2":0.231567861,"3":0.1011488417,"4":0.0331363605,"5":0.0086843774,"6":0.001896668,"7":0.0003550563,"8":0.0000581582,"9":0.0000084678}}