{"yokohama-fa-marinos":{"0":0.0086262864,"1":0.0410002319,"2":0.0974358453,"3":0.1543689471,"4":0.1834266313,"5":0.1743631977,"6":0.1381230037,"7":0.0937843588,"8":0.0557189426,"9":0.0294254285},"gamba-osaka":{"0":0.3405023222,"1":0.3668345018,"2":0.1976015183,"3":0.0709609008,"4":0.0191121359,"5":0.0041180282,"6":0.0007394148,"7":0.0001137995,"8":0.000015325,"9":0.0000018345}}