{"shimizu-s-pulse":{"0":0.3818640469,"1":0.3676169406,"2":0.1769506924,"3":0.0567829246,"4":0.0136660974,"5":0.0026312448,"6":0.0004221791,"7":0.0000580611,"8":0.0000069869,"9":0.0000007474},"fc-tokyo":{"0":0.2178375915,"1":0.3319856847,"2":0.2529740025,"3":0.128511256,"4":0.0489629648,"5":0.0149239654,"6":0.0037907009,"7":0.0008252927,"8":0.0001572188,"9":0.0000266225}}