{"kashiwa-reysol":{"0":0.1697999451,"1":0.3010781116,"2":0.2669259676,"3":0.1577651988,"4":0.0699347224,"5":0.0248007314,"6":0.0073291714,"7":0.0018565151,"8":0.0004114813,"9":0.000081068},"consadole-sapporo":{"0":0.1540585529,"1":0.2881545891,"2":0.2694854185,"3":0.1680171999,"4":0.0785657893,"5":0.0293902445,"6":0.0091620293,"7":0.0024481237,"8":0.0005723782,"9":0.0001189543}}