{"vegalta-sendai":{"0":0.133330353,"1":0.2686507113,"2":0.2706555674,"3":0.18178359,"4":0.091570092,"5":0.0369013804,"6":0.0123922546,"7":0.0035670669,"8":0.0008984217,"9":0.0002011392},"nagoya-grampus-eight":{"0":0.655383177,"1":0.2769224692,"2":0.058504747,"3":0.0082401052,"4":0.0008704336,"5":0.0000735578,"6":0.0000051801,"7":0.0000003127,"8":0.0000000165,"9":0.0000000008}}