{"kawasaki-frontale":{"0":0.3029977647,"1":0.3617883758,"2":0.2159930602,"3":0.0859673871,"4":0.0256619066,"5":0.0061282165,"6":0.0012195456,"7":0.0002080248,"8":0.0000310485,"9":0.0000041192},"sagan-tosu":{"0":0.530570298,"1":0.3362769495,"2":0.1065666389,"3":0.0225140786,"4":0.0035673716,"5":0.000452202,"6":0.0000477678,"7":0.0000043251,"8":0.0000003427,"9":0.0000000241}}