{"cerezo-osaka":{"0":0.474132407,"1":0.3538301544,"2":0.132026177,"3":0.0328423326,"4":0.0061273009,"5":0.0009145225,"6":0.0001137466,"7":0.0000121265,"8":0.0000011312,"9":0.0000000938},"oita-trinita":{"0":0.7457034857,"1":0.2188097082,"2":0.0321023633,"3":0.0031399025,"4":0.0002303332,"5":0.0000135172,"6":0.0000006611,"7":0.0000000277,"8":0.000000001,"9":0.0}}