{"sanfrecce-hiroshima":{"0":0.8002795958,"1":0.1782975864,"2":0.0198618267,"3":0.0014750327,"4":0.0000821572,"5":0.0000036608,"6":0.0000001359,"7":0.0000000043,"8":0.0000000001,"9":0.0},"kashima-antlers":{"0":0.4974443415,"1":0.3473512587,"2":0.1212727605,"3":0.0282271084,"4":0.0049275471,"5":0.0006881532,"6":0.0000800863,"7":0.0000079889,"8":0.0000006973,"9":0.0000000541}}