{"shonan-bellmare":{"0":0.6570468198,"1":0.2759596643,"2":0.0579515295,"3":0.0081132141,"4":0.0008518875,"5":0.0000715585,"6":0.0000050091,"7":0.0000003005,"8":0.0000000158,"9":0.0000000007},"urawa-red-diamonds":{"0":0.0769939234,"1":0.1974146353,"2":0.2530884029,"3":0.2163086494,"4":0.1386554004,"5":0.0711032874,"6":0.0303851458,"7":0.0111297698,"8":0.0035671312,"9":0.0010162475}}