{"vissel-kobe":{"0":0.0660008119,"1":0.1793960304,"2":0.2438071198,"3":0.2208964214,"4":0.150103991,"5":0.0815991784,"6":0.0369656278,"7":0.0143536912,"8":0.0048768249,"9":0.0014728489},"yokohama-fc":{"0":0.3915355307,"1":0.3671346497,"2":0.1721272279,"3":0.0538000297,"4":0.0126117897,"5":0.0023651621,"6":0.0003696271,"7":0.0000495131,"8":0.0000058034,"9":0.0000006046}}