{"yokohama-fc":{"0":0.0784170198,"1":0.1996273276,"2":0.2540970698,"3":0.2156195135,"4":0.137226419,"5":0.069867851,"6":0.0296439311,"7":0.0107807113,"8":0.0034305763,"9":0.000970363},"consadole-sapporo":{"0":0.0829099666,"1":0.2064458168,"2":0.2570250419,"3":0.2133307848,"4":0.1327984135,"5":0.0661336099,"6":0.0274454481,"7":0.009762738,"8":0.0030386522,"9":0.0008406938}}