{"shimizu-s-pulse":{"0":0.5257880244,"1":0.3380065871,"2":0.1086449744,"3":0.023281066,"4":0.0037415999,"5":0.0004810628,"6":0.0000515424,"7":0.0000047335,"8":0.0000003804,"9":0.0000000272},"nagoya-grampus-eight":{"0":0.1053992246,"1":0.2371482553,"2":0.2667917872,"3":0.2000938404,"4":0.1125527852,"5":0.0506487533,"6":0.0189932825,"7":0.0061049837,"8":0.0017170267,"9":0.0004292567}}