{"kashiwa-reysol":{"0":0.076426287,"1":0.196524738,"2":0.2526746631,"3":0.2165782827,"4":0.139228896,"5":0.0716034322,"6":0.0306871852,"7":0.0112728436,"8":0.003623414,"9":0.0010352611},"fc-tokyo":{"0":0.0111089965,"1":0.0499904844,"2":0.1124785899,"3":0.1687178849,"4":0.1898076205,"5":0.1708268585,"6":0.1281201439,"7":0.0823629496,"8":0.0463291592,"9":0.0231645796}}