{"urawa-red-diamonds":{"0":0.3120273965,"1":0.3634071649,"2":0.2116236731,"3":0.0821568447,"4":0.0239212857,"5":0.0055720534,"6":0.0010815953,"7":0.0001799565,"8":0.0000261986,"9":0.0000033903},"yokohama-fa-marinos":{"0":0.3102738451,"1":0.363113481,"2":0.2124758534,"3":0.0828868304,"4":0.0242506144,"5":0.0056760988,"6":0.0011071231,"7":0.0001850952,"8":0.0000270771,"9":0.0000035209}}