{"shonan-bellmare":{"0":0.0950970678,"1":0.2237498152,"2":0.2632256755,"3":0.2064441369,"4":0.1214333905,"5":0.0571430841,"6":0.0224082522,"7":0.0075319166,"8":0.0022151905,"9":0.0005791141},"vegalta-sendai":{"0":0.1206332896,"1":0.2551394074,"2":0.2698099233,"3":0.1902159959,"4":0.1005767079,"5":0.0425439474,"6":0.0149967415,"7":0.0045311583,"8":0.001197925,"9":0.0002815124}}