{"vissel-kobe":{"0":0.3083781247,"1":0.3627848367,"2":0.2133952236,"3":0.0836814127,"4":0.0246113012,"5":0.0057906876,"6":0.0011353884,"7":0.0001908148,"8":0.00002806,"9":0.0000036678},"sanfrecce-hiroshima":{"0":0.4941085743,"1":0.3483465449,"2":0.1227921571,"3":0.0288561569,"4":0.0050858977,"5":0.0007171116,"6":0.0000842606,"7":0.0000084862,"8":0.0000007479,"9":0.0000000586}}