{"fc-tokyo":{"0":0.2116363697,"1":0.3286470951,"2":0.2551756895,"3":0.1320862276,"4":0.051278704,"5":0.0159259934,"6":0.0041218746,"7":0.0009144,"8":0.0001774948,"9":0.0000306255},"kawasaki-frontale":{"0":0.3102738451,"1":0.363113481,"2":0.2124758534,"3":0.0828868304,"4":0.0242506144,"5":0.0056760988,"6":0.0011071231,"7":0.0001850952,"8":0.0000270771,"9":0.0000035209}}