{"nagoya-grampus-eight":{"0":0.4280259611,"1":0.3632106012,"2":0.1541050694,"3":0.0435897196,"4":0.0092472477,"5":0.00156939,"6":0.0002219566,"7":0.0000269066,"8":0.000002854,"9":0.0000002691},"gamba-osaka":{"0":0.0829099666,"1":0.2064458168,"2":0.2570250419,"3":0.2133307848,"4":0.1327984135,"5":0.0661336099,"6":0.0274454481,"7":0.009762738,"8":0.0030386522,"9":0.0008406938}}