{"yokohama-fa-marinos":{"0":0.2083426022,"1":0.3268002531,"2":0.2563047699,"3":0.1340107797,"4":0.05255137,"5":0.0164861155,"6":0.0043099416,"7":0.0009657788,"8":0.0001893616,"9":0.000033003},"shonan-bellmare":{"0":0.2441432832,"1":0.3442420292,"2":0.2426906306,"3":0.1140645964,"4":0.0402077702,"5":0.0113385912,"6":0.0026645689,"7":0.0005367203,"8":0.000094597,"9":0.0000148202}}