{"kashima-antlers":{"0":0.1198602772,"1":0.2542750166,"2":0.2697131426,"3":0.1907257223,"4":0.1011527491,"5":0.0429176664,"6":0.0151744606,"7":0.0045987906,"8":0.0012195007,"9":0.0002874537},"consadole-sapporo":{"0":0.0829099666,"1":0.2064458168,"2":0.2570250419,"3":0.2133307848,"4":0.1327984135,"5":0.0661336099,"6":0.0274454481,"7":0.009762738,"8":0.0030386522,"9":0.0008406938}}