{"cerezo-osaka":{"0":0.2083426022,"1":0.3268002531,"2":0.2563047699,"3":0.1340107797,"4":0.05255137,"5":0.0164861155,"6":0.0043099416,"7":0.0009657788,"8":0.0001893616,"9":0.000033003},"shimizu-s-pulse":{"0":1.0,"1":0.0,"2":0.0,"3":0.0,"4":0.0,"5":0.0,"6":0.0,"7":0.0,"8":0.0,"9":0.0}}