{"kashiwa-reysol":{"0":0.1800923121,"1":0.308729678,"2":0.2646254383,"3":0.1512145361,"4":0.0648062298,"5":0.0222192788,"6":0.0063483654,"7":0.0015547017,"8":0.0003331504,"9":0.0000634572},"yokohama-fc":{"0":0.3246524674,"1":0.3652340258,"2":0.2054441395,"3":0.0770415523,"4":0.0216679366,"5":0.0048752857,"6":0.0009141161,"7":0.0001469115,"8":0.0000206594,"9":0.0000025824}}