{"vegalta-sendai":{"0":0.1800923121,"1":0.308729678,"2":0.2646254383,"3":0.1512145361,"4":0.0648062298,"5":0.0222192788,"6":0.0063483654,"7":0.0015547017,"8":0.0003331504,"9":0.0000634572},"urawa-red-diamonds":{"0":0.1053992246,"1":0.2371482553,"2":0.2667917872,"3":0.2000938404,"4":0.1125527852,"5":0.0506487533,"6":0.0189932825,"7":0.0061049837,"8":0.0017170267,"9":0.0004292567}}