{"sanfrecce-hiroshima":{"0":0.076426287,"1":0.196524738,"2":0.2526746631,"3":0.2165782827,"4":0.139228896,"5":0.0716034322,"6":0.0306871852,"7":0.0112728436,"8":0.003623414,"9":0.0010352611},"oita-trinita":{"0":1.0,"1":0.0,"2":0.0,"3":0.0,"4":0.0,"5":0.0,"6":0.0,"7":0.0,"8":0.0,"9":0.0}}