{"shimizu-s-pulse":{"0":0.2885585859,"1":0.3586370996,"2":0.2228673405,"3":0.0923307553,"4":0.0286884847,"5":0.0071311376,"6":0.0014771642,"7":0.000262272,"8":0.0000407458,"9":0.0000056268},"gamba-osaka":{"0":0.0370511998,"1":0.1221005447,"2":0.2011883975,"3":0.2210024063,"4":0.1820758461,"5":0.1200045349,"6":0.0659115817,"7":0.0310298031,"8":0.0127821632,"9":0.0046803375}}