{"shonan-bellmare":{"0":0.2513390685,"1":0.3470872851,"2":0.2396555064,"3":0.110317614,"4":0.0380858429,"5":0.0105189471,"6":0.0024210275,"7":0.0004776177,"8":0.0000824459,"9":0.0000126504},"consadole-sapporo":{"0":0.0716212375,"1":0.188819626,"2":0.248898598,"3":0.2187290709,"4":0.1441623422,"5":0.0760128713,"6":0.033399595,"7":0.0125790682,"8":0.0041453748,"9":0.0012143017}}