{"sagan-tosu":{"0":1.0,"1":0.0,"2":0.0,"3":0.0,"4":0.0,"5":0.0,"6":0.0,"7":0.0,"8":0.0,"9":0.0},"sanfrecce-hiroshima":{"0":0.1384463037,"1":0.2737461005,"2":0.2706353494,"3":0.1783732985,"4":0.0881731646,"5":0.0348684787,"6":0.0114907487,"7":0.0032457634,"8":0.0008022199,"9":0.0001762453}}