{"kawasaki-frontale":{"0":0.2031377482,"1":0.3237753592,"2":0.2580280726,"3":0.1370878179,"4":0.0546250733,"5":0.0174130637,"6":0.0046256961,"7":0.0010532518,"8":0.0002098434,"9":0.0000371626},"kashiwa-reysol":{"0":0.7392324527,"1":0.2233538054,"2":0.0337423785,"3":0.0033983395,"4":0.000256696,"5":0.0000155118,"6":0.0000007811,"7":0.0000000337,"8":0.0000000013,"9":0.0}}