{"yokohama-fc":{"0":1.0,"1":0.0,"2":0.0,"3":0.0,"4":0.0,"5":0.0,"6":0.0,"7":0.0,"8":0.0,"9":0.0},"vegalta-sendai":{"0":0.2676214443,"1":0.3527737221,"2":0.2325099532,"3":0.1021634643,"4":0.0336675053,"5":0.0088759787,"6":0.0019500256,"7":0.0003672126,"8":0.0000605066,"9":0.0000088621}}