{"yokohama-fa-marinos":{"0":0.436672659,"1":0.3618144889,"2":0.149894574,"3":0.0413994538,"4":0.0085756011,"5":0.0014210996,"6":0.0001962471,"7":0.0000232292,"8":0.0000024059,"9":0.0000002215},"fc-tokyo":{"0":0.0716212375,"1":0.188819626,"2":0.248898598,"3":0.2187290709,"4":0.1441623422,"5":0.0760128713,"6":0.033399595,"7":0.0125790682,"8":0.0041453748,"9":0.0012143017}}