{"cerezo-osaka":{"0":0.2885585859,"1":0.3586370996,"2":0.2228673405,"3":0.0923307553,"4":0.0286884847,"5":0.0071311376,"6":0.0014771642,"7":0.000262272,"8":0.0000407458,"9":0.0000056268},"nagoya-grampus-eight":{"0":1.0,"1":0.0,"2":0.0,"3":0.0,"4":0.0,"5":0.0,"6":0.0,"7":0.0,"8":0.0,"9":0.0}}