{"sanfrecce-hiroshima":{"0":0.1578430891,"1":0.2914026261,"2":0.2689870395,"3":0.1655304858,"4":0.0763986858,"5":0.0282087455,"6":0.008679614,"7":0.002289129,"8":0.0005282605,"9":0.0001083611},"cerezo-osaka":{"0":0.2504200967,"1":0.3467355185,"2":0.2400476667,"3":0.1107912308,"4":0.0383508106,"5":0.0106202245,"6":0.002450821,"7":0.0004847778,"8":0.0000839038,"9":0.0000129083}}