{"nagoya-grampus-eight":{"0":0.1578430891,"1":0.2914026261,"2":0.2689870395,"3":0.1655304858,"4":0.0763986858,"5":0.0282087455,"6":0.008679614,"7":0.002289129,"8":0.0005282605,"9":0.0001083611},"sagan-tosu":{"0":1.0,"1":0.0,"2":0.0,"3":0.0,"4":0.0,"5":0.0,"6":0.0,"7":0.0,"8":0.0,"9":0.0}}