{"gamba-osaka":{"0":0.3972947132,"1":0.3667335814,"2":0.169261653,"3":0.0520805086,"4":0.0120185789,"5":0.0022188146,"6":0.0003413561,"7":0.000045014,"8":0.0000051939,"9":0.0000005327},"oita-trinita":{"0":0.2504200967,"1":0.3467355185,"2":0.2400476667,"3":0.1107912308,"4":0.0383508106,"5":0.0106202245,"6":0.002450821,"7":0.0004847778,"8":0.0000839038,"9":0.0000129083}}