{"fc-tokyo":{"0":1.0,"1":0.0,"2":0.0,"3":0.0,"4":0.0,"5":0.0,"6":0.0,"7":0.0,"8":0.0,"9":0.0},"urawa-red-diamonds":{"0":0.0009847951,"1":0.0068178125,"2":0.0236001201,"3":0.0544618156,"4":0.0942608347,"5":0.1305150019,"6":0.150594233,"7":0.1489393513,"8":0.1288898233,"9":0.0991460179}}