{"vegalta-sendai":{"0":0.3154212746,"1":0.3639476246,"2":0.2099697834,"3":0.080757609,"4":0.0232954641,"5":0.0053758763,"6":0.0010338224,"7":0.0001704103,"8":0.0000245784,"9":0.0000031511},"consadole-sapporo":{"0":0.2106215606,"1":0.3280835847,"2":0.2555266381,"3":0.1326772929,"4":0.0516675996,"5":0.0160964445,"6":0.0041788846,"7":0.0009299166,"8":0.0001810655,"9":0.0000313383}}