{"kashiwa-reysol":{"0":0.0098983756,"1":0.0456848105,"2":0.1054264858,"3":0.1621945935,"4":0.1871476079,"5":0.172751638,"6":0.1328858754,"7":0.0876170607,"8":0.0505483043,"9":0.0259222073},"shonan-bellmare":{"0":0.0627102248,"1":0.1736590841,"2":0.2404510396,"3":0.2219548058,"4":0.1536610194,"5":0.0851045646,"6":0.0392790298,"7":0.0155389568,"8":0.0053788697,"9":0.0016550368}}