{"yokohama-fc":{"0":1.0,"1":0.0,"2":0.0,"3":0.0,"4":0.0,"5":0.0,"6":0.0,"7":0.0,"8":0.0,"9":0.0},"kawasaki-frontale":{"0":0.0157039006,"1":0.065231587,"2":0.1354809883,"3":0.1875890607,"4":0.1948040246,"5":0.1618371897,"6":0.1120411313,"7":0.0664859461,"8":0.0345215489,"9":0.0159330226}}