{"urawa-red-diamonds":{"0":0.3122993477,"1":0.363451827,"2":0.2114913649,"3":0.082044064,"4":0.023870579,"5":0.005556083,"6":0.0010776885,"7":0.0001791724,"8":0.0000260649,"9":0.0000033705},"kashiwa-reysol":{"0":1.0,"1":0.0,"2":0.0,"3":0.0,"4":0.0,"5":0.0,"6":0.0,"7":0.0,"8":0.0,"9":0.0}}