{"oita-trinita":{"0":0.4603067937,"1":0.3571345813,"2":0.1385435876,"3":0.0358302382,"4":0.0069498307,"5":0.001078422,"6":0.0001394511,"7":0.0000154564,"8":0.000001499,"9":0.0000001292},"nagoya-grampus-eight":{"0":0.5713795995,"1":0.3198020146,"2":0.0894968325,"3":0.0166971702,"4":0.0023363578,"5":0.0002615326,"6":0.0000243967,"7":0.0000019507,"8":0.0000001365,"9":0.0000000085}}