{"shonan-bellmare":{"0":0.3554101662,"1":0.3676656892,"2":0.1901719082,"3":0.0655765201,"4":0.0169594448,"5":0.0035088507,"6":0.0006049743,"7":0.0000894051,"8":0.000011561,"9":0.0000013289},"kashima-antlers":{"0":0.7419247451,"1":0.2214700732,"2":0.0330552348,"3":0.0032890781,"4":0.0002454536,"5":0.0000146539,"6":0.0000007291,"7":0.0000000311,"8":0.0000000012,"9":0.0}}