{"gamba-osaka":{"0":1.0,"1":0.0,"2":0.0,"3":0.0,"4":0.0,"5":0.0,"6":0.0,"7":0.0,"8":0.0,"9":0.0},"sanfrecce-hiroshima":{"0":0.2206463623,"1":0.3334394654,"2":0.2519458647,"3":0.1269130289,"4":0.0479475529,"5":0.0144916111,"6":0.0036499394,"7":0.0007879667,"8":0.0001488463,"9":0.0000249929}}