{"cerezo-osaka":{"0":0.6784591319,"1":0.2631953529,"2":0.0510508228,"3":0.0066013995,"4":0.0006402219,"5":0.0000496724,"6":0.0000032116,"7":0.000000178,"8":0.0000000086,"9":0.0000000004},"vissel-kobe":{"0":0.6390572765,"1":0.2861450492,"2":0.0640623244,"3":0.009561541,"4":0.0010703217,"5":0.0000958497,"6":0.000007153,"7":0.0000004575,"8":0.0000000256,"9":0.0000000013}}