{"yokohama-fa-marinos":{"0":0.2744178187,"1":0.3548506276,"2":0.2294292851,"3":0.0988919332,"4":0.031969375,"5":0.0082679418,"6":0.001781884,"7":0.0003291658,"8":0.0000532057,"9":0.0000076445},"yokohama-fc":{"0":0.0435289799,"1":0.1364341161,"2":0.2138146595,"3":0.2233884503,"4":0.1750431886,"5":0.109728566,"6":0.0573208927,"7":0.0256660714,"8":0.0100557369,"9":0.0035019979}}