{"sagan-tosu":{"0":1.0,"1":0.0,"2":0.0,"3":0.0,"4":0.0,"5":0.0,"6":0.0,"7":0.0,"8":0.0,"9":0.0},"shimizu-s-pulse":{"0":0.8454295414,"1":0.1419564528,"2":0.0119179858,"3":0.0006670514,"4":0.0000280012,"5":0.0000009403,"6":0.0000000263,"7":0.0000000006,"8":0.0,"9":0.0}}