{"vegalta-sendai":{"0":0.5961628689,"1":0.3083601046,"2":0.0797483029,"3":0.0137497074,"4":0.0017779794,"5":0.0001839289,"6":0.0000158559,"7":0.0000011716,"8":0.0000000758,"9":0.0000000044},"kawasaki-frontale":{"0":0.0064911639,"1":0.0326980269,"2":0.0823551051,"3":0.1382828257,"4":0.1741434839,"5":0.1754430621,"6":0.1472936156,"7":0.1059948726,"8":0.0667411745,"9":0.037355135}}