{"consadole-sapporo":{"0":0.5992544585,"1":0.3068596107,"2":0.0785666417,"3":0.013410513,"4":0.0017167769,"5":0.0001758216,"6":0.0000150055,"7":0.0000010977,"8":0.0000000703,"9":0.000000004},"fc-tokyo":{"0":0.0741628048,"1":0.1929339833,"2":0.2509581588,"3":0.2176219258,"4":0.141535454,"5":0.0736406855,"6":0.0319292823,"7":0.0118662557,"8":0.0038587469,"9":0.001115389}}