{"kashima-antlers":{"0":0.3038635671,"1":0.3619551315,"2":0.215576218,"3":0.0855964395,"4":0.0254901162,"5":0.0060726453,"6":0.0012055987,"7":0.0002051544,"8":0.0000305469,"9":0.000004043},"fc-tokyo":{"0":0.0649474229,"1":0.1775777638,"2":0.2427645379,"3":0.221253756,"4":0.1512367446,"5":0.0827016123,"6":0.0376868106,"7":0.0147203456,"8":0.0050310042,"9":0.0015284063}}