{"kawasaki-frontale":{"0":0.0188623344,"1":0.074894563,"2":0.1486877353,"3":0.1967925909,"4":0.1953455865,"5":0.1551273775,"6":0.1026578234,"7":0.058230278,"8":0.0289010571,"9":0.0127504664},"shonan-bellmare":{"0":0.4019641373,"1":0.3663470618,"2":0.1669429649,"3":0.0507168501,"4":0.011555738,"5":0.0021063624,"6":0.0003199538,"7":0.0000416576,"8":0.0000047458,"9":0.0000004806}}