{"sanfrecce-hiroshima":{"0":0.3400360275,"1":0.3667981223,"2":0.1978332465,"3":0.0711344852,"4":0.0191832582,"5":0.0041386103,"6":0.0007440557,"7":0.0001146594,"8":0.0000154604,"9":0.000001853},"nagoya-grampus-eight":{"0":0.3658211583,"1":0.3678736724,"2":0.1849688512,"3":0.0620022189,"4":0.0155875237,"5":0.0031349961,"6":0.0005254309,"7":0.0000754827,"8":0.0000094883,"9":0.0000010602}}