{"consadole-sapporo":{"0":0.2042857982,"1":0.3244539148,"2":0.2576545794,"3":0.1364053655,"4":0.054160954,"5":0.0172040677,"6":0.0045540179,"7":0.0010332646,"8":0.0002051334,"9":0.0000362},"yokohama-fa-marinos":{"0":0.5048245662,"1":0.3450699566,"2":0.1179353016,"3":0.0268713345,"4":0.0045919369,"5":0.0006277585,"6":0.0000715168,"7":0.0000069836,"8":0.0000005967,"9":0.0000000453}}