{"sagan-tosu":{"0":0.767431632,"1":0.2031436673,"2":0.0268866618,"3":0.0023723525,"4":0.0001569939,"5":0.0000083114,"6":0.0000003667,"7":0.0000000139,"8":0.0000000005,"9":0.0},"cerezo-osaka":{"0":0.4019641373,"1":0.3663470618,"2":0.1669429649,"3":0.0507168501,"4":0.011555738,"5":0.0021063624,"6":0.0003199538,"7":0.0000416576,"8":0.0000047458,"9":0.0000004806}}