{"shimizu-s-pulse":{"0":0.3468636453,"1":0.3672673891,"2":0.1944356766,"3":0.0686243564,"4":0.0181652708,"5":0.0038467632,"6":0.0006788406,"7":0.0001026818,"8":0.0000135902,"9":0.0000015989},"oita-trinita":{"0":0.2029213712,"1":0.323646744,"2":0.2580980363,"3":0.1372166775,"4":0.054712979,"5":0.0174527477,"6":0.004639338,"7":0.0010570644,"8":0.0002107438,"9":0.000037347}}