{"yokohama-fc":{"0":0.2661941334,"1":0.3523157647,"2":0.2331501384,"3":0.1028603552,"4":0.0340346763,"5":0.009009179,"6":0.0019873189,"7":0.0003757536,"8":0.0000621651,"9":0.0000091419},"urawa-red-diamonds":{"0":0.0479318685,"1":0.1456158029,"2":0.2211885614,"3":0.2239884166,"4":0.1701177847,"5":0.1033627047,"6":0.0523355467,"7":0.022713438,"8":0.0086253562,"9":0.0029115126}}