{"kashiwa-reysol":{"0":0.4519798648,"1":0.3589251867,"2":0.1425144124,"3":0.0377244033,"4":0.0074894036,"5":0.0011894935,"6":0.000157433,"7":0.00001786,"8":0.0000017729,"9":0.0000001564},"vegalta-sendai":{"0":0.2548478426,"1":0.3483995823,"2":0.2381465499,"3":0.1085224784,"4":0.037089961,"5":0.0101410526,"6":0.0023106196,"7":0.0004512602,"8":0.0000771141,"9":0.0000117135}}