{"vissel-kobe":{"0":0.243712822,"1":0.3440651605,"2":0.242869525,"3":0.1142915412,"4":0.040338191,"5":0.0113896069,"6":0.0026799075,"7":0.0005404855,"8":0.0000953798,"9":0.0000149615},"gamba-osaka":{"0":0.1024396932,"1":0.2334068959,"2":0.2659065902,"3":0.2019543723,"4":0.1150373007,"5":0.0524220611,"6":0.0199071118,"7":0.0064797109,"8":0.0018454873,"9":0.000467212}}