{"shonan-bellmare":{"0":0.5823418256,"1":0.3148708708,"2":0.0851249738,"3":0.0153422918,"4":0.0020738854,"5":0.000224269,"6":0.0000202103,"7":0.0000015611,"8":0.0000001055,"9":0.0000000063},"cerezo-osaka":{"0":0.321251448,"1":0.3647910215,"2":0.2071157814,"3":0.0783954728,"4":0.0222551251,"5":0.0050542775,"6":0.0009565482,"7":0.00015517,"8":0.0000220251,"9":0.0000027789}}