{"nagoya-grampus-eight":{"0":0.1974849257,"1":0.3203389201,"2":0.2598097637,"3":0.140478535,"4":0.0569673129,"5":0.0184812562,"6":0.0049963861,"7":0.0011578004,"8":0.0002347575,"9":0.0000423109},"kashiwa-reysol":{"0":0.1820822623,"1":0.3101401171,"2":0.2641303195,"3":0.1499641008,"4":0.0638583396,"5":0.0217539399,"6":0.006175569,"7":0.0015026895,"8":0.0003199408,"9":0.0000605504}}