{"urawa-red-diamonds":{"0":0.6183997691,"1":0.2972153929,"2":0.0714238541,"3":0.0114425813,"4":0.0013748838,"5":0.0001321594,"6":0.0000105864,"7":0.0000007269,"8":0.0000000437,"9":0.0000000023},"shimizu-s-pulse":{"0":0.5457378179,"1":0.3305078848,"2":0.1000805317,"3":0.0202034773,"4":0.0030588903,"5":0.000370503,"6":0.0000373971,"7":0.0000032355,"8":0.0000002449,"9":0.0000000165}}