{"yokohama-fc":{"0":0.8350759851,"1":0.150507881,"2":0.0135632102,"3":0.000814844,"4":0.0000367154,"5":0.0000013235,"6":0.0000000398,"7":0.000000001,"8":0.0,"9":0.0},"sanfrecce-hiroshima":{"0":0.1820822623,"1":0.3101401171,"2":0.2641303195,"3":0.1499641008,"4":0.0638583396,"5":0.0217539399,"6":0.006175569,"7":0.0015026895,"8":0.0003199408,"9":0.0000605504}}