{"consadole-sapporo":{"0":0.5954019719,"1":0.3087269484,"2":0.08004032,"3":0.0138341294,"4":0.0017933131,"5":0.0001859732,"6":0.0000160718,"7":0.0000011905,"8":0.0000000772,"9":0.0000000044},"vissel-kobe":{"0":0.6411803884,"1":0.2849690615,"2":0.0633264581,"3":0.0093816975,"4":0.0010424108,"5":0.0000926587,"6":0.0000068636,"7":0.0000004358,"8":0.0000000242,"9":0.0000000012}}