{"vegalta-sendai":{"0":0.0801980712,"1":0.2023602495,"2":0.255303338,"3":0.2147318773,"4":0.1354558645,"5":0.0683579595,"6":0.0287474365,"7":0.010362448,"8":0.0032683884,"9":0.0009163311},"yokohama-fa-marinos":{"0":0.2559847613,"1":0.3488143999,"2":0.237653767,"3":0.1079453008,"4":0.036772575,"5":0.0100215369,"6":0.0022759534,"7":0.0004430427,"8":0.0000754633,"9":0.0000114255}}