{"fc-tokyo":{"0":0.4862996737,"1":0.3505881369,"2":0.1263747935,"3":0.0303691364,"4":0.0054735071,"5":0.0007892034,"6":0.0000948268,"7":0.0000097662,"8":0.0000008801,"9":0.0000000705},"sagan-tosu":{"0":1.0,"1":0.0,"2":0.0,"3":0.0,"4":0.0,"5":0.0,"6":0.0,"7":0.0,"8":0.0,"9":0.0}}