{"gamba-osaka":{"0":0.3824182745,"1":0.3675958607,"2":0.1766739796,"3":0.056608717,"4":0.0136036452,"5":0.0026152744,"6":0.0004189845,"7":0.000057535,"8":0.0000069131,"9":0.0000007384},"kawasaki-frontale":{"0":0.065528198,"1":0.1785823418,"2":0.2433429712,"3":0.2210588163,"4":0.1506115012,"5":0.0820915435,"6":0.0372870015,"7":0.0145167604,"8":0.00494527,"9":0.0014974688}}