{"oita-trinita":{"0":0.2831926398,"1":0.3572837374,"2":0.2253795669,"3":0.0947817171,"4":0.0298948148,"5":0.0075432265,"6":0.0015861242,"7":0.0002858712,"8":0.0000450829,"9":0.0000063198},"kashima-antlers":{"0":0.7968361322,"1":0.1809664476,"2":0.0205493036,"3":0.0015556249,"4":0.000088323,"5":0.0000040117,"6":0.0000001518,"7":0.0000000049,"8":0.0000000001,"9":0.0}}