{"cerezo-osaka":{"0":0.5846761074,"1":0.3137940576,"2":0.0842062035,"3":0.0150644126,"4":0.0020212572,"5":0.0002169606,"6":0.000019407,"7":0.000001488,"8":0.0000000998,"9":0.000000006},"fc-tokyo":{"0":0.507498832,"1":0.3442165991,"2":0.1167343249,"3":0.0263921082,"4":0.0044751836,"5":0.0006070684,"6":0.0000686251,"7":0.0000066494,"8":0.0000005638,"9":0.0000000425}}