{"nagoya-grampus-eight":{"0":0.3811074536,"1":0.3676444186,"2":0.17732849,"3":0.0570213894,"4":0.0137517617,"5":0.0026531932,"6":0.0004265777,"7":0.0000587869,"8":0.0000070888,"9":0.0000007598},"urawa-red-diamonds":{"0":0.3164902122,"1":0.3641102673,"2":0.2094476885,"3":0.0803206028,"4":0.0231014697,"5":0.005315477,"6":0.0010192099,"7":0.000167509,"8":0.0000240891,"9":0.0000030793}}