{"gamba-osaka":{"0":0.2136367234,"1":0.3297436382,"2":0.2544760686,"3":0.1309260933,"4":0.0505203947,"5":0.0155954262,"6":0.0040118669,"7":0.0008846042,"8":0.0001706709,"9":0.0000292696},"yokohama-fc":{"0":0.4162192102,"1":0.3648341225,"2":0.1598964364,"3":0.0467187119,"4":0.0102377424,"5":0.0017947647,"6":0.0002621981,"7":0.0000328326,"8":0.0000035974,"9":0.0000003504}}