{"kawasaki-frontale":{"0":0.0456406496,"1":0.1408907008,"2":0.2174617339,"3":0.2237649726,"4":0.1726881853,"5":0.106616184,"6":0.0548532541,"7":0.0241899443,"8":0.0093341633,"9":0.0032015729},"oita-trinita":{"0":0.5399280201,"1":0.3327681374,"2":0.1025457368,"3":0.0210669772,"4":0.0032459969,"5":0.0004001142,"6":0.0000410997,"7":0.0000036186,"8":0.0000002788,"9":0.0000000191}}