{"kashima-antlers":{"0":0.1452428912,"1":0.2802240564,"2":0.2703248371,"3":0.1738502122,"4":0.0838543823,"5":0.032356854,"6":0.0104046043,"7":0.0028677287,"8":0.0006916058,"9":0.0001482609},"sagan-tosu":{"0":0.3730245249,"1":0.3678436287,"2":0.1813673447,"3":0.0596161179,"4":0.0146970291,"5":0.0028985807,"6":0.0004763871,"7":0.0000671101,"8":0.0000082723,"9":0.0000009064}}