{"shimizu-s-pulse":{"0":0.1509569066,"1":0.285423412,"2":0.2698337093,"3":0.170063673,"4":0.0803874345,"5":0.0303986831,"6":0.0095794401,"7":0.0025874901,"8":0.0006115406,"9":0.0001284752},"consadole-sapporo":{"0":0.0937928486,"1":0.2219764084,"2":0.2626720833,"3":0.2072190879,"4":0.122604627,"5":0.0580328568,"6":0.022890738,"7":0.0077392495,"8":0.002289528,"9":0.0006020611}}