{"yokohama-fa-marinos":{"0":0.1761511152,"1":0.305871094,"2":0.2655592786,"3":0.1537068651,"4":0.0667246513,"5":0.023172311,"6":0.0067061172,"7":0.0016635128,"8":0.0003610682,"9":0.0000696626},"kashiwa-reysol":{"0":0.1001660544,"1":0.2304746715,"2":0.2651525735,"3":0.2033654769,"4":0.1169822246,"5":0.0538334867,"6":0.0206444775,"7":0.0067859162,"8":0.0019517363,"9":0.0004989779}}