{"sanfrecce-hiroshima":{"0":0.0279320179,"1":0.0999402477,"2":0.1787921863,"3":0.2132383873,"4":0.1907407593,"5":0.1364933874,"6":0.0813951393,"7":0.0416043307,"8":0.0186074415,"9":0.0073974538},"shonan-bellmare":{"0":0.2215191191,"1":0.3338838896,"2":0.2516226415,"3":0.1264191049,"4":0.0476361845,"5":0.0143598933,"6":0.0036073162,"7":0.0007767306,"8":0.0001463405,"9":0.0000245079}}