{"vissel-kobe":{"0":0.2136367234,"1":0.3297436382,"2":0.2544760686,"3":0.1309260933,"4":0.0505203947,"5":0.0155954262,"6":0.0040118669,"7":0.0008846042,"8":0.0001706709,"9":0.0000292696},"vegalta-sendai":{"0":0.3164902122,"1":0.3641102673,"2":0.2094476885,"3":0.0803206028,"4":0.0231014697,"5":0.005315477,"6":0.0010192099,"7":0.000167509,"8":0.0000240891,"9":0.0000030793}}