{"oita-trinita":{"0":0.2800667608,"1":0.3564486047,"2":0.2268309303,"3":0.0962313037,"4":0.0306190512,"5":0.0077939403,"6":0.0016532601,"7":0.0003005927,"8":0.0000478216,"9":0.0000067626},"yokohama-fa-marinos":{"0":0.2487506356,"1":0.3460878408,"2":0.2407567588,"3":0.1116553084,"4":0.038836629,"5":0.0108067142,"6":0.0025059047,"7":0.000498068,"8":0.0000866205,"9":0.0000133906}}