{"kashiwa-reysol":{"0":0.2421538967,"1":0.3434182535,"2":0.2435147616,"3":0.1151160691,"4":0.040813879,"5":0.0115763002,"6":0.0027362164,"7":0.0005543503,"8":0.0000982712,"9":0.0000154852},"cerezo-osaka":{"0":0.1528557107,"1":0.2871029002,"2":0.2696270715,"3":0.1688099926,"4":0.0792673009,"5":0.0297769339,"6":0.009321475,"7":0.002501166,"8":0.0005872303,"9":0.0001225524}}