{"kashima-antlers":{"0":0.3339918607,"1":0.3662683851,"2":0.2008320347,"3":0.0734133908,"4":0.0201269906,"5":0.0044144072,"6":0.0008068349,"7":0.0001264009,"8":0.000017327,"9":0.0000021113},"vissel-kobe":{"0":0.2739957025,"1":0.3547265791,"2":0.2296221159,"3":0.0990928774,"4":0.0320724715,"5":0.0083044792,"6":0.0017918891,"7":0.0003314081,"8":0.0000536319,"9":0.0000077149}}