{"consadole-sapporo":{"0":0.3359109812,"1":0.3664483432,"2":0.1998809145,"3":0.0726839689,"4":0.0198229006,"5":0.0043249965,"6":0.000786363,"7":0.0001225501,"8":0.0000167114,"9":0.0000020256},"kawasaki-frontale":{"0":0.0230955357,"1":0.0870266561,"2":0.1639632651,"3":0.2059441977,"4":0.1940054036,"5":0.1462069708,"6":0.0918208029,"7":0.0494273473,"8":0.0232809969,"9":0.0097472773}}