{"vegalta-sendai":{"0":0.2171270252,"1":0.3316121839,"2":0.2532311222,"3":0.1289176622,"4":0.0492231074,"5":0.0150354219,"6":0.0038271983,"7":0.0008350251,"8":0.0001594139,"9":0.0000270521},"shimizu-s-pulse":{"0":0.3909676595,"1":0.367169628,"2":0.1724100862,"3":0.0539718531,"4":0.0126716525,"5":0.0023800669,"6":0.0003725322,"7":0.0000499795,"8":0.0000058672,"9":0.0000006122}}