{"urawa-red-diamonds":{"0":0.9131007163,"1":0.083009156,"2":0.0037731435,"3":0.0001143377,"4":0.0000025986,"5":0.0000000472,"6":0.0000000007,"7":0.0,"8":0.0,"9":0.0},"sanfrecce-hiroshima":{"0":0.33724132,"1":0.3665666522,"2":0.1992210066,"3":0.0721815241,"4":0.0196145446,"5":0.0042640314,"6":0.0007724695,"7":0.0001199487,"8":0.0000162974,"9":0.0000019683}}