{"yokohama-fc":{"0":0.3359109812,"1":0.3664483432,"2":0.1998809145,"3":0.0726839689,"4":0.0198229006,"5":0.0043249965,"6":0.000786363,"7":0.0001225501,"8":0.0000167114,"9":0.0000020256},"shonan-bellmare":{"0":0.1240641484,"1":0.2589164835,"2":0.2701737219,"3":0.187946937,"4":0.0980592715,"5":0.0409290872,"6":0.0142362043,"7":0.0042443342,"8":0.0011072176,"9":0.0002567461}}