{"fc-tokyo":{"0":0.6157904913,"1":0.2985650867,"2":0.072379415,"3":0.0116976832,"4":0.001417901,"5":0.0001374934,"6":0.0000111106,"7":0.0000007696,"8":0.0000000466,"9":0.0000000025},"nagoya-grampus-eight":{"0":0.0389149489,"1":0.1263325877,"2":0.2050615917,"3":0.2219023988,"4":0.1800947004,"5":0.1169310519,"6":0.0632670426,"7":0.0293412371,"8":0.011906589,"9":0.0042948083}}