{"sagan-tosu":{"0":0.401235177,"1":0.3664109919,"2":0.1673046416,"3":0.0509279538,"4":0.0116269479,"5":0.0021235633,"6":0.000323209,"7":0.0000421653,"8":0.0000048132,"9":0.0000004884},"gamba-osaka":{"0":0.314146847,"1":0.3637489807,"2":0.2105915152,"3":0.0812809357,"4":0.0235286919,"5":0.0054487497,"6":0.0010515131,"7":0.0001739345,"8":0.0000251747,"9":0.0000032389}}