{"vegalta-sendai":{"0":0.3385462527,"1":0.3666776032,"2":0.1985732579,"3":0.0716912049,"4":0.0194120884,"5":0.0042050255,"6":0.0007590734,"7":0.0001174497,"8":0.0000159011,"9":0.0000019136},"sagan-tosu":{"0":0.2595972589,"1":0.3500990556,"2":0.2360759687,"3":0.1061258942,"4":0.0357809781,"5":0.0096510161,"6":0.0021692651,"7":0.0004179318,"8":0.0000704541,"9":0.0000105573}}