{"consadole-sapporo":{"0":0.0784373905,"1":0.1996588122,"2":0.2541112156,"3":0.2156095162,"4":0.1372060558,"5":0.0698503557,"6":0.0296334842,"7":0.0107758124,"8":0.0034286676,"9":0.0009697242},"oita-trinita":{"0":0.1509774185,"1":0.2854416818,"2":0.2698315898,"3":0.1700501165,"4":0.0803752504,"5":0.0303918915,"6":0.0095766117,"7":0.0025865402,"8":0.0006112722,"9":0.0001284096}}