{"gamba-osaka":{"0":0.1466069621,"1":0.2814853673,"2":0.2702259526,"3":0.1729446097,"4":0.0830134126,"5":0.0318771505,"6":0.0102006881,"7":0.002797903,"8":0.0006714967,"9":0.0001432526},"urawa-red-diamonds":{"0":0.2901085836,"1":0.3590093722,"2":0.222137049,"3":0.0916315327,"4":0.0283485054,"5":0.0070162551,"6":0.0014471026,"7":0.0002558271,"8":0.0000395732,"9":0.0000054413}}