{"shonan-bellmare":{"0":0.7696509475,"1":0.2015086117,"2":0.0263793092,"3":0.0023021943,"4":0.0001506891,"5":0.0000078906,"6":0.0000003443,"7":0.0000000129,"8":0.0000000004,"9":0.0},"nagoya-grampus-eight":{"0":0.3328710837,"1":0.3661581921,"2":0.2013870056,"3":0.0738419021,"4":0.0203065231,"5":0.0044674351,"6":0.0008190298,"7":0.0001287047,"8":0.0000176969,"9":0.000002163}}