{"sanfrecce-hiroshima":{"0":0.4028903215,"1":0.3662639287,"2":0.1664836039,"3":0.050449577,"4":0.0114658129,"5":0.0020846933,"6":0.0003158626,"7":0.0000410211,"8":0.0000046615,"9":0.0000004709},"fc-tokyo":{"0":0.3179588417,"1":0.3643278394,"2":0.2087294913,"3":0.0797230696,"4":0.0228373376,"5":0.0052335565,"6":0.0009994639,"7":0.0001636027,"8":0.0000234327,"9":0.0000029833}}