{"kawasaki-frontale":{"0":0.3123483013,"1":0.3634598415,"2":0.2114675441,"3":0.0820237747,"4":0.0238614617,"5":0.0055532129,"6":0.0010769867,"7":0.0001790316,"8":0.000026041,"9":0.0000033669},"cerezo-osaka":{"0":0.4759226205,"1":0.3533725457,"2":0.1311895576,"3":0.0324694155,"4":0.0060271353,"5":0.0008950296,"6":0.0001107599,"7":0.0000117485,"8":0.0000010904,"9":0.00000009}}