{"shimizu-s-pulse":{"0":0.0975614613,"1":0.2270521281,"2":0.2642061127,"3":0.2049598935,"4":0.1192493926,"5":0.0555051718,"6":0.0215292788,"7":0.0071577862,"8":0.0020822651,"9":0.0005384443},"yokohama-fa-marinos":{"0":0.3328710837,"1":0.3661581921,"2":0.2013870056,"3":0.0738419021,"4":0.0203065231,"5":0.0044674351,"6":0.0008190298,"7":0.0001287047,"8":0.0000176969,"9":0.000002163}}