{"vissel-kobe":{"0":0.4832250812,"1":0.3514364227,"2":0.1277950628,"3":0.0309806213,"4":0.0056328402,"5":0.0008193222,"6":0.0000993118,"7":0.0000103181,"8":0.000000938,"9":0.0000000758},"kashiwa-reysol":{"0":0.1146782383,"1":0.2483500598,"2":0.2689165491,"3":0.1941241339,"4":0.1051000194,"5":0.0455214459,"6":0.0164303969,"7":0.005083154,"8":0.0013760257,"9":0.0003311062}}