{"yokohama-fc":{"0":0.2572837397,"1":0.3492821678,"2":0.2370885018,"3":0.1072885341,"4":0.0364130783,"5":0.0098867025,"6":0.0022369913,"7":0.0004338407,"8":0.0000736215,"9":0.0000111052},"kashima-antlers":{"0":0.2010570326,"1":0.3225289899,"2":0.2586951273,"3":0.1383300333,"4":0.0554761071,"5":0.0177985844,"6":0.0047586493,"7":0.0010905238,"8":0.0002186727,"9":0.0000389764}}