{"shimizu-s-pulse":{"0":0.0470357398,"1":0.1437810857,"2":0.2197584294,"3":0.2239226719,"4":0.1711243675,"5":0.1046202205,"6":0.053301344,"7":0.0232762975,"8":0.0088940116,"9":0.0030208486},"yokohama-fc":{"0":0.1481585312,"1":0.2829046293,"2":0.2700992939,"3":0.1719157176,"4":0.0820670804,"5":0.0313409654,"6":0.0099741182,"7":0.0027207577,"8":0.0006494015,"9":0.0001377794}}