{"cerezo-osaka":{"0":0.5401005246,"1":0.3327019232,"2":0.1024721923,"3":0.0210409568,"4":0.0032403074,"5":0.0003992059,"6":0.0000409851,"7":0.0000036067,"8":0.0000002777,"9":0.000000019},"vegalta-sendai":{"0":0.6673692656,"1":0.2698919824,"2":0.0545737464,"3":0.007356755,"4":0.0007437896,"5":0.0000601595,"6":0.0000040549,"7":0.0000002343,"8":0.0000000118,"9":0.0000000005}}