{"oita-trinita":{"0":0.4296432783,"1":0.3629626415,"2":0.1533154198,"3":0.0431736222,"4":0.009118269,"5":0.0015406227,"6":0.0002169197,"7":0.0000261791,"8":0.0000027645,"9":0.0000002595},"kashiwa-reysol":{"0":0.1261115766,"1":0.2611251468,"2":0.2703413285,"3":0.1865885248,"4":0.0965870011,"5":0.0399983816,"6":0.0138033631,"7":0.0040830116,"8":0.0010567795,"9":0.0002431283}}