{"nagoya-grampus-eight":{"0":0.2816190522,"1":0.356867663,"2":0.2261113512,"3":0.0955094348,"4":0.0302573889,"5":0.0076684327,"6":0.001619573,"7":0.000293189,"8":0.0000464411,"9":0.0000065389},"kawasaki-frontale":{"0":0.0462576043,"1":0.1421741073,"2":0.2184881501,"3":0.2238432518,"4":0.1719972045,"5":0.1057276934,"6":0.0541595292,"7":0.0237801294,"8":0.0091361159,"9":0.0031200134}}