{"sagan-tosu":{"0":0.2783582979,"1":0.3559774386,"2":0.2276201891,"3":0.0970304011,"4":0.0310217388,"5":0.0079344063,"6":0.0016911475,"7":0.0003089596,"8":0.000049389,"9":0.0000070179},"consadole-sapporo":{"0":0.6070288368,"1":0.3030160368,"2":0.0756296184,"3":0.0125842386,"4":0.0015704469,"5":0.0001567868,"6":0.0000130441,"7":0.0000009302,"8":0.000000058,"9":0.0000000032}}