{"yokohama-fa-marinos":{"0":0.5306779176,"1":0.3362375286,"2":0.1065200491,"3":0.0224970344,"4":0.0035635302,"5":0.0004515706,"6":0.0000476859,"7":0.0000043163,"8":0.0000003418,"9":0.0000000241},"sanfrecce-hiroshima":{"0":0.3788601137,"1":0.3677171691,"2":0.1784509791,"3":0.0577341403,"4":0.0140090193,"5":0.0027193979,"6":0.0004399026,"7":0.0000609949,"8":0.0000074001,"9":0.0000007981}}