{"fc-tokyo":{"0":0.0850938937,"1":0.2096713542,"2":0.2583151083,"3":0.212162809,"4":0.1306922903,"5":0.0644051607,"6":0.0264490526,"7":0.0093100665,"8":0.0028675005,"9":0.0007850579},"shonan-bellmare":{"0":0.2048875232,"1":0.3248069853,"2":0.2574573016,"3":0.1360485153,"4":0.0539192277,"5":0.0170955669,"6":0.0045169169,"7":0.0010229488,"8":0.0002027093,"9":0.000035706}}