{"kashima-antlers":{"0":0.2446320583,"1":0.3444419381,"2":0.2424871244,"3":0.1138072904,"4":0.0400601662,"5":0.0112809428,"6":0.0026472612,"7":0.0005324777,"8":0.0000937161,"9":0.0000146614},"gamba-osaka":{"0":0.1261115766,"1":0.2611251468,"2":0.2703413285,"3":0.1865885248,"4":0.0965870011,"5":0.0399983816,"6":0.0138033631,"7":0.0040830116,"8":0.0010567795,"9":0.0002431283}}