{"urawa-red-diamonds":{"0":0.6554717982,"1":0.2768712876,"2":0.0584752159,"3":0.0082333104,"4":0.0008694376,"5":0.0000734501,"6":0.0000051709,"7":0.000000312,"8":0.0000000165,"9":0.0000000008},"vissel-kobe":{"0":0.4041850938,"1":0.3661441438,"2":0.1658417593,"3":0.0500777077,"4":0.0113411279,"5":0.0020547455,"6":0.0003102263,"7":0.0000401469,"8":0.000004546,"9":0.0000004576}}