{"kashiwa-reysol":{"0":0.2020848543,"1":0.3231473427,"2":0.2583672228,"3":0.1377155515,"4":0.0550541191,"5":0.0176070516,"6":0.0046924776,"7":0.0010719413,"8":0.0002142633,"9":0.0000380691},"kashima-antlers":{"0":0.2088351601,"1":0.3270797257,"2":0.2561377761,"3":0.1337218526,"4":0.0523591272,"5":0.0164010782,"6":0.0042812556,"7":0.0009579065,"8":0.0001875353,"9":0.0000326355}}