{"yokohama-fc":{"0":0.3177479517,"1":0.3642970147,"2":0.2088326836,"3":0.0798086689,"4":0.0228750962,"5":0.005245245,"6":0.0010022761,"7":0.0001641581,"8":0.0000235258,"9":0.0000029969},"cerezo-osaka":{"0":0.0861014265,"1":0.2111404409,"2":0.2588823877,"3":0.2116129921,"4":0.1297308948,"5":0.0636259803,"6":0.0260042488,"7":0.0091097687,"8":0.0027924052,"9":0.0007608464}}