{"kawasaki-frontale":{"0":0.0562290541,"1":0.1618453054,"2":0.2329214256,"3":0.2234742629,"4":0.1608077039,"5":0.09257126,"6":0.0444083107,"7":0.0182602005,"8":0.0065698414,"9":0.0021011241},"shimizu-s-pulse":{"0":0.6684860662,"1":0.2692258952,"2":0.0542139816,"3":0.0072780414,"4":0.0007327891,"5":0.0000590247,"6":0.0000039619,"7":0.0000002279,"8":0.0000000115,"9":0.0000000005}}