{"urawa-red-diamonds":{"0":0.4010164164,"1":0.366429919,"2":0.1674132031,"3":0.050991434,"4":0.0116483929,"5":0.0021287506,"6":0.000324192,"7":0.0000423188,"8":0.0000048336,"9":0.0000004907},"oita-trinita":{"0":0.3907348713,"1":0.3671837284,"2":0.1725260532,"3":0.0540424075,"4":0.0126962642,"5":0.002386202,"6":0.0003737294,"7":0.0000501719,"8":0.0000058935,"9":0.0000006154}}