{"gamba-osaka":{"0":0.3934546629,"1":0.3670103518,"2":0.171171689,"3":0.0532223809,"4":0.0124113186,"5":0.0023154294,"6":0.000359968,"7":0.0000479678,"8":0.000005593,"9":0.0000005797},"fc-tokyo":{"0":0.225005909,"1":0.3356252524,"2":0.2503141152,"3":0.1244585656,"4":0.0464114895,"5":0.0138457412,"6":0.0034421173,"7":0.0007334801,"8":0.00013676,"9":0.0000226661}}