{"sanfrecce-hiroshima":{"0":0.1571821979,"1":0.2908420249,"2":0.2690797196,"3":0.165963855,"4":0.0767727903,"5":0.0284113011,"6":0.0087618069,"7":0.002316058,"8":0.0005356896,"9":0.0001101348},"vegalta-sendai":{"0":0.2442436366,"1":0.3442831535,"2":0.2426488801,"3":0.1140117341,"4":0.0401774227,"5":0.011326731,"6":0.002661006,"7":0.0005358464,"8":0.0000944154,"9":0.0000147874}}