{"consadole-sapporo":{"0":0.6449378015,"1":0.2828706218,"2":0.0620337252,"3":0.0090693595,"4":0.0009944584,"5":0.0000872342,"6":0.0000063768,"7":0.0000003996,"8":0.0000000219,"9":0.0000000011},"nagoya-grampus-eight":{"0":0.0759610746,"1":0.1957922711,"2":0.252330642,"3":0.2167969571,"4":0.1397003954,"5":0.0720165107,"6":0.0309375038,"7":0.0113917822,"8":0.0036703386,"9":0.0010511582}}