{"shonan-bellmare":{"0":0.5222120599,"1":0.3392715293,"2":0.1102092229,"3":0.0238669655,"4":0.0038764817,"5":0.0005036957,"6":0.0000545403,"7":0.000005062,"8":0.0000004111,"9":0.0000000297},"sagan-tosu":{"0":0.4270018181,"1":0.3633644595,"2":0.1546055835,"3":0.0438547503,"4":0.0093297364,"5":0.0015878596,"6":0.0002252027,"7":0.0000273772,"8":0.0000029121,"9":0.0000002753}}