{"vissel-kobe":{"0":0.1872681606,"1":0.3137141836,"2":0.2627691453,"3":0.1467314885,"4":0.061451649,"5":0.0205889286,"6":0.0057484758,"7":0.0013757036,"8":0.0002880747,"9":0.0000536207},"yokohama-fa-marinos":{"0":0.1438308677,"1":0.2789049094,"2":0.2704146534,"3":0.1747885685,"4":0.0847338798,"5":0.0328617848,"6":0.0106204753,"7":0.0029420495,"8":0.0007131223,"9":0.0001536475}}