{"sagan-tosu":{"0":0.4701296198,"1":0.3548288428,"2":0.1339029731,"3":0.0336876151,"4":0.0063564052,"5":0.0009594953,"6":0.000120696,"7":0.0000130136,"8":0.0000012277,"9":0.000000103},"yokohama-fc":{"0":0.4168620197,"1":0.3647542672,"2":0.1595799919,"3":0.0465441643,"4":0.0101815359,"5":0.0017817688,"6":0.0002598413,"7":0.0000324802,"8":0.0000035525,"9":0.0000003454}}