{"shimizu-s-pulse":{"0":0.2090042183,"1":0.3271753797,"2":0.2560803078,"3":0.1336227766,"4":0.0522933018,"5":0.0163719958,"6":0.004271456,"7":0.0009552201,"8":0.0001869128,"9":0.0000325104},"kashiwa-reysol":{"0":0.0748257956,"1":0.1939928034,"2":0.2514721525,"3":0.2173216133,"4":0.1408566012,"5":0.0730367562,"6":0.0315590922,"7":0.0116885527,"8":0.0037879569,"9":0.001091181}}