{"yokohama-fa-marinos":{"0":0.1671222772,"1":0.29898669,"2":0.2674480096,"3":0.1594907962,"4":0.0713334363,"5":0.0255235249,"6":0.00761039,"7":0.0019450303,"8":0.0004349646,"9":0.0000864627},"kawasaki-frontale":{"0":0.0694834512,"1":0.1852892033,"2":0.247052271,"3":0.2196020187,"4":0.1464013458,"5":0.0780807178,"6":0.0347025412,"7":0.0132200157,"8":0.0044066719,"9":0.0013056806}}