{"oita-trinita":{"0":0.5278521149,"1":0.3372653657,"2":0.107746018,"3":0.0229477153,"4":0.0036655483,"5":0.0004684124,"6":0.0000498812,"7":0.000004553,"8":0.0000003636,"9":0.0000000258},"fc-tokyo":{"0":0.1918975485,"1":0.3167832547,"2":0.2614718928,"3":0.1438787135,"4":0.0593785167,"5":0.0196043357,"6":0.0053937855,"7":0.0012720038,"8":0.000262477,"9":0.0000481439}}