{"nagoya-grampus-eight":{"0":0.1781488889,"1":0.3073309946,"2":0.2650938235,"3":0.1524409329,"4":0.065745321,"5":0.0226839191,"6":0.0065221395,"7":0.0016073679,"8":0.0003466159,"9":0.0000664399},"kashima-antlers":{"0":0.3858213068,"1":0.3674488636,"2":0.1749756494,"3":0.0555478252,"4":0.0132256727,"5":0.0025191757,"6":0.0003998692,"7":0.000054404,"8":0.0000064767,"9":0.0000006854}}