{"vegalta-sendai":{"0":0.5112553659,"1":0.3429941063,"2":0.115054985,"3":0.0257295958,"4":0.0043154069,"5":0.0005790293,"6":0.0000647438,"7":0.0000062051,"8":0.0000005204,"9":0.0000000388},"gamba-osaka":{"0":0.1546382645,"1":0.2886580938,"2":0.2694142209,"3":0.1676355152,"4":0.0782299071,"5":0.029205832,"6":0.0090862588,"7":0.0024230024,"8":0.0005653672,"9":0.0001172613}}