{"shonan-bellmare":{"0":0.8744350877,"1":0.1173292649,"2":0.007871457,"3":0.0003520567,"4":0.0000118095,"5":0.0000003169,"6":0.0000000071,"7":0.0000000001,"8":0.0,"9":0.0},"vissel-kobe":{"0":0.5488116361,"1":0.3292869817,"2":0.0987860945,"3":0.0197572189,"4":0.0029635828,"5":0.0003556299,"6":0.000035563,"7":0.0000030483,"8":0.0000002286,"9":0.0000000152}}