{"cerezo-osaka":{"0":0.3418382109,"1":0.3669351934,"2":0.1969373696,"3":0.0704653542,"4":0.01890969,"5":0.0040595993,"6":0.0007262743,"7":0.0001113708,"8":0.0000149434,"9":0.0000017823},"urawa-red-diamonds":{"0":0.486752256,"1":0.3504616243,"2":0.1261661847,"3":0.0302798843,"4":0.0054503792,"5":0.0007848546,"6":0.0000941826,"7":0.0000096873,"8":0.0000008719,"9":0.0000000697}}