{"consadole-sapporo":{"0":0.4745306953,"1":0.353728929,"2":0.1318398962,"3":0.0327590928,"4":0.0061048942,"5":0.000910153,"6":0.0001130757,"7":0.0000120414,"8":0.000001122,"9":0.0000000929},"sanfrecce-hiroshima":{"0":0.2635971381,"1":0.3514628508,"2":0.2343085672,"3":0.104137141,"4":0.0347123803,"5":0.0092566348,"6":0.0020570299,"7":0.0003918152,"8":0.0000653025,"9":0.0000096745}}