{"kashiwa-reysol":{"0":0.2564178995,"1":0.3489711058,"2":0.2374655454,"3":0.1077259871,"4":0.0366523329,"5":0.0099763746,"6":0.0022628858,"7":0.0004399524,"8":0.000074844,"9":0.0000113176},"gamba-osaka":{"0":0.0436138311,"1":0.1366151337,"2":0.2139653213,"3":0.2234069657,"4":0.174948931,"5":0.1096013398,"6":0.0572188582,"7":0.0256044659,"8":0.0100253677,"9":0.0034892523}}