{"kawasaki-frontale":{"0":0.103493696,"1":0.2347490147,"2":0.2662340896,"3":0.2012946766,"4":0.1141463896,"5":0.0517823858,"6":0.0195758526,"7":0.0063432602,"8":0.0017985082,"9":0.0004532729},"vissel-kobe":{"0":0.4573469777,"1":0.3577884519,"2":0.1399512652,"3":0.0364952279,"4":0.0071376721,"5":0.0011167786,"6":0.0001456117,"7":0.0000162734,"8":0.0000015914,"9":0.0000001383}}