{"sanfrecce-hiroshima":{"0":0.1487742171,"1":0.2834633012,"2":0.2700449201,"3":0.1715078191,"4":0.0816945529,"5":0.031130942,"6":0.0098857627,"7":0.0026907993,"8":0.000640856,"9":0.000135671},"shimizu-s-pulse":{"0":0.5911329757,"1":0.3107670501,"2":0.0816873389,"3":0.0143147337,"4":0.001881365,"5":0.0001978121,"6":0.0000173321,"7":0.0000013017,"8":0.0000000855,"9":0.000000005}}