{"cerezo-osaka":{"0":0.2662971018,"1":0.3523490582,"2":0.2331040367,"3":0.1028099658,"4":0.0340080631,"5":0.0089995039,"6":0.0019846046,"7":0.0003751307,"8":0.0000620439,"9":0.0000091214},"consadole-sapporo":{"0":0.6452643262,"1":0.2826872286,"2":0.0619219644,"3":0.0090425726,"4":0.000990377,"5":0.0000867759,"6":0.000006336,"7":0.0000003965,"8":0.0000000217,"9":0.0000000011}}