{"nagoya-grampus-eight":{"0":0.0824907566,"1":0.2058201323,"2":0.2567677192,"3":0.2135510617,"4":0.1332061603,"5":0.0664717131,"6":0.0276419188,"7":0.0098526422,"8":0.0030728778,"9":0.0008518936},"yokohama-fa-marinos":{"0":0.2523670387,"1":0.3474767934,"2":0.2392153163,"3":0.1097895239,"4":0.037791496,"5":0.0104068011,"6":0.0023881367,"7":0.0004697365,"8":0.0000808458,"9":0.0000123682}}