{"urawa-red-diamonds":{"0":0.3603389873,"1":0.3678016291,"2":0.1877094113,"3":0.0638656281,"4":0.0162970723,"5":0.0033269171,"6":0.0005659696,"7":0.0000825273,"8":0.0000105296,"9":0.0000011942},"sagan-tosu":{"0":0.5693469333,"1":0.3206933747,"2":0.0903177259,"3":0.0169576138,"4":0.0023879089,"5":0.0002690052,"6":0.0000252536,"7":0.0000020321,"8":0.0000001431,"9":0.000000009}}