{"kashima-antlers":{"0":0.1250271713,"1":0.2599595196,"2":0.2702570614,"3":0.1873083403,"4":0.0973640082,"5":0.0404883203,"6":0.0140307159,"7":0.004167572,"8":0.0010831646,"9":0.000250238},"vegalta-sendai":{"0":0.3166367694,"1":0.3641322848,"2":0.2093760638,"3":0.0802608244,"4":0.023074987,"5":0.005307247,"6":0.0010172223,"7":0.0001671151,"8":0.0000240228,"9":0.0000030696}}