{"oita-trinita":{"0":0.252296955,"1":0.3474503712,"2":0.2392453775,"3":0.1098254703,"4":0.0378114952,"5":0.0104144087,"6":0.0023903645,"7":0.0004702696,"8":0.0000809539,"9":0.0000123873},"shonan-bellmare":{"0":0.3731725799,"1":0.367841543,"2":0.1812933319,"3":0.0595678091,"4":0.0146792101,"5":0.0028939014,"6":0.0004754267,"7":0.0000669478,"8":0.0000082489,"9":0.0000009035}}