{"fc-tokyo":{"0":0.0863191209,"1":0.2114563081,"2":0.2590026969,"3":0.2114933264,"4":0.1295240194,"5":0.0634591054,"6":0.0259093389,"7":0.0090671735,"8":0.0027764866,"9":0.0007557301},"yokohama-fc":{"0":0.2515785531,"1":0.3471784032,"2":0.2395530982,"3":0.1101944252,"4":0.0380170767,"5":0.0104927132,"6":0.002413324,"7":0.0004757696,"8":0.0000820703,"9":0.0000125841}}