{"sagan-tosu":{"0":0.5223149419,"1":0.3392354777,"2":0.1101640984,"3":0.0238499595,"4":0.003872545,"5":0.0005030316,"6":0.0000544519,"7":0.0000050522,"8":0.0000004102,"9":0.0000000296},"kashiwa-reysol":{"0":0.5037302937,"1":0.3454150585,"2":0.1184280201,"3":0.0270692617,"4":0.0046404449,"5":0.0006364039,"6":0.0000727319,"7":0.0000071248,"8":0.0000006107,"9":0.0000000465}}