{"shimizu-s-pulse":{"0":0.1757016596,"1":0.3055395351,"2":0.2656617125,"3":0.1539923913,"4":0.066946954,"5":0.02328372,"6":0.0067482734,"7":0.0016764329,"8":0.0003644079,"9":0.0000704104},"kashima-antlers":{"0":0.0829451868,"1":0.2064982874,"2":0.2570465168,"3":0.2133122189,"4":0.1327642073,"5":0.0661052979,"6":0.0274290194,"7":0.0097552298,"8":0.0030357974,"9":0.0008397607}}