{"kawasaki-frontale":{"0":0.2177733487,"1":0.3319520117,"2":0.252997299,"3":0.1285479649,"4":0.0489864299,"5":0.0149340074,"6":0.0037939857,"7":0.0008261677,"8":0.000157416,"9":0.000026661},"sanfrecce-hiroshima":{"0":0.4667764817,"1":0.3556392241,"2":0.1354816092,"3":0.0344080277,"4":0.00655391,"5":0.0009986911,"6":0.0001268179,"7":0.0000138033,"8":0.0000013146,"9":0.0000001113}}