{"consadole-sapporo":{"0":0.2002382397,"1":0.322032633,"2":0.258954076,"3":0.1388207418,"4":0.055814525,"5":0.0179527132,"6":0.0048120675,"7":0.0011055707,"8":0.0002222539,"9":0.0000397155},"urawa-red-diamonds":{"0":0.1353352832,"1":0.2706705665,"2":0.2706705665,"3":0.1804470443,"4":0.0902235222,"5":0.0360894089,"6":0.012029803,"7":0.0034370866,"8":0.0008592716,"9":0.0001909493}}