{"yokohama-fc":{"0":0.7838350305,"1":0.1909082742,"2":0.0232484947,"3":0.0018874422,"4":0.0001149248,"5":0.0000055981,"6":0.0000002272,"7":0.0000000079,"8":0.0000000002,"9":0.0},"nagoya-grampus-eight":{"0":0.1690133154,"1":0.3004681163,"2":0.26708277,"3":0.1582712711,"4":0.0703427872,"5":0.0250107688,"6":0.0074105982,"7":0.0018820567,"8":0.0004182348,"9":0.0000826143}}