{"vissel-kobe":{"0":0.3605248238,"1":0.3678054298,"2":0.1876165319,"3":0.0638017825,"4":0.0162725563,"5":0.0033202344,"6":0.0005645475,"7":0.0000822783,"8":0.0000104925,"9":0.0000011894},"fc-tokyo":{"0":0.0684890719,"1":0.1836247549,"2":0.2461564282,"3":0.2199884475,"4":0.1474517162,"5":0.0790660013,"6":0.0353303934,"7":0.0135319499,"8":0.0045350319,"9":0.0013509765}}