{"yokohama-fa-marinos":{"0":0.1050505415,"1":0.2367118241,"2":0.2666929977,"3":0.2003143282,"4":0.1128427548,"5":0.050854025,"6":0.0190983452,"7":0.0061477947,"8":0.0017316137,"9":0.000433541},"cerezo-osaka":{"0":0.1429045676,"1":0.2780320158,"2":0.2704665188,"3":0.1754045904,"4":0.0853158382,"5":0.0331977275,"6":0.010764796,"7":0.0029919647,"8":0.0007276377,"9":0.0001572973}}