{"gamba-osaka":{"0":0.1333567327,"1":0.2686774821,"2":0.2706559614,"3":0.1817660065,"4":0.0915522448,"5":0.0368905658,"6":0.0123874065,"7":0.0035653213,"8":0.0008978939,"9":0.0002010013},"shonan-bellmare":{"0":0.2600350692,"1":0.3502513177,"2":0.2358835405,"3":0.1059068957,"4":0.0356625261,"5":0.0096070479,"6":0.0021566842,"7":0.0004149888,"8":0.0000698706,"9":0.0000104568}}