{"vegalta-sendai":{"0":0.2728128985,"1":0.3543755177,"2":0.2301614187,"3":0.0996575215,"4":0.0323630096,"5":0.0084077097,"6":0.0018202258,"7":0.0003377739,"8":0.0000548447,"9":0.0000079157},"oita-trinita":{"0":0.2110720878,"1":0.3283343588,"2":0.2553711679,"3":0.1324146797,"4":0.0514945977,"5":0.0160205415,"6":0.0041534737,"7":0.0009229942,"8":0.0001794711,"9":0.0000310197}}