{"sagan-tosu":{"0":0.2762676943,"1":0.3553866114,"2":0.2285819989,"3":0.0980148164,"4":0.0315211968,"5":0.0081096788,"6":0.0017386948,"7":0.0003195187,"8":0.000051378,"9":0.0000073435},"yokohama-fa-marinos":{"0":0.4305082506,"1":0.3628275277,"2":0.1528934865,"3":0.0429523055,"4":0.0090499304,"5":0.001525436,"6":0.0002142701,"7":0.0000257978,"8":0.0000027178,"9":0.0000002545}}