{"kashiwa-reysol":{"0":0.1785588532,"1":0.307627803,"2":0.264996284,"3":0.1521818029,"4":0.065546111,"5":0.0225850534,"6":0.006485061,"7":0.0015961005,"8":0.0003437276,"9":0.0000657985},"sanfrecce-hiroshima":{"0":0.2542259644,"1":0.3481705385,"2":0.2384153094,"3":0.1088391147,"4":0.0372646567,"5":0.0102070264,"6":0.0023298078,"7":0.0004558208,"8":0.0000780326,"9":0.0000118742}}