{"nagoya-grampus-eight":{"0":0.2246693711,"1":0.3354595489,"2":0.2504415898,"3":0.1246469013,"4":0.0465283642,"5":0.0138945367,"6":0.0034577143,"7":0.000737543,"8":0.0001376555,"9":0.0000228374},"vissel-kobe":{"0":0.2824699275,"1":0.3570937327,"2":0.2257159462,"3":0.0951154346,"4":0.0300608333,"5":0.00760048,"6":0.0016013998,"7":0.000289209,"8":0.0000457016,"9":0.0000064195}}