{"consadole-sapporo":{"0":0.3075288951,"1":0.3626338379,"2":0.2138064138,"3":0.0840391929,"4":0.0247744647,"5":0.0058427415,"6":0.0011482801,"7":0.0001934337,"8":0.0000285118,"9":0.0000037356},"gamba-osaka":{"0":0.0669407507,"1":0.1810042668,"2":0.2447130054,"3":0.2205636956,"4":0.1490981561,"5":0.0806307134,"6":0.0363368675,"7":0.0140361396,"8":0.0047441228,"9":0.0014253176}}