{"shonan-bellmare":{"0":0.6009797414,"1":0.3060153104,"2":0.0779105881,"3":0.0132238694,"4":0.0016833789,"5":0.0001714333,"6":0.0000145488,"7":0.0000010583,"8":0.0000000674,"9":0.0000000038},"shimizu-s-pulse":{"0":0.8037228385,"1":0.1756140811,"2":0.0191859084,"3":0.0013973788,"4":0.0000763321,"5":0.0000033357,"6":0.0000001215,"7":0.0000000038,"8":0.0000000001,"9":0.0}}