{"cerezo-osaka":{"0":0.3639528135,"1":0.3678584104,"2":0.1859029593,"3":0.0626326313,"4":0.0158261863,"5":0.0031992036,"6":0.0005389224,"7":0.0000778151,"8":0.0000098313,"9":0.0000011041},"kashima-antlers":{"0":0.6261182709,"1":0.2931585889,"2":0.0686307701,"3":0.0107113414,"4":0.0012538053,"5":0.0001174103,"6":0.0000091622,"7":0.0000006128,"8":0.0000000359,"9":0.0000000019}}