{"fc-tokyo":{"0":0.1608430324,"1":0.2939127103,"2":0.2685372191,"3":0.1635683782,"4":0.0747232016,"5":0.027308735,"6":0.0083169951,"7":0.0021711235,"8":0.0004959189,"9":0.0001006895},"vegalta-sendai":{"0":0.2990504899,"1":0.3609966629,"2":0.2178872715,"3":0.0876736878,"4":0.0264586665,"5":0.0063878781,"6":0.0012851802,"7":0.000221628,"8":0.0000334421,"9":0.0000044855}}