{"oita-trinita":{"0":0.2620399228,"1":0.3509391703,"2":0.2349991176,"3":0.1049081815,"4":0.0351247911,"5":0.0094082344,"6":0.0021000095,"7":0.0004017793,"8":0.0000672608,"9":0.0000100088},"yokohama-fc":{"0":0.3037146509,"1":0.3619266257,"2":0.2156479478,"3":0.085660157,"4":0.0255195885,"5":0.0060821686,"6":0.0012079863,"7":0.0002056453,"8":0.0000306326,"9":0.000004056}}