{"urawa-red-diamonds":{"0":0.5189419235,"1":0.3404068581,"2":0.1116472035,"3":0.0244121561,"4":0.0040033696,"5":0.0005252127,"6":0.00005742,"7":0.0000053808,"8":0.0000004412,"9":0.0000000322},"kawasaki-frontale":{"0":0.0873790262,"1":0.2129863764,"2":0.2595771462,"3":0.2109064313,"4":0.1285211066,"5":0.0626540394,"6":0.0254532035,"7":0.0088631691,"8":0.0027004968,"9":0.0007313846}}