{"gamba-osaka":{"0":0.6224910838,"1":0.2950769423,"2":0.0699370675,"3":0.0110506622,"4":0.0013095752,"5":0.0001241545,"6":0.0000098087,"7":0.0000006642,"8":0.0000000394,"9":0.0000000021},"nagoya-grampus-eight":{"0":0.2458713545,"1":0.3449444371,"2":0.2419693521,"3":0.1131567118,"4":0.0396882125,"5":0.0111360904,"6":0.0026038904,"7":0.0005218743,"8":0.0000915202,"9":0.0000142664}}