{"shimizu-s-pulse":{"0":0.0481340124,"1":0.1460273414,"2":0.2215064088,"3":0.2239995546,"4":0.1698905713,"5":0.1030816557,"6":0.0521209411,"7":0.0225889644,"8":0.0085662047,"9":0.0028875403},"urawa-red-diamonds":{"0":0.0648455937,"1":0.1774010941,"2":0.2426621949,"3":0.2212874019,"4":0.1513465487,"5":0.0828091526,"6":0.0377574724,"7":0.0147564094,"8":0.0050462241,"9":0.0015339099}}