{"consadole-sapporo":{"0":0.4015191703,"1":0.3663862429,"2":0.1671637233,"3":0.0508456325,"4":0.0115991599,"5":0.0021168467,"6":0.0003219371,"7":0.0000419668,"8":0.0000047868,"9":0.0000004853},"kashiwa-reysol":{"0":0.1058201895,"1":0.2376736218,"2":0.2669091352,"3":0.1998272138,"4":0.1122036775,"5":0.050402205,"6":0.0188673426,"7":0.0060537592,"8":0.0016996035,"9":0.0004241481}}