{"kawasaki-frontale":{"0":0.0068928356,"1":0.0343075226,"2":0.0853789483,"3":0.1416514369,"4":0.1762594584,"5":0.175458279,"6":0.1455506178,"7":0.1034921601,"8":0.0643885882,"9":0.0356088405},"yokohama-fc":{"0":0.4731994502,"1":0.3540659563,"2":0.1324628562,"3":0.0330379278,"4":0.0061800608,"5":0.0009248316,"6":0.0001153324,"7":0.000012328,"8":0.000001153,"9":0.0000000959}}