{"kashima-antlers":{"0":0.0535515579,"1":0.1567513216,"2":0.229414211,"3":0.2238402402,"4":0.1638012732,"5":0.0958928817,"6":0.0467815084,"7":0.0195620913,"8":0.0071575501,"9":0.0023278821},"shonan-bellmare":{"0":0.3106394521,"1":0.3631755285,"2":0.212298315,"3":0.0827342355,"4":0.0241816111,"5":0.0056542524,"6":0.0011017522,"7":0.0001840119,"8":0.0000268915,"9":0.0000034933}}