{"oita-trinita":{"0":0.4862717503,"1":0.3505959286,"2":0.1263876681,"3":0.0303746495,"4":0.0054749368,"5":0.0007894724,"6":0.0000948666,"7":0.0000097711,"8":0.0000008806,"9":0.0000000705},"sanfrecce-hiroshima":{"0":0.4110212609,"1":0.3654432514,"2":0.162459686,"3":0.0481481954,"4":0.0107022645,"5":0.0019030988,"6":0.0002820108,"7":0.0000358198,"8":0.000003981,"9":0.0000003933}}