{"fc-tokyo":{"0":0.2831641837,"1":0.3572762911,"2":0.2253928207,"3":0.0947948406,"4":0.0299013355,"5":0.0075454728,"6":0.0015867229,"7":0.0002860019,"8":0.0000451071,"9":0.0000063237},"cerezo-osaka":{"0":0.1861454694,"1":0.3129527551,"2":0.2630722822,"3":0.1474280586,"4":0.0619650014,"5":0.0208354444,"6":0.0058381847,"7":0.0014021875,"8":0.0002946744,"9":0.0000550461}}