{"vissel-kobe":{"0":0.1780920824,"1":0.3072897931,"2":0.2651072852,"3":0.1524768567,"4":0.0657729714,"5":0.0226976545,"6":0.0065272952,"7":0.0016089359,"8":0.0003470182,"9":0.0000665294},"sagan-tosu":{"0":0.2510351195,"1":0.3469713111,"2":0.2397853555,"3":0.1104741033,"4":0.0381732888,"5":0.0105523371,"6":0.0024308407,"7":0.0004799738,"8":0.0000829252,"9":0.0000127351}}