{"yokohama-fa-marinos":{"0":0.0807588376,"1":0.2032124842,"2":0.2556705554,"3":0.2144469065,"4":0.1349025379,"5":0.0678907242,"6":0.0284721011,"7":0.0102348575,"8":0.003219231,"9":0.0009000569},"vegalta-sendai":{"0":0.3884114416,"1":0.3673168491,"2":0.1736839511,"3":0.0547503968,"4":0.0129442268,"5":0.0024482454,"6":0.0003858802,"7":0.0000521319,"8":0.0000061626,"9":0.0000006475}}