{"kashima-antlers":{"0":0.1365239606,"1":0.2718540389,"2":0.2706653767,"3":0.1796546079,"4":0.0894345405,"5":0.0356173978,"6":0.0118205544,"7":0.0033625343,"8":0.000836958,"9":0.0001851774},"oita-trinita":{"0":0.2596354127,"1":0.3501123541,"2":0.2360592093,"3":0.1061067962,"4":0.0357706407,"5":0.0096471765,"6":0.0021681658,"7":0.0004176745,"8":0.000070403,"9":0.0000105485}}