{"urawa-red-diamonds":{"0":0.268861387,"1":0.3531653813,"2":0.2319518394,"3":0.1015608336,"4":0.0333515449,"5":0.0087618466,"6":0.0019182009,"7":0.0003599529,"8":0.0000591024,"9":0.0000086261},"yokohama-fc":{"0":0.3039480911,"1":0.3619712787,"2":0.2155354984,"3":0.0855602895,"4":0.0254734018,"5":0.0060672464,"6":0.0012042456,"7":0.0002048763,"8":0.0000304984,"9":0.0000040356}}