{"vegalta-sendai":{"0":0.4845595276,"1":0.3510706419,"2":0.1271779715,"3":0.0307141156,"4":0.0055632093,"5":0.0008061257,"6":0.0000973417,"7":0.0000100751,"8":0.0000009124,"9":0.0000000735},"cerezo-osaka":{"0":0.1026828216,"1":0.2337174426,"2":0.265983356,"3":0.2018024982,"4":0.1148311935,"5":0.0522736958,"6":0.0198301175,"7":0.0064479339,"8":0.0018345262,"9":0.0004639538}}