{"sagan-tosu":{"0":0.4855607619,"1":0.3507937831,"2":0.1267156327,"3":0.030515272,"4":0.005511446,"5":0.0007963498,"6":0.0000958873,"7":0.0000098963,"8":0.0000008937,"9":0.0000000717},"fc-tokyo":{"0":0.265078017,"1":0.3519523251,"2":0.2336490226,"3":0.1034076907,"4":0.0343244015,"5":0.009114715,"6":0.0020169818,"7":0.0003825728,"8":0.0000634942,"9":0.000009367}}