{"vissel-kobe":{"0":0.1873478676,"1":0.3137679859,"2":0.2627474501,"3":0.146682104,"4":0.0614153619,"5":0.0205715439,"6":0.0057421629,"7":0.0013738438,"8":0.0002876122,"9":0.000053521},"consadole-sapporo":{"0":0.1630285749,"1":0.2957060854,"2":0.268180253,"3":0.1621444437,"4":0.0735256055,"5":0.0266725867,"6":0.0080632554,"7":0.002089339,"8":0.0004737132,"9":0.0000954706}}