{"shonan-bellmare":{"0":0.84778211,"1":0.1399956349,"2":0.0115588531,"3":0.0006362441,"4":0.000026266,"5":0.0000008675,"6":0.0000000239,"7":0.0000000006,"8":0.0,"9":0.0},"kawasaki-frontale":{"0":0.1364773464,"1":0.2718078243,"2":0.2706657746,"3":0.1796856823,"4":0.0894653502,"5":0.0356357782,"6":0.0118286827,"7":0.0033654235,"8":0.0008378208,"9":0.0001854001}}