{"sanfrecce-hiroshima":{"0":0.2560619476,"1":0.348842379,"2":0.2376202448,"3":0.1079061952,"4":0.0367511204,"5":0.010013474,"6":0.0022736192,"7":0.0004424904,"8":0.0000753526,"9":0.0000114062},"gamba-osaka":{"0":0.1813941786,"1":0.3096548884,"2":0.2643032721,"3":0.1503958595,"4":0.0641845475,"5":0.0219136678,"6":0.006234741,"7":0.0015204599,"8":0.0003244439,"9":0.0000615392}}