{"nagoya-grampus-eight":{"0":0.0742919391,"1":0.1931406785,"2":0.2510590122,"3":0.2175637921,"4":0.1414030207,"5":0.0735225805,"6":0.0318567561,"7":0.0118313845,"8":0.0038448344,"9":0.0011106243},"shimizu-s-pulse":{"0":0.526632164,"1":0.3377044314,"2":0.1082769823,"3":0.0231443116,"4":0.0037103396,"5":0.0004758532,"6":0.000050857,"7":0.0000046589,"8":0.0000003734,"9":0.0000000266}}