{"kashiwa-reysol":{"0":0.0857488267,"1":0.2106276621,"2":0.2586858255,"3":0.2118061659,"4":0.1300666122,"5":0.0638973791,"6":0.0261588722,"7":0.0091792711,"8":0.0028184182,"9":0.0007692192},"yokohama-fa-marinos":{"0":0.1442403159,"1":0.279288847,"2":0.2703899377,"3":0.1745163813,"4":0.0844779052,"5":0.0327144829,"6":0.0105573699,"7":0.0029202809,"8":0.0007068082,"9":0.0001520639}}