{"gamba-osaka":{"0":0.4132932525,"1":0.3651850432,"2":0.1613383656,"3":0.0475194128,"4":0.0104970131,"5":0.0018550277,"6":0.0002731831,"7":0.0000344834,"8":0.0000038087,"9":0.0000003739},"kashima-antlers":{"0":0.1951911377,"1":0.3188985976,"2":0.2605044387,"3":0.1418686339,"4":0.0579453926,"5":0.0189339584,"6":0.0051556412,"7":0.001203309,"8":0.0002457422,"9":0.0000446097}}