{"yokohama-fa-marinos":{"0":0.1362427303,"1":0.271574978,"2":0.2706675377,"3":0.1798420864,"4":0.0896205811,"5":0.0357284492,"6":0.0118696887,"7":0.0033800078,"8":0.0008421785,"9":0.0001865254},"vissel-kobe":{"0":0.2710140589,"1":0.3538317767,"2":0.230978656,"3":0.100520724,"4":0.0328095768,"5":0.0085671355,"6":0.0018641867,"7":0.0003476933,"8":0.0000567429,"9":0.0000082314}}