{"sanfrecce-hiroshima":{"0":0.1030945404,"1":0.234242017,"2":0.2661116792,"3":0.2015448999,"4":0.1144829874,"5":0.0520235616,"6":0.0197005324,"7":0.0063945363,"8":0.0018161353,"9":0.0004584952},"sagan-tosu":{"0":0.2607337179,"1":0.3504927683,"2":0.2355759386,"3":0.105558094,"4":0.0354742655,"5":0.0095372962,"6":0.0021367607,"7":0.0004103361,"8":0.0000689496,"9":0.0000102984}}