{"yokohama-fc":{"0":0.4132932525,"1":0.3651850432,"2":0.1613383656,"3":0.0475194128,"4":0.0104970131,"5":0.0018550277,"6":0.0002731831,"7":0.0000344834,"8":0.0000038087,"9":0.0000003739},"kashiwa-reysol":{"0":0.1261930436,"1":0.2612123381,"2":0.2703472539,"3":0.1865344193,"4":0.0965288783,"5":0.0399618446,"6":0.0137864531,"7":0.0040767378,"8":0.0010548266,"9":0.0002426034}}