{"shonan-bellmare":{"0":0.8233709694,"1":0.1600208529,"2":0.0155499005,"3":0.0010073662,"4":0.000048945,"5":0.0000019025,"6":0.0000000616,"7":0.0000000017,"8":0.0,"9":0.0},"fc-tokyo":{"0":0.3590183604,"1":0.3677718558,"2":0.1883693884,"3":0.0643207211,"4":0.0164722432,"5":0.0033747731,"6":0.000576176,"7":0.0000843177,"8":0.0000107967,"9":0.0000012289}}