{"urawa-red-diamonds":{"0":0.6536122435,"1":0.2779427261,"2":0.0590963218,"3":0.0083767264,"4":0.0008905319,"5":0.0000757381,"6":0.0000053678,"7":0.0000003261,"8":0.0000000173,"9":0.0000000008},"nagoya-grampus-eight":{"0":0.3077788492,"1":0.3626785247,"2":0.2136854313,"3":0.0839337695,"4":0.0247263382,"5":0.0058273737,"6":0.0011444707,"7":0.0001926592,"8":0.0000283781,"9":0.0000037156}}