{"cerezo-osaka":{"0":0.5154585363,"1":0.3415935538,"2":0.113186753,"3":0.0250028938,"4":0.0041423445,"5":0.000549025,"6":0.0000606397,"7":0.0000057408,"8":0.0000004756,"9":0.000000035},"kawasaki-frontale":{"0":0.3121277782,"1":0.363423678,"2":0.2115748404,"3":0.082115202,"4":0.0239025576,"5":0.0055661533,"6":0.0010801516,"7":0.0001796667,"8":0.0000261492,"9":0.000003383}}