{"consadole-sapporo":{"0":0.2736395464,"1":0.3546214087,"2":0.2297846659,"3":0.0992626528,"4":0.032159699,"5":0.008335431,"6":0.0018003747,"7":0.000333312,"8":0.0000539942,"9":0.0000077748},"vegalta-sendai":{"0":0.2642981939,"1":0.3516956047,"2":0.2339966772,"3":0.1037913548,"4":0.0345281997,"5":0.0091891783,"6":0.0020379718,"7":0.0003874118,"8":0.00006444,"9":0.0000095277}}