{"oita-trinita":{"0":0.3115020978,"1":0.3633202245,"2":0.2118791278,"3":0.0823750175,"4":0.0240195091,"5":0.0056030271,"6":0.001089181,"7":0.0001814808,"8":0.0000264587,"9":0.0000034289},"shimizu-s-pulse":{"0":0.5005978518,"1":0.3463897805,"2":0.1198425838,"3":0.0276417795,"4":0.0047816975,"5":0.0006617412,"6":0.0000763155,"7":0.0000075438,"8":0.0000006525,"9":0.0000000502}}