{"yokohama-fa-marinos":{"0":0.0973982176,"1":0.2268353225,"2":0.2641437637,"3":0.2050589745,"4":0.1193928898,"5":0.0556119513,"6":0.0215862179,"7":0.0071818808,"8":0.0020907778,"9":0.0005410346},"oita-trinita":{"0":0.1918350477,"1":0.3167425694,"2":0.261489901,"3":0.1439170164,"4":0.0594060446,"5":0.0196172946,"6":0.0053984159,"7":0.001273347,"8":0.000262806,"9":0.0000482138}}