{"consadole-sapporo":{"0":0.1522886309,"1":0.2866038029,"2":0.2696909788,"3":0.1691841334,"4":0.0796001904,"5":0.0299611562,"6":0.0093977045,"7":0.00252661,"8":0.000594378,"9":0.0001242896},"shonan-bellmare":{"0":0.2155906978,"1":0.3307966722,"2":0.2537828382,"3":0.1297992279,"4":0.0497901267,"5":0.0152793311,"6":0.003907367,"7":0.0008564801,"8":0.0001642701,"9":0.0000280057}}