{"shimizu-s-pulse":{"0":0.2509299522,"1":0.3469310981,"2":0.239830251,"3":0.1105282857,"4":0.0382035895,"5":0.0105639149,"6":0.0024342455,"7":0.0004807918,"8":0.0000830917,"9":0.0000127646},"sanfrecce-hiroshima":{"0":0.1718395597,"1":0.3026428067,"2":0.2665063521,"3":0.1564564654,"4":0.0688875482,"5":0.0242648677,"6":0.0071225234,"7":0.0017920208,"8":0.000394512,"9":0.0000772014}}