{"kawasaki-frontale":{"0":0.0128454977,"1":0.0559390839,"2":0.1218006958,"3":0.1768043433,"4":0.1924852047,"5":0.1676454474,"6":0.1216760013,"7":0.0756957164,"8":0.0412046028,"9":0.0199373594},"vegalta-sendai":{"0":0.414535354,"1":0.3650385953,"2":0.1607259487,"3":0.0471782635,"4":0.0103862595,"5":0.0018292218,"6":0.0002684679,"7":0.0000337731,"8":0.0000037176,"9":0.0000003637}}