{"fc-tokyo":{"0":0.3063713369,"1":0.3624242381,"2":0.214366216,"3":0.0845287001,"4":0.0249984627,"5":0.0059144232,"6":0.0011660851,"7":0.0001970613,"8":0.0000291394,"9":0.0000038301},"gamba-osaka":{"0":0.2173235202,"1":0.3317157015,"2":0.2531601423,"3":0.1288051935,"4":0.0491510365,"5":0.0150045154,"6":0.0038170691,"7":0.0008323218,"8":0.0001588037,"9":0.0000269325}}