{"kashiwa-reysol":{"0":0.172105241,"1":0.3028448364,"2":0.2664503254,"3":0.1562863604,"4":0.0687522893,"5":0.0241959811,"6":0.0070960728,"7":0.0017837998,"8":0.0003923577,"9":0.0000767124},"vissel-kobe":{"0":0.1358750045,"1":0.2712092129,"2":0.2706694931,"3":0.1800872316,"4":0.0898644245,"5":0.0358742359,"6":0.0119342815,"7":0.003403009,"8":0.0008490592,"9":0.0001883043}}