{"kashima-antlers":{"0":0.1261636458,"1":0.2611808808,"2":0.2703451222,"3":0.186553944,"4":0.0965498482,"5":0.0399750249,"6":0.0137925524,"7":0.0040790005,"8":0.0010555308,"9":0.0002427927},"yokohama-fc":{"0":0.309087969,"1":0.3629092572,"2":0.2130512057,"3":0.0833832248,"4":0.0244756729,"5":0.0057475212,"6":0.0011247222,"7":0.0001886528,"8":0.0000276878,"9":0.0000036121}}