{"nagoya-grampus-eight":{"0":0.1628763128,"1":0.2955820988,"2":0.2682059031,"3":0.1622434889,"4":0.0736084181,"5":0.0267163842,"6":0.0080806562,"7":0.0020949265,"8":0.0004752247,"9":0.0000958245},"cerezo-osaka":{"0":0.2480118859,"1":0.3457976668,"2":0.2410691446,"3":0.1120391837,"4":0.0390534592,"5":0.0108902805,"6":0.0025306809,"7":0.0005040677,"8":0.0000878514,"9":0.0000136099}}