{"sagan-tosu":{"0":0.1832682209,"1":0.310970344,"2":0.2638279413,"3":0.1492214803,"4":0.0632999202,"5":0.021481518,"6":0.0060749895,"7":0.0014725814,"8":0.0003123353,"9":0.0000588858},"urawa-red-diamonds":{"0":0.2561035287,"1":0.3488574419,"2":0.2376021826,"3":0.1078851328,"4":0.0367395674,"5":0.0100091331,"6":0.0022723627,"7":0.0004421932,"8":0.000075293,"9":0.0000113958}}