{"vegalta-sendai":{"0":0.2515252205,"1":0.3471581312,"2":0.2395759117,"3":0.1102218506,"4":0.0380323806,"5":0.0104985497,"6":0.0024150374,"7":0.0004761805,"8":0.0000821538,"9":0.0000125988},"yokohama-fc":{"0":0.1224564283,"1":0.2571584993,"2":0.2700164243,"3":0.189011497,"4":0.0992310359,"5":0.0416770351,"6":0.0145869623,"7":0.0043760887,"8":0.0011487233,"9":0.0002680354}}