{"nagoya-grampus-eight":{"0":0.1086065503,"1":0.2411091002,"2":0.2676339411,"3":0.198051218,"4":0.1099195924,"5":0.0488048169,"6":0.0180579739,"7":0.0057270182,"8":0.0015892644,"9":0.0003920227},"consadole-sapporo":{"0":0.4427213052,"1":0.3607358783,"2":0.1469664689,"3":0.0399168187,"4":0.0081312038,"5":0.0013250851,"6":0.0001799498,"7":0.0000209465,"8":0.0000021334,"9":0.0000001932}}