{"fc-tokyo":{"0":0.1242078934,"1":0.2590726449,"2":0.2701866745,"3":0.1878516586,"4":0.0979551796,"5":0.0408629545,"6":0.0142053153,"7":0.0042327752,"8":0.0011035895,"9":0.0002557628},"shimizu-s-pulse":{"0":0.4994664372,"1":0.3467370308,"2":0.1203550024,"3":0.0278507444,"4":0.0048336003,"5":0.0006711114,"6":0.0000776493,"7":0.0000077008,"8":0.0000006682,"9":0.0000000515}}