{"gamba-osaka":{"0":0.2417994433,"1":0.343269768,"2":0.2436608869,"3":0.1153041201,"4":0.0409227767,"5":0.0116191765,"6":0.0027491875,"7":0.0005575535,"8":0.0000989411,"9":0.0000156068},"yokohama-fa-marinos":{"0":0.2101360712,"1":0.3278122711,"2":0.2556935714,"3":0.1329606571,"4":0.0518546563,"5":0.0161786528,"6":0.0042064497,"7":0.0009374374,"8":0.0001828003,"9":0.0000316854}}