{"sanfrecce-hiroshima":{"0":0.3648489803,"1":0.3678669248,"2":0.1854549165,"3":0.0623296519,"4":0.015711307,"5":0.0031682534,"6":0.0005324101,"7":0.0000766877,"8":0.0000096653,"9":0.0000010828},"kawasaki-frontale":{"0":0.0755218445,"1":0.1950980983,"2":0.2520017103,"3":0.2170014728,"4":0.1401467845,"5":0.072409172,"6":0.0311761713,"7":0.0115054918,"8":0.0037153151,"9":0.001066433}}