{"kashiwa-reysol":{"0":0.073750527,"1":0.1922725754,"2":0.2506337564,"3":0.2178063433,"4":0.14195894,"5":0.0740192975,"6":0.032162213,"7":0.0119784355,"8":0.0039035732,"9":0.0011307642},"urawa-red-diamonds":{"0":0.0934461102,"1":0.2215018908,"2":0.2625207595,"3":0.20742381,"4":0.1229178133,"5":0.0582721485,"6":0.0230210957,"7":0.0077955033,"8":0.0023097788,"9":0.0006083368}}