{"cerezo-osaka":{"0":0.1708010936,"1":0.3018491883,"2":0.2667223334,"3":0.1571221786,"4":0.0694187623,"5":0.0245361392,"6":0.0072269382,"7":0.0018245496,"8":0.0004030557,"9":0.0000791447},"shonan-bellmare":{"0":0.5210799199,"1":0.3396669108,"2":0.1107062524,"3":0.0240546919,"4":0.0039200239,"5":0.000511055,"6":0.000055522,"7":0.0000051703,"8":0.0000004213,"9":0.0000000305}}