{"vissel-kobe":{"0":0.1143027563,"1":0.2479117733,"2":0.2688484919,"3":0.1943689097,"4":0.1053919053,"5":0.0457169975,"6":0.0165259676,"7":0.0051204639,"8":0.0013882247,"9":0.0003345474},"oita-trinita":{"0":0.1598797461,"1":0.2931128678,"2":0.2686867955,"3":0.1641974861,"4":0.0752571811,"5":0.0275942998,"6":0.0084315916,"7":0.002208274,"8":0.0005060628,"9":0.0001030869}}