{"sagan-tosu":{"0":0.401504367,"1":0.3663875379,"2":0.1671710683,"3":0.0508499211,"4":0.0116006069,"5":0.0021171963,"6":0.0003220033,"7":0.0000419771,"8":0.0000047882,"9":0.0000004855},"kashima-antlers":{"0":0.3249880254,"1":0.3652757972,"2":0.2052789604,"3":0.0769089218,"4":0.0216107714,"5":0.0048579585,"6":0.0009100308,"7":0.0001461206,"8":0.0000205293,"9":0.0000025638}}