{"cerezo-osaka":{"0":0.2517144094,"1":0.3472299919,"2":0.239494965,"3":0.1101245852,"4":0.0379781187,"5":0.0104778601,"6":0.002408965,"7":0.0004747245,"8":0.0000818579,"9":0.0000125466},"yokohama-fa-marinos":{"0":0.3910710539,"1":0.3671633208,"2":0.1723585814,"3":0.053940538,"4":0.0126607344,"5":0.0023773467,"6":0.0003720017,"7":0.0000498942,"8":0.0000058555,"9":0.0000006108}}