{"yokohama-fc":{"0":0.4240463737,"1":0.3637946667,"2":0.1560519883,"3":0.044626315,"4":0.0095713679,"5":0.0016422792,"6":0.000234822,"7":0.0000287795,"8":0.0000030863,"9":0.0000002942},"fc-tokyo":{"0":0.1172144636,"1":0.2512785063,"2":0.269339149,"3":0.1924652669,"4":0.103149354,"5":0.0442252855,"6":0.015801326,"7":0.0048391561,"8":0.0012967426,"9":0.0003088769}}