{"sanfrecce-hiroshima":{"0":0.1653292489,"1":0.2975622846,"2":0.2677787318,"3":0.1606508461,"4":0.0722855047,"5":0.0260201266,"6":0.0078052415,"7":0.0020068573,"8":0.0004514968,"9":0.0000902902},"vissel-kobe":{"0":0.183058091,"1":0.310823804,"2":0.2638819093,"3":0.1493529157,"4":0.0633985107,"5":0.0215295223,"6":0.0060926816,"7":0.0014778685,"8":0.0003136687,"9":0.0000591771}}