{"urawa-red-diamonds":{"0":0.4493656418,"1":0.3594558343,"2":0.1437676635,"3":0.038334132,"4":0.0076660441,"5":0.0012264419,"6":0.0001635089,"7":0.0000186848,"8":0.0000018683,"9":0.0000001661},"vegalta-sendai":{"0":0.3493197187,"1":0.367403189,"2":0.1932113992,"3":0.0677378348,"4":0.0178111163,"5":0.0037466313,"6":0.0006567643,"7":0.0000986805,"8":0.0000129736,"9":0.0000015161}}