{"shonan-bellmare":{"0":0.8763527977,"1":0.1156667666,"2":0.0076332277,"3":0.0003358278,"4":0.0000110812,"5":0.0000002925,"6":0.0000000064,"7":0.0000000001,"8":0.0,"9":0.0},"kashiwa-reysol":{"0":0.3144455202,"1":0.3637959977,"2":0.2104458792,"3":0.0811580636,"4":0.0234738427,"5":0.0054315864,"6":0.0010473406,"7":0.0001731021,"8":0.0000250337,"9":0.0000032181}}