{"consadole-sapporo":{"0":0.3582364931,"1":0.3677519405,"2":0.1887600682,"3":0.0645912991,"4":0.0165767419,"5":0.0034034104,"6":0.0005823019,"7":0.0000853956,"8":0.000010958,"9":0.0000012499},"kashima-antlers":{"0":0.1158924593,"1":0.2497589806,"2":0.2691268646,"3":0.1933311041,"4":0.1041616076,"5":0.0448955818,"6":0.0161256893,"7":0.0049646219,"8":0.0013374025,"9":0.0003202474}}