{"shimizu-s-pulse":{"0":0.0696356859,"1":0.1855427611,"2":0.2471873131,"3":0.2195417287,"4":0.1462410328,"5":0.0779312063,"6":0.0346076656,"7":0.0131730525,"8":0.0043874138,"9":0.0012989076},"sagan-tosu":{"0":0.1718836473,"1":0.3026763602,"2":0.2664970766,"3":0.1564282319,"4":0.0688650849,"5":0.0242534221,"6":0.0071181267,"7":0.0017906538,"8":0.0003941537,"9":0.00007712}}