{"kawasaki-frontale":{"0":0.1846251715,"1":0.3119108621,"2":0.263475411,"3":0.1483742113,"4":0.0626668723,"5":0.0211742288,"6":0.0059620545,"7":0.0014389228,"8":0.0003038695,"9":0.0000570406},"nagoya-grampus-eight":{"0":0.4419022096,"1":0.3608868045,"2":0.1473621118,"3":0.0401152416,"4":0.0081901952,"5":0.0013377319,"6":0.0001820802,"7":0.0000212427,"8":0.0000021685,"9":0.0000001968}}