{"oita-trinita":{"0":0.5488452344,"1":0.3292735413,"2":0.0987719836,"3":0.0197523812,"4":0.0029625549,"5":0.0003554703,"6":0.0000355434,"7":0.0000030463,"8":0.0000002284,"9":0.0000000152},"gamba-osaka":{"0":0.2293571812,"1":0.3377226574,"2":0.2486440424,"3":0.1220406912,"4":0.044925459,"5":0.0132303208,"6":0.0032468855,"7":0.0006829939,"8":0.0001257114,"9":0.0000205674}}