{"nagoya-grampus-eight":{"0":0.0590333349,"1":0.1670438529,"2":0.2363380695,"3":0.2229182422,"4":0.157695318,"5":0.0892446059,"6":0.0420885444,"7":0.0170137108,"8":0.0060178622,"9":0.0018920513},"vegalta-sendai":{"0":0.4980923901,"1":0.3471553022,"2":0.1209783629,"3":0.0281060843,"4":0.0048972723,"5":0.0006826501,"6":0.0000792977,"7":0.0000078954,"8":0.0000006879,"9":0.0000000533}}