{"fc-tokyo":{"0":0.1786141346,"1":0.3076677538,"2":0.2649830792,"3":0.1521468779,"4":0.0655192943,"5":0.0225717569,"6":0.0064800786,"7":0.0015945876,"8":0.0003433401,"9":0.0000657125},"oita-trinita":{"0":0.2626096529,"1":0.3511318371,"2":0.2347468299,"3":0.1046256103,"4":0.0349733743,"5":0.0093524857,"6":0.0020841805,"7":0.0003981042,"8":0.0000665375,"9":0.0000098852}}