{"gamba-osaka":{"0":0.4308995708,"1":0.36276583,"2":0.1527026903,"3":0.0428524587,"4":0.0090191594,"5":0.0015186104,"6":0.0002130813,"7":0.000025627,"8":0.0000026969,"9":0.0000002523},"kashiwa-reysol":{"0":0.2160638491,"1":0.3310489929,"2":0.253613541,"3":0.1295273098,"4":0.049614831,"5":0.0152037834,"6":0.0038824922,"7":0.0008498117,"8":0.0001627582,"9":0.0000277083}}