{"sagan-tosu":{"0":0.2561560866,"1":0.3488764716,"2":0.2375793487,"3":0.1078585144,"4":0.0367249696,"5":0.0100036489,"6":0.0022707755,"7":0.0004418177,"8":0.0000752177,"9":0.0000113827},"shonan-bellmare":{"0":0.4403735156,"1":0.3611644179,"2":0.1481012506,"3":0.0404875256,"4":0.008301279,"5":0.0013616289,"6":0.0001861192,"7":0.0000218061,"8":0.0000022355,"9":0.0000002037}}