{"yokohama-fa-marinos":{"0":0.0373112071,"1":0.1226964696,"2":0.2017413105,"3":0.2211395135,"4":0.1818021962,"5":0.1195699059,"6":0.0655335061,"7":0.0307863449,"8":0.0126549639,"9":0.0046239291},"shimizu-s-pulse":{"0":0.5442348671,"1":0.3310985522,"2":0.1007159389,"3":0.0204243324,"4":0.0031064102,"5":0.0003779721,"6":0.0000383248,"7":0.0000033308,"8":0.0000002533,"9":0.0000000171}}