{"kashima-antlers":{"0":0.2692997989,"1":0.3533024922,"2":0.2317540738,"3":0.101348376,"4":0.0332404944,"5":0.0087218405,"6":0.0019070741,"7":0.0003574211,"8":0.0000586139,"9":0.0000085442},"sanfrecce-hiroshima":{"0":0.2643243022,"1":0.3517042368,"2":0.2339850501,"3":0.1037784933,"4":0.0345213583,"5":0.0091866755,"6":0.0020372655,"7":0.0003872488,"8":0.0000644081,"9":0.0000095222}}