{"urawa-red-diamonds":{"0":0.3915521777,"1":0.3671336119,"2":0.1721189367,"3":0.0537949989,"4":0.0126100386,"5":0.0023647265,"6":0.0003695423,"7":0.0000494995,"8":0.0000058016,"9":0.0000006044},"cerezo-osaka":{"0":0.2361980353,"1":0.3408537693,"2":0.2459404285,"3":0.1183042893,"4":0.0426807772,"5":0.0123183953,"6":0.0029627479,"7":0.0006107852,"8":0.0001101768,"9":0.0000176661}}