{"vissel-kobe":{"0":0.4973161135,"1":0.3473899322,"2":0.1213310425,"3":0.0282511006,"4":0.0049335562,"5":0.0006892468,"6":0.0000802432,"7":0.0000080075,"8":0.0000006992,"9":0.0000000543},"kawasaki-frontale":{"0":0.009151354,"1":0.0429551145,"2":0.1008125058,"3":0.157733042,"4":0.185093945,"5":0.1737607696,"6":0.1359345973,"7":0.0911510108,"8":0.0534811856,"9":0.0278925385}}