{"consadole-sapporo":{"0":0.1958886472,"1":0.3193394176,"2":0.2602949816,"3":0.1414450659,"4":0.0576462516,"5":0.0187950866,"6":0.0051066529,"7":0.001189273,"8":0.0002423454,"9":0.0000438971},"yokohama-fc":{"0":0.1944393301,"1":0.3184206702,"2":0.2607284318,"3":0.1423260098,"4":0.0582695171,"5":0.0190848412,"6":0.0052090009,"7":0.0012186347,"8":0.0002494599,"9":0.0000453916}}