{"vegalta-sendai":{"0":0.4696716746,"1":0.3549409322,"2":0.1341182279,"3":0.033785338,"4":0.0063830757,"5":0.0009647654,"6":0.0001215156,"7":0.0000131189,"8":0.0000012393,"9":0.0000001041},"sanfrecce-hiroshima":{"0":0.1611014233,"1":0.2941262765,"2":0.2684962824,"3":0.1633997808,"4":0.0745806091,"5":0.0272326791,"6":0.0082865464,"7":0.0021612747,"8":0.0004932356,"9":0.0001000567}}