{"vissel-kobe":{"0":0.2396176053,"1":0.3423442935,"2":0.2445555183,"3":0.1164663813,"4":0.0415991982,"5":0.0118866459,"6":0.0028304302,"7":0.0005776952,"8":0.0001031699,"9":0.0000163778},"cerezo-osaka":{"0":0.0630385635,"1":0.174239133,"2":0.2407992328,"3":0.2218570518,"4":0.1533037009,"5":0.0847465502,"6":0.0390400325,"7":0.0154152838,"8":0.0053259972,"9":0.001635678}}