{"shonan-bellmare":{"0":0.5549519127,"1":0.3267966487,"2":0.0962209943,"3":0.0188873413,"4":0.0027805652,"5":0.0003274804,"6":0.0000321408,"7":0.0000027038,"8":0.000000199,"9":0.000000013},"yokohama-fc":{"0":0.4442216524,"1":0.3604554968,"2":0.1462424946,"3":0.0395552616,"4":0.0080240975,"5":0.0013022013,"6":0.0001761079,"7":0.0000204142,"8":0.0000020706,"9":0.0000001867}}