{"kashiwa-reysol":{"0":0.0542080763,"1":0.1580124969,"2":0.2302973183,"3":0.2237664988,"4":0.1630656613,"5":0.0950648467,"6":0.046184489,"7":0.0192320484,"8":0.0070074982,"9":0.0022695927},"shimizu-s-pulse":{"0":0.3307152092,"1":0.3659356081,"2":0.2024534487,"3":0.074671423,"4":0.0206559389,"5":0.0045711496,"6":0.0008429944,"7":0.000133253,"8":0.0000184305,"9":0.0000022659}}