{"yokohama-fa-marinos":{"0":0.0330015747,"1":0.1125749717,"2":0.1920078717,"3":0.2183257506,"4":0.1861882001,"5":0.1270250377,"6":0.0722179681,"7":0.0351928475,"8":0.0150062302,"9":0.0056876947},"sagan-tosu":{"0":0.29245305,"1":0.3595567351,"2":0.2210287186,"3":0.0905813365,"4":0.0278413318,"5":0.0068459114,"6":0.0014027856,"7":0.0002463795,"8":0.0000378639,"9":0.0000051724}}