{"gamba-osaka":{"0":0.2147173352,"1":0.3303281989,"2":0.2540938739,"3":0.1303021197,"4":0.0501152649,"5":0.0154197938,"6":0.0039537195,"7":0.0008689331,"8":0.0001670994,"9":0.0000285635},"consadole-sapporo":{"0":0.4192067577,"1":0.364454593,"2":0.1584267762,"3":0.0459116058,"4":0.0099787845,"5":0.0017350931,"6":0.0002514124,"7":0.0000312251,"8":0.0000033934,"9":0.0000003278}}