{"kashima-antlers":{"0":0.3171742616,"1":0.3642124527,"2":0.2091132963,"3":0.0800418736,"4":0.0229780996,"5":0.0052771684,"6":0.0010099655,"7":0.0001656782,"8":0.0000237811,"9":0.0000030342},"nagoya-grampus-eight":{"0":0.3832895208,"1":0.3675610998,"2":0.1762390501,"3":0.0563356728,"4":0.0135059796,"5":0.0025903514,"6":0.0004140092,"7":0.0000567172,"8":0.0000067987,"9":0.0000007244}}