{"kawasaki-frontale":{"0":0.1086524205,"1":0.2411650532,"2":0.2676451322,"3":0.1980218272,"4":0.109882376,"5":0.0487790128,"6":0.0180449933,"7":0.0057218129,"8":0.0015875179,"9":0.0003915174},"fc-tokyo":{"0":0.4166658559,"1":0.3647787415,"2":0.159676547,"3":0.0465973786,"4":0.0101986597,"5":0.0017857255,"6":0.0002605584,"7":0.0000325873,"8":0.0000035662,"9":0.0000003469}}