{"oita-trinita":{"0":0.3784611736,"1":0.3677286925,"2":0.1786502827,"3":0.0578613602,"4":0.0140551289,"5":0.0027313101,"6":0.0004423092,"7":0.0000613952,"8":0.0000074568,"9":0.000000805},"urawa-red-diamonds":{"0":0.2281014612,"1":0.3371259177,"2":0.2491301102,"3":0.1227351732,"4":0.0453495647,"5":0.0134050115,"6":0.0033020224,"7":0.0006971818,"8":0.0001288013,"9":0.0000211515}}