{"vegalta-sendai":{"0":0.4950511735,"1":0.3480675795,"2":0.1223621379,"3":0.0286773674,"4":0.0050407223,"5":0.0007088205,"6":0.0000830613,"7":0.0000083428,"8":0.0000007332,"9":0.0000000573},"kashiwa-reysol":{"0":0.0564141999,"1":0.1621927643,"2":0.2331548869,"3":0.2234427719,"4":0.1606014128,"5":0.0923469167,"6":0.0442500934,"7":0.0181743628,"8":0.0065314897,"9":0.0020864731}}