{"shonan-bellmare":{"0":0.539883385,"1":0.3327852611,"2":0.1025647696,"3":0.0210737137,"4":0.0032474704,"5":0.0004003495,"6":0.0000411294,"7":0.0000036217,"8":0.0000002791,"9":0.0000000191},"yokohama-fa-marinos":{"0":0.3159212629,"1":0.3640241498,"2":0.2097256456,"3":0.0805529824,"4":0.0232045405,"5":0.0053475433,"6":0.0010269621,"7":0.0001690471,"8":0.0000243483,"9":0.0000031173}}