{"sagan-tosu":{"0":0.4918889682,"1":0.3489963358,"2":0.1238068449,"3":0.0292804122,"4":0.0051936297,"5":0.0007369784,"6":0.000087148,"7":0.0000088331,"8":0.0000007834,"9":0.0000000618},"nagoya-grampus-eight":{"0":0.365435251,"1":0.3678713035,"2":0.1851617976,"3":0.062132039,"4":0.0156365554,"5":0.0031481583,"6":0.0005281907,"7":0.0000759588,"8":0.0000095581,"9":0.0000010691}}