{"sanfrecce-hiroshima":{"0":0.1408392485,"1":0.2760640982,"2":0.2705616052,"3":0.1767791917,"4":0.0866278198,"5":0.0339604637,"6":0.0110945219,"7":0.0031066819,"8":0.0007611899,"9":0.0001657818},"urawa-red-diamonds":{"0":0.2244998785,"1":0.3353759039,"2":0.2505056966,"3":0.1247418261,"4":0.0465873333,"5":0.0139191782,"6":0.0034655972,"7":0.0007395981,"8":0.0001381089,"9":0.0000229242}}