{"yokohama-fc":{"0":0.2605732749,"1":0.3504374855,"2":0.2356466359,"3":0.1056381224,"4":0.0355174164,"5":0.0095532699,"6":0.0021413195,"7":0.0004113998,"8":0.00006916,"9":0.0000103346},"oita-trinita":{"0":0.1396792247,"1":0.274945527,"2":0.2706023139,"3":0.1775518059,"4":0.0873735427,"5":0.034397334,"6":0.0112846573,"7":0.0031732565,"8":0.0007807824,"9":0.0001707664}}