{"fc-tokyo":{"0":0.261537796,"1":0.3507683382,"2":0.2352211209,"3":0.1051576776,"4":0.0352587507,"5":0.0094576414,"6":0.002114061,"7":0.000405047,"8":0.0000679049,"9":0.0000101192},"kashima-antlers":{"0":0.3893555232,"1":0.3672644297,"2":0.1732133658,"3":0.0544618857,"4":0.0128429624,"5":0.0024228567,"6":0.0003808983,"7":0.0000513267,"8":0.0000060518,"9":0.0000006343}}