{"kawasaki-frontale":{"0":0.0206906191,"1":0.0802397698,"2":0.1555879173,"3":0.2011271971,"4":0.194996582,"5":0.1512422688,"6":0.0977548069,"7":0.0541572085,"8":0.0262532136,"9":0.0113124364},"consadole-sapporo":{"0":0.5221559246,"1":0.3392911915,"2":0.110233847,"3":0.0238762482,"4":0.003878631,"5":0.0005040584,"6":0.0000545886,"7":0.0000050673,"8":0.0000004116,"9":0.0000000297}}