{"cerezo-osaka":{"0":0.4184609892,"1":0.3645513333,"2":0.1587933858,"3":0.0461120965,"4":0.0100428873,"5":0.0017498157,"6":0.000254065,"7":0.0000316192,"8":0.0000034432,"9":0.0000003333},"gamba-osaka":{"0":0.3871073446,"1":0.3673854828,"2":0.1743341929,"3":0.0551508107,"4":0.013085264,"5":0.0024837225,"6":0.0003928641,"7":0.0000532641,"8":0.0000063188,"9":0.0000006663}}