{"shimizu-s-pulse":{"0":0.1317104507,"1":0.2669967507,"2":0.270621141,"3":0.1828631541,"4":0.0926727297,"5":0.0375722922,"6":0.0126941078,"7":0.0036761217,"8":0.000931506,"9":0.0002098113},"vissel-kobe":{"0":0.0648095913,"1":0.177338593,"2":0.2426259444,"3":0.2212992592,"4":0.1513853833,"5":0.0828472155,"6":0.0377824957,"7":0.0147691866,"8":0.0050516188,"9":0.0015358614}}