{"sanfrecce-hiroshima":{"0":0.1038239254,"1":0.2351673001,"2":0.2663338858,"3":0.2010873074,"4":0.1138686458,"5":0.0515838365,"6":0.0194734041,"7":0.0063012009,"8":0.0017840738,"9":0.0004490036},"yokohama-fc":{"0":0.3871148852,"1":0.3673850985,"2":0.1743304324,"3":0.0551484891,"4":0.0130844446,"5":0.002483516,"6":0.0003928234,"7":0.0000532575,"8":0.0000063179,"9":0.0000006662}}