{"kashiwa-reysol":{"0":0.168260851,"1":0.2998811887,"2":0.2672300977,"3":0.1587560403,"4":0.0707353341,"5":0.0252134658,"6":0.0074894071,"7":0.0019068457,"8":0.000424807,"9":0.0000841231},"oita-trinita":{"0":0.1673321156,"1":0.299152127,"2":0.2674083058,"3":0.1593552702,"4":0.0712228311,"5":0.0254660755,"6":0.0075879343,"7":0.001937931,"8":0.000433073,"9":0.0000860263}}