{"vissel-kobe":{"0":0.0945801691,"1":0.2230491178,"2":0.2630091985,"3":0.2067521844,"4":0.1218963044,"5":0.0574937926,"6":0.0225980066,"7":0.0076132925,"8":0.0022443106,"9":0.000588086},"shonan-bellmare":{"0":0.2384243062,"1":0.3418297369,"2":0.2450412269,"3":0.1171054795,"4":0.0419736308,"5":0.0120355474,"6":0.0028759009,"7":0.000589027,"8":0.0001055612,"9":0.0000168159}}