{"consadole-sapporo":{"0":0.2109249837,"1":0.328252583,"2":0.2554219902,"3":0.1325003904,"4":0.0515510238,"5":0.0160452844,"6":0.0041617529,"7":0.0009252485,"8":0.0001799901,"9":0.0000311233},"sagan-tosu":{"0":0.2344244575,"1":0.3400612486,"2":0.2466501449,"3":0.1192653661,"4":0.0432522376,"5":0.0125485285,"6":0.0030338617,"7":0.0006287123,"8":0.000114003,"9":0.000018375}}