{"gamba-osaka":{"0":0.1690231702,"1":0.3004757808,"2":0.2670808232,"3":0.1582649266,"4":0.0703376604,"5":0.0250081257,"6":0.007409572,"7":0.0018817343,"8":0.0004181495,"9":0.0000825947},"vegalta-sendai":{"0":0.4698445386,"1":0.3548986734,"2":0.1340369612,"3":0.0337484251,"4":0.006372997,"5":0.000962773,"6":0.0001212056,"7":0.000013079,"8":0.0000012349,"9":0.0000001036}}