{"kashima-antlers":{"0":0.472864392,"1":0.3541501925,"2":0.1326197964,"3":0.0331083832,"4":0.006199103,"5":0.0009285595,"6":0.0001159069,"7":0.0000124012,"8":0.000001161,"9":0.0000000966},"kawasaki-frontale":{"0":0.0724124058,"1":0.1901099113,"2":0.2495551555,"3":0.2183921753,"4":0.1433404836,"5":0.0752645802,"6":0.032932991,"7":0.0123516483,"8":0.0040534677,"9":0.0011824315}}