{"shimizu-s-pulse":{"0":0.1549119413,"1":0.2888950383,"2":0.2693799537,"3":0.1674554189,"4":0.0780718375,"5":0.0291192097,"6":0.0090507281,"7":0.0024112413,"8":0.00056209,"9":0.0001164712},"cerezo-osaka":{"0":0.100770409,"1":0.2312590726,"2":0.2653594401,"3":0.2029920576,"4":0.1164621525,"5":0.053454044,"6":0.0204453747,"7":0.0067029008,"8":0.0019228197,"9":0.0004902999}}