{"nagoya-grampus-eight":{"0":0.2354095369,"1":0.3405030801,"2":0.2462566919,"3":0.118730905,"4":0.0429339433,"5":0.0124201765,"6":0.0029941497,"7":0.0006186891,"8":0.0001118612,"9":0.0000179777},"fc-tokyo":{"0":0.4120870204,"1":0.3653236892,"2":0.1619335131,"3":0.0478524725,"4":0.0106055523,"5":0.0018804084,"6":0.0002778368,"7":0.0000351869,"8":0.0000038992,"9":0.0000003841}}