{"yokohama-fa-marinos":{"0":0.085477359,"1":0.2102318846,"2":0.2585330537,"3":0.211954338,"4":0.130325622,"5":0.0641072711,"6":0.0262786789,"7":0.0092332156,"8":0.002838641,"9":0.0007757387},"urawa-red-diamonds":{"0":0.206960653,"1":0.3260099228,"2":0.2567697489,"3":0.1348235116,"4":0.053094395,"5":0.0167271405,"6":0.0043915061,"7":0.000988231,"8":0.000194586,"9":0.0000340574}}