{"fc-tokyo":{"0":0.1378396759,"1":0.2731519288,"2":0.2706476771,"3":0.1787775895,"4":0.08856928,"5":0.0351029114,"6":0.0115936962,"7":0.0032821158,"8":0.0008130064,"9":0.0001790117},"yokohama-fa-marinos":{"0":0.2340968871,"1":0.3399134093,"2":0.2467805686,"3":0.119443457,"4":0.0433585781,"5":0.0125915063,"6":0.0030471869,"7":0.0006320824,"8":0.0001147246,"9":0.0000185092}}