{"nagoya-grampus-eight":{"0":0.0949687984,"1":0.2235761985,"2":0.2631723123,"3":0.2065206893,"4":0.1215481069,"5":0.0572298779,"6":0.022455162,"7":0.0075520138,"8":0.0022223754,"9":0.0005813257},"shonan-bellmare":{"0":0.4976882055,"1":0.3472776183,"2":0.1211619472,"3":0.0281815214,"4":0.004916136,"5":0.0006860777,"6":0.0000797887,"7":0.0000079536,"8":0.0000006937,"9":0.0000000538}}