{"cerezo-osaka":{"0":0.3636166914,"1":0.3678546482,"2":0.1860709992,"3":0.062746553,"4":0.0158694662,"5":0.003210885,"6":0.0005413847,"7":0.0000782421,"8":0.0000098942,"9":0.0000011122},"sanfrecce-hiroshima":{"0":0.5029779008,"1":0.3456509627,"2":0.1187672339,"3":0.0272059724,"4":0.0046740476,"5":0.0006424096,"6":0.0000735783,"7":0.0000072234,"8":0.0000006205,"9":0.0000000474}}