{"yokohama-fc":{"0":0.2282222076,"1":0.3371835982,"2":0.2490835141,"3":0.1226682779,"4":0.045308618,"5":0.0133881124,"6":0.0032966788,"7":0.0006958043,"8":0.0001285008,"9":0.0000210946},"vissel-kobe":{"0":0.0887423236,"1":0.2149355361,"2":0.2602889062,"3":0.2101415022,"4":0.1272416435,"5":0.0616363191,"6":0.024880716,"7":0.0086087929,"8":0.0026063318,"9":0.0007013982}}