{"consadole-sapporo":{"0":0.1454249062,"1":0.2803930977,"2":0.2703123257,"3":0.1737293203,"4":0.0837416773,"5":0.0322923891,"6":0.0103771347,"7":0.0028583009,"8":0.0006888846,"9":0.0001475817},"shimizu-s-pulse":{"0":0.4000048023,"1":0.3665158907,"2":0.1679153567,"3":0.0512857564,"4":0.0117480119,"5":0.0021528907,"6":0.0003287747,"7":0.0000430356,"8":0.0000049291,"9":0.0000005018}}