{"vegalta-sendai":{"0":0.4797392527,"1":0.3523745,"2":0.1294117456,"3":0.0316848503,"4":0.00581823,"5":0.0008547126,"6":0.0001046329,"7":0.0000109792,"8":0.000001008,"9":0.0000000823},"kashima-antlers":{"0":0.0923356762,"1":0.219973561,"2":0.2620242225,"3":0.2080755913,"4":0.1239259045,"5":0.0590463484,"6":0.0234445956,"7":0.0079789484,"8":0.0023760557,"9":0.0006289485}}