{"oita-trinita":{"0":0.6754556268,"1":0.2650270472,"2":0.0519940415,"3":0.0068002628,"4":0.0006670511,"5":0.0000523459,"6":0.0000034231,"7":0.0000001919,"8":0.0000000094,"9":0.0000000004},"kawasaki-frontale":{"0":0.1156971642,"1":0.249533232,"2":0.2690940367,"3":0.193458803,"4":0.1043119784,"5":0.0449955801,"6":0.0161742549,"7":0.0049834708,"8":0.0013435308,"9":0.0003219666}}