{"urawa-red-diamonds":{"0":0.4798154436,"1":0.3523542662,"2":0.1293763369,"3":0.0316693323,"4":0.0058141232,"5":0.0008539246,"6":0.0001045138,"7":0.0000109643,"8":0.0000010065,"9":0.0000000821},"gamba-osaka":{"0":0.2330413821,"1":0.3394339166,"2":0.2471994087,"3":0.1200185459,"4":0.0437029303,"5":0.0127310065,"6":0.0030905351,"7":0.0006430694,"8":0.000117082,"9":0.0000189483}}