{"kashiwa-reysol":{"0":0.1458995947,"1":0.28083288,"2":0.2702787032,"3":0.1734141135,"4":0.0834484582,"5":0.0321249293,"6":0.0103058733,"7":0.0028338746,"8":0.0006818432,"9":0.0001458263},"sagan-tosu":{"0":0.2324282111,"1":0.3391531725,"2":0.2474417239,"3":0.1203534994,"4":0.0439041704,"5":0.0128127637,"6":0.0031160083,"7":0.0006495426,"8":0.0001184744,"9":0.0000192083}}