{"kawasaki-frontale":{"0":0.1751173162,"1":0.3051067514,"2":0.265793617,"3":0.1543639978,"4":0.0672370656,"5":0.0234294165,"6":0.0068035087,"7":0.0016933925,"8":0.0003687995,"9":0.0000713955},"gamba-osaka":{"0":0.3154212746,"1":0.3639476246,"2":0.2099697834,"3":0.080757609,"4":0.0232954641,"5":0.0053758763,"6":0.0010338224,"7":0.0001704103,"8":0.0000245784,"9":0.0000031511}}