{"urawa-red-diamonds":{"0":0.5054834404,"1":0.3448610223,"2":0.1176389919,"3":0.0267526753,"4":0.0045629363,"5":0.0006226035,"6":0.0000707942,"7":0.0000068998,"8":0.0000005884,"9":0.0000000446},"fc-tokyo":{"0":0.2058262543,"1":0.3253542719,"2":0.2571474728,"3":0.1354929656,"4":0.0535442081,"5":0.0169277111,"6":0.0044596701,"7":0.0010070718,"8":0.0001989877,"9":0.0000349494}}