{"kashima-antlers":{"0":0.3282216015,"1":0.36566062,"2":0.2036850842,"3":0.0756395616,"4":0.0210668713,"5":0.0046939782,"6":0.0008715671,"7":0.0001387119,"8":0.0000193168,"9":0.0000023911},"kashiwa-reysol":{"0":0.191555405,"1":0.3165602847,"2":0.2615703113,"3":0.144088464,"4":0.0595293633,"5":0.0196753855,"6":0.0054191855,"7":0.0012793754,"8":0.0002642835,"9":0.0000485277}}