{"oita-trinita":{"0":0.442344785,"1":0.3608054441,"2":0.1471483026,"3":0.0400079383,"4":0.0081582752,"5":0.001330885,"6":0.0001809262,"7":0.0000210822,"8":0.0000021495,"9":0.0000001948},"cerezo-osaka":{"0":0.3172836267,"1":0.3642286531,"2":0.2090598136,"3":0.0799973777,"4":0.0229584311,"5":0.0052710684,"6":0.0010084952,"7":0.0001653873,"8":0.0000237322,"9":0.0000030271}}