{"yokohama-fc":{"0":0.1388160359,"1":0.2741069365,"2":0.2706265603,"3":0.1781269166,"4":0.0879326065,"5":0.0347264453,"6":0.0114285062,"7":0.0032238276,"8":0.0007957236,"9":0.0001745823},"shimizu-s-pulse":{"0":0.339840848,"1":0.3667827049,"2":0.1979302273,"3":0.0712072377,"4":0.0192130989,"5":0.0041472545,"6":0.0007460067,"7":0.0001150212,"8":0.0000155175,"9":0.0000018609}}