{"shonan-bellmare":{"0":0.7006691933,"1":0.2492416321,"2":0.0443300432,"3":0.0052563523,"4":0.0004674466,"5":0.000033256,"6":0.0000019716,"7":0.0000001002,"8":0.0000000045,"9":0.0000000002},"sanfrecce-hiroshima":{"0":0.5012061259,"1":0.3462020336,"2":0.1195674213,"3":0.0275299139,"4":0.0047539883,"5":0.0006567519,"6":0.0000756072,"7":0.0000074607,"8":0.0000006442,"9":0.0000000494}}