{"yokohama-fa-marinos":{"0":0.1337524326,"1":0.2690784232,"2":0.2706612374,"3":0.1815022416,"4":0.0912849509,"5":0.0367287685,"6":0.01231494,"7":0.0035392517,"8":0.0008900177,"9":0.0001989451},"consadole-sapporo":{"0":0.2669837788,"1":0.3525700682,"2":0.2327962649,"3":0.1024743842,"4":0.0338310822,"5":0.0089352447,"6":0.0019665988,"7":0.0003710037,"8":0.0000612419,"9":0.000008986}}