{"sagan-tosu":{"0":0.2796948044,"1":0.3563469149,"2":0.2270030079,"3":0.0964048673,"4":0.0307063061,"5":0.0078243123,"6":0.0016614357,"7":0.0003023946,"8":0.0000481585,"9":0.0000068174},"vegalta-sendai":{"0":0.3933936138,"1":0.3670144502,"2":0.1712020759,"3":0.0532406844,"4":0.0124176523,"5":0.0023169964,"6":0.0003602715,"7":0.0000480162,"8":0.0000055996,"9":0.0000005805}}