{"vissel-kobe":{"0":0.3342660047,"1":0.3662947655,"2":0.200696232,"3":0.07330886,"4":0.0200832954,"5":0.0044015281,"6":0.0008038791,"7":0.0001258436,"8":0.0000172377,"9":0.0000020988},"nagoya-grampus-eight":{"0":0.1634505175,"1":0.2960489292,"2":0.2681085684,"3":0.1618700996,"4":0.0732966013,"5":0.0265516202,"6":0.0080152481,"7":0.0020739397,"8":0.0004695516,"9":0.000094497}}