{"gamba-osaka":{"0":0.2934326241,"1":0.3597798608,"2":0.2205643436,"3":0.0901451785,"4":0.0276319137,"5":0.0067759378,"6":0.0013846711,"7":0.0002425365,"8":0.000037172,"9":0.0000050641},"sagan-tosu":{"0":0.3104849338,"1":0.3631493576,"2":0.2123733579,"3":0.082798702,"4":0.0242107524,"5":0.0056634756,"6":0.001104019,"7":0.0001844689,"8":0.0000269698,"9":0.0000035049}}