{"shimizu-s-pulse":{"0":0.0701888609,"1":0.1864613175,"2":0.2476733661,"3":0.2193201862,"4":0.1456596186,"5":0.0773908681,"6":0.0342656537,"7":0.013004137,"8":0.004318293,"9":0.0012746476},"shonan-bellmare":{"0":0.1961033557,"1":0.3194746111,"2":0.2602301904,"3":0.141314833,"4":0.0575544732,"5":0.0187525531,"6":0.0050916727,"7":0.0011849875,"8":0.0002413099,"9":0.0000436801}}