{"sanfrecce-hiroshima":{"0":0.1463441935,"1":0.2812433845,"2":0.2702459163,"3":0.1731189883,"4":0.0831747557,"5":0.0319689483,"6":0.0102396219,"7":0.0028112062,"8":0.0006753199,"9":0.0001442028},"consadole-sapporo":{"0":0.4216559467,"1":0.3641275662,"2":0.1572240182,"3":0.0452577507,"4":0.009770759,"5":0.0016875383,"6":0.0002428833,"7":0.0000299637,"8":0.0000032344,"9":0.0000003104}}