{"kashima-antlers":{"0":0.1837391296,"1":0.3112978708,"2":0.2637063879,"3":0.1489271542,"4":0.0630795222,"5":0.0213743485,"6":0.00603554,"7":0.0014608061,"8":0.0003093692,"9":0.0000582384},"urawa-red-diamonds":{"0":0.2011592217,"1":0.3225907031,"2":0.2586626675,"3":0.1382688649,"4":0.0554340114,"5":0.0177794451,"6":0.0047520265,"7":0.0010886611,"8":0.0002182301,"9":0.0000388852}}