{"vegalta-sendai":{"0":0.3815022958,"1":0.3676302659,"2":0.1771313225,"3":0.0568968487,"4":0.0137069972,"5":0.0026417178,"6":0.0004242768,"7":0.0000584071,"8":0.0000070354,"9":0.0000007533},"vissel-kobe":{"0":0.0964435116,"1":0.2255618741,"2":0.263771809,"3":0.2056363101,"4":0.1202354382,"5":0.056241276,"6":0.0219228289,"7":0.0073247235,"8":0.0021413809,"9":0.000556473}}