{"cerezo-osaka":{"0":0.1993058174,"1":0.3214633152,"2":0.2592464795,"3":0.1393808333,"4":0.0562023544,"5":0.0181299226,"6":0.0048736703,"7":0.0011229736,"8":0.0002264076,"9":0.0000405751},"yokohama-fc":{"0":0.5240528294,"1":0.3386234333,"2":0.1094029296,"3":0.0235640337,"4":0.0038065504,"5":0.0004919302,"6":0.0000529778,"7":0.0000048903,"8":0.000000395,"9":0.0000000284}}