{"kawasaki-frontale":{"0":0.0333232163,"1":0.1133489516,"2":0.1927782826,"3":0.218578503,"4":0.1858737457,"5":0.1264499441,"6":0.0716866006,"7":0.034834577,"8":0.0148112308,"9":0.0055978239},"yokohama-fa-marinos":{"0":0.3040764313,"1":0.3619957515,"2":0.2154736616,"3":0.0855054213,"4":0.025448042,"5":0.0060590576,"6":0.001202194,"7":0.0002044548,"8":0.0000304248,"9":0.0000040244}}