{"fc-tokyo":{"0":0.3298521526,"1":0.3658425675,"2":0.2028799617,"3":0.0750054487,"4":0.0207973373,"5":0.0046133101,"6":0.0008527786,"7":0.000135118,"8":0.0000187326,"9":0.0000023085},"kashiwa-reysol":{"0":0.1810247567,"1":0.3093933001,"2":0.2643953674,"3":0.1506279338,"4":0.0643603593,"5":0.0219999345,"6":0.0062667601,"7":0.0015300935,"8":0.0003268895,"9":0.0000620771}}