{"nagoya-grampus-eight":{"0":0.1069147651,"1":0.2390318367,"2":0.2672045294,"3":0.1991318019,"4":0.1113009048,"5":0.0497676064,"6":0.0185444333,"7":0.0059228889,"8":0.0016552426,"9":0.000411185},"oita-trinita":{"0":0.3809216601,"1":0.3676509367,"2":0.1774212724,"3":0.0570800629,"4":0.0137728704,"5":0.002658609,"6":0.0004276645,"7":0.0000589665,"8":0.000007114,"9":0.0000007629}}