{"yokohama-fa-marinos":{"0":0.169519059,"1":0.3008607165,"2":0.2669822829,"3":0.1579458211,"4":0.0700801627,"5":0.0248755132,"6":0.007358135,"7":0.001865592,"8":0.0004138792,"9":0.0000816165},"kashima-antlers":{"0":0.2205228263,"1":0.3333762799,"2":0.2519914738,"3":0.1269830453,"4":0.0479917838,"5":0.0145103549,"6":0.0036560147,"7":0.0007895707,"8":0.0001492046,"9":0.0000250623}}