{"vissel-kobe":{"0":0.1296465333,"1":0.2648605433,"2":0.2705475635,"3":0.184237796,"4":0.0940968522,"5":0.0384469107,"6":0.0130908111,"7":0.0038205411,"8":0.0009756437,"9":0.000221465},"urawa-red-diamonds":{"0":0.1285699646,"1":0.2637332607,"2":0.270495652,"3":0.184954292,"4":0.0948483549,"5":0.0389121456,"6":0.0133032976,"7":0.0038984022,"8":0.0009995903,"9":0.0002278269}}