{"shonan-bellmare":{"0":0.6289386225,"1":0.2916524285,"2":0.0676227663,"3":0.0104527126,"4":0.0012117872,"5":0.0001123864,"6":0.000008686,"7":0.0000005754,"8":0.0000000334,"9":0.0000000017},"gamba-osaka":{"0":0.3983992038,"1":0.3666470868,"2":0.1687127948,"3":0.051755504,"4":0.0119076573,"5":0.0021917252,"6":0.0003361744,"7":0.0000441974,"8":0.0000050844,"9":0.0000005199}}