{"fc-tokyo":{"0":0.3901124323,"1":0.3672207493,"2":0.1728361717,"3":0.0542313986,"4":0.012762279,"5":0.0024026784,"6":0.0003769483,"7":0.0000506899,"8":0.0000059644,"9":0.0000006238},"sanfrecce-hiroshima":{"0":0.3050432872,"1":0.3621783791,"2":0.2150074822,"3":0.0850929083,"4":0.0252577363,"5":0.0059977101,"6":0.0011868484,"7":0.0002013067,"8":0.0000298765,"9":0.0000039414}}