{"kashiwa-reysol":{"0":0.3083374705,"1":0.3627776615,"2":0.2134149175,"3":0.0836985144,"4":0.0246190897,"5":0.0057931693,"6":0.0011360023,"7":0.0001909393,"8":0.0000280815,"9":0.0000036711},"nagoya-grampus-eight":{"0":0.2804976488,"1":0.3565657883,"2":0.2266314208,"3":0.0960305271,"4":0.0305182599,"5":0.007758901,"6":0.0016438395,"7":0.0002985189,"8":0.0000474343,"9":0.0000066998}}