{"consadole-sapporo":{"0":0.2049588121,"1":0.3248486979,"2":0.2574338606,"3":0.1360062762,"4":0.0538906589,"5":0.0170827594,"6":0.0045125425,"7":0.0010217339,"8":0.0002024242,"9":0.0000356479},"cerezo-osaka":{"0":0.1804283009,"1":0.3089693567,"2":0.2645429318,"3":0.1510030283,"4":0.0646452196,"5":0.0221399767,"6":0.0063188298,"7":0.001545786,"8":0.0003308797,"9":0.0000629562}}