{"oita-trinita":{"0":0.4138870526,"1":0.3651154972,"2":0.1610455382,"3":0.0473560934,"4":0.0104439384,"5":0.0018426495,"6":0.0002709193,"7":0.0000341421,"8":0.0000037649,"9":0.000000369},"vegalta-sendai":{"0":0.4209210715,"1":0.3642271878,"2":0.1575847033,"3":0.0454532035,"4":0.0098327772,"5":0.00170168,"6":0.0002454134,"7":0.000030337,"8":0.0000032814,"9":0.0000003155}}