{"yokohama-fc":{"0":0.2773364392,"1":0.3556906194,"2":0.2280908651,"3":0.0975106641,"4":0.03126494,"5":0.0080196067,"6":0.0017142229,"7":0.000314076,"8":0.0000503512,"9":0.0000071752},"sagan-tosu":{"0":0.1746580326,"1":0.3047652228,"2":0.2658962763,"3":0.1546563813,"4":0.0674659588,"5":0.0235446119,"6":0.0068472649,"7":0.0017068523,"8":0.0003722912,"9":0.00007218}}