{"shimizu-s-pulse":{"0":0.3650586068,"1":0.3678685986,"2":0.18535011,"3":0.0622589396,"4":0.0156845424,"5":0.0031610544,"6":0.0005308977,"7":0.0000764263,"8":0.0000096268,"9":0.0000010779},"kawasaki-frontale":{"0":0.0345546514,"1":0.1162837659,"2":0.1956598267,"3":0.2194790047,"4":0.1846484059,"5":0.1242762472,"6":0.0697026761,"7":0.0335091942,"8":0.0140956974,"9":0.0052705584}}