{"sagan-tosu":{"0":0.5804950835,"1":0.3157161525,"2":0.085854895,"3":0.0155647469,"4":0.0021163151,"5":0.0002302017,"6":0.0000208668,"7":0.0000016213,"8":0.0000001102,"9":0.0000000067},"kawasaki-frontale":{"0":0.1432939531,"1":0.2783996802,"2":0.2704454036,"3":0.1751455947,"4":0.0850707174,"5":0.0330560502,"6":0.0107038639,"7":0.0029708683,"8":0.0007214966,"9":0.0001557516}}