{"gamba-osaka":{"0":0.2096062193,"1":0.3275148854,"2":0.2558750417,"3":0.1332703537,"4":0.0520595534,"5":0.0162688671,"6":0.004236751,"7":0.0009457183,"8":0.0001847135,"9":0.0000320688},"vissel-kobe":{"0":0.2359928359,"1":0.3407627594,"2":0.2460228459,"3":0.1184152103,"4":0.0427465241,"5":0.0123448014,"6":0.0029708872,"7":0.000612832,"8":0.0001106126,"9":0.0000177466}}