{"cerezo-osaka":{"0":0.3976791816,"1":0.366703821,"2":0.1690705706,"3":0.051967203,"4":0.0119798652,"5":0.0022093499,"6":0.0003395438,"7":0.0000447281,"8":0.0000051555,"9":0.0000005282},"kashiwa-reysol":{"0":0.3378902928,"1":0.3666224606,"2":0.1988989199,"3":0.0719373645,"4":0.0195136218,"5":0.0042345887,"6":0.0007657788,"7":0.0001186994,"8":0.0000160991,"9":0.0000019409}}