{"vegalta-sendai":{"0":0.5341544981,"1":0.3349523464,"2":0.1050193106,"3":0.021951492,"4":0.0034412814,"5":0.000431585,"6":0.0000451057,"7":0.0000040406,"8":0.0000003167,"9":0.0000000221},"fc-tokyo":{"0":0.1637320859,"1":0.2962771078,"2":0.2680602404,"3":0.1616871291,"4":0.0731441775,"5":0.0264712261,"6":0.0079833857,"7":0.0020637323,"8":0.0004667966,"9":0.0000938533}}