{"oita-trinita":{"0":0.4527396684,"1":0.3587681183,"2":0.1421507454,"3":0.0375485509,"4":0.0074387247,"5":0.0011789456,"6":0.0001557069,"7":0.0000176269,"8":0.000001746,"9":0.0000001537},"consadole-sapporo":{"0":0.4227520729,"1":0.3639765934,"2":0.1566863524,"3":0.0449673843,"4":0.0096788853,"5":0.0016666448,"6":0.000239155,"7":0.000029415,"8":0.0000031657,"9":0.0000003028}}