{"sanfrecce-hiroshima":{"0":0.141370484,"1":0.276573156,"2":0.2705398907,"3":0.1764254915,"4":0.0862884415,"5":0.0337624459,"6":0.0110086466,"7":0.0030767143,"8":0.0007523994,"9":0.0001635525},"yokohama-fa-marinos":{"0":0.1630875928,"1":0.2957541052,"2":0.2681702797,"3":0.1621060596,"4":0.0734935316,"5":0.0266556312,"6":0.0080565217,"7":0.0020871776,"8":0.0004731287,"9":0.0000953337}}