{"kashima-antlers":{"0":0.0937852048,"1":0.2219659616,"2":0.2626687663,"3":0.207223607,"4":0.122611523,"5":0.0580381194,"6":0.0228936021,"7":0.0077404844,"8":0.0022899722,"9":0.0006021986},"shimizu-s-pulse":{"0":0.3932407209,"1":0.3670246728,"2":0.1712781806,"3":0.0532865451,"4":0.0124335272,"5":0.0023209251,"6":0.0003610328,"7":0.0000481377,"8":0.0000056161,"9":0.0000005824}}