{"urawa-red-diamonds":{"0":0.2101566234,"1":0.3278237793,"2":0.2556865174,"3":0.1329486537,"4":0.0518467244,"5":0.0161751639,"6":0.004205279,"7":0.0009371177,"8":0.0001827265,"9":0.0000316706},"shonan-bellmare":{"0":0.3398112103,"1":0.366780354,"2":0.1979449529,"3":0.0712182899,"4":0.0192176338,"5":0.0041485686,"6":0.0007463033,"7":0.0001150763,"8":0.0000155262,"9":0.000001862}}