{"nagoya-grampus-eight":{"0":0.1132130194,"1":0.2466327635,"2":0.2686427779,"3":0.1950780074,"4":0.1062435847,"5":0.0462899922,"6":0.016807002,"7":0.005230541,"8":0.0014243313,"9":0.0003447648},"yokohama-fc":{"0":0.564718122,"1":0.3226960697,"2":0.0921988771,"3":0.0175616909,"4":0.002508813,"5":0.0002867215,"6":0.0000273068,"7":0.0000022291,"8":0.0000001592,"9":0.0000000101}}