{"sanfrecce-hiroshima":{"0":0.3070709875,"1":0.3625514461,"2":0.2140279551,"3":0.0842325801,"4":0.0248628534,"5":0.0058709965,"6":0.0011552911,"7":0.0001948607,"8":0.0000287584,"9":0.0000037727},"kashiwa-reysol":{"0":0.1876957803,"1":0.3140024304,"2":0.2626524852,"3":0.1464666539,"4":0.061257218,"5":0.020495842,"6":0.0057146945,"7":0.0013657571,"8":0.0002856025,"9":0.0000530882}}