{"yokohama-fa-marinos":{"0":0.2124092229,"1":0.3290729852,"2":0.2549066093,"3":0.1316372201,"4":0.0509844304,"5":0.0157974296,"6":0.0040790031,"7":0.0009027653,"8":0.0001748251,"9":0.000030094},"nagoya-grampus-eight":{"0":0.3493531848,"1":0.3674049198,"2":0.1931947109,"3":0.0677258148,"4":0.0178063337,"5":0.0037452841,"6":0.0006564683,"7":0.000098627,"8":0.0000129654,"9":0.000001515}}