{"cerezo-osaka":{"0":0.3015436251,"1":0.3615027343,"2":0.2166920738,"3":0.0865930838,"4":0.0259528257,"5":0.0062226601,"6":0.0012433296,"7":0.0002129363,"8":0.0000319096,"9":0.0000042505},"sagan-tosu":{"0":0.5266388234,"1":0.3377020424,"2":0.1082740812,"3":0.0231432351,"4":0.0037100938,"5":0.0004758123,"6":0.0000508517,"7":0.0000046583,"8":0.0000003734,"9":0.0000000266}}