{"shonan-bellmare":{"0":0.5261147023,"1":0.337889815,"2":0.1085025058,"3":0.0232280727,"4":0.0037294763,"5":0.0004790408,"6":0.0000512762,"7":0.0000047045,"8":0.0000003777,"9":0.000000027},"oita-trinita":{"0":0.3784859877,"1":0.3677279881,"2":0.1786378857,"3":0.057853441,"4":0.014052257,"5":0.0027305678,"6":0.0004421591,"7":0.0000613702,"8":0.0000074532,"9":0.0000008046}}