{"yokohama-fc":{"0":0.355097699,"1":0.3676547771,"2":0.1903279513,"3":0.0656861297,"4":0.0170022359,"5":0.0035206949,"6":0.0006075325,"7":0.0000898595,"8":0.0000116296,"9":0.0000013379},"gamba-osaka":{"0":0.1153092289,"1":0.2490838255,"2":0.2690276949,"3":0.1937122988,"4":0.1046113153,"5":0.0451949716,"6":0.0162712278,"7":0.0050211564,"8":0.0013557987,"9":0.0003254125}}