{"kawasaki-frontale":{"0":0.0192407541,"1":0.0760149215,"2":0.1501570115,"3":0.1977430016,"4":0.1953070371,"5":0.1543208647,"6":0.101613207,"7":0.0573494001,"8":0.028321461,"9":0.0124322549},"urawa-red-diamonds":{"0":0.3859124677,"1":0.3674445119,"2":0.1749301728,"3":0.0555196125,"4":0.0132156762,"5":0.0025166472,"6":0.0003993687,"7":0.0000543224,"8":0.0000064653,"9":0.000000684}}