{"fc-tokyo":{"0":0.1902256729,"1":0.3156879045,"2":0.261949009,"3":0.144905316,"4":0.0601191927,"5":0.019954091,"6":0.0055191159,"7":0.0013084595,"8":0.0002714308,"9":0.0000500502},"consadole-sapporo":{"0":0.3016907614,"1":0.3615319551,"2":0.2166214072,"3":0.08652962,"4":0.0259232521,"5":0.0062130401,"6":0.0012409023,"7":0.0002124341,"8":0.0000318214,"9":0.000004237}}