{"shimizu-s-pulse":{"0":0.1083614795,"1":0.2408098312,"2":0.26757375,"3":0.1982081637,"4":0.1101186388,"5":0.0489429472,"6":0.0181275101,"7":0.0057549215,"8":0.0015986327,"9":0.0003947349},"vegalta-sendai":{"0":0.1876957803,"1":0.3140024304,"2":0.2626524852,"3":0.1464666539,"4":0.061257218,"5":0.020495842,"6":0.0057146945,"7":0.0013657571,"8":0.0002856025,"9":0.0000530882}}