{"vissel-kobe":{"0":0.2654648223,"1":0.3520788112,"2":0.2334763005,"3":0.1032177668,"4":0.0342237328,"5":0.0090780022,"6":0.0020066514,"7":0.0003801954,"8":0.0000630304,"9":0.0000092884},"kashima-antlers":{"0":0.1652408133,"1":0.2974915287,"2":0.2677946442,"3":0.1607081537,"4":0.0723327872,"5":0.0260448868,"6":0.0078149914,"7":0.0020099615,"8":0.0004523296,"9":0.0000904836}}