{"nagoya-grampus-eight":{"0":0.3152484253,"1":0.363920985,"2":0.2100541552,"3":0.0808284398,"4":0.0233269725,"5":0.0053857048,"6":0.0010362045,"7":0.0001708841,"8":0.0000246585,"9":0.0000031628},"sanfrecce-hiroshima":{"0":0.5617866285,"1":0.3239448021,"2":0.0933986584,"3":0.0179522547,"4":0.0025879664,"5":0.0002984614,"6":0.0000286838,"7":0.0000023629,"8":0.0000001703,"9":0.0000000109}}