{"fc-tokyo":{"0":0.1928040752,"1":0.3173710787,"2":0.2612092132,"3":0.1433238201,"4":0.0589806457,"5":0.0194173812,"6":0.0053270963,"7":0.0012526901,"8":0.0002577536,"9":0.0000471426},"vissel-kobe":{"0":0.2112636834,"1":0.3284407139,"2":0.2553048891,"3":0.1323030989,"4":0.051421195,"5":0.0159883741,"6":0.0041427163,"7":0.0009200667,"8":0.0001787975,"9":0.0000308852}}