{"vegalta-sendai":{"0":0.3414396544,"1":0.3669056999,"2":0.1971355566,"3":0.0706129262,"4":0.0189698859,"5":0.0040769484,"6":0.0007301708,"7":0.00011209,"8":0.0000150563,"9":0.0000017977},"shonan-bellmare":{"0":0.2041409232,"1":0.3243686428,"2":0.2577019217,"3":0.1364913696,"4":0.0542193104,"5":0.0172302974,"6":0.0045629984,"7":0.0010357646,"8":0.0002057216,"9":0.00003632}}