{"kashima-antlers":{"0":0.2023045593,"1":0.3232788415,"2":0.2582967229,"3":0.1375844183,"4":0.0549643215,"5":0.0175663883,"6":0.0046784591,"7":0.0010680127,"8":0.000213333,"9":0.000037878},"cerezo-osaka":{"0":0.226732944,"1":0.3364677012,"2":0.2496560754,"3":0.123495075,"4":0.0458161298,"5":0.0135980662,"6":0.0033632152,"7":0.0007129932,"8":0.0001322587,"9":0.0000218077}}