{"urawa-red-diamonds":{"0":0.2772986118,"1":0.3556799296,"2":0.2281082684,"3":0.0975284758,"4":0.0312739768,"5":0.0080227779,"6":0.0017150832,"7":0.000314267,"8":0.0000503872,"9":0.0000071811},"consadole-sapporo":{"0":0.3810502127,"1":0.3676464364,"2":0.1773570748,"3":0.0570394613,"4":0.013758262,"5":0.0026548606,"6":0.0004269123,"7":0.0000588422,"8":0.0000070965,"9":0.0000007608}}