{"yokohama-fc":{"0":0.2180220347,"1":0.3320822559,"2":0.2529070624,"3":0.1284059017,"4":0.0488956558,"5":0.0148951731,"6":0.0037812865,"7":0.0008227859,"8":0.0001566542,"9":0.0000265121},"yokohama-fa-marinos":{"0":0.1024616874,"1":0.2334350127,"2":0.265913565,"3":0.2019406408,"4":0.1150186407,"5":0.0524086193,"6":0.0199001322,"7":0.0064768287,"8":0.0018444926,"9":0.0004669162}}