{"gamba-osaka":{"0":0.1691416072,"1":0.3005678501,"2":0.2670573906,"3":0.1581886859,"4":0.0702760752,"5":0.0249763842,"6":0.0073972516,"7":0.0018778652,"8":0.0004171253,"9":0.0000823599},"shimizu-s-pulse":{"0":0.4356003211,"1":0.3619970005,"2":0.150415211,"3":0.0416665251,"4":0.0086565347,"5":0.0014387683,"6":0.0001992766,"7":0.0000236578,"8":0.0000024575,"9":0.0000002269}}