{"kashiwa-reysol":{"0":0.3837669871,"1":0.3675412095,"2":0.1760007312,"3":0.0561864567,"4":0.0134527193,"5":0.0025767869,"6":0.0004113066,"7":0.0000562738,"8":0.0000067368,"9":0.0000007169},"kawasaki-frontale":{"0":0.0614860645,"1":0.1714812351,"2":0.2391258429,"3":0.2223029193,"4":0.1549976385,"5":0.0864559692,"6":0.0401868199,"7":0.0160112599,"8":0.0055818148,"9":0.0017297081}}