{"sagan-tosu":{"0":0.3740473364,"1":0.367828022,"2":0.1808560583,"3":0.0592829835,"4":0.0145743202,"5":0.0028663984,"6":0.0004697898,"7":0.0000659969,"8":0.0000081124,"9":0.0000008864},"oita-trinita":{"0":0.3030159456,"1":0.3617919028,"2":0.2159843118,"3":0.0859595854,"4":0.0256582883,"5":0.0061270445,"6":0.0012192511,"7":0.0002079641,"8":0.0000310379,"9":0.0000041176}}