{"sanfrecce-hiroshima":{"0":0.613515581,"1":0.2997328029,"2":0.0732171732,"3":0.0119234073,"4":0.001456294,"5":0.0001422944,"6":0.0000115863,"7":0.0000008086,"8":0.0000000494,"9":0.0000000027},"consadole-sapporo":{"0":0.3130819434,"1":0.3635790311,"2":0.2111104051,"3":0.0817201568,"4":0.0237252068,"5":0.0055103706,"6":0.0010665233,"7":0.0001769347,"8":0.0000256841,"9":0.0000033141}}