{"cerezo-osaka":{"0":0.1078769568,"1":0.2402165228,"2":0.2674527514,"3":0.198518052,"4":0.1105132124,"5":0.0492173684,"6":0.0182659106,"7":0.0058105531,"8":0.0016173413,"9":0.0004001597},"yokohama-fa-marinos":{"0":0.2220373738,"1":0.3341461667,"2":0.2514298805,"3":0.1261264103,"4":0.0474522102,"5":0.014282257,"6":0.0035822508,"7":0.0007701376,"8":0.0001448734,"9":0.0000242246}}