{"vegalta-sendai":{"0":0.134783217,"1":0.2701173727,"2":0.2706694374,"3":0.1808150869,"4":0.090592318,"5":0.0363109881,"6":0.0121284001,"7":0.0034723395,"8":0.0008698591,"9":0.0001936971},"kashiwa-reysol":{"0":0.4611861652,"1":0.3569366414,"2":0.1381261794,"3":0.0356344128,"4":0.0068948445,"5":0.0010672578,"6":0.000137668,"7":0.0000152212,"8":0.0000014726,"9":0.0000001266}}