{"shonan-bellmare":{"0":0.2508306925,"1":0.3468931035,"2":0.239872609,"3":0.1105794417,"4":0.0382322089,"5":0.0105748539,"6":0.0024374635,"7":0.0004815652,"8":0.0000832492,"9":0.0000127924},"v-varen-nagasaki":{"0":0.2841119021,"1":0.3575227517,"2":0.2249510088,"3":0.0943584823,"4":0.0296848741,"5":0.0074710125,"6":0.0015669043,"7":0.0002816817,"8":0.0000443081,"9":0.0000061952}}