{"sagan-tosu":{"0":0.2637661648,"1":0.3515191389,"2":0.2342334262,"3":0.1040536951,"4":0.0346678898,"5":0.009240326,"6":0.0020524186,"7":0.0003907489,"8":0.0000650935,"9":0.0000096388},"vissel-kobe":{"0":0.1336948758,"1":0.2690201769,"2":0.2706605438,"3":0.1815406086,"4":0.0913237818,"5":0.0367522536,"6":0.0123254509,"7":0.0035430303,"8":0.0008911585,"9":0.0001992428}}