{"jubilo-iwata":{"0":0.4680762413,"1":0.3553279496,"2":0.1348690028,"3":0.0341274362,"4":0.0064767397,"5":0.0009833298,"6":0.0001244116,"7":0.000013492,"8":0.0000012803,"9":0.000000108},"kawasaki-frontale":{"0":0.228085168,"1":0.3371181295,"2":0.2491363955,"3":0.1227442017,"4":0.0453550926,"5":0.0134072935,"6":0.0033027441,"7":0.0006973679,"8":0.0001288419,"9":0.0000211592}}