{"shimizu-s-pulse":{"0":0.5540890606,"1":0.3271507187,"2":0.0965797742,"3":0.0190078604,"4":0.002805702,"5":0.000331314,"6":0.0000326029,"7":0.00000275,"8":0.000000203,"9":0.0000000133},"kashima-antlers":{"0":0.0397634869,"1":0.1282295393,"2":0.2067577067,"3":0.2222511783,"4":0.1791792445,"5":0.1155636678,"6":0.0621117387,"7":0.0286140458,"8":0.011534344,"9":0.0041328916}}