{"fc-tokyo":{"0":0.6827139035,"1":0.2605778258,"2":0.0497285927,"3":0.006326793,"4":0.0006037016,"5":0.0000460841,"6":0.0000029316,"7":0.0000001598,"8":0.0000000076,"9":0.0000000003},"urawa-red-diamonds":{"0":0.3233460206,"1":0.3650680877,"2":0.2060868237,"3":0.0775595573,"4":0.0218918105,"5":0.0049433121,"6":0.0009301931,"7":0.0001500311,"8":0.0000211738,"9":0.0000026562}}