{"gamba-osaka":{"0":0.4325021684,"1":0.3625094511,"2":0.1519218997,"3":0.0424453552,"4":0.008894084,"5":0.0014909472,"6":0.0002082774,"7":0.0000249388,"8":0.0000026129,"9":0.0000002433},"nagoya-grampus-eight":{"0":0.3460090589,"1":0.3672160657,"2":0.1948614284,"3":0.0689348494,"4":0.0182899721,"5":0.0038821941,"6":0.0006866892,"7":0.0001041109,"8":0.0000138115,"9":0.0000016287}}