{"urawa-red-diamonds":{"0":0.4125727234,"1":0.3652682858,"2":0.1616938216,"3":0.047718153,"4":0.0105617307,"5":0.0018701504,"6":0.000275954,"7":0.000034902,"8":0.0000038625,"9":0.00000038},"sanfrecce-hiroshima":{"0":0.261622637,"1":0.3507972701,"2":0.2351836335,"3":0.105115492,"4":0.0352360828,"5":0.0094492753,"6":0.0021116802,"7":0.000404493,"8":0.0000677957,"9":0.0000101004}}