{"kashiwa-reysol":{"0":0.1218476983,"1":0.2564873809,"2":0.2699508381,"3":0.18941401,"4":0.0996783361,"5":0.0419642484,"6":0.014722341,"7":0.0044271833,"8":0.0011648934,"9":0.0002724535},"yokohama-fa-marinos":{"0":0.4340218409,"1":0.3622608527,"2":0.151182398,"3":0.042061988,"4":0.0087768692,"5":0.0014651411,"6":0.0002038159,"7":0.0000243024,"8":0.0000025355,"9":0.0000002351}}