{"fc-tokyo":{"0":0.5463778856,"1":0.3302550775,"2":0.0998104234,"3":0.020109952,"4":0.0030388372,"5":0.0003673617,"6":0.0000370083,"7":0.0000031956,"8":0.0000002414,"9":0.0000000162},"vegalta-sendai":{"0":0.3219582715,"1":0.3648860411,"2":0.2067687566,"3":0.0781126414,"4":0.0221319151,"5":0.0050165674,"6":0.0009475738,"7":0.0001534167,"8":0.000021734,"9":0.0000027369}}