{"vissel-kobe":{"0":0.8597521653,"1":0.129918105,"2":0.0098160346,"3":0.0004944373,"4":0.0000186787,"5":0.0000005645,"6":0.0000000142,"7":0.0000000003,"8":0.0,"9":0.0},"shimizu-s-pulse":{"0":0.4038682102,"1":0.3661738439,"2":0.1659988092,"3":0.050168529,"4":0.0113715332,"5":0.002062038,"6":0.0003115969,"7":0.0000403592,"8":0.000004574,"9":0.0000004608}}