{"v-varen-nagasaki":{"0":0.19289679,"1":0.3174309576,"2":0.2611821919,"3":0.1432671383,"4":0.0589401007,"5":0.0193983659,"6":0.0053203252,"7":0.0012507324,"8":0.0002572757,"9":0.0000470414},"sagan-tosu":{"0":0.1523867879,"1":0.2866903436,"2":0.2696800498,"3":0.1691193557,"4":0.0795424703,"5":0.0299291802,"6":0.0093844607,"7":0.0025221855,"8":0.000593134,"9":0.000123987}}