{"kawasaki-frontale":{"0":0.0084378879,"1":0.0402911107,"2":0.0961954954,"3":0.1531119092,"4":0.1827782318,"5":0.1745540615,"6":0.1389166172,"7":0.0947614397,"8":0.0565610098,"9":0.0300089041},"shonan-bellmare":{"0":0.6327549028,"1":0.2895942849,"2":0.0662696168,"3":0.0101099189,"4":0.001156757,"5":0.0001058831,"6":0.0000080766,"7":0.0000005281,"8":0.0000000302,"9":0.0000000015}}