{"kashima-antlers":{"0":0.23441396,"1":0.340056518,"2":0.2466543277,"3":0.1192710705,"4":0.0432556416,"5":0.0125499035,"6":0.0030342878,"7":0.00062882,"8":0.000114026,"9":0.0000183793},"gamba-osaka":{"0":0.8234226071,"1":0.1599792494,"2":0.0155408414,"3":0.0010064545,"4":0.0000488849,"5":0.0000018995,"6":0.0000000615,"7":0.0000000017,"8":0.0,"9":0.0}}