{"nagoya-grampus-eight":{"0":0.6383937647,"1":0.2865111216,"2":0.0642930957,"3":0.0096182471,"4":0.0010791673,"5":0.0000968661,"6":0.0000072456,"7":0.0000004645,"8":0.0000000261,"9":0.0000000013},"jubilo-iwata":{"0":0.1993742776,"1":0.3215052637,"2":0.2592251012,"3":0.1393396639,"4":0.0561737902,"5":0.0181168498,"6":0.0048691191,"7":0.001121686,"8":0.0002260999,"9":0.0000405114}}