{"cerezo-osaka":{"0":0.3162688011,"1":0.3640768756,"2":0.2095558761,"3":0.0804109757,"4":0.0231415308,"5":0.0053279338,"6":0.0010222199,"7":0.0001681059,"8":0.0000241897,"9":0.000003094},"consadole-sapporo":{"0":0.3210798048,"1":0.3647677126,"2":0.2072000204,"3":0.07846427,"4":0.022285139,"5":0.0050634758,"6":0.0009587401,"7":0.0001555988,"8":0.0000220963,"9":0.0000027892}}