{"yokohama-fa-marinos":{"0":0.1259219481,"1":0.2609219902,"2":0.2703273177,"3":0.1867144497,"4":0.0967224271,"5":0.0400835733,"6":0.0138428154,"7":0.0040976573,"8":0.0010613409,"9":0.0002443552},"sagan-tosu":{"0":0.0777047641,"1":0.1985231392,"2":0.2535973004,"3":0.2159667332,"4":0.1379400425,"5":0.0704829121,"6":0.0300120787,"7":0.0109537172,"8":0.0034981226,"9":0.0009930154}}