{"shonan-bellmare":{"0":0.044983961,"1":0.1395154732,"2":0.2163500816,"3":0.223666268,"4":0.1734223962,"5":0.107572153,"6":0.0556049293,"7":0.0246365525,"8":0.0095511273,"9":0.0032913707},"nagoya-grampus-eight":{"0":0.0894984623,"1":0.216007567,"2":0.2606707857,"3":0.209712587,"4":0.1265371061,"5":0.0610803174,"6":0.0245699021,"7":0.00847147,"8":0.0025557724,"9":0.0006853826}}