{"v-varen-nagasaki":{"0":0.2154807456,"1":0.3307378886,"2":0.2538221006,"3":0.1298624701,"4":0.0498309478,"5":0.0152969421,"6":0.0039131712,"7":0.0008580375,"8":0.0001646235,"9":0.0000280753},"urawa-red-diamonds":{"0":0.1471755728,"1":0.2820073878,"2":0.2701812716,"3":0.1725673928,"4":0.0826653478,"5":0.0316794946,"6":0.0101169999,"7":0.0027693539,"8":0.0006633049,"9":0.0001412198}}