{"jubilo-iwata":{"0":0.1333824273,"1":0.2687035526,"2":0.2706563401,"3":0.1817488795,"4":0.0915348645,"5":0.0368800355,"6":0.0123826863,"7":0.0035636219,"8":0.0008973801,"9":0.0002008671},"fc-tokyo":{"0":0.3448946989,"1":0.3671459698,"2":0.1954164033,"3":0.0693413044,"4":0.0184537342,"5":0.0039288595,"6":0.0006970557,"7":0.0001060039,"8":0.0000141054,"9":0.0000016684}}