{"consadole-sapporo":{"0":0.3548548268,"1":0.3676461055,"2":0.1904492325,"3":0.065771421,"4":0.0170355628,"5":0.0035299271,"6":0.0006095281,"7":0.0000902142,"8":0.0000116833,"9":0.0000013449},"shimizu-s-pulse":{"0":0.187006313,"1":0.3135371974,"2":0.2628402554,"3":0.1468937879,"4":0.061571005,"5":0.0206461483,"6":0.0057692664,"7":0.0013818324,"8":0.0002895997,"9":0.0000539496}}