{"kashima-antlers":{"0":0.3311723716,"1":0.365983979,"2":0.2022274265,"3":0.0744949404,"4":0.0205813928,"5":0.0045489665,"6":0.0008378561,"7":0.0001322755,"8":0.0000182725,"9":0.0000022437},"sanfrecce-hiroshima":{"0":0.7996761969,"1":0.178766324,"2":0.0199814617,"3":0.0014889412,"4":0.0000832126,"5":0.0000037204,"6":0.0000001386,"7":0.0000000044,"8":0.0000000001,"9":0.0}}