{"kashiwa-reysol":{"0":0.1000259545,"1":0.2302923139,"2":0.2651039428,"3":0.203451863,"4":0.1171031072,"5":0.0539218959,"6":0.02069096,"7":0.0068053324,"8":0.0019585114,"9":0.0005010145},"cerezo-osaka":{"0":0.4746577361,"1":0.3536965711,"2":0.1317804966,"3":0.032732575,"4":0.006097762,"5":0.0009087632,"6":0.0001128625,"7":0.0000120144,"8":0.0000011191,"9":0.0000000927}}