{"vegalta-sendai":{"0":0.1792327986,"1":0.3081136854,"2":0.2648344607,"3":0.1517563049,"4":0.065219919,"5":0.0224235182,"6":0.0064245987,"7":0.0015777619,"8":0.0003390354,"9":0.0000647584},"vissel-kobe":{"0":0.2787557427,"1":0.356087981,"2":0.2274368395,"3":0.0968440736,"4":0.0309276235,"5":0.007901509,"6":0.0016822567,"7":0.0003069925,"8":0.0000490198,"9":0.0000069576}}