{"kawasaki-frontale":{"0":0.0316350887,"1":0.109251411,"2":0.1886492388,"3":0.2171659842,"4":0.1874950503,"5":0.1295023952,"6":0.0745391693,"7":0.0367743078,"8":0.0158749555,"9":0.0060915527},"gamba-osaka":{"0":0.5279732405,"1":0.3372216181,"2":0.1076933555,"3":0.0229282628,"4":0.0036611258,"5":0.0004676793,"6":0.0000497852,"7":0.0000045426,"8":0.0000003627,"9":0.0000000257}}