{"urawa-red-diamonds":{"0":0.2368149628,"1":0.3411263155,"2":0.2456921677,"3":0.1179712392,"4":0.0424836903,"5":0.0122393489,"6":0.0029384151,"7":0.0006046739,"8":0.0001088773,"9":0.0000174261},"yokohama-fa-marinos":{"0":0.1732106573,"1":0.3036810225,"2":0.2662138833,"3":0.1555795422,"4":0.0681923318,"5":0.0239115969,"6":0.0069871549,"7":0.0017500295,"8":0.0003835292,"9":0.0000747135}}