{"fc-tokyo":{"0":0.769584314,"1":0.2015577965,"2":0.0263944734,"3":0.0023042794,"4":0.0001508754,"5":0.000007903,"6":0.000000345,"7":0.0000000129,"8":0.0000000004,"9":0.0},"shonan-bellmare":{"0":0.5795782788,"1":0.3161336066,"2":0.0862182563,"3":0.0156760466,"4":0.0021376427,"5":0.0002331974,"6":0.0000211998,"7":0.0000016519,"8":0.0000001126,"9":0.0000000068}}