{"nagoya-grampus-eight":{"0":0.7303103383,"1":0.2295261063,"2":0.0360683881,"3":0.003778593,"4":0.0002968895,"5":0.0000186616,"6":0.0000009775,"7":0.0000000439,"8":0.0000000017,"9":0.0000000001},"kawasaki-frontale":{"0":1.0,"1":0.0,"2":0.0,"3":0.0,"4":0.0,"5":0.0,"6":0.0,"7":0.0,"8":0.0,"9":0.0}}