{"sagan-tosu":{"0":0.4557940183,"1":0.3581238715,"2":0.140691521,"3":0.0368477793,"4":0.0072379566,"5":0.0011373932,"6":0.0001489443,"7":0.0000167182,"8":0.000001642,"9":0.0000001433},"kashima-antlers":{"0":0.4559124218,"1":0.358098484,"2":0.140635041,"3":0.0368208107,"4":0.0072302683,"5":0.0011358094,"6":0.0001486878,"7":0.0000166839,"8":0.0000016381,"9":0.000000143}}