{"shimizu-s-pulse":{"0":0.5679543202,"1":0.3212998726,"2":0.090881964,"3":0.0171377418,"4":0.0024237663,"5":0.0002742318,"6":0.0000258561,"7":0.0000020896,"8":0.0000001478,"9":0.0000000093},"vegalta-sendai":{"0":0.0561347628,"1":0.161668117,"2":0.2328020884,"3":0.2234900049,"4":0.1609128035,"5":0.0926857748,"6":0.0444891719,"7":0.0183041164,"8":0.0065894819,"9":0.0021086342}}