{"vissel-kobe":{"0":0.2430991937,"1":0.3438117168,"2":0.2431239998,"3":0.1146155999,"4":0.0405248014,"5":0.0114627295,"6":0.0027019291,"7":0.0005459,"8":0.0000965073,"9":0.0000151654},"cerezo-osaka":{"0":0.0561347628,"1":0.161668117,"2":0.2328020884,"3":0.2234900049,"4":0.1609128035,"5":0.0926857748,"6":0.0444891719,"7":0.0183041164,"8":0.0065894819,"9":0.0021086342}}