{"gamba-osaka":{"0":0.4557940183,"1":0.3581238715,"2":0.140691521,"3":0.0368477793,"4":0.0072379566,"5":0.0011373932,"6":0.0001489443,"7":0.0000167182,"8":0.000001642,"9":0.0000001433},"kashiwa-reysol":{"0":0.7208871106,"1":0.2359266908,"2":0.0386061858,"3":0.0042115839,"4":0.0003445841,"5":0.0000225546,"6":0.0000012303,"7":0.0000000575,"8":0.0000000024,"9":0.0000000001}}