{"sanfrecce-hiroshima":{"0":0.7776890048,"1":0.1955332355,"2":0.024581321,"3":0.0020601488,"4":0.0001294951,"5":0.0000065118,"6":0.0000002729,"7":0.0000000098,"8":0.0000000003,"9":0.0},"jubilo-iwata":{"0":0.374629335,"1":0.3678178926,"2":0.1805651473,"3":0.0590940482,"4":0.0145049027,"5":0.0028482354,"6":0.0004660749,"7":0.0000653715,"8":0.0000080229,"9":0.0000008752}}