{"consadole-sapporo":{"0":0.0431593093,"1":0.1356435434,"2":0.2131541396,"3":0.2233043367,"4":0.1754534074,"5":0.110284999,"6":0.0577683328,"7":0.0259368025,"8":0.0101894581,"9":0.0035582235},"v-varen-nagasaki":{"0":0.22929927,"1":0.3376952885,"2":0.2486665307,"3":0.1220726605,"4":0.0449449341,"5":0.013238326,"6":0.0032494073,"7":0.0006836415,"8":0.0001258522,"9":0.000020594}}