{"kawasaki-frontale":{"0":0.1368063045,"1":0.272133622,"2":0.2706626294,"3":0.1794663921,"4":0.0892481518,"5":0.0355062917,"6":0.0117714553,"7":0.0033450931,"8":0.0008317529,"9":0.0001838349},"sanfrecce-hiroshima":{"0":0.5940720225,"1":0.3093658079,"2":0.0805518519,"3":0.0139825856,"4":0.0018203744,"5":0.0001895937,"6":0.0000164553,"7":0.0000012242,"8":0.0000000797,"9":0.0000000046}}