{"vegalta-sendai":{"0":0.0832017842,"1":0.2068801121,"2":0.2572023015,"3":0.2131766824,"4":0.132515235,"5":0.0658994682,"6":0.0273096895,"7":0.0097007391,"8":0.0030150946,"9":0.0008329991},"v-varen-nagasaki":{"0":0.4198219743,"1":0.364373789,"2":0.1581244745,"3":0.0457467033,"4":0.0099261715,"5":0.0017230335,"6":0.0002492438,"7":0.0000309035,"8":0.0000033527,"9":0.0000003233}}