{"cerezo-osaka":{"0":0.1614720166,"1":0.2944318572,"2":0.2684369725,"3":0.1631580878,"4":0.0743765698,"5":0.0271239959,"6":0.0082430882,"7":0.0021472343,"8":0.0004894147,"9":0.0000991567},"shonan-bellmare":{"0":0.5940720225,"1":0.3093658079,"2":0.0805518519,"3":0.0139825856,"4":0.0018203744,"5":0.0001895937,"6":0.0000164553,"7":0.0000012242,"8":0.0000000797,"9":0.0000000046}}