{"shimizu-s-pulse":{"0":0.5597974931,"1":0.3247834104,"2":0.0942164488,"3":0.0182208387,"4":0.0026428424,"5":0.000306665,"6":0.0000296535,"7":0.0000024578,"8":0.0000001782,"9":0.0000000115},"yokohama-fa-marinos":{"0":0.2096608296,"1":0.327545598,"2":0.2558563728,"3":0.133238413,"4":0.052038399,"5":0.0162595451,"6":0.0042336174,"7":0.0009448612,"8":0.0001845154,"9":0.0000320291}}