{"fc-tokyo":{"0":0.5597974931,"1":0.3247834104,"2":0.0942164488,"3":0.0182208387,"4":0.0026428424,"5":0.000306665,"6":0.0000296535,"7":0.0000024578,"8":0.0000001782,"9":0.0000000115},"gamba-osaka":{"0":0.7066853149,"1":0.2453398074,"2":0.0425872873,"3":0.0049283402,"4":0.0004277427,"5":0.0000296999,"6":0.0000017185,"7":0.0000000852,"8":0.0000000037,"9":0.0000000001}}