{"sagan-tosu":{"0":0.5152706084,"1":0.3416569079,"2":0.1132700379,"3":0.0250350594,"4":0.0041499558,"5":0.0005503365,"6":0.000060818,"7":0.0000057609,"8":0.0000004775,"9":0.0000000352},"nagoya-grampus-eight":{"0":0.1615983232,"1":0.2945358116,"2":0.2684165982,"3":0.1630757445,"4":0.0743071553,"5":0.0270870611,"6":0.0082283337,"7":0.0021424718,"8":0.0004881198,"9":0.0000988519}}