{"jubilo-iwata":{"0":0.4735690126,"1":0.3539727704,"2":0.1322898235,"3":0.0329603459,"4":0.0061591155,"5":0.0009207356,"6":0.0001147018,"7":0.0000122478,"8":0.0000011443,"9":0.000000095},"urawa-red-diamonds":{"0":0.4485127446,"1":0.3596256734,"2":0.1441772018,"3":0.0385346339,"4":0.0077244425,"5":0.0012387197,"6":0.000165538,"7":0.0000189616,"8":0.0000019005,"9":0.0000001693}}