{"kashima-antlers":{"0":0.5152706084,"1":0.3416569079,"2":0.1132700379,"3":0.0250350594,"4":0.0041499558,"5":0.0005503365,"6":0.000060818,"7":0.0000057609,"8":0.0000004775,"9":0.0000000352},"consadole-sapporo":{"0":0.7574968886,"1":0.2103840415,"2":0.0292155952,"3":0.0027047394,"4":0.0001878008,"5":0.0000104318,"6":0.0000004829,"7":0.0000000192,"8":0.0000000007,"9":0.0}}