{"kashiwa-reysol":{"0":0.1541095227,"1":0.2881989459,"2":0.2694792345,"3":0.1679836305,"4":0.0785362001,"5":0.0293739799,"6":0.0091553395,"7":0.0024459036,"8":0.000571758,"9":0.0001188044},"vissel-kobe":{"0":0.4828737725,"1":0.3515321064,"2":0.1279576867,"3":0.0310510653,"4":0.0056512939,"5":0.0008228284,"6":0.0000998365,"7":0.000010383,"8":0.0000009449,"9":0.0000000764}}