{"jubilo-iwata":{"0":0.4147829117,"1":0.3650089623,"2":0.1606039434,"3":0.0471104901,"4":0.0103643078,"5":0.0018241182,"6":0.0002675373,"7":0.0000336333,"8":0.0000036997,"9":0.0000003617},"shimizu-s-pulse":{"0":0.1247952255,"1":0.2597089828,"2":0.2702377253,"3":0.1874622059,"4":0.0975310125,"5":0.040593989,"6":0.0140798971,"7":0.0041859153,"8":0.0010889037,"9":0.0002517885}}