{"urawa-red-diamonds":{"0":0.4382349925,"1":0.3615438688,"2":0.1491368459,"3":0.0410126326,"4":0.0084588555,"5":0.0013957112,"6":0.0001919103,"7":0.000022618,"8":0.0000023325,"9":0.0000002138},"vegalta-sendai":{"0":0.2624124339,"1":0.3510652832,"2":0.2348342097,"3":0.1047233638,"4":0.0350257196,"5":0.0093717466,"6":0.0020896462,"7":0.0003993725,"8":0.000066787,"9":0.0000099278}}