{"shonan-bellmare":{"0":0.5168513345,"1":0.3411218808,"2":0.1125702207,"3":0.0247654485,"4":0.004086299,"5":0.0005393915,"6":0.0000593331,"7":0.0000055943,"8":0.0000004615,"9":0.0000000338},"kashima-antlers":{"0":0.6402183775,"1":0.28550279,"2":0.0636594059,"3":0.0094628847,"4":0.0010549838,"5":0.0000940931,"6":0.0000069934,"7":0.0000004455,"8":0.0000000248,"9":0.0000000012}}