{"kashiwa-reysol":{"0":0.3621759991,"1":0.3678349991,"2":0.1867912105,"3":0.0632366077,"4":0.0160561699,"5":0.0032614095,"6":0.0005520615,"7":0.0000800982,"8":0.0000101687,"9":0.0000011475},"sanfrecce-hiroshima":{"0":0.5414149322,"1":0.3321955926,"2":0.1019125122,"3":0.0208434637,"4":0.0031972275,"5":0.0003923441,"6":0.0000401217,"7":0.0000035168,"8":0.0000002697,"9":0.0000000184}}