{"consadole-sapporo":{"0":0.0639278612,"1":0.1758016183,"2":0.2417272252,"3":0.2215832898,"4":0.1523385117,"5":0.0837861814,"6":0.0384019998,"7":0.0150864999,"8":0.0051859844,"9":0.0015846063},"nagoya-grampus-eight":{"0":0.0927007813,"1":0.2204775339,"2":0.2621894997,"3":0.2078619457,"4":0.1235935894,"5":0.0587904641,"6":0.0233043281,"7":0.0079180729,"8":0.0023540217,"9":0.0006220838}}