{"gamba-osaka":{"0":0.2581623401,"1":0.3495948356,"2":0.2367048366,"3":0.1068459332,"4":0.0361718003,"5":0.0097965292,"6":0.0022110222,"7":0.0004277275,"8":0.0000724018,"9":0.0000108938},"vissel-kobe":{"0":0.1403772512,"1":0.2756197593,"2":0.270578926,"3":0.1770868566,"4":0.0869240499,"5":0.0341337154,"6":0.0111698137,"7":0.003133008,"8":0.000768927,"9":0.0001677476}}