{"v-varen-nagasaki":{"0":0.1185035335,"1":0.2527458176,"2":0.2695297196,"3":0.191618785,"4":0.102171735,"5":0.0435826307,"6":0.0154922633,"7":0.004720299,"8":0.0012584391,"9":0.0002982238},"fc-tokyo":{"0":0.3550849473,"1":0.3676543259,"2":0.1903343192,"3":0.0656906057,"4":0.0170039842,"5":0.003521179,"6":0.0006076371,"7":0.0000898781,"8":0.0000116324,"9":0.0000013382}}