{"cerezo-osaka":{"0":0.0572687603,"1":0.1637886544,"2":0.2342177757,"3":0.2232876129,"4":0.1596506432,"5":0.0913201679,"6":0.04352928,"7":0.0177848201,"8":0.0063580732,"9":0.0020204544},"sagan-tosu":{"0":0.189216226,"1":0.3150194466,"2":0.2622324042,"3":0.145527172,"4":0.0605707689,"5":0.020168429,"6":0.0055962848,"7":0.0013310083,"8":0.0002769936,"9":0.0000512397}}