{"yokohama-fa-marinos":{"0":0.6141598762,"1":0.2994029397,"2":0.0729794665,"3":0.0118591633,"4":0.0014453355,"5":0.0001409202,"6":0.0000114498,"7":0.0000007974,"8":0.0000000486,"9":0.0000000026},"kawasaki-frontale":{"0":0.0158975079,"1":0.065841006,"2":0.1363433222,"3":0.1882261793,"4":0.1948890529,"5":0.1614302243,"6":0.1114297124,"7":0.0659280726,"8":0.0341309048,"9":0.0157062571}}