{"shimizu-s-pulse":{"0":0.5030715358,"1":0.3456216658,"2":0.1187249997,"3":0.0271889312,"4":0.0046698546,"5":0.0006416594,"6":0.0000734725,"7":0.000007211,"8":0.0000006193,"9":0.0000000473},"v-varen-nagasaki":{"0":0.3709323651,"1":0.3678668084,"2":0.1824132934,"3":0.0603019152,"4":0.0149508881,"5":0.0029654654,"6":0.0004901596,"7":0.0000694441,"8":0.0000086088,"9":0.0000009486}}