{"consadole-sapporo":{"0":0.0923952795,"1":0.2200559329,"2":0.2620513399,"3":0.2080407584,"4":0.1238715966,"5":0.0590044857,"6":0.0234216279,"7":0.0079689726,"8":0.0023724422,"9":0.0006278219},"shonan-bellmare":{"0":0.4523095765,"1":0.3588571847,"2":0.1423565691,"3":0.0376480183,"4":0.0074673755,"5":0.0011849059,"6":0.0001566818,"7":0.0000177585,"8":0.0000017612,"9":0.0000001553}}