{"nagoya-grampus-eight":{"0":0.6182168269,"1":0.2973103824,"2":0.0714906645,"3":0.0114603355,"4":0.0013778648,"5":0.0001325275,"6":0.0000106224,"7":0.0000007298,"8":0.0000000439,"9":0.0000000023},"vegalta-sendai":{"0":0.6894226116,"1":0.256396839,"2":0.0476770982,"3":0.0059103841,"4":0.0005495192,"5":0.0000408733,"6":0.0000025335,"7":0.0000001346,"8":0.0000000063,"9":0.0000000003}}