{"kawasaki-frontale":{"0":0.1382590812,"1":0.2735630064,"2":0.2706394323,"3":0.1784980683,"4":0.0882952277,"5":0.0349406458,"6":0.0115224114,"7":0.0032569346,"8":0.0008055319,"9":0.000177094},"cerezo-osaka":{"0":0.434717949,"1":0.3621452005,"2":0.1508439513,"3":0.041887246,"4":0.0087236248,"5":0.0014534568,"6":0.0002018023,"7":0.0000240161,"8":0.0000025009,"9":0.0000002315}}