{"sanfrecce-hiroshima":{"0":0.6097803379,"1":0.3016318007,"2":0.0746020637,"3":0.0123007983,"4":0.0015211674,"5":0.0001504911,"6":0.0000124069,"7":0.0000008767,"8":0.0000000542,"9":0.000000003},"yokohama-fa-marinos":{"0":0.4096050061,"1":0.3655978567,"2":0.163159374,"3":0.0485432848,"4":0.0108319727,"5":0.0019336414,"6":0.0002876491,"7":0.0000366778,"8":0.0000040922,"9":0.0000004058}}