{"fc-tokyo":{"0":0.4932929184,"1":0.3485864897,"2":0.1231646921,"3":0.0290115305,"4":0.0051252649,"5":0.0007243559,"6":0.0000853113,"7":0.0000086122,"8":0.0000007607,"9":0.0000000597},"kashima-antlers":{"0":0.465309209,"1":0.3559862662,"2":0.1361742034,"3":0.0347268334,"4":0.0066419681,"5":0.0010162917,"6":0.0001295862,"7":0.0000141629,"8":0.0000013544,"9":0.0000001151}}