{"vissel-kobe":{"0":0.3153101652,"1":0.3639305112,"2":0.2100240202,"3":0.0808031345,"4":0.0233157136,"5":0.0053821922,"6":0.001035353,"7":0.0001707147,"8":0.0000246298,"9":0.0000031586},"urawa-red-diamonds":{"0":0.2078561363,"1":0.3265230941,"2":0.2564690485,"3":0.1342965199,"4":0.052741906,"5":0.0165705479,"6":0.0043384707,"7":0.0009736204,"8":0.0001911837,"9":0.0000333702}}