{"sagan-tosu":{"0":0.2601323119,"1":0.3502850368,"2":0.2358407652,"3":0.1058582977,"4":0.0356362666,"5":0.0095973091,"6":0.0021538999,"7":0.000414338,"8":0.0000697416,"9":0.0000104346},"kashiwa-reysol":{"0":0.4478460316,"1":0.359757308,"2":0.1444975634,"3":0.0386919095,"4":0.0077703587,"5":0.0012483948,"6":0.0001671405,"7":0.0000191807,"8":0.000001926,"9":0.0000001719}}