{"gamba-osaka":{"0":0.7597170936,"1":0.2087772166,"2":0.0286869458,"3":0.0026278118,"4":0.0001805367,"5":0.0000099226,"6":0.0000004545,"7":0.0000000178,"8":0.0000000006,"9":0.0},"jubilo-iwata":{"0":0.2621488058,"1":0.3509760872,"2":0.2349509344,"3":0.104854136,"4":0.0350958059,"5":0.0093975546,"6":0.002096975,"7":0.0004010743,"8":0.0000671219,"9":0.0000099851}}