{"urawa-red-diamonds":{"0":0.6386410635,"1":0.2863747626,"2":0.06420704,"3":0.009597084,"4":0.0010758636,"5":0.0000964862,"6":0.0000072109,"7":0.0000004619,"8":0.0000000259,"9":0.0000000013},"shimizu-s-pulse":{"0":0.1341376337,"1":0.2694676019,"2":0.2706652357,"3":0.1812454616,"4":0.0910254985,"5":0.0365720225,"6":0.0122448549,"7":0.003514079,"8":0.0008824243,"9":0.0001969658}}