{"jubilo-iwata":{"0":0.2149360008,"1":0.3304458243,"2":0.2540161779,"3":0.1301760912,"4":0.0500336677,"5":0.0153845019,"6":0.0039420606,"7":0.0008657976,"8":0.0001663863,"9":0.0000284227},"sagan-tosu":{"0":0.2576894761,"1":0.3494269296,"2":0.2369114583,"3":0.1070839791,"4":0.0363014689,"5":0.0098449584,"6":0.0022249606,"7":0.0004310067,"8":0.0000730556,"9":0.000011007}}