{"cerezo-osaka":{"0":0.0431593093,"1":0.1356435434,"2":0.2131541396,"3":0.2233043367,"4":0.1754534074,"5":0.110284999,"6":0.0577683328,"7":0.0259368025,"8":0.0101894581,"9":0.0035582235},"fc-tokyo":{"0":0.2026303528,"1":0.3234733976,"2":0.2581919183,"3":0.1373901062,"4":0.0548314256,"5":0.0175062692,"6":0.0046577527,"7":0.0010622151,"8":0.0002119613,"9":0.0000375966}}