{"vegalta-sendai":{"0":0.5808807013,"1":0.3155401341,"2":0.0857022586,"3":0.0155181044,"4":0.0021073969,"5":0.0002289518,"6":0.0000207281,"7":0.0000016085,"8":0.0000001092,"9":0.0000000066},"kawasaki-frontale":{"0":0.4492101097,"1":0.3594869264,"2":0.1438423218,"3":0.038370637,"4":0.0076766651,"5":0.0012286726,"6":0.0001638772,"7":0.000018735,"8":0.0000018741,"9":0.0000001666}}