{"kashiwa-reysol":{"0":0.4176899479,"1":0.3646499546,"2":0.1591725992,"3":0.0463200686,"4":0.0101095388,"5":0.0017651576,"6":0.0002568351,"7":0.0000320316,"8":0.0000034955,"9":0.0000003391},"consadole-sapporo":{"0":0.4354202211,"1":0.3620273947,"2":0.1505026962,"3":0.0417115056,"4":0.008670192,"5":0.0014417553,"6":0.0001997897,"7":0.0000237306,"8":0.0000024663,"9":0.0000002278}}