{"yokohama-fa-marinos":{"0":0.1626635326,"1":0.2954085941,"2":0.2682415537,"3":0.1623819406,"4":0.0737243007,"5":0.0267777192,"6":0.0081050418,"7":0.0021027621,"8":0.0004773458,"9":0.0000963216},"vissel-kobe":{"0":0.0664038661,"1":0.1800872848,"2":0.2441983582,"3":0.2207553158,"4":0.1496721041,"5":0.0811821493,"6":0.0366943315,"7":0.0142164324,"8":0.0048193706,"9":0.001452237}}