{"kashima-antlers":{"0":0.5210799199,"1":0.3396669108,"2":0.1107062524,"3":0.0240546919,"4":0.0039200239,"5":0.000511055,"6":0.000055522,"7":0.0000051703,"8":0.0000004213,"9":0.0000000305},"nagoya-grampus-eight":{"0":0.8039212453,"1":0.1754590019,"2":0.0191473117,"3":0.0013929923,"4":0.0000760065,"5":0.0000033177,"6":0.0000001207,"7":0.0000000038,"8":0.0000000001,"9":0.0}}