{"shonan-bellmare":{"0":0.5838593069,"1":0.3141719127,"2":0.0845272051,"3":0.0151612289,"4":0.0020395463,"5":0.000219494,"6":0.0000196848,"7":0.0000015132,"8":0.0000001018,"9":0.0000000061},"sanfrecce-hiroshima":{"0":0.4950427725,"1":0.3480700738,"2":0.1223659682,"3":0.0286789573,"4":0.0050411234,"5":0.000708894,"6":0.0000830719,"7":0.0000083441,"8":0.0000007334,"9":0.0000000573}}