{"v-varen-nagasaki":{"0":0.103998949,"1":0.2353885677,"2":0.2663862392,"3":0.2009772724,"4":0.1137217076,"5":0.0514789623,"6":0.0194193616,"7":0.0062790411,"8":0.0017764777,"9":0.0004467594},"gamba-osaka":{"0":0.1436988809,"1":0.2787808978,"2":0.2704223876,"3":0.1748763236,"4":0.084816559,"5":0.0329094233,"6":0.010640907,"7":0.002949105,"8":0.000715171,"9":0.0001541619}}