{"shimizu-s-pulse":{"0":0.4809030674,"1":0.3520641113,"2":0.1288712288,"3":0.0314484267,"4":0.0057557662,"5":0.0008427473,"6":0.0001028277,"7":0.0000107542,"8":0.0000009841,"9":0.0000000801},"fc-tokyo":{"0":0.1782989246,"1":0.3074397277,"2":0.2650582059,"3":0.1523460724,"4":0.0656723465,"5":0.0226476838,"6":0.0065085434,"7":0.0016032344,"8":0.0003455559,"9":0.0000662044}}