{"urawa-red-diamonds":{"0":0.50770196,"1":0.3441512042,"2":0.1166432875,"3":0.0263559667,"4":0.0044664185,"5":0.0006055219,"6":0.0000684099,"7":0.0000066246,"8":0.0000005613,"9":0.0000000423},"consadole-sapporo":{"0":0.2052482393,"1":0.325017793,"2":0.2573385431,"3":0.1358348726,"4":0.0537748225,"5":0.0170308639,"6":0.0044948285,"7":0.001016817,"8":0.0002012707,"9":0.0000354132}}