{"v-varen-nagasaki":{"0":0.1996656401,"1":0.3216835312,"2":0.2591339557,"3":0.1391645318,"4":0.0560523809,"5":0.0180613227,"6":0.0048497996,"7":0.0011162237,"8":0.0002247951,"9":0.0000402411},"kashiwa-reysol":{"0":0.153974582,"1":0.2880814761,"2":0.2694955744,"3":0.1680725088,"4":0.0786145605,"5":0.0294170614,"6":0.0091730621,"7":0.0024517862,"8":0.0005734016,"9":0.0001192018}}