{"sanfrecce-hiroshima":{"0":0.1965446452,"1":0.3197517362,"2":0.2600965615,"3":0.1410473891,"4":0.0573662888,"5":0.0186654492,"6":0.0050610298,"7":0.0011762308,"8":0.0002391962,"9":0.0000432378},"sagan-tosu":{"0":0.5238184263,"1":0.3387063214,"2":0.1095054759,"3":0.0236024515,"4":0.0038153963,"5":0.0004934148,"6":0.0000531745,"7":0.0000049119,"8":0.000000397,"9":0.0000000285}}