{"vissel-kobe":{"0":0.0740521966,"1":0.1927567626,"2":0.250871488,"3":0.2176715796,"4":0.1416489682,"5":0.07374203,"6":0.0319915673,"7":0.0118962246,"8":0.0038707119,"9":0.0011194895},"nagoya-grampus-eight":{"0":0.1089409646,"1":0.2415165792,"2":0.2677149878,"3":0.1978368384,"4":0.1096485528,"5":0.0486170532,"6":0.0179635892,"7":0.0056891948,"8":0.001576582,"9":0.0003883558}}