{"kawasaki-frontale":{"0":0.3231082646,"1":0.3650373221,"2":0.2062037112,"3":0.0776541063,"4":0.0219327777,"5":0.0049557893,"6":0.0009331486,"7":0.0001506059,"8":0.0000212687,"9":0.0000026699},"kashima-antlers":{"0":0.5985874351,"1":0.3071847007,"2":0.0788209331,"3":0.0134831791,"4":0.0017298335,"5":0.0001775441,"6":0.0000151854,"7":0.0000011133,"8":0.0000000714,"9":0.0000000041}}