{"vegalta-sendai":{"0":0.4199323334,"1":0.3643591988,"2":0.1580702594,"3":0.0457171695,"4":0.0099167592,"5":0.0017208784,"6":0.0002488567,"7":0.0000308462,"8":0.0000033455,"9":0.0000003225},"jubilo-iwata":{"0":0.8313156084,"1":0.1535820361,"2":0.0141868152,"3":0.0008736513,"4":0.0000403508,"5":0.0000014909,"6":0.0000000459,"7":0.0000000012,"8":0.0,"9":0.0}}