{"yokohama-fa-marinos":{"0":0.3617539318,"1":0.3678281582,"2":0.1870021887,"3":0.0633807169,"4":0.0161112363,"5":0.0032763522,"6":0.0005552276,"7":0.0000806501,"8":0.0000102505,"9":0.0000011581},"shonan-bellmare":{"0":0.3537393575,"1":0.3676041416,"2":0.1910061774,"3":0.0661642161,"4":0.0171893792,"5":0.0035726231,"6":0.0006187753,"7":0.0000918612,"8":0.0000119327,"9":0.0000013778}}