{"gamba-osaka":{"0":0.3202011234,"1":0.3646469509,"2":0.2076310624,"3":0.0788171645,"4":0.0224393644,"5":0.0051108164,"6":0.000970038,"7":0.0001578122,"8":0.0000224647,"9":0.0000028425},"cerezo-osaka":{"0":0.1782989246,"1":0.3074397277,"2":0.2650582059,"3":0.1523460724,"4":0.0656723465,"5":0.0226476838,"6":0.0065085434,"7":0.0016032344,"8":0.0003455559,"9":0.0000662044}}