{"shonan-bellmare":{"0":0.2605846324,"1":0.3504414022,"2":0.2356416325,"3":0.1056324559,"4":0.0355143602,"5":0.0095521383,"6":0.0021409965,"7":0.0004113245,"8":0.0000691451,"9":0.000010332},"gamba-osaka":{"0":0.7301420834,"1":0.2296414617,"2":0.0361129718,"3":0.0037860374,"4":0.0002976925,"5":0.0000187258,"6":0.0000009816,"7":0.0000000441,"8":0.0000000017,"9":0.0000000001}}