{"kashima-antlers":{"0":0.4637206728,"1":0.3563567732,"2":0.1369252626,"3":0.0350744515,"4":0.0067384414,"5":0.0010356619,"6":0.0001326464,"7":0.0000145622,"8":0.0000013988,"9":0.0000001194},"vissel-kobe":{"0":0.7987922513,"1":0.1794521763,"2":0.0201573585,"3":0.0015094796,"4":0.0000847778,"5":0.0000038091,"6":0.0000001426,"7":0.0000000046,"8":0.0000000001,"9":0.0}}