{"jubilo-iwata":{"0":0.3647216972,"1":0.3678658498,"2":0.1855185535,"3":0.0623726171,"4":0.015727578,"5":0.0031726321,"6":0.0005333304,"7":0.0000768469,"8":0.0000096887,"9":0.0000010858},"v-varen-nagasaki":{"0":0.6032205767,"1":0.3049113226,"2":0.0770621214,"3":0.0129842572,"4":0.0016407958,"5":0.0001658754,"6":0.0000139742,"7":0.0000010091,"8":0.0000000638,"9":0.0000000036}}