{"consadole-sapporo":{"0":0.157372774,"1":0.2910039658,"2":0.2690532356,"3":0.1658388478,"4":0.076664726,"5":0.0283527306,"6":0.0087380183,"7":0.0023082573,"8":0.0005335358,"9":0.0001096201},"yokohama-fa-marinos":{"0":0.2842035659,"1":0.3575464217,"2":0.224908233,"3":0.0943163558,"4":0.0296640151,"5":0.007463849,"6":0.0015650006,"7":0.0002812674,"8":0.0000442316,"9":0.0000061829}}