{"cerezo-osaka":{"0":0.1991308558,"1":0.3213560018,"2":0.2593010497,"3":0.1394860819,"4":0.0562754193,"5":0.0181633767,"6":0.004885322,"7":0.0011262713,"8":0.0002271961,"9":0.0000407386},"vegalta-sendai":{"0":0.3401593775,"1":0.366807808,"2":0.1977719518,"3":0.0710885357,"4":0.0191644209,"5":0.0041331562,"6":0.0007428253,"7":0.0001144313,"8":0.0000154245,"9":0.0000018481}}