{"sagan-tosu":{"0":0.6245713808,"1":0.2939792879,"2":0.0691865048,"3":0.010855124,"4":0.0012773486,"5":0.000120247,"6":0.0000094332,"7":0.0000006343,"8":0.0000000373,"9":0.000000002},"kawasaki-frontale":{"0":0.1515110417,"1":0.285915998,"2":0.2697755788,"3":0.1696975415,"4":0.0800589208,"5":0.0302157862,"6":0.0095033521,"7":0.0025619636,"8":0.0006043342,"9":0.0001267152}}