{"nagoya-grampus-eight":{"0":0.4462408047,"1":0.3600701666,"2":0.1452696879,"3":0.0390725367,"4":0.0078818738,"5":0.0012719714,"6":0.0001710582,"7":0.000019718,"8":0.0000019888,"9":0.0000001783},"shimizu-s-pulse":{"0":0.0996140945,"1":0.229755089,"2":0.2649594978,"3":0.2037054204,"4":0.1174591738,"5":0.0541827802,"6":0.0208283268,"7":0.0068627897,"8":0.0019785865,"9":0.0005070571}}