{"fc-tokyo":{"0":0.7076449403,"1":0.2447126838,"2":0.0423123902,"3":0.0048773888,"4":0.0004216659,"5":0.0000291635,"6":0.0000016809,"7":0.000000083,"8":0.0000000036,"9":0.0000000001},"sanfrecce-hiroshima":{"0":0.4204103466,"1":0.3642956674,"2":0.1578354747,"3":0.0455894105,"4":0.0098760799,"5":0.0017115721,"6":0.0002471864,"7":0.000030599,"8":0.0000033143,"9":0.0000003191}}