{"kashiwa-reysol":{"0":0.3082869919,"1":0.3627687448,"2":0.2134393692,"3":0.0837197526,"4":0.0246287634,"5":0.0057962521,"6":0.001136765,"7":0.0001910941,"8":0.0000281081,"9":0.0000036751},"urawa-red-diamonds":{"0":0.3816674325,"1":0.3676242255,"2":0.1770488647,"3":0.056844822,"4":0.0136883134,"5":0.0026369321,"6":0.000423318,"7":0.0000582489,"8":0.0000070132,"9":0.0000007506}}