{"vissel-kobe":{"0":0.5322865811,"1":0.3356456785,"2":0.1058245929,"3":0.0222433858,"4":0.003506521,"5":0.0004422237,"6":0.0000464757,"7":0.0000041866,"8":0.00000033,"9":0.0000000231},"kawasaki-frontale":{"0":0.0694834512,"1":0.1852892033,"2":0.247052271,"3":0.2196020187,"4":0.1464013458,"5":0.0780807178,"6":0.0347025412,"7":0.0132200157,"8":0.0044066719,"9":0.0013056806}}