{"urawa-red-diamonds":{"0":0.4380256945,"1":0.3615804459,"2":0.1492382987,"3":0.0410642962,"4":0.0084744153,"5":0.0013990882,"6":0.000192486,"7":0.000022699,"8":0.0000023422,"9":0.0000002148},"shonan-bellmare":{"0":0.382892886,"1":0.3675771705,"2":0.1764370419,"3":0.0564598534,"4":0.0135503648,"5":0.00260167,"6":0.0004162672,"7":0.0000570881,"8":0.0000068506,"9":0.0000007307}}