{"shimizu-s-pulse":{"0":0.7089650527,"1":0.2438478525,"2":0.041935618,"3":0.0048079052,"4":0.0004134186,"5":0.000028439,"6":0.0000016303,"7":0.0000000801,"8":0.0000000034,"9":0.0000000001},"kashiwa-reysol":{"0":0.382892886,"1":0.3675771705,"2":0.1764370419,"3":0.0564598534,"4":0.0135503648,"5":0.00260167,"6":0.0004162672,"7":0.0000570881,"8":0.0000068506,"9":0.0000007307}}