{"gamba-osaka":{"0":0.2147402113,"1":0.3303405149,"2":0.2540857512,"3":0.1302889313,"4":0.0501067224,"5":0.0154160978,"6":0.0039524981,"7":0.0008686045,"8":0.0001670247,"9":0.0000285487},"sagan-tosu":{"0":0.2835723272,"1":0.3573828198,"2":0.2252026514,"3":0.094606738,"4":0.0298079357,"5":0.0075133171,"6":0.0015781573,"7":0.0002841333,"8":0.0000447612,"9":0.000006268}}