{"fc-tokyo":{"0":0.1137710846,"1":0.2472890613,"2":0.2687496566,"3":0.1947151175,"4":0.1058065825,"5":0.0459955367,"6":0.0166623958,"7":0.0051738331,"8":0.001405709,"9":0.0003394892},"nagoya-grampus-eight":{"0":0.5580351458,"1":0.3255205017,"2":0.0949434797,"3":0.0184612322,"4":0.002692263,"5":0.0003140974,"6":0.0000305372,"7":0.0000025448,"8":0.0000001856,"9":0.000000012}}