{"v-varen-nagasaki":{"0":0.3384294965,"1":0.3666678812,"2":0.1986312312,"3":0.0717349733,"4":0.0194301257,"5":0.0042102731,"6":0.0007602627,"7":0.0001176712,"8":0.0000159362,"9":0.0000019184},"sanfrecce-hiroshima":{"0":0.1546382645,"1":0.2886580938,"2":0.2694142209,"3":0.1676355152,"4":0.0782299071,"5":0.029205832,"6":0.0090862588,"7":0.0024230024,"8":0.0005653672,"9":0.0001172613}}