{"vegalta-sendai":{"0":0.519368807,"1":0.340259819,"2":0.1114590854,"3":0.0243404736,"4":0.0039866108,"5":0.0005223585,"6":0.0000570364,"7":0.0000053381,"8":0.0000004372,"9":0.0000000318},"consadole-sapporo":{"0":0.4008028116,"1":0.3664482849,"2":0.1675192159,"3":0.0510534753,"4":0.0116693658,"5":0.0021338269,"6":0.0003251546,"7":0.0000424692,"8":0.0000048536,"9":0.0000004931}}