{"jubilo-iwata":{"0":0.3920735879,"1":0.3671007479,"2":0.1718592673,"3":0.0536376057,"4":0.0125552994,"5":0.0023511198,"6":0.0003668945,"7":0.0000490751,"8":0.0000057437,"9":0.0000005975},"cerezo-osaka":{"0":0.3856682335,"1":0.3674561225,"2":0.1750520139,"3":0.0555952229,"4":0.0132424732,"5":0.0025234268,"6":0.0004007108,"7":0.0000545412,"8":0.0000064957,"9":0.0000006877}}