{"yokohama-fa-marinos":{"0":0.1918665091,"1":0.3167630519,"2":0.2614808378,"3":0.1438977349,"4":0.0593921861,"5":0.0196107702,"6":0.0053960846,"7":0.0012726707,"8":0.0002626403,"9":0.0000481786},"kashima-antlers":{"0":0.1249302122,"1":0.2598548414,"2":0.270249035,"3":0.1873726643,"4":0.0974337854,"5":0.0405324547,"6":0.014051251,"7":0.0041752289,"8":0.0010855595,"9":0.0002508849}}