{"kashima-antlers":{"0":0.5112955637,"1":0.342980875,"2":0.1150370637,"3":0.0257225732,"4":0.0043137235,"5":0.0005787356,"6":0.0000647034,"7":0.0000062005,"8":0.0000005199,"9":0.0000000388},"v-varen-nagasaki":{"0":0.7659283384,"1":0.2042475569,"2":0.0272330076,"3":0.0024207118,"4":0.0001613808,"5":0.000008607,"6":0.0000003825,"7":0.0000000146,"8":0.0000000005,"9":0.0}}