{"shonan-bellmare":{"0":0.4013010127,"1":0.3664052724,"2":0.1672719722,"3":0.0509088611,"4":0.0116205009,"5":0.0021220045,"6":0.0003229137,"7":0.0000421192,"8":0.0000048071,"9":0.0000004877},"kashiwa-reysol":{"0":0.5367503328,"1":0.3339779848,"2":0.103904262,"3":0.0215505136,"4":0.0033523021,"5":0.0004171754,"6":0.0000432626,"7":0.0000038456,"8":0.0000002991,"9":0.0000000207}}