{"sanfrecce-hiroshima":{"0":0.2785212643,"1":0.3560228335,"2":0.2275450284,"3":0.0969539686,"4":0.0309831161,"5":0.007920901,"6":0.0016874963,"7":0.0003081515,"8":0.0000492373,"9":0.0000069931},"shimizu-s-pulse":{"0":0.418486306,"1":0.364548071,"2":0.1587809376,"3":0.0461052797,"4":0.0100407053,"5":0.001749314,"6":0.0002539745,"7":0.0000316057,"8":0.0000034415,"9":0.0000003331}}