{"vissel-kobe":{"0":0.1336644986,"1":0.2689894258,"2":0.2706601676,"3":0.1815608578,"4":0.0913442825,"5":0.0367646553,"6":0.0123310024,"7":0.0035450264,"8":0.0008917613,"9":0.0001994},"fc-tokyo":{"0":0.08300214,"1":0.2065831039,"2":0.257081196,"3":0.2132821774,"4":0.1327089104,"5":0.0660595465,"6":0.0274024785,"7":0.0097431035,"8":0.0030311878,"9":0.0008382544}}