{"gamba-osaka":{"0":0.2713494444,"1":0.3539340579,"2":0.2308265595,"3":0.1003593737,"4":0.0327258827,"5":0.0085371868,"6":0.0018559102,"7":0.0003458218,"8":0.000056384,"9":0.0000081716},"vegalta-sendai":{"0":0.3932407209,"1":0.3670246728,"2":0.1712781806,"3":0.0532865451,"4":0.0124335272,"5":0.0023209251,"6":0.0003610328,"7":0.0000481377,"8":0.0000056161,"9":0.0000005824}}