{"kawasaki-frontale":{"0":0.1240641484,"1":0.2589164835,"2":0.2701737219,"3":0.187946937,"4":0.0980592715,"5":0.0409290872,"6":0.0142362043,"7":0.0042443342,"8":0.0011072176,"9":0.0002567461},"urawa-red-diamonds":{"0":0.513417119,"1":0.3422780794,"2":0.1140926931,"3":0.0253539318,"4":0.0042256553,"5":0.0005634207,"6":0.0000626023,"7":0.0000059621,"8":0.0000004968,"9":0.0000000368}}