{"nagoya-grampus-eight":{"0":0.4088487737,"1":0.3656784062,"2":0.1635332003,"3":0.0487552398,"4":0.0109017928,"5":0.0019501344,"6":0.0002907033,"7":0.000037144,"8":0.0000041527,"9":0.0000004127},"cerezo-osaka":{"0":0.1546382645,"1":0.2886580938,"2":0.2694142209,"3":0.1676355152,"4":0.0782299071,"5":0.029205832,"6":0.0090862588,"7":0.0024230024,"8":0.0005653672,"9":0.0001172613}}