{"yokohama-fa-marinos":{"0":0.3842270062,"1":0.3675214842,"2":0.1757711446,"3":0.0560429736,"4":0.0134015807,"5":0.0025637806,"6":0.0004087187,"7":0.0000558498,"8":0.0000066777,"9":0.0000007097},"jubilo-iwata":{"0":0.1854100936,"1":0.3124503429,"2":0.2632683445,"3":0.1478853046,"4":0.0623035311,"5":0.0209985975,"6":0.0058977542,"7":0.0014198297,"8":0.0002990845,"9":0.0000560014}}