{"sagan-tosu":{"0":0.5041998263,"1":0.3452672724,"2":0.1182165117,"3":0.0269842038,"4":0.0046195784,"5":0.0006326814,"6":0.0000722082,"7":0.0000070638,"8":0.0000006046,"9":0.000000046},"consadole-sapporo":{"0":0.1598797461,"1":0.2931128678,"2":0.2686867955,"3":0.1641974861,"4":0.0752571811,"5":0.0275942998,"6":0.0084315916,"7":0.002208274,"8":0.0005060628,"9":0.0001030869}}