{"kashima-antlers":{"0":0.4504000696,"1":0.3592476746,"2":0.143271394,"3":0.0380919976,"4":0.0075957257,"5":0.0012116991,"6":0.000161079,"7":0.0000183542,"8":0.00000183,"9":0.0000001622},"urawa-red-diamonds":{"0":0.5897368741,"1":0.3114275512,"2":0.0822291465,"3":0.0144744902,"4":0.0019109179,"5":0.0002018231,"6":0.0000177631,"7":0.00000134,"8":0.0000000885,"9":0.0000000052}}