{"sanfrecce-hiroshima":{"0":0.215651649,"1":0.3308292343,"2":0.2537610604,"3":0.1297641786,"4":0.0497675117,"5":0.0152695774,"6":0.0039041533,"7":0.000855618,"8":0.0001640745,"9":0.0000279672},"vissel-kobe":{"0":0.7024360717,"1":0.2481010408,"2":0.0438147533,"3":0.0051584699,"4":0.000455494,"5":0.0000321762,"6":0.0000018941,"7":0.0000000956,"8":0.0000000042,"9":0.0000000002}}