{"shonan-bellmare":{"0":0.4028903215,"1":0.3662639287,"2":0.1664836039,"3":0.050449577,"4":0.0114658129,"5":0.0020846933,"6":0.0003158626,"7":0.0000410211,"8":0.0000046615,"9":0.0000004709},"vegalta-sendai":{"0":0.4517158322,"1":0.3589794693,"2":0.1426408487,"3":0.0377856553,"4":0.0075070838,"5":0.0011931789,"6":0.0001580369,"7":0.0000179418,"8":0.0000017823,"9":0.0000001574}}