{"sagan-tosu":{"0":0.3596128393,"1":0.3677858583,"2":0.1880723139,"3":0.0641155616,"4":0.0163931834,"5":0.0033531511,"6":0.0005715599,"7":0.0000835071,"8":0.0000106756,"9":0.0000012131},"shimizu-s-pulse":{"0":0.0491319849,"1":0.1480467094,"2":0.2230505059,"3":0.2240352763,"4":0.1687682959,"5":0.1017080459,"6":0.051078544,"7":0.0219874527,"8":0.0082816978,"9":0.0027727539}}