{"kashiwa-reysol":{"0":0.5267949594,"1":0.3376460039,"2":0.1082060695,"3":0.0231180059,"4":0.0037043361,"5":0.0004748543,"6":0.0000507258,"7":0.0000046446,"8":0.0000003721,"9":0.0000000265},"jubilo-iwata":{"0":0.5168004157,"1":0.3411391907,"2":0.1125927378,"3":0.0247740999,"4":0.0040883367,"5":0.000539741,"6":0.0000593804,"7":0.0000055996,"8":0.000000462,"9":0.0000000339}}