{"consadole-sapporo":{"0":0.0815284923,"1":0.2043758463,"2":0.2561649639,"3":0.2140516762,"4":0.1341463311,"5":0.0672556775,"6":0.0280994526,"7":0.0100628263,"8":0.00315319,"9":0.0008782695},"gamba-osaka":{"0":0.7348815296,"1":0.2263772988,"2":0.0348673081,"3":0.0035802447,"4":0.00027572,"5":0.0000169869,"6":0.0000008721,"7":0.0000000384,"8":0.0000000015,"9":0.0000000001}}