{"nagoya-grampus-eight":{"0":0.4504000696,"1":0.3592476746,"2":0.143271394,"3":0.0380919976,"4":0.0075957257,"5":0.0012116991,"6":0.000161079,"7":0.0000183542,"8":0.00000183,"9":0.0000001622},"yokohama-fa-marinos":{"0":0.2742286303,"1":0.3547951106,"2":0.2295157336,"3":0.0989819578,"4":0.0320155436,"5":0.0082842979,"6":0.0017863612,"7":0.0003301688,"8":0.0000533963,"9":0.000007676}}