{"kawasaki-frontale":{"0":0.1661867942,"1":0.2982459431,"2":0.2676224757,"3":0.1600955882,"4":0.0718286009,"5":0.0257813371,"6":0.0077113821,"7":0.0019770253,"8":0.0004435068,"9":0.0000884374},"fc-tokyo":{"0":0.3968734039,"1":0.3667657664,"2":0.1694710782,"3":0.0522048839,"4":0.0120611283,"5":0.0022292292,"6":0.0003433525,"7":0.0000453293,"8":0.0000052363,"9":0.0000005377}}