{"cerezo-osaka":{"0":0.119196233,"1":0.2535284956,"2":0.269625543,"3":0.1911630834,"4":0.101650211,"5":0.0432416771,"6":0.0153290601,"7":0.0046578097,"8":0.0012383859,"9":0.0002926697},"v-varen-nagasaki":{"0":0.3477895806,"1":0.3673206211,"2":0.1939742393,"3":0.0682891246,"4":0.0180310201,"5":0.0038087199,"6":0.0006704348,"7":0.000101155,"8":0.0000133544,"9":0.0000015672}}