{"kashiwa-reysol":{"0":0.7792424053,"1":0.1943688539,"2":0.0242410135,"3":0.0020155038,"4":0.0001256833,"5":0.0000062699,"6":0.0000002607,"7":0.0000000093,"8":0.0000000003,"9":0.0},"kawasaki-frontale":{"0":0.3587643166,"1":0.3677655719,"2":0.1884963325,"3":0.0644085437,"4":0.0165061322,"5":0.0033840529,"6":0.0005781596,"7":0.0000846665,"8":0.0000108488,"9":0.0000012357}}