{"yokohama-fa-marinos":{"0":0.1120538735,"1":0.2452607741,"2":0.268410388,"3":0.1958300279,"4":0.1071569923,"5":0.0469085201,"6":0.0171120367,"7":0.0053506295,"8":0.0014639159,"9":0.0003560204},"gamba-osaka":{"0":0.5902619013,"1":0.3111795461,"2":0.0820252075,"3":0.0144142607,"4":0.0018997597,"5":0.0002003065,"6":0.0000175999,"7":0.0000013255,"8":0.0000000873,"9":0.0000000051}}