{"urawa-red-diamonds":{"0":0.4864553697,"1":0.3505446619,"2":0.1263030153,"3":0.0303384103,"4":0.0054655414,"5":0.0007877049,"6":0.0000946047,"7":0.000009739,"8":0.0000008773,"9":0.0000000702},"sagan-tosu":{"0":0.4537760361,"1":0.3585518225,"2":0.1416551329,"3":0.0373096726,"4":0.0073700736,"5":0.001164695,"6":0.0001533809,"7":0.0000173135,"8":0.00000171,"9":0.0000001501}}