{"cerezo-osaka":{"0":0.0645455169,"1":0.1768795416,"2":0.2423589872,"3":0.2213856133,"4":0.1516704322,"5":0.0831270638,"6":0.0379666878,"7":0.0148633324,"8":0.0050914059,"9":0.0015502678},"kashima-antlers":{"0":0.3784804309,"1":0.367728146,"2":0.1786406618,"3":0.0578552143,"4":0.0140529001,"5":0.002730734,"6":0.0004421927,"7":0.0000613758,"8":0.000007454,"9":0.0000008047}}