{"vegalta-sendai":{"0":0.519565754,"1":0.3401918627,"2":0.111372336,"3":0.0243074543,"4":0.0039788988,"5":0.0005210463,"6":0.0000568602,"7":0.0000053186,"8":0.0000004353,"9":0.0000000317},"sanfrecce-hiroshima":{"0":0.2922611501,"1":0.3595126405,"2":0.2211196025,"3":0.0906669625,"4":0.0278825282,"5":0.0068597016,"6":0.0014063618,"7":0.0002471395,"8":0.000038001,"9":0.0000051939}}