{"v-varen-nagasaki":{"0":0.0676182372,"1":0.1821552513,"2":0.2453519711,"3":0.2203160557,"4":0.1483761191,"5":0.0799414193,"6":0.0358920658,"7":0.01381269,"8":0.004651212,"9":0.0013921995},"nagoya-grampus-eight":{"0":0.2148888398,"1":0.3304204741,"2":0.2540329452,"3":0.1302032658,"4":0.0500512554,"5":0.0153921065,"6":0.0039445721,"7":0.0008664728,"8":0.0001665398,"9":0.000028453}}