{"shimizu-s-pulse":{"0":0.4787354441,"1":0.3526399477,"2":0.1298785522,"3":0.0318898231,"4":0.0058725679,"5":0.0008651551,"6":0.0001062132,"7":0.0000111768,"8":0.0000010291,"9":0.0000000842},"shonan-bellmare":{"0":0.2604276719,"1":0.3503872306,"2":0.2357107646,"3":0.1057107865,"4":0.0355566187,"5":0.0095677891,"6":0.0021454652,"7":0.0004123676,"8":0.0000693515,"9":0.0000103675}}