{"fc-tokyo":{"0":0.3259702778,"1":0.3653960811,"2":0.2047951994,"3":0.076521663,"4":0.0214442218,"5":0.0048075761,"6":0.0008981747,"7":0.0001438297,"8":0.0000201532,"9":0.0000025101},"consadole-sapporo":{"0":0.2999797208,"1":0.3611877042,"2":0.2174422947,"3":0.0872697694,"4":0.0262690821,"5":0.0063258072,"6":0.0012694213,"7":0.0002183478,"8":0.0000328624,"9":0.0000043964}}