{"jubilo-iwata":{"0":0.3885581275,"1":0.3673088549,"2":0.173610826,"3":0.0547054946,"4":0.012928447,"5":0.0024442845,"6":0.0003851021,"7":0.000052006,"8":0.0000061452,"9":0.0000006455},"vissel-kobe":{"0":0.4460795121,"1":0.3601012836,"2":0.1453473326,"3":0.0391109355,"4":0.0078931545,"5":0.0012743625,"6":0.0001714566,"7":0.0000197728,"8":0.0000019952,"9":0.000000179}}