{"sanfrecce-hiroshima":{"0":0.2951225038,"1":0.3601570981,"2":0.219761512,"3":0.0893964003,"4":0.0272740537,"5":0.0066568587,"6":0.0013539659,"7":0.0002360475,"8":0.000036008,"9":0.0000048825},"cerezo-osaka":{"0":0.8599634338,"1":0.1297387356,"2":0.0097865437,"3":0.0004921503,"4":0.0000185621,"5":0.0000005601,"6":0.0000000141,"7":0.0000000003,"8":0.0,"9":0.0}}