{"vissel-kobe":{"0":0.3379799654,"1":0.3666300739,"2":0.1988544069,"3":0.0719036761,"4":0.0194997136,"5":0.0042305356,"6":0.0007648587,"7":0.0001185278,"8":0.0000160719,"9":0.0000019371},"consadole-sapporo":{"0":0.172028272,"1":0.3027863497,"2":0.2664665887,"3":0.1563356317,"4":0.0687914473,"5":0.0242159164,"6":0.0071037247,"7":0.0017861772,"8":0.0003929805,"9":0.0000768537}}