{"gamba-osaka":{"0":0.290923807,"1":0.3592018434,"2":0.2217521584,"3":0.0912653441,"4":0.0281711904,"5":0.0069565593,"6":0.0014315369,"7":0.0002525014,"8":0.0000389702,"9":0.0000053463},"urawa-red-diamonds":{"0":0.3998496543,"1":0.3665288498,"2":0.1679923895,"3":0.0513310079,"4":0.011763356,"5":0.0021566153,"6":0.0003294829,"7":0.0000431466,"8":0.0000049439,"9":0.0000005035}}