{"kashima-antlers":{"0":0.4655846105,"1":0.35592148,"2":0.1360441229,"3":0.0346668285,"4":0.0066253634,"5":0.001012967,"6":0.0001290624,"7":0.0000140947,"8":0.0000013469,"9":0.0000001144},"vegalta-sendai":{"0":0.6771693696,"1":0.2639835497,"2":0.0514548632,"3":0.0066862827,"4":0.0006516348,"5":0.0000508059,"6":0.000003301,"7":0.0000001838,"8":0.000000009,"9":0.0000000004}}