{"sagan-tosu":{"0":0.4174167262,"1":0.36468456,"2":0.1593070186,"3":0.0463939323,"4":0.0101332492,"5":0.0017706236,"6":0.0002578235,"7":0.000032179,"8":0.0000035142,"9":0.0000003411},"fc-tokyo":{"0":0.1450602963,"1":0.2800542474,"2":0.2703371753,"3":0.173971505,"4":0.0839675986,"5":0.0324216663,"6":0.0104322428,"7":0.0028772212,"8":0.0006943475,"9":0.0001489457}}