{"yokohama-fa-marinos":{"0":0.1204382536,"1":0.2549217845,"2":0.2697860285,"3":0.1903446615,"4":0.1007217378,"5":0.0426378902,"6":0.0150413548,"7":0.0045481148,"8":0.0012033277,"9":0.0002829984},"v-varen-nagasaki":{"0":0.1822490807,"1":0.3102573635,"2":0.264088113,"3":0.1498595244,"4":0.0637795,"5":0.0217154012,"6":0.0061613142,"7":0.0014984149,"8":0.0003188591,"9":0.0000603133}}