{"nagoya-grampus-eight":{"0":0.4772976422,"1":0.3530164932,"2":0.1305481459,"3":0.0321851221,"4":0.0059511497,"5":0.0008803119,"6":0.0001085153,"7":0.0000114657,"8":0.00000106,"9":0.0000000871},"kashiwa-reysol":{"0":0.291688884,"1":0.3593803971,"2":0.2213904556,"3":0.0909226625,"4":0.0280057146,"5":0.0069009862,"6":0.0014170802,"7":0.0002494198,"8":0.0000384127,"9":0.0000052586}}