{"shonan-bellmare":{"0":0.5705100522,"1":0.320184213,"2":0.0898476108,"3":0.0168082265,"4":0.0023582971,"5":0.0002647068,"6":0.00002476,"7":0.0000019851,"8":0.0000001393,"9":0.0000000087},"jubilo-iwata":{"0":0.1856905929,"1":0.3126423248,"2":0.2631937938,"3":0.1477108027,"4":0.0621741899,"5":0.0209362068,"6":0.005874956,"7":0.0014130725,"8":0.0002973941,"9":0.0000556349}}