{"kawasaki-frontale":{"0":0.1506264832,"1":0.2851287219,"2":0.2698675104,"3":0.1702820927,"4":0.0805839624,"5":0.0305083166,"6":0.0096251305,"7":0.0026028445,"8":0.0006158825,"9":0.0001295373},"shimizu-s-pulse":{"0":0.1423923072,"1":0.2775467143,"2":0.270492768,"3":0.1757454001,"4":0.0856393848,"5":0.033385132,"6":0.0108455457,"7":0.0030199721,"8":0.0007358046,"9":0.0001593564}}