{"jubilo-iwata":{"0":0.2968721036,"1":0.3605374723,"2":0.2189280626,"3":0.0886260103,"4":0.0269080501,"5":0.0065357171,"6":0.0013228878,"7":0.0002295123,"8":0.0000348415,"9":0.0000047015},"kashima-antlers":{"0":0.5070964514,"1":0.3443459011,"2":0.1169147401,"3":0.0264638094,"4":0.0044925893,"5":0.0006101422,"6":0.0000690533,"7":0.0000066987,"8":0.0000005686,"9":0.0000000429}}