{"vegalta-sendai":{"0":0.4341724879,"1":0.3622359186,"2":0.151109138,"3":0.0420241255,"4":0.0087653226,"5":0.0014626052,"6":0.0002033785,"7":0.0000242402,"8":0.000002528,"9":0.0000002343},"yokohama-fa-marinos":{"0":0.3686919852,"1":0.3678785445,"2":0.1835334492,"3":0.0610428405,"4":0.0152270406,"5":0.0030386891,"6":0.0005053308,"7":0.0000720308,"8":0.000008984,"9":0.000000996}}