{"urawa-red-diamonds":{"0":0.3579215377,"1":0.3677434362,"2":0.1889174311,"3":0.0647005353,"4":0.0166190035,"5":0.0034150107,"6":0.0005847873,"7":0.0000858335,"8":0.0000110236,"9":0.0000012585},"nagoya-grampus-eight":{"0":0.5678611307,"1":0.3213403358,"2":0.0909197741,"3":0.0171498448,"4":0.0024261816,"5":0.0002745847,"6":0.0000258969,"7":0.0000020935,"8":0.0000001481,"9":0.0000000093}}