{"sanfrecce-hiroshima":{"0":0.1640344186,"1":0.2965215744,"2":0.2680079121,"3":0.1614907585,"4":0.0729808634,"5":0.0263851949,"6":0.0079493271,"7":0.0020528331,"8":0.0004638579,"9":0.0000931674},"gamba-osaka":{"0":0.8467930459,"1":0.1408207961,"2":0.0117091754,"3":0.0006490745,"4":0.0000269851,"5":0.0000008975,"6":0.0000000249,"7":0.0000000006,"8":0.0,"9":0.0}}