{"consadole-sapporo":{"0":0.5516538328,"1":0.328142756,"2":0.0975953233,"3":0.0193510232,"4":0.0028776643,"5":0.0003423468,"6":0.00003394,"7":0.0000028841,"8":0.0000002144,"9":0.0000000142},"kawasaki-frontale":{"0":0.3055475287,"1":0.3622724078,"2":0.2147641285,"3":0.0848783584,"4":0.025159005,"5":0.0059659545,"6":0.0011789223,"7":0.0001996842,"8":0.0000295944,"9":0.0000038987}}