{"kashiwa-reysol":{"0":0.5442462273,"1":0.3310941031,"2":0.10071113,"3":0.0204226565,"4":0.0031060487,"5":0.0003779151,"6":0.0000383177,"7":0.0000033301,"8":0.0000002532,"9":0.0000000171},"fc-tokyo":{"0":0.3122058091,"1":0.3634364921,"2":0.2115368771,"3":0.0820828423,"4":0.0238880086,"5":0.0055615711,"6":0.0010790307,"7":0.0001794417,"8":0.0000261108,"9":0.0000033773}}