{"shimizu-s-pulse":{"0":0.5226149018,"1":0.339130251,"2":0.1100325754,"3":0.0238004279,"4":0.0038610864,"5":0.0005010998,"6":0.0000541948,"7":0.0000050239,"8":0.0000004075,"9":0.0000000294},"cerezo-osaka":{"0":0.4602148764,"1":0.3571551743,"2":0.1385872395,"3":0.0358507531,"4":0.0069555998,"5":0.001079595,"6":0.0001396387,"7":0.0000154812,"8":0.0000015018,"9":0.0000001295}}