{"v-varen-nagasaki":{"0":0.2731263356,"1":0.3544690457,"2":0.2300186543,"3":0.0995076664,"4":0.0322857804,"5":0.0083802316,"6":0.0018126732,"7":0.000336075,"8":0.0000545206,"9":0.000007862},"vissel-kobe":{"0":0.2333733307,"1":0.3395852278,"2":0.2470679203,"3":0.1198374807,"4":0.0435943538,"5":0.0126869669,"6":0.0030768344,"7":0.0006395929,"8":0.0001163352,"9":0.000018809}}