{"shonan-bellmare":{"0":0.3390806302,"1":0.3667215855,"2":0.1983078792,"3":0.0714911375,"4":0.0193297264,"5":0.0041810869,"6":0.000753653,"7":0.0001164413,"8":0.0000157417,"9":0.0000018917},"sagan-tosu":{"0":0.4830872909,"1":0.3514739822,"2":0.1278588388,"3":0.0310082367,"4":0.005640072,"5":0.0008206958,"6":0.0000995173,"7":0.0000103435,"8":0.0000009407,"9":0.000000076}}