{"cerezo-osaka":{"0":0.2289556862,"1":0.3375326096,"2":0.2487998102,"3":0.1222624497,"4":0.0450606451,"5":0.0132859222,"6":0.0032644104,"7":0.0006874973,"8":0.0001266909,"9":0.0000207523},"urawa-red-diamonds":{"0":0.3713997919,"1":0.367862651,"2":0.1821795986,"3":0.0601481849,"4":0.0148938363,"5":0.002950398,"6":0.0004870498,"7":0.0000689159,"8":0.0000085324,"9":0.000000939}}