{"sagan-tosu":{"0":0.3934075626,"1":0.3670135146,"2":0.1711951329,"3":0.0532365019,"4":0.0124162049,"5":0.0023166382,"6":0.0003602022,"7":0.0000480051,"8":0.0000055981,"9":0.0000005803},"vegalta-sendai":{"0":0.1942631362,"1":0.318308243,"2":0.2607806595,"3":0.1424333255,"4":0.0583457346,"5":0.0191203835,"6":0.0052215908,"7":0.0012222563,"8":0.0002503397,"9":0.0000455769}}