{"gamba-osaka":{"0":0.1697074641,"1":0.3010065862,"2":0.266944549,"3":0.1578246579,"4":0.0699825752,"5":0.0248253265,"6":0.0073386939,"7":0.0018594983,"8":0.0004122692,"9":0.0000812481},"shimizu-s-pulse":{"0":0.3771923536,"1":0.3677625447,"2":0.1792842406,"3":0.0582673782,"4":0.0142026734,"5":0.0027695213,"6":0.0004500472,"7":0.0000626851,"8":0.0000076398,"9":0.0000008276}}