{"consadole-sapporo":{"0":0.338542579,"1":0.3666772979,"2":0.198575082,"3":0.0716925817,"4":0.0194126557,"5":0.0042051905,"6":0.0007591108,"7":0.0001174567,"8":0.0000159022,"9":0.0000019138},"jubilo-iwata":{"0":0.3713997919,"1":0.367862651,"2":0.1821795986,"3":0.0601481849,"4":0.0148938363,"5":0.002950398,"6":0.0004870498,"7":0.0000689159,"8":0.0000085324,"9":0.000000939}}