{"vissel-kobe":{"0":0.0647093368,"1":0.1771644434,"2":0.2425248161,"3":0.2213321714,"4":0.1514935592,"5":0.0829533215,"6":0.0378522888,"7":0.0148048401,"8":0.0050666785,"9":0.0015413116},"shonan-bellmare":{"0":0.2386748625,"1":0.3419382724,"2":0.2449394563,"3":0.1169710873,"4":0.0418947466,"5":0.0120041274,"6":0.0028662916,"7":0.0005866288,"8":0.0001050544,"9":0.000016723}}