{"nagoya-grampus-eight":{"0":0.630844503,"1":0.2906274611,"2":0.0669454364,"3":0.0102804955,"4":0.0011840455,"5":0.000109097,"6":0.0000083768,"7":0.0000005513,"8":0.0000000317,"9":0.0000000016},"sanfrecce-hiroshima":{"0":0.1093616238,"1":0.242027689,"2":0.267815163,"3":0.1975668206,"4":0.1093085475,"5":0.0483820452,"6":0.017845679,"7":0.0056420267,"8":0.0015607928,"9":0.0003837981}}