{"kashima-antlers":{"0":0.3488828293,"1":0.3673802989,"2":0.1934292443,"3":0.0678948992,"4":0.0178736572,"5":0.0037642606,"6":0.0006606398,"7":0.0000993809,"8":0.0000130812,"9":0.0000015305},"kashiwa-reysol":{"0":0.4612525645,"1":0.3569216273,"2":0.1380946772,"3":0.0356196588,"4":0.0068907078,"5":0.0010664191,"6":0.0001375342,"7":0.0000152036,"8":0.0000014706,"9":0.0000001264}}