{"fc-tokyo":{"0":0.1926292816,"1":0.3172580686,"2":0.2612600775,"3":0.1434307164,"4":0.0590571585,"5":0.0194532834,"6":0.0053398866,"7":0.0012563897,"8":0.0002586573,"9":0.0000473339},"yokohama-fa-marinos":{"0":0.219442143,"1":0.3328205835,"2":0.2523889425,"3":0.1275966321,"4":0.0483803897,"5":0.0146753849,"6":0.0037096112,"7":0.0008037491,"8":0.0001523774,"9":0.0000256784}}