{"kawasaki-frontale":{"0":0.1317219713,"1":0.2670085836,"2":0.2706214575,"3":0.1828554779,"4":0.0926648411,"5":0.037567473,"6":0.0126919319,"7":0.003675333,"8":0.0009312659,"9":0.0002097482},"v-varen-nagasaki":{"0":0.3339129329,"1":0.3662607482,"2":0.2008711291,"3":0.0734435066,"4":0.0201395866,"5":0.0044181218,"6":0.0008076879,"7":0.0001265618,"8":0.0000173528,"9":0.0000021149}}