{"vegalta-sendai":{"0":0.4347723613,"1":0.3621361134,"2":0.150817504,"3":0.0418736099,"4":0.0087194747,"5":0.0014525471,"6":0.0002016457,"7":0.0000239939,"8":0.0000024982,"9":0.0000002312},"cerezo-osaka":{"0":0.2538125649,"1":0.348017438,"2":0.238593659,"3":0.109049965,"4":0.0373812162,"5":0.0102511198,"6":0.0023426529,"7":0.0004588786,"8":0.0000786495,"9":0.0000119823}}