{"yokohama-fa-marinos":{"0":0.0962431666,"1":0.2252934445,"2":0.2636921555,"3":0.2057569941,"4":0.1204129694,"5":0.0563743974,"6":0.0219942579,"7":0.0073551227,"8":0.00215218,"9":0.0005597766},"shimizu-s-pulse":{"0":0.085902233,"1":0.2108509356,"2":0.2587716028,"3":0.2117222205,"4":0.1299204535,"5":0.0637791317,"6":0.026091463,"7":0.0091489545,"8":0.0028070656,"9":0.0007655633}}