{"shonan-bellmare":{"0":0.6133480929,"1":0.2998184419,"2":0.073279023,"3":0.0119401488,"4":0.0014591538,"5":0.0001426535,"6":0.000011622,"7":0.0000008116,"8":0.0000000496,"9":0.0000000027},"kawasaki-frontale":{"0":0.2822738182,"1":0.3570418559,"2":0.2258071394,"3":0.0952061378,"4":0.03010603,"5":0.0076160891,"6":0.0016055702,"7":0.0002901214,"8":0.000045871,"9":0.0000064468}}