{"sanfrecce-hiroshima":{"0":0.3002544491,"1":0.3612436341,"2":0.2173106237,"3":0.0871506147,"4":0.0262132708,"5":0.0063075683,"6":0.0012647989,"7":0.0002173873,"8":0.000032693,"9":0.0000043704},"urawa-red-diamonds":{"0":0.7242448897,"1":0.2336600133,"2":0.0376923625,"3":0.0040535083,"4":0.0003269415,"5":0.0000210959,"6":0.0000011343,"7":0.0000000523,"8":0.0000000021,"9":0.0000000001}}