{"sagan-tosu":{"0":0.5739066873,"1":0.3186837615,"2":0.0884807078,"3":0.0163774387,"4":0.0022735507,"5":0.0002524953,"6":0.000023368,"7":0.0000018537,"8":0.0000001287,"9":0.0000000079},"jubilo-iwata":{"0":0.3175520319,"1":0.3642682526,"2":0.2089285322,"3":0.0798882532,"4":0.0229102253,"5":0.0052561262,"6":0.0010048956,"7":0.0001646756,"8":0.0000236127,"9":0.0000030096}}