{"gamba-osaka":{"0":0.177716783,"1":0.3070171347,"2":0.2651958904,"3":0.1527143001,"4":0.0659559357,"5":0.0227886214,"6":0.0065614674,"7":0.0016193365,"8":0.0003496885,"9":0.0000671232},"kashima-antlers":{"0":0.423020264,"1":0.3639392216,"2":0.1565548607,"3":0.0448965522,"4":0.009656521,"5":0.001661569,"6":0.000238251,"7":0.0000292823,"8":0.0000031491,"9":0.000000301}}