{"fc-tokyo":{"0":0.0621101316,"1":0.1725945003,"2":0.2398067816,"3":0.2221287176,"4":0.1543153831,"5":0.0857637418,"6":0.0397207073,"7":0.0157682478,"8":0.0054771919,"9":0.0016911415},"v-varen-nagasaki":{"0":0.3847905265,"1":0.3674965703,"2":0.1754899352,"3":0.0558675824,"4":0.0133391699,"5":0.0025479313,"6":0.0004055696,"7":0.0000553345,"8":0.0000066059,"9":0.000000701}}