{"vissel-kobe":{"0":0.0749191195,"1":0.1941413722,"2":0.2515437491,"3":0.2172789756,"4":0.1407612594,"5":0.0729522296,"6":0.0315074133,"7":0.011663802,"8":0.0037781186,"9":0.0010878237},"kashiwa-reysol":{"0":0.1443153866,"1":0.2793591142,"2":0.2703852879,"3":0.1744664847,"4":0.0844310572,"5":0.0326875545,"6":0.0105458451,"7":0.0029163091,"8":0.0007056572,"9":0.0001517754}}