{"nagoya-grampus-eight":{"0":0.0459257569,"1":0.1414848188,"2":0.217938204,"3":0.2238028605,"4":0.172369,"5":0.1062044411,"6":0.0545311866,"7":0.0239994024,"8":0.0092419574,"9":0.003163552},"consadole-sapporo":{"0":0.2382550405,"1":0.3417562657,"2":0.2451099143,"3":0.1171963299,"4":0.0420270018,"5":0.0120568204,"6":0.0028824112,"7":0.0005906528,"8":0.0001059051,"9":0.0000168791}}