{"v-varen-nagasaki":{"0":0.2247070452,"1":0.3354781238,"2":0.2504273319,"3":0.1246258083,"4":0.0465152665,"5":0.0138890655,"6":0.0034559647,"7":0.000737087,"8":0.000137555,"9":0.0000228182},"consadole-sapporo":{"0":0.308694481,"1":0.3628404888,"2":0.2132419405,"3":0.0835484216,"4":0.0245507711,"5":0.0057714111,"6":0.0011306225,"7":0.0001898482,"8":0.0000278935,"9":0.0000036429}}