{"kashiwa-reysol":{"0":0.2972956535,"1":0.3606280022,"2":0.2187259626,"3":0.0884402513,"4":0.026820129,"5":0.0065067144,"6":0.0013154713,"7":0.0002279577,"8":0.0000345649,"9":0.0000046587},"shonan-bellmare":{"0":0.2405731247,"1":0.3427520325,"2":0.2441647543,"3":0.1159563798,"4":0.0413016675,"5":0.0117687547,"6":0.002794552,"7":0.0005687836,"8":0.0001012955,"9":0.0000160354}}