{"urawa-red-diamonds":{"0":0.7213834105,"1":0.2355926455,"2":0.038470454,"3":0.0041879514,"4":0.00034193,"5":0.0000223338,"6":0.0000012156,"7":0.0000000567,"8":0.0000000023,"9":0.0000000001},"kawasaki-frontale":{"0":0.3528068011,"1":0.3675663599,"2":0.19147169,"3":0.0664939488,"4":0.0173189254,"5":0.0036086914,"6":0.00062661,"7":0.0000932606,"8":0.0000121453,"9":0.0000014059}}