{"vegalta-sendai":{"0":0.1316677621,"1":0.2669528963,"2":0.2706199592,"3":0.182891597,"4":0.0927019658,"5":0.0375901555,"6":0.0127021739,"7":0.0036790458,"8":0.000932396,"9":0.0002100453},"nagoya-grampus-eight":{"0":0.2010620371,"1":0.3225320133,"2":0.2586935384,"3":0.1383270374,"4":0.0554740449,"5":0.0177976466,"6":0.0047583247,"7":0.0010904325,"8":0.000218651,"9":0.0000389719}}