{"shimizu-s-pulse":{"0":0.2772015103,"1":0.3556524659,"2":0.2281529353,"3":0.0975742087,"4":0.0312971851,"5":0.0080309238,"6":0.0017172933,"7":0.0003147579,"8":0.0000504797,"9":0.0000071962},"sagan-tosu":{"0":0.5706450432,"1":0.3201249663,"2":0.0897931168,"3":0.0167909508,"4":0.0023548801,"5":0.0002642118,"6":0.0000247033,"7":0.0000019797,"8":0.0000001388,"9":0.0000000087}}