{"kashima-antlers":{"0":0.4839646806,"1":0.3512341481,"2":0.1274529234,"3":0.0308327038,"4":0.0055941574,"5":0.0008119845,"6":0.0000982154,"7":0.0000101827,"8":0.0000009238,"9":0.0000000745},"fc-tokyo":{"0":0.4733198653,"1":0.3540356251,"2":0.1324064687,"3":0.0330126343,"4":0.0061732295,"5":0.0009234952,"6":0.0001151266,"7":0.0000123018,"8":0.0000011502,"9":0.0000000956}}