{"cerezo-osaka":{"0":0.3309147045,"1":0.3659567938,"2":0.202354826,"3":0.0745943716,"4":0.0206233787,"5":0.0045614567,"6":0.0008407484,"7":0.0001328256,"8":0.0000183614,"9":0.0000022562},"vissel-kobe":{"0":0.3132066524,"1":0.3635991206,"2":0.2110496688,"3":0.0816686293,"4":0.0237021161,"5":0.0055031198,"6":0.0010647547,"7":0.0001765808,"8":0.0000256239,"9":0.0000033052}}