{"yokohama-fa-marinos":{"0":0.4142607051,"1":0.3650712982,"2":0.1608613261,"3":0.047253539,"4":0.0104106609,"5":0.0018348993,"6":0.0002695038,"7":0.000033929,"8":0.0000037375,"9":0.000000366},"sanfrecce-hiroshima":{"0":0.0987476007,"1":0.2286192772,"2":0.2646483232,"3":0.2042368892,"4":0.1182117076,"5":0.0547364694,"6":0.0211208711,"7":0.0069855416,"8":0.0020216054,"9":0.0005200441}}