{"jubilo-iwata":{"0":0.1716119318,"1":0.3024693868,"2":0.2665541055,"3":0.1566022751,"4":0.0690036433,"5":0.0243240542,"6":0.0071452702,"7":0.0017990969,"8":0.0003963679,"9":0.0000776229},"gamba-osaka":{"0":0.6521899958,"1":0.2787586273,"2":0.0595734163,"3":0.0084876104,"4":0.0009069422,"5":0.0000775289,"6":0.0000055229,"7":0.0000003372,"8":0.000000018,"9":0.0000000009}}