{"fc-tokyo":{"0":0.2950978064,"1":0.3601516547,"2":0.2197732608,"3":0.0894073104,"4":0.0272792529,"5":0.0066585843,"6":0.0013544098,"7":0.000236141,"8":0.0000360247,"9":0.0000048851},"vissel-kobe":{"0":0.3637300586,"1":0.3678559519,"2":0.1860143231,"3":0.0627081121,"4":0.015854857,"5":0.0032069406,"6":0.000540553,"7":0.0000780978,"8":0.000009873,"9":0.0000011094}}