{"sagan-tosu":{"0":0.4366167148,"1":0.3618240758,"2":0.1499217247,"3":0.0414133553,"4":0.0085798072,"5":0.0014220165,"6":0.0001964041,"7":0.0000232514,"8":0.0000024086,"9":0.0000002218},"cerezo-osaka":{"0":0.4100228912,"1":0.3655527468,"2":0.1629528662,"3":0.0484264571,"4":0.0107935586,"5":0.0019245828,"6":0.0002859745,"7":0.0000364226,"8":0.000004059,"9":0.0000004021}}