{"kawasaki-frontale":{"0":0.1676712813,"1":0.2994189696,"2":0.2673436939,"3":0.1591363227,"4":0.0710444171,"5":0.0253735118,"6":0.0075517909,"7":0.0019265157,"8":0.0004300344,"9":0.000085326},"yokohama-fa-marinos":{"0":0.2262977171,"1":0.336256641,"2":0.2498225127,"3":0.1237374082,"4":0.0459654717,"5":0.0136600539,"6":0.003382921,"7":0.0007180993,"8":0.0001333783,"9":0.0000220208}}