{"urawa-red-diamonds":{"0":0.2778378834,"1":0.3558318363,"2":0.2278600279,"3":0.0972747742,"4":0.0311453761,"5":0.0079776856,"6":0.0017028602,"7":0.0003115547,"8":0.0000498767,"9":0.0000070976},"v-varen-nagasaki":{"0":0.5728027111,"1":0.3191736499,"2":0.088924002,"3":0.0165165642,"4":0.0023008149,"5":0.0002564092,"6":0.0000238125,"7":0.0000018955,"8":0.000000132,"9":0.0000000082}}