{"consadole-sapporo":{"0":0.1183002792,"1":0.2525153941,"2":0.2695007346,"3":0.1917523911,"4":0.102325267,"5":0.043683253,"6":0.0155405295,"7":0.0047388162,"8":0.0012643927,"9":0.0002998759},"kashiwa-reysol":{"0":0.377145442,"1":0.3677637146,"2":0.1793076817,"3":0.0582824306,"4":0.0142081547,"5":0.0027709436,"6":0.0004503358,"7":0.0000627333,"8":0.0000076466,"9":0.0000008285}}