{"nagoya-grampus-eight":{"0":0.2675669001,"1":0.3527563615,"2":0.2325344625,"3":0.1021900329,"4":0.0336814682,"5":0.0088810329,"6":0.0019514377,"7":0.0003675354,"8":0.0000605692,"9":0.0000088726},"gamba-osaka":{"0":0.6000277132,"1":0.306481817,"2":0.0782723048,"3":0.0133266279,"4":0.0017017419,"5":0.000173843,"6":0.0000147992,"7":0.0000010799,"8":0.0000000689,"9":0.0000000039}}