{"sanfrecce-hiroshima":{"0":0.1840142517,"1":0.3114886652,"2":0.2636349839,"3":0.1487553427,"4":0.0629511067,"5":0.0213119973,"6":0.0060126191,"7":0.0014539733,"8":0.0003076502,"9":0.0000578636},"shonan-bellmare":{"0":0.3637675931,"1":0.3678563757,"2":0.1859955583,"3":0.0626953887,"4":0.0158500227,"5":0.0032056357,"6":0.0005402779,"7":0.0000780501,"8":0.0000098659,"9":0.0000011085}}