{"jubilo-iwata":{"0":0.4366167148,"1":0.3618240758,"2":0.1499217247,"3":0.0414133553,"4":0.0085798072,"5":0.0014220165,"6":0.0001964041,"7":0.0000232514,"8":0.0000024086,"9":0.0000002218},"vegalta-sendai":{"0":0.2348622237,"1":0.3402581072,"2":0.2464755244,"3":0.1190276496,"4":0.0431105119,"5":0.0124913244,"6":0.0030161473,"7":0.0006242375,"8":0.000113046,"9":0.0000181973}}