{"kashima-antlers":{"0":0.1520709529,"1":0.2864116601,"2":0.2697150163,"3":0.1693278129,"4":0.0797283424,"5":0.0300322007,"6":0.0094271482,"7":0.0025364524,"8":0.0005971469,"9":0.0001249635},"shimizu-s-pulse":{"0":0.3103206213,"1":0.3631214434,"2":0.212453143,"3":0.0828672956,"4":0.024241776,"5":0.0056732992,"6":0.0011064345,"7":0.0001849562,"8":0.0000270533,"9":0.0000035174}}