{"nagoya-grampus-eight":{"0":0.2517790224,"1":0.3472545017,"2":0.2394673071,"3":0.1100913804,"4":0.0379596035,"5":0.0104708034,"6":0.0024068947,"7":0.0004742282,"8":0.0000817572,"9":0.0000125289},"kashima-antlers":{"0":0.2565642267,"1":0.3490238804,"2":0.2374018987,"3":0.1076519682,"4":0.0366117952,"5":0.0099611633,"6":0.0022584883,"7":0.0004389134,"8":0.0000746359,"9":0.0000112814}}