{"gamba-osaka":{"0":0.5234795131,"1":0.3388259802,"2":0.1096538088,"3":0.0236580791,"4":0.0038282166,"5":0.0004955683,"6":0.00005346,"7":0.0000049432,"8":0.0000003999,"9":0.0000000288},"fc-tokyo":{"0":0.3939312224,"1":0.3669780335,"2":0.1709345051,"3":0.0530796621,"4":0.0123619739,"5":0.0023032309,"6":0.0003576069,"7":0.0000475913,"8":0.0000055419,"9":0.0000005736}}