{"sagan-tosu":{"0":0.5081068483,"1":0.3440206124,"2":0.1164619038,"3":0.0262840356,"4":0.0044489904,"5":0.0006024498,"6":0.0000679828,"7":0.0000065755,"8":0.0000005565,"9":0.0000000419},"urawa-red-diamonds":{"0":0.3005690036,"1":0.3613073633,"2":0.2171598022,"3":0.0870143346,"4":0.0261495026,"5":0.006286748,"6":0.0012595268,"7":0.0002162928,"8":0.0000325001,"9":0.0000043408}}