{"shimizu-s-pulse":{"0":0.5450653805,"1":0.3307726685,"2":0.1003646188,"3":0.0203020738,"4":0.003080076,"5":0.0003738285,"6":0.0000378096,"7":0.0000032778,"8":0.0000002486,"9":0.0000000168},"kawasaki-frontale":{"0":0.3858666736,"1":0.3674467007,"2":0.1749530176,"3":0.0555337836,"4":0.013220697,"5":0.0025179171,"6":0.00039962,"7":0.0000543634,"8":0.000006471,"9":0.0000006847}}