{"sanfrecce-hiroshima":{"0":0.1585614949,"1":0.2920088755,"2":0.2688836386,"3":0.1650598484,"4":0.0759940816,"5":0.0279903344,"6":0.0085912263,"7":0.0022602446,"8":0.0005203119,"9":0.0001064681},"v-varen-nagasaki":{"0":0.4998203758,"1":0.3466286762,"2":0.1201946189,"3":0.0277852496,"4":0.0048173127,"5":0.0006681675,"6":0.0000772298,"7":0.0000076513,"8":0.0000006633,"9":0.0000000511}}