{"shonan-bellmare":{"0":0.2616923311,"1":0.3508210162,"2":0.2351528318,"3":0.105080847,"4":0.0352174722,"5":0.0094424084,"6":0.0021097264,"7":0.0004040385,"8":0.000067706,"9":0.0000100851},"yokohama-fa-marinos":{"0":0.2216006686,"1":0.3339252403,"2":0.2515923504,"3":0.1263730183,"4":0.04760719,"5":0.0143476484,"6":0.00360336,"7":0.0007756893,"8":0.0001461087,"9":0.0000244631}}