{"vissel-kobe":{"0":0.4371311202,"1":0.361735655,"2":0.1496721213,"3":0.0412856619,"4":0.0085411992,"5":0.0014136062,"6":0.0001949651,"7":0.0000230483,"8":0.0000023841,"9":0.0000002192},"jubilo-iwata":{"0":0.3661963779,"1":0.3678755852,"2":0.1847812463,"3":0.0618761893,"4":0.0155399812,"5":0.0031222481,"6":0.0005227609,"7":0.0000750226,"8":0.0000094208,"9":0.0000010516}}