{"consadole-sapporo":{"0":0.2750136767,"1":0.3550246292,"2":0.2291567621,"3":0.0986087861,"4":0.0318243698,"5":0.008216635,"6":0.0017678562,"7":0.0003260266,"8":0.0000526099,"9":0.0000075462},"cerezo-osaka":{"0":0.5075828967,"1":0.3441895452,"2":0.1166966458,"3":0.0263771466,"4":0.0044715544,"5":0.0006064279,"6":0.000068536,"7":0.0000066391,"8":0.0000005627,"9":0.0000000424}}