{"kashiwa-reysol":{"0":0.447377973,"1":0.3598491278,"2":0.1447225864,"3":0.0388026081,"4":0.0078027337,"5":0.0012552281,"6":0.0001682741,"7":0.0000193359,"8":0.0000019441,"9":0.0000001737},"vegalta-sendai":{"0":0.240749092,"1":0.342826707,"2":0.2440926154,"3":0.1158626281,"4":0.0412470956,"5":0.0117471728,"6":0.0027879957,"7":0.000567158,"8":0.0001009541,"9":0.0000159732}}