{"gamba-osaka":{"0":0.2416261369,"1":0.3431969784,"2":0.2437322541,"3":0.1153961436,"4":0.0409761215,"5":0.0116401986,"6":0.0027555525,"7":0.0005591266,"8":0.0000992704,"9":0.0000156667},"consadole-sapporo":{"0":0.39592696,"1":0.3668364361,"2":0.1699416616,"3":0.052485096,"4":0.0121571953,"5":0.0022527904,"6":0.000347878,"7":0.0000460454,"8":0.0000053328,"9":0.000000549}}