{"cerezo-osaka":{"0":0.1488762284,"1":0.2835556197,"2":0.2700356877,"3":0.1714402574,"4":0.081632993,"5":0.0310962928,"6":0.0098712072,"7":0.0026858709,"8":0.0006394521,"9":0.0001353251},"shimizu-s-pulse":{"0":0.2400640983,"1":0.3425352942,"2":0.244373125,"3":0.1162278753,"4":0.0414599161,"5":0.0118314106,"6":0.0028136067,"7":0.0005735133,"8":0.0001022896,"9":0.0000162169}}