{"urawa-red-diamonds":{"0":0.5852711704,"1":0.3135180606,"2":0.0839726773,"3":0.0149941613,"4":0.0020080181,"5":0.000215131,"6":0.0000192069,"7":0.0000014698,"8":0.0000000984,"9":0.0000000059},"jubilo-iwata":{"0":0.6321490102,"1":0.2899225871,"2":0.0664836179,"3":0.0101637969,"4":0.0011653559,"5":0.0001068935,"6":0.0000081708,"7":0.0000005353,"8":0.0000000307,"9":0.0000000016}}