{"kawasaki-frontale":{"0":0.2493743744,"1":0.3463311312,"2":0.2404923375,"3":0.1113319194,"4":0.0386544424,"5":0.0107366579,"6":0.0024851784,"7":0.0004930594,"8":0.0000855951,"9":0.0000132083},"sagan-tosu":{"0":0.6007424085,"1":0.3061317479,"2":0.0780006919,"3":0.0132494326,"4":0.0016879414,"5":0.0001720313,"6":0.0000146109,"7":0.0000010636,"8":0.0000000678,"9":0.0000000038}}