{"vissel-kobe":{"0":0.4681905068,"1":0.3553004118,"2":0.1348151883,"3":0.03410285,"4":0.0064699927,"5":0.0009819896,"6":0.000124202,"7":0.0000134649,"8":0.0000012773,"9":0.0000001077},"sanfrecce-hiroshima":{"0":0.15305066,"1":0.2872739922,"2":0.2696046741,"3":0.1686814267,"4":0.0791531818,"5":0.0297138876,"6":0.0092954267,"7":0.0024924841,"8":0.0005847948,"9":0.0001219613}}