{"vegalta-sendai":{"0":0.2929949223,"1":0.3596805667,"2":0.2207719318,"3":0.0903398745,"4":0.0277253075,"5":0.0068071175,"6":0.0013927362,"7":0.0002442461,"8":0.0000374796,"9":0.0000051122},"shonan-bellmare":{"0":0.0576307713,"1":0.1644608531,"2":0.2346608556,"3":0.2232171207,"4":0.1592485979,"5":0.0908895011,"6":0.0432285408,"7":0.0176230325,"8":0.006286353,"9":0.0019932619}}