{"v-varen-nagasaki":{"0":0.1109214115,"1":0.243908789,"2":0.2681695832,"3":0.1965623452,"4":0.1080568732,"5":0.0475219721,"6":0.0174162747,"7":0.0054710324,"8":0.0015038045,"9":0.0003674184},"kashima-antlers":{"0":0.2048682626,"1":0.3247957113,"2":0.2574636323,"3":0.1360599287,"4":0.0539269489,"5":0.0170990289,"6":0.0045180996,"7":0.0010232773,"8":0.0002027865,"9":0.0000357217}}