{"fc-tokyo":{"0":0.0989477213,"1":0.2288822707,"2":0.2647210728,"3":0.2041143865,"4":0.1180374941,"5":0.0546080078,"6":0.0210528763,"7":0.006956964,"8":0.0020115745,"9":0.0005170112},"kashiwa-reysol":{"0":0.304513123,"1":0.3620786175,"2":0.2152631781,"3":0.0853189217,"4":0.025361926,"5":0.0060312745,"6":0.0011952389,"7":0.0002030269,"8":0.0000301759,"9":0.0000039867}}