{"yokohama-fa-marinos":{"0":0.0326340192,"1":0.1116866674,"2":0.1911182253,"3":0.2180276714,"4":0.1865444757,"5":0.1276859627,"6":0.0728320731,"7":0.035608641,"8":0.0152333766,"9":0.0057927454},"nagoya-grampus-eight":{"0":0.1664602931,"1":0.2984630521,"2":0.2675718991,"3":0.1599186693,"4":0.0716834827,"5":0.0257056751,"6":0.007681706,"7":0.0019676125,"8":0.0004409908,"9":0.0000878551}}