{"jubilo-iwata":{"0":0.215992394,"1":0.3310109541,"2":0.2536391436,"3":0.1295683509,"4":0.0496412659,"5":0.015215168,"6":0.0038862381,"7":0.0008508153,"8":0.0001629856,"9":0.000027753},"kashiwa-reysol":{"0":0.2038511158,"1":0.3241977564,"2":0.2577964434,"3":0.1366635126,"4":0.0543362297,"5":0.0172828917,"6":0.0045810188,"7":0.0010407848,"8":0.0002069035,"9":0.0000365614}}