{"nagoya-grampus-eight":{"0":0.2904782969,"1":0.3590969436,"2":0.2219625636,"3":0.0914653281,"4":0.0282679637,"5":0.0069891207,"6":0.0014400226,"7":0.0002543134,"8":0.0000392986,"9":0.000005398},"sagan-tosu":{"0":0.4631349299,"1":0.3564920184,"2":0.1372025202,"3":0.0352032782,"4":0.0067743151,"5":0.001042888,"6":0.0001337915,"7":0.000014712,"8":0.0000014155,"9":0.0000001211}}