{"vegalta-sendai":{"0":0.1215774079,"1":0.2561884145,"2":0.2699206408,"3":0.1895926285,"4":0.0998775918,"5":0.0420924945,"6":0.014782913,"7":0.0044500879,"8":0.0011721554,"9":0.0002744412},"gamba-osaka":{"0":0.3583246752,"1":0.367754272,"2":0.188716008,"3":0.0645607396,"4":0.0165649266,"5":0.0034001691,"6":0.0005816079,"7":0.0000852733,"8":0.0000109397,"9":0.0000012475}}