{"v-varen-nagasaki":{"0":0.2713190915,"1":0.3539248184,"2":0.2308403296,"3":0.1003739684,"4":0.032733449,"5":0.0085398929,"6":0.0018566577,"7":0.0003459907,"8":0.0000564164,"9":0.000008177},"cerezo-osaka":{"0":0.3264047103,"1":0.365448336,"2":0.2045811259,"3":0.0763508508,"4":0.0213709319,"5":0.0047854527,"6":0.0008929792,"7":0.0001428278,"8":0.0000199891,"9":0.0000024867}}