{"kashima-antlers":{"0":0.1735234756,"1":0.3039163696,"2":0.2661460052,"3":0.1553797978,"4":0.0680346908,"5":0.0238317682,"6":0.0069566615,"7":0.0017405988,"8":0.0003810698,"9":0.000074158},"yokohama-fa-marinos":{"0":0.3391039926,"1":0.3667234892,"2":0.1982962755,"3":0.0714824003,"4":0.0193261329,"5":0.0041800433,"6":0.0007534169,"7":0.0001163974,"8":0.0000157347,"9":0.0000018907}}