{"shimizu-s-pulse":{"0":0.413532625,"1":0.3651571104,"2":0.1612203091,"3":0.0474535249,"4":0.0104755895,"5":0.0018500286,"6":0.0002722684,"7":0.0000343454,"8":0.000003791,"9":0.0000003719},"urawa-red-diamonds":{"0":0.4026494305,"1":0.3662857558,"2":0.1666030606,"3":0.0505189903,"4":0.0114891424,"5":0.0020903093,"6":0.0003169219,"7":0.0000411858,"8":0.0000046833,"9":0.0000004734}}