{"consadole-sapporo":{"0":0.4386072368,"1":0.361478568,"2":0.1489564514,"3":0.0409208667,"4":0.0084312427,"5":0.0013897233,"6":0.0001908903,"7":0.0000224746,"8":0.0000023153,"9":0.000000212},"fc-tokyo":{"0":0.3583246752,"1":0.367754272,"2":0.188716008,"3":0.0645607396,"4":0.0165649266,"5":0.0034001691,"6":0.0005816079,"7":0.0000852733,"8":0.0000109397,"9":0.0000012475}}