{"sanfrecce-hiroshima":{"0":0.430468277,"1":0.3628338101,"2":0.1529129797,"3":0.0429625147,"4":0.0090530788,"5":0.0015261348,"6":0.0002143918,"7":0.0000258153,"8":0.0000027199,"9":0.0000002547},"kawasaki-frontale":{"0":0.3500633474,"1":0.3674408939,"2":0.1928405409,"3":0.0674711223,"4":0.0177051166,"5":0.0037168038,"6":0.0006502184,"7":0.0000974994,"8":0.0000127924,"9":0.0000014919}}