{"shonan-bellmare":{"0":0.5476831684,"1":0.3297372077,"2":0.0992605145,"3":0.0199202062,"4":0.0029982815,"5":0.0003610281,"6":0.0000362267,"7":0.0000031158,"8":0.0000002345,"9":0.0000000157},"vissel-kobe":{"0":0.3903195667,"1":0.3672085397,"2":0.1727329644,"3":0.0541684516,"4":0.0127402773,"5":0.0023971837,"6":0.0003758742,"7":0.0000505169,"8":0.0000059407,"9":0.000000621}}