{"shimizu-s-pulse":{"0":0.2201964241,"1":0.3332090006,"2":0.25211181,"3":0.127168163,"4":0.0481088381,"5":0.0145599984,"6":0.0036721172,"7":0.0007938253,"8":0.0001501556,"9":0.0000252467},"consadole-sapporo":{"0":0.2661656649,"1":0.3523065528,"2":0.2331628822,"3":0.1028742899,"4":0.0340420377,"5":0.0090118558,"6":0.00198807,"7":0.000375926,"8":0.0000621987,"9":0.0000091476}}