{"kashima-antlers":{"0":0.3241528463,"1":0.3651711885,"2":0.2056899985,"3":0.0772393456,"4":0.0217533055,"5":0.0049011943,"6":0.000920232,"7":0.0001480969,"8":0.0000208546,"9":0.0000026104},"jubilo-iwata":{"0":0.5934198343,"1":0.3096780079,"2":0.0808032215,"3":0.0140558051,"4":0.0018337665,"5":0.0001913914,"6":0.0000166464,"7":0.000001241,"8":0.000000081,"9":0.0000000047}}