{"nagoya-grampus-eight":{"0":0.270014265,"1":0.3535244086,"2":0.2314313052,"3":0.1010028307,"4":0.0330602589,"5":0.0086570304,"6":0.0018890802,"7":0.0003533337,"8":0.0000578266,"9":0.0000084124},"urawa-red-diamonds":{"0":0.2054491526,"1":0.3251349347,"2":0.257272236,"3":0.1357159676,"4":0.0536945537,"5":0.0169949352,"6":0.0044825748,"7":0.0010134184,"8":0.000200474,"9":0.0000352513}}