{"kawasaki-frontale":{"0":0.3677006419,"1":0.3678793977,"2":0.1840291202,"3":0.0613728617,"4":0.0153506744,"5":0.0030716274,"6":0.0005121868,"7":0.0000732051,"8":0.0000091551,"9":0.0000010177},"vegalta-sendai":{"0":0.3643038188,"1":0.3678620079,"2":0.1857274751,"3":0.0625138308,"4":0.0157811023,"5":0.0031870476,"6":0.0005363626,"7":0.0000773716,"8":0.0000097659,"9":0.0000010957}}