{"cerezo-osaka":{"0":0.438059265,"1":0.3615745859,"2":0.1492220249,"3":0.0410560063,"4":0.0084719179,"5":0.001398546,"6":0.0001923936,"7":0.000022686,"8":0.0000023406,"9":0.0000002147},"sanfrecce-hiroshima":{"0":0.1889796952,"1":0.3148620376,"2":0.2622982925,"3":0.1456731013,"4":0.0606770604,"5":0.0202190006,"6":0.0056145324,"7":0.0013363515,"8":0.0002783145,"9":0.0000515227}}