{"shonan-bellmare":{"0":0.6054446606,"1":0.3038073566,"2":0.076224068,"3":0.0127495454,"4":0.0015994053,"5":0.0001605138,"6":0.0000134241,"7":0.0000009623,"8":0.0000000604,"9":0.0000000034},"fc-tokyo":{"0":0.2725845122,"1":0.3543071416,"2":0.2302653764,"3":0.0997668168,"4":0.0324193912,"5":0.0084277876,"6":0.001825749,"7":0.0003390172,"8":0.0000550821,"9":0.0000079551}}