{"vissel-kobe":{"0":0.1466820241,"1":0.2815544051,"2":0.2702201702,"3":0.1728948036,"4":0.0829673811,"5":0.0318509807,"6":0.0101895966,"7":0.0027941157,"8":0.000670409,"9":0.0001429825},"yokohama-fa-marinos":{"0":0.2068992906,"1":0.3259746165,"2":0.2567902729,"3":0.1348596709,"4":0.0531186325,"5":0.0167379267,"6":0.0043951651,"7":0.0009892406,"8":0.0001948214,"9":0.0000341051}}