{"kashiwa-reysol":{"0":0.4020587629,"1":0.3663386662,"2":0.1668960246,"3":0.0506894951,"4":0.0115465224,"5":0.002104139,"6":0.0003195335,"7":0.0000415922,"8":0.0000047371,"9":0.0000004796},"v-varen-nagasaki":{"0":0.4133146111,"1":0.3651825564,"2":0.1613278311,"3":0.047513531,"4":0.0104951,"5":0.0018545812,"6":0.0002731014,"7":0.0000344711,"8":0.0000038071,"9":0.0000003737}}