{"sagan-tosu":{"0":0.2559944273,"1":0.348817905,"2":0.2376495695,"3":0.107940403,"4":0.0367698876,"5":0.0100205268,"6":0.002275661,"7":0.0004429735,"8":0.0000754494,"9":0.000011423},"gamba-osaka":{"0":0.5818247034,"1":0.3151081566,"2":0.0853290946,"3":0.0154043498,"4":0.0020856953,"5":0.0002259167,"6":0.0000203922,"7":0.0000015777,"8":0.0000001068,"9":0.0000000064}}