{"consadole-sapporo":{"0":0.4047676223,"1":0.366088898,"2":0.1655531148,"3":0.0499110716,"4":0.0112854192,"5":0.0020414018,"6":0.0003077216,"7":0.0000397595,"8":0.000004495,"9":0.0000004517},"vissel-kobe":{"0":0.3646283566,"1":0.3678650332,"2":0.1855652203,"3":0.062404139,"4":0.0157395196,"5":0.0031758467,"6":0.0005340063,"7":0.0000769638,"8":0.0000097059,"9":0.000001088}}