{"jubilo-iwata":{"0":0.1013790427,"1":0.2320453644,"2":0.2655630281,"3":0.2026147548,"4":0.1159406652,"5":0.0530750601,"6":0.0202471525,"7":0.0066204975,"8":0.0018941979,"9":0.0004817343},"nagoya-grampus-eight":{"0":0.4350374184,"1":0.3620917502,"2":0.150688688,"3":0.041807232,"4":0.0086992826,"5":0.001448123,"6":0.0002008844,"7":0.0000238858,"8":0.0000024851,"9":0.0000002298}}