{"v-varen-nagasaki":{"0":0.1859256343,"1":0.3128028677,"2":0.2631311018,"3":0.1475646675,"4":0.0620660127,"5":0.0208840775,"6":0.0058559249,"7":0.0014074368,"8":0.0002959855,"9":0.0000553298},"shonan-bellmare":{"0":0.1153108254,"1":0.2490856776,"2":0.269027971,"3":0.193711256,"4":0.1046100817,"5":0.0451941489,"6":0.0162708274,"7":0.0050210006,"8":0.001355748,"9":0.0003253982}}