{"gamba-osaka":{"0":0.4827372215,"1":0.351569229,"2":0.1280209162,"3":0.0310784783,"4":0.0056584805,"5":0.0008241948,"6":0.0001000412,"7":0.0000104083,"8":0.0000009475,"9":0.0000000767},"kawasaki-frontale":{"0":0.4218312111,"1":0.3641036177,"2":0.1571380222,"3":0.0452112289,"4":0.0097560183,"5":0.0016841815,"6":0.0002422835,"7":0.0000298753,"8":0.0000032234,"9":0.0000003091}}