{"vegalta-sendai":{"0":0.1765754997,"1":0.3061831055,"2":0.2654617834,"3":0.1534375067,"4":0.0665154174,"5":0.0230676364,"6":0.0066665728,"7":0.0016514117,"8":0.0003579449,"9":0.0000689643},"shimizu-s-pulse":{"0":0.0811790037,"1":0.2038484858,"2":0.2559418278,"3":0.2142317253,"4":0.1344892485,"5":0.0675431538,"6":0.0282679203,"7":0.0101405052,"8":0.0031829761,"9":0.0008880852}}