{"urawa-red-diamonds":{"0":0.400207424,"1":0.3664988757,"2":0.1678147603,"3":0.0512267034,"4":0.0117279991,"5":0.0021480354,"6":0.0003278519,"7":0.0000428911,"8":0.0000049098,"9":0.0000004996},"cerezo-osaka":{"0":0.6545100669,"1":0.2774260777,"2":0.0587960617,"3":0.0083072625,"4":0.0008802963,"5":0.0000746259,"6":0.0000052719,"7":0.0000003192,"8":0.0000000169,"9":0.0000000008}}