{"yokohama-fa-marinos":{"0":0.1057870778,"1":0.237632359,"2":0.2668999808,"3":0.1998482027,"4":0.1122310987,"5":0.0504215473,"6":0.0188772131,"7":0.0060577702,"8":0.0017009665,"9":0.0004245474},"kashiwa-reysol":{"0":0.089179838,"1":0.2155566129,"2":0.2605109764,"3":0.2098937194,"4":0.1268335428,"5":0.0613138788,"6":0.0247002991,"7":0.0085290143,"8":0.0025769354,"9":0.000692079}}