{"fc-tokyo":{"0":0.2064367762,"1":0.3257079114,"2":0.2569446333,"3":0.1351324142,"4":0.053301666,"5":0.0168194588,"6":0.0044228479,"7":0.0009968853,"8":0.0001966059,"9":0.0000344663},"sagan-tosu":{"0":0.6335879908,"1":0.2891419299,"2":0.065975884,"3":0.0100361721,"4":0.0011450178,"5":0.0001045072,"6":0.0000079488,"7":0.0000005182,"8":0.0000000296,"9":0.0000000015}}