{"sanfrecce-hiroshima":{"0":0.0962401074,"1":0.2252893424,"2":0.2636909349,"3":0.2057588356,"4":0.1204156822,"5":0.056376433,"6":0.0219953508,"7":0.0073555881,"8":0.0021523454,"9":0.0005598272},"kashima-antlers":{"0":0.3051867863,"1":0.3622052229,"2":0.2149382434,"3":0.0850318099,"4":0.0252296028,"5":0.0059886563,"6":0.0011845874,"7":0.0002008436,"8":0.0000297959,"9":0.0000039292}}