{"kawasaki-frontale":{"0":0.366431506,"1":0.367876588,"2":0.1846636844,"3":0.0617973119,"4":0.0155102549,"5":0.0031142844,"6":0.0005210944,"7":0.0000747356,"8":0.0000093788,"9":0.0000010462},"consadole-sapporo":{"0":0.4453694735,"1":0.3602375724,"2":0.1456892718,"3":0.0392803075,"4":0.0079429796,"5":0.0012849375,"6":0.0001732205,"7":0.0000200157,"8":0.0000020237,"9":0.0000001819}}