{"sagan-tosu":{"0":0.6356106974,"1":0.2880390731,"2":0.0652651914,"3":0.0098587208,"4":0.0011169167,"5":0.0001012304,"6":0.0000076457,"7":0.000000495,"8":0.000000028,"9":0.0000000014},"sanfrecce-hiroshima":{"0":0.2906182639,"1":0.3591299738,"2":0.2218964774,"3":0.0914024639,"4":0.0282375271,"5":0.0069788748,"6":0.0014373512,"7":0.0002537427,"8":0.0000391952,"9":0.0000053817}}