{"kashiwa-reysol":{"0":0.2658965682,"1":0.3522193273,"2":0.2332832939,"3":0.1030060741,"4":0.0341116946,"5":0.0090371968,"6":0.001995184,"7":0.0003775595,"8":0.0000625167,"9":0.0000092014},"shimizu-s-pulse":{"0":0.3074095233,"1":0.362612425,"2":0.2138641792,"3":0.0840895751,"4":0.024797479,"5":0.0058500946,"6":0.0011501037,"7":0.0001938047,"8":0.0000285759,"9":0.0000037453}}