{"yokohama-fa-marinos":{"0":0.1374083938,"1":0.2727278792,"2":0.2706548488,"3":0.1790650505,"4":0.08885198,"5":0.0352706431,"6":0.0116675159,"7":0.0033082371,"8":0.0008207727,"9":0.0001810075},"urawa-red-diamonds":{"0":0.1022659161,"1":0.2331845777,"2":0.2658512696,"3":0.202062813,"4":0.1151848375,"5":0.0525284058,"6":0.0199623599,"7":0.0065025358,"8":0.0018533681,"9":0.0004695567}}