{"vegalta-sendai":{"0":0.4141354852,"1":0.3650861479,"2":0.1609230556,"3":0.0472878889,"4":0.0104218027,"5":0.0018374932,"6":0.0002699774,"7":0.0000340003,"8":0.0000037467,"9":0.000000367},"fc-tokyo":{"0":0.1062281282,"1":0.2381811339,"2":0.2670208612,"3":0.1995683961,"4":0.1118663853,"5":0.0501646088,"6":0.0187462329,"7":0.0060045961,"8":0.0016829129,"9":0.0004192634}}