{"kashima-antlers":{"0":0.1553701046,"1":0.2892906261,"2":0.2693216517,"3":0.1671540555,"4":0.0778079244,"5":0.0289748188,"6":0.0089915877,"7":0.002391692,"8":0.0005566499,"9":0.0001151613},"shonan-bellmare":{"0":0.3045848029,"1":0.3620921595,"2":0.2152286173,"3":0.085288338,"4":0.0253478163,"5":0.0060267259,"6":0.001194101,"7":0.0002027935,"8":0.0000301353,"9":0.0000039806}}