{"cerezo-osaka":{"0":0.3193785525,"1":0.3645317157,"2":0.2080342758,"3":0.0791485954,"4":0.0225846202,"5":0.0051555186,"6":0.0009807328,"7":0.0001599124,"8":0.0000228151,"9":0.0000028934},"jubilo-iwata":{"0":0.4654601311,"1":0.3559507831,"2":0.1361029135,"3":0.0346939408,"4":0.0066328642,"5":0.0010144685,"6":0.0001292989,"7":0.0000141255,"8":0.0000013503,"9":0.0000001147}}