{"vissel-kobe":{"0":0.0970630641,"1":0.2263893439,"2":0.2640146152,"3":0.205262067,"4":0.1196880222,"5":0.0558319337,"6":0.0217036813,"7":0.0072316491,"8":0.0021083822,"9":0.0005463976},"gamba-osaka":{"0":0.5255004379,"1":0.3381092179,"2":0.1087704548,"3":0.0233277912,"4":0.0037523,"5":0.0004828492,"6":0.0000517779,"7":0.0000047592,"8":0.0000003828,"9":0.0000000274}}