{"nagoya-grampus-eight":{"0":0.097886791,"1":0.2274833875,"2":0.2643292883,"3":0.2047621248,"4":0.1189639105,"5":0.0552930852,"6":0.0214163358,"7":0.0071100511,"8":0.0020654198,"9":0.0005333244},"v-varen-nagasaki":{"0":0.3601348999,"1":0.3677973446,"2":0.18781141,"3":0.0639357992,"4":0.0163240338,"5":0.0033342707,"6":0.0005675354,"7":0.0000828015,"8":0.0000105704,"9":0.0000011995}}