{"v-varen-nagasaki":{"0":0.350332099,"1":0.3674541319,"2":0.1927064912,"3":0.0673749248,"4":0.017666947,"5":0.0037060793,"6":0.0006478682,"7":0.000097076,"8":0.0000127276,"9":0.0000014833},"vegalta-sendai":{"0":0.1274645474,"1":0.2625663897,"2":0.2704324865,"3":0.1856894933,"4":0.0956262365,"5":0.0393964223,"6":0.0135255601,"7":0.0039802188,"8":0.001024865,"9":0.0002345708}}