{"kawasaki-frontale":{"0":0.0691772767,"1":0.1847782368,"2":0.2467789889,"3":0.2197223744,"4":0.146724166,"5":0.0783824805,"6":0.0348943498,"7":0.0133150999,"8":0.0044457168,"9":0.0013194309},"nagoya-grampus-eight":{"0":0.4099422567,"1":0.3655614843,"2":0.1629927101,"3":0.0484489836,"4":0.0108009616,"5":0.0019263277,"6":0.0002862969,"7":0.0000364717,"8":0.0000040654,"9":0.0000004028}}