{"consadole-sapporo":{"0":0.0715773394,"1":0.1887477794,"2":0.2488617523,"3":0.2187475512,"4":0.1442080513,"5":0.0760546555,"6":0.0334257263,"7":0.0125918376,"8":0.0041505479,"9":0.0012160998},"kashima-antlers":{"0":0.3550322819,"1":0.3676524578,"2":0.1903606187,"3":0.0657090945,"4":0.0170112067,"5":0.0035231793,"6":0.0006080694,"7":0.0000899549,"8":0.0000116441,"9":0.0000013398}}