{"sanfrecce-hiroshima":{"0":0.3431266698,"1":0.367027364,"2":0.1962964377,"3":0.0699898613,"4":0.0187162618,"5":0.0040039908,"6":0.0007138152,"7":0.0001090766,"8":0.0000145843,"9":0.0000017334},"fc-tokyo":{"0":0.3533267095,"1":0.3675877272,"2":0.1912121749,"3":0.0663099684,"4":0.0172465949,"5":0.0035885408,"6":0.0006222303,"7":0.0000924778,"8":0.0000120263,"9":0.0000013902}}