{"shonan-bellmare":{"0":0.6245971081,"1":0.2939656696,"2":0.0691772455,"3":0.0108527214,"4":0.0012769542,"5":0.0001201993,"6":0.0000094286,"7":0.0000006339,"8":0.0000000373,"9":0.000000002},"cerezo-osaka":{"0":0.3429787594,"1":0.3670170293,"2":0.1963700318,"3":0.0700443237,"4":0.0187383758,"5":0.0040103376,"6":0.0007152349,"7":0.0001093376,"8":0.0000146251,"9":0.0000017389}}