{"jubilo-iwata":{"0":0.2306263866,"1":0.3383188197,"2":0.2481494538,"3":0.1213414642,"4":0.0445006549,"5":0.0130561028,"6":0.0031921219,"7":0.0006689576,"8":0.0001226664,"9":0.000019994},"yokohama-fa-marinos":{"0":0.1029065109,"1":0.2340026514,"2":0.2660533352,"3":0.2016626072,"4":0.1146418831,"5":0.0521376235,"6":0.019759589,"7":0.0064188583,"8":0.0018245078,"9":0.000460979}}