{"shimizu-s-pulse":{"0":0.1111625047,"1":0.2441975819,"2":0.2682220016,"3":0.1964066462,"4":0.1078646712,"5":0.0473906052,"6":0.0173509812,"7":0.0054451398,"8":0.0014952096,"9":0.0003649578},"gamba-osaka":{"0":0.4180012628,"1":0.3646103065,"2":0.1590194665,"3":0.0462360138,"4":0.0100825815,"5":0.0017589483,"6":0.0002557132,"7":0.0000318645,"8":0.0000034743,"9":0.0000003367}}