{"urawa-red-diamonds":{"0":0.4161355685,"1":0.3648444403,"2":0.1599376209,"3":0.0467414598,"4":0.0102450758,"5":0.0017964621,"6":0.0002625063,"7":0.0000328787,"8":0.0000036033,"9":0.000000351},"vissel-kobe":{"0":0.6387203524,"1":0.2863310229,"2":0.06417946,"3":0.0095903058,"4":0.0010748061,"5":0.0000963647,"6":0.0000071999,"7":0.0000004611,"8":0.0000000258,"9":0.0000000013}}