{"kashiwa-reysol":{"0":0.3853814855,"1":0.3674695567,"2":0.1751950732,"3":0.0556840934,"4":0.0132739959,"5":0.0025314083,"6":0.0004022921,"7":0.0000547992,"8":0.0000065315,"9":0.000000692},"sagan-tosu":{"0":0.7767324122,"1":0.1962487249,"2":0.02479204,"3":0.0020879804,"4":0.000131887,"5":0.0000066645,"6":0.0000002806,"7":0.0000000101,"8":0.0000000003,"9":0.0}}