{"cerezo-osaka":{"0":0.3792517543,"1":0.3677054479,"2":0.1782553342,"3":0.0576094523,"4":0.0139638836,"5":0.0027077507,"6":0.0004375522,"7":0.0000606044,"8":0.0000073449,"9":0.0000007913},"nagoya-grampus-eight":{"0":0.1903659109,"1":0.3157803459,"2":0.2619093576,"3":0.1448190438,"4":0.0600567186,"5":0.0199245036,"6":0.005508485,"7":0.0013053592,"8":0.0002706674,"9":0.0000498872}}