{"jubilo-iwata":{"0":0.182860848,"1":0.3106860316,"2":0.2639324145,"3":0.1494763466,"4":0.0634911921,"5":0.0215746856,"6":0.006109339,"7":0.0014828499,"8":0.0003149258,"9":0.000059452},"shonan-bellmare":{"0":0.036065753,"1":0.1198252738,"2":0.1990544359,"3":0.2204469179,"4":0.1831038456,"5":0.1216692657,"6":0.0673725619,"7":0.0319770538,"8":0.0132801166,"9":0.0049024458}}