{"vissel-kobe":{"0":0.1457656159,"1":0.28070891,"2":0.2702883381,"3":0.1735030681,"4":0.083531114,"5":0.0321720974,"6":0.0103259313,"7":0.0028407453,"8":0.0006838225,"9":0.0001463194},"kashima-antlers":{"0":0.216200799,"1":0.3311218317,"2":0.2535644363,"3":0.1294486746,"4":0.0495642042,"5":0.0151819884,"6":0.0038753232,"7":0.0008478917,"8":0.0001623233,"9":0.0000276229}}