{"consadole-sapporo":{"0":0.2912422793,"1":0.3592764126,"2":0.2216016524,"3":0.0911225834,"4":0.0281021998,"5":0.0069333735,"6":0.0014255013,"7":0.000251214,"8":0.0000387372,"9":0.0000053096},"sagan-tosu":{"0":0.798013478,"1":0.180055615,"2":0.0203129555,"3":0.001527736,"4":0.0000861757,"5":0.0000038888,"6":0.0000001462,"7":0.0000000047,"8":0.0000000001,"9":0.0}}