{"yokohama-fa-marinos":{"0":0.2165561063,"1":0.3313104027,"2":0.2534368225,"3":0.1292448058,"4":0.0494330885,"5":0.0151255919,"6":0.003856788,"7":0.0008429317,"8":0.0001612007,"9":0.0000274024},"vegalta-sendai":{"0":0.1217387337,"1":0.2563669281,"2":0.2699387443,"3":0.1894860262,"4":0.0997586162,"5":0.0420158962,"6":0.0147467256,"7":0.0044364008,"8":0.0011678149,"9":0.0002732529}}