{"fc-tokyo":{"0":0.1340765649,"1":0.2694059764,"2":0.2706646765,"3":0.1812861716,"4":0.0910665822,"5":0.0365968229,"6":0.012255936,"7":0.0035180564,"8":0.0008836233,"9":0.0001972782},"shimizu-s-pulse":{"0":0.3809092544,"1":0.3676513687,"2":0.1774274677,"3":0.0570839823,"4":0.0137742809,"5":0.002658971,"6":0.0004277372,"7":0.0000589785,"8":0.0000071157,"9":0.0000007631}}