{"urawa-red-diamonds":{"0":0.1495242528,"1":0.2841404402,"2":0.2699755666,"3":0.1710112237,"4":0.0812430148,"5":0.0308771662,"6":0.009779296,"7":0.0026547948,"8":0.0006306122,"9":0.00013315},"kashiwa-reysol":{"0":0.6253241896,"1":0.2935803649,"2":0.0689157977,"3":0.0107849791,"4":0.0012658466,"5":0.0001188592,"6":0.0000093004,"7":0.0000006238,"8":0.0000000366,"9":0.0000000019}}