{"gamba-osaka":{"0":0.5786681273,"1":0.3165465968,"2":0.0865796328,"3":0.0157871077,"4":0.0021589902,"5":0.0002362048,"6":0.000021535,"7":0.0000016829,"8":0.0000001151,"9":0.000000007},"sanfrecce-hiroshima":{"0":0.5187269841,"1":0.3404807606,"2":0.1117419682,"3":0.0244483074,"4":0.0040118302,"5":0.0005266551,"6":0.0000576141,"7":0.0000054024,"8":0.0000004432,"9":0.0000000323}}