{"v-varen-nagasaki":{"0":0.4577345143,"1":0.3577039261,"2":0.1397667149,"3":0.0364076418,"4":0.0071128329,"5":0.0011116873,"6":0.000144791,"7":0.0000161642,"8":0.000001579,"9":0.0000001371},"kawasaki-frontale":{"0":0.2019126012,"1":0.3230440781,"2":0.258422396,"3":0.1378184161,"4":0.0551246219,"5":0.0176390008,"6":0.0047034994,"7":0.001075032,"8":0.0002149957,"9":0.0000382196}}