{"nagoya-grampus-eight":{"0":0.2990631297,"1":0.3609992808,"2":0.2178812228,"3":0.0876681843,"4":0.0264560793,"5":0.0063870298,"6":0.0012849646,"7":0.0002215831,"8":0.0000334341,"9":0.0000044843},"fc-tokyo":{"0":0.2080906307,"1":0.3266568369,"2":0.2563899411,"3":0.1341587347,"4":0.0526499773,"5":0.0165297928,"6":0.004324694,"7":0.0009698321,"8":0.0001903031,"9":0.0000331927}}