{"vissel-kobe":{"0":0.1873387879,"1":0.3137618588,"2":0.2627499226,"3":0.1466877291,"4":0.0614194944,"5":0.0205735235,"6":0.0057428817,"7":0.0013740555,"8":0.0002876648,"9":0.0000535324},"v-varen-nagasaki":{"0":0.222171031,"1":0.3342136113,"2":0.2513800684,"3":0.1260509979,"4":0.0474048743,"5":0.0142623043,"6":0.0035758159,"7":0.0007684468,"8":0.0001444976,"9":0.0000241521}}