{"sanfrecce-hiroshima":{"0":0.0949812391,"1":0.223593045,"2":0.2631774982,"3":0.2065132677,"4":0.1215369761,"5":0.057221453,"6":0.0224506072,"7":0.0075500619,"8":0.0022216773,"9":0.0005811108},"kashiwa-reysol":{"0":0.3131039473,"1":0.3635825793,"2":0.2110996893,"3":0.0817110635,"4":0.0237211312,"5":0.0055090906,"6":0.0010662111,"7":0.0001768722,"8":0.0000256734,"9":0.0000033125}}