{"cerezo-osaka":{"0":0.153229728,"1":0.2874309277,"2":0.2695839093,"3":0.1685633594,"4":0.0790485035,"5":0.0296561052,"6":0.009271571,"7":0.0024845386,"8":0.0005825675,"9":0.0001214211},"gamba-osaka":{"0":0.5180134817,"1":0.3407254452,"2":0.112056764,"3":0.0245685953,"4":0.004040023,"5":0.0005314683,"6":0.0000582626,"7":0.0000054746,"8":0.0000004501,"9":0.0000000329}}