{"vegalta-sendai":{"0":0.2374375383,"1":0.3413997275,"2":0.2454409163,"3":0.1176357967,"4":0.0422856778,"5":0.0121600982,"6":0.0029140676,"7":0.0005985706,"8":0.0001075819,"9":0.0000171874},"urawa-red-diamonds":{"0":0.0911287745,"1":0.2182973088,"2":0.2614636007,"3":0.2087770875,"4":0.1250304215,"5":0.0599016165,"6":0.0239155374,"7":0.0081841759,"8":0.0024506304,"9":0.0006522711}}