{"sagan-tosu":{"0":0.299427682,"1":0.3610745577,"2":0.2177067186,"3":0.0875095634,"4":0.0263815595,"5":0.0063626114,"6":0.0012787601,"7":0.0002202906,"8":0.0000332056,"9":0.0000044491},"shonan-bellmare":{"0":0.3292712367,"1":0.3657786715,"2":0.2031669056,"3":0.0752309065,"4":0.020893004,"5":0.0046418966,"6":0.0008594266,"7":0.0001363877,"8":0.0000189387,"9":0.0000023376}}