{"shimizu-s-pulse":{"0":0.2752381442,"1":0.355089843,"2":0.2290540015,"3":0.0985022742,"4":0.0317699034,"5":0.0081973885,"6":0.0017626005,"7":0.000324852,"8":0.0000523872,"9":0.0000075095},"jubilo-iwata":{"0":0.3319726468,"1":0.3660671348,"2":0.2018316095,"3":0.0741867538,"4":0.0204514835,"5":0.0045103812,"6":0.0008289349,"7":0.0001305813,"8":0.000017999,"9":0.0000022053}}