{"yokohama-fa-marinos":{"0":0.064174211,"1":0.1762322565,"2":0.2419804445,"3":0.2215051761,"4":0.1520718228,"5":0.0835225242,"6":0.0382276169,"7":0.0149969882,"8":0.0051480046,"9":0.0015708014},"consadole-sapporo":{"0":0.14550293,"1":0.2804654903,"2":0.2703068977,"3":0.1736775028,"4":0.0836934108,"5":0.0322647984,"6":0.010365384,"7":0.00285427,"8":0.0006877217,"9":0.0001472916}}