{"kashima-antlers":{"0":0.3395046761,"1":0.3667558876,"2":0.1980972436,"3":0.0713326752,"4":0.0192645937,"5":0.0041621831,"6":0.0007493786,"7":0.0001156471,"8":0.0000156162,"9":0.0000018744},"kawasaki-frontale":{"0":0.4085868031,"1":0.3657059838,"2":0.1636627341,"3":0.0488288255,"4":0.010926071,"5":0.0019558779,"6":0.0002917684,"7":0.0000373068,"8":0.0000041739,"9":0.0000004151}}