{"gamba-osaka":{"0":0.2565910305,"1":0.3490335385,"2":0.2373902368,"3":0.1076384135,"4":0.0366043742,"5":0.0099583795,"6":0.0022576838,"7":0.0004387234,"8":0.0000745979,"9":0.0000112748},"yokohama-fa-marinos":{"0":0.4731455762,"1":0.3540795167,"2":0.1324880866,"3":0.0330492488,"4":0.0061831192,"5":0.0009254301,"6":0.0001154246,"7":0.0000123398,"8":0.0000011543,"9":0.000000096}}