{"kashiwa-reysol":{"0":0.1588288522,"1":0.2922336616,"2":0.2688444566,"3":0.1648848196,"4":0.0758440515,"5":0.0279095197,"6":0.0085585847,"7":0.0022495972,"8":0.0005173871,"9":0.0001057728},"nagoya-grampus-eight":{"0":0.1159484099,"1":0.2498235952,"2":0.2691361994,"3":0.1932945092,"4":0.1041185672,"5":0.0448669797,"6":0.0161118067,"7":0.0049592369,"8":0.0013356526,"9":0.0003197567}}