{"v-varen-nagasaki":{"0":0.3467765228,"1":0.3672622533,"2":0.1944790864,"3":0.0686559622,"4":0.0181779487,"5":0.0038503612,"6":0.0006796367,"7":0.0001028266,"8":0.0000136126,"9":0.0000016019},"jubilo-iwata":{"0":0.3481777977,"1":0.3673422059,"2":0.1937807309,"3":0.0681489377,"4":0.0179749982,"5":0.0037928757,"6":0.0006669405,"7":0.0001005215,"8":0.0000132568,"9":0.0000015541}}