{"shimizu-s-pulse":{"0":0.2848947425,"1":0.35772395,"2":0.2245854439,"3":0.0939991514,"4":0.0295071677,"5":0.0074100494,"6":0.0015507202,"7":0.0002781628,"8":0.0000436589,"9":0.0000060911},"sanfrecce-hiroshima":{"0":0.2278435556,"1":0.337002502,"2":0.249229534,"3":0.1228781393,"4":0.0454371425,"5":0.0134411796,"6":0.0033134659,"7":0.0007001335,"8":0.0001294456,"9":0.0000212736}}