{"urawa-red-diamonds":{"0":0.1138699989,"1":0.2474051009,"2":0.2687682643,"3":0.1946507426,"4":0.1057293121,"5":0.0459435696,"6":0.0166369158,"7":0.0051638559,"8":0.0014024373,"9":0.0003385636},"kashima-antlers":{"0":0.4052281307,"1":0.366044631,"2":0.1653249882,"3":0.0497796342,"4":0.0112415492,"5":0.0020309097,"6":0.0003057552,"7":0.0000394557,"8":0.0000044551,"9":0.0000004471}}