{"vegalta-sendai":{"0":0.2669047811,"1":0.3525447324,"2":0.232831701,"3":0.1025129504,"4":0.0338513987,"5":0.0089426141,"6":0.0019686618,"7":0.0003714762,"8":0.0000613337,"9":0.0000090015},"sagan-tosu":{"0":0.5953272243,"1":0.3087629333,"2":0.0800690319,"3":0.0138424428,"4":0.0017948252,"5":0.0001861751,"6":0.0000160931,"7":0.0000011924,"8":0.0000000773,"9":0.0000000045}}