{"fc-tokyo":{"0":0.4078391208,"1":0.3657837679,"2":0.164032529,"3":0.0490393012,"4":0.0109956227,"5":0.0019723563,"6":0.0002948286,"7":0.0000377752,"8":0.000004235,"9":0.000000422},"cerezo-osaka":{"0":0.4527691521,"1":0.3587619977,"2":0.1421366389,"3":0.0375417394,"4":0.007436764,"5":0.001178538,"6":0.0001556403,"7":0.0000176179,"8":0.000001745,"9":0.0000001536}}