{"kawasaki-frontale":{"0":0.1520640847,"1":0.2864055925,"2":0.2697157702,"3":0.1693323469,"4":0.0797323892,"5":0.0300344453,"6":0.0094280789,"7":0.0025367637,"8":0.0005972345,"9":0.0001249848},"vissel-kobe":{"0":0.6553414575,"1":0.2769465594,"2":0.0585186515,"3":0.0082433053,"4":0.0008709029,"5":0.0000736085,"6":0.0000051845,"7":0.000000313,"8":0.0000000165,"9":0.0000000008}}