{"shonan-bellmare":{"0":0.4461079818,"1":0.3600957954,"2":0.1453336268,"3":0.0391041557,"4":0.0078911624,"5":0.0012739402,"6":0.0001713862,"7":0.0000197631,"8":0.0000019941,"9":0.0000001788},"consadole-sapporo":{"0":0.418277509,"1":0.3645749306,"2":0.1588836085,"3":0.046161523,"4":0.0100587132,"5":0.0017534553,"6":0.0002547216,"7":0.0000317168,"8":0.0000034556,"9":0.0000003347}}