{"urawa-red-diamonds":{"0":0.0721482494,"1":0.1896800749,"2":0.2493375178,"3":0.2185054592,"4":0.1436144752,"5":0.0755134176,"6":0.0330878685,"7":0.0124270105,"8":0.0040838764,"9":0.0011929603},"gamba-osaka":{"0":0.5930741193,"1":0.3098432098,"2":0.0809366077,"3":0.0140947298,"4":0.0018408982,"5":0.0001923503,"6":0.0000167484,"7":0.00000125,"8":0.0000000816,"9":0.0000000047}}