{"shonan-bellmare":{"0":0.4610754662,"1":0.3569616512,"2":0.1381787037,"3":0.0356590203,"4":0.0069017459,"5":0.0010686574,"6":0.0001378913,"7":0.0000152506,"8":0.0000014759,"9":0.000000127},"shimizu-s-pulse":{"0":0.3154212746,"1":0.3639476246,"2":0.2099697834,"3":0.080757609,"4":0.0232954641,"5":0.0053758763,"6":0.0010338224,"7":0.0001704103,"8":0.0000245784,"9":0.0000031511}}