{"nagoya-grampus-eight":{"0":0.0764889251,"1":0.1966231436,"2":0.2527206426,"3":0.2165486797,"4":0.1391655135,"5":0.0715480332,"6":0.0306536735,"7":0.0112569455,"8":0.0036171511,"9":0.0010331425},"vissel-kobe":{"0":0.2275841901,"1":0.3368780933,"2":0.2493293794,"3":0.1230220282,"4":0.0455253793,"5":0.0134776524,"6":0.0033250156,"7":0.0007031149,"8":0.0001300969,"9":0.0000213971}}