{"consadole-sapporo":{"0":0.2412612277,"1":0.3430433082,"2":0.2438823519,"3":0.115590073,"4":0.0410886588,"5":0.0116845873,"6":0.0027690038,"7":0.0005624539,"8":0.0000999674,"9":0.0000157935},"vegalta-sendai":{"0":0.2402858733,"1":0.3426298563,"2":0.2442823976,"3":0.1161095346,"4":0.0413908989,"5":0.0118040712,"6":0.0028052885,"7":0.0005714477,"8":0.0001018553,"9":0.0000161376}}