{"kashima-antlers":{"0":0.382892886,"1":0.3675771705,"2":0.1764370419,"3":0.0564598534,"4":0.0135503648,"5":0.00260167,"6":0.0004162672,"7":0.0000570881,"8":0.0000068506,"9":0.0000007307},"cerezo-osaka":{"0":0.462079489,"1":0.356733844,"2":0.1377025366,"3":0.035436295,"4":0.0068393675,"5":0.0010560234,"6":0.0001358782,"7":0.0000149858,"8":0.0000014462,"9":0.0000001241}}