{"sagan-tosu":{"0":0.2326236579,"1":0.3392428345,"2":0.2473645668,"3":0.1202466644,"4":0.0438399297,"5":0.0127866462,"6":0.0031078654,"7":0.000647472,"8":0.0001180287,"9":0.000019125},"v-varen-nagasaki":{"0":0.7497122268,"1":0.2159664851,"2":0.0311062839,"3":0.002986886,"4":0.000215105,"5":0.0000123929,"6":0.000000595,"7":0.0000000245,"8":0.0000000009,"9":0.0}}