{"kawasaki-frontale":{"0":0.0402251986,"1":0.129254088,"2":0.2076636019,"3":0.2224258293,"4":0.1786780968,"5":0.1148278952,"6":0.0614953453,"7":0.0282286621,"8":0.0113382597,"9":0.0040480883},"kashiwa-reysol":{"0":0.4436683023,"1":0.3605594964,"2":0.1465093965,"3":0.0396883242,"4":0.0080634576,"5":0.001310599,"6":0.0001775158,"7":0.000020609,"8":0.0000020936,"9":0.000000189}}