{"jubilo-iwata":{"0":0.4220416768,"1":0.364074763,"2":0.1570347674,"3":0.0451554107,"4":0.0097383424,"5":0.0016801586,"6":0.0002415651,"7":0.0000297695,"8":0.0000032101,"9":0.0000003077},"sanfrecce-hiroshima":{"0":0.1714915724,"1":0.3023775682,"2":0.2665792624,"3":0.1566793982,"4":0.0690651073,"5":0.0243554116,"6":0.0071573295,"7":0.0018028507,"8":0.0003973531,"9":0.0000778468}}