{"yokohama-fa-marinos":{"0":0.2686042616,"1":0.3530846342,"2":0.2320677233,"3":0.1016855884,"4":0.0334168365,"5":0.0087853941,"6":0.001924757,"7":0.0003614463,"8":0.0000593909,"9":0.0000086745},"fc-tokyo":{"0":0.1962710735,"1":0.319580053,"2":0.2601794764,"3":0.1412131521,"4":0.0574828804,"5":0.0187193983,"6":0.0050800034,"7":0.0011816513,"8":0.0002405042,"9":0.0000435115}}