{"sanfrecce-hiroshima":{"0":0.2130836514,"1":0.3294423391,"2":0.2546705345,"3":0.1312461969,"4":0.050728967,"5":0.0156861115,"6":0.0040419723,"7":0.0008927391,"8":0.0001725297,"9":0.0000296381},"vegalta-sendai":{"0":0.2333170215,"1":0.3395595938,"2":0.2470902401,"3":0.119868182,"4":0.0436127537,"5":0.0126944265,"6":0.0030791541,"7":0.0006401813,"8":0.0001164615,"9":0.0000188326}}