{"consadole-sapporo":{"0":0.2657489396,"1":0.352171359,"2":0.2333493151,"3":0.1030784237,"4":0.0341499656,"5":0.0090511291,"6":0.0019990976,"7":0.0003784587,"8":0.0000626918,"9":0.000009231},"urawa-red-diamonds":{"0":0.2409861363,"1":0.3429270971,"2":0.2439953512,"3":0.1157364192,"4":0.0411736904,"5":0.011718163,"6":0.0027791887,"7":0.0005649757,"8":0.0001004962,"9":0.0000158897}}