{"v-varen-nagasaki":{"0":0.3407086239,"1":0.3668503933,"2":0.1974989795,"3":0.0708842035,"4":0.0190807453,"5":0.0041089532,"6":0.0007373706,"7":0.000113421,"8":0.0000152654,"9":0.0000018263},"yokohama-fa-marinos":{"0":0.1062109527,"1":0.2381597977,"2":0.2670161965,"3":0.1995793017,"4":0.1118805662,"5":0.0501745862,"6":0.0187513136,"7":0.0060066566,"8":0.0016836118,"9":0.0004194678}}