{"gamba-osaka":{"0":0.2757137606,"1":0.3552274174,"2":0.2288360904,"3":0.0982768666,"4":0.0316547834,"5":0.0081567543,"6":0.0017515162,"7":0.0003223771,"8":0.0000519185,"9":0.0000074324},"shonan-bellmare":{"0":0.378992791,"1":0.3677132436,"2":0.1783846985,"3":0.0576918767,"4":0.0139937141,"5":0.0027154469,"6":0.000439105,"7":0.0000608623,"8":0.0000073814,"9":0.0000007957}}