{"fc-tokyo":{"0":0.4616098476,"1":0.3568406749,"2":0.1379252067,"3":0.035540348,"4":0.0068684853,"5":0.0010619162,"6":0.0001368164,"7":0.0000151091,"8":0.00000146,"9":0.0000001254},"jubilo-iwata":{"0":0.7394476046,"1":0.2232036288,"2":0.0336872143,"3":0.003389516,"4":0.0002557829,"5":0.0000154417,"6":0.0000007769,"7":0.0000000335,"8":0.0000000013,"9":0.0}}