{"kashiwa-reysol":{"0":0.29019777,"1":0.3590305402,"2":0.2220949679,"3":0.0915914186,"4":0.0283290569,"5":0.0070097,"6":0.0014453915,"7":0.0002554611,"8":0.0000395068,"9":0.0000054308},"kashima-antlers":{"0":0.068483506,"1":0.1836153979,"2":0.246151346,"3":0.2199905739,"4":0.1474576111,"5":0.0790715591,"6":0.0353339479,"7":0.0135337215,"8":0.0045357631,"9":0.0013512352}}