{"cerezo-osaka":{"0":0.6083826603,"1":0.302336505,"2":0.0751232474,"3":0.0124441965,"4":0.0015460397,"5":0.0001536613,"6":0.000012727,"7":0.0000009035,"8":0.0000000561,"9":0.0000000031},"kawasaki-frontale":{"0":0.378992791,"1":0.3677132436,"2":0.1783846985,"3":0.0576918767,"4":0.0139937141,"5":0.0027154469,"6":0.000439105,"7":0.0000608623,"8":0.0000073814,"9":0.0000007957}}