{"vissel-kobe":{"0":0.4413016169,"1":0.3609965048,"2":0.1476523896,"3":0.0402611989,"4":0.0082336839,"5":0.0013470747,"6":0.0001836572,"7":0.0000214624,"8":0.0000021946,"9":0.0000001995},"sagan-tosu":{"0":0.4221334163,"1":0.3640621527,"2":0.1569897643,"3":0.0451310963,"4":0.0097306464,"5":0.0016784078,"6":0.0002412526,"7":0.0000297235,"8":0.0000032043,"9":0.0000003071}}