{"shimizu-s-pulse":{"0":0.0983615119,"1":0.2281107419,"2":0.2645064599,"3":0.2044728122,"4":0.1185485156,"5":0.0549853074,"6":0.0212527899,"7":0.0070410666,"8":0.0020411222,"9":0.0005259531},"nagoya-grampus-eight":{"0":0.1634723999,"1":0.2960666797,"2":0.2681048267,"3":0.1618558768,"4":0.0732847442,"5":0.0265453629,"6":0.008012767,"7":0.0020731445,"8":0.0004693369,"9":0.0000944468}}