{"cerezo-osaka":{"0":0.2783971925,"1":0.3559882815,"2":0.2276022532,"3":0.0970121553,"4":0.0310125168,"5":0.007931181,"6":0.0016902754,"7":0.0003087666,"8":0.0000493527,"9":0.000007012},"kashiwa-reysol":{"0":0.3440324136,"1":0.3670892597,"2":0.1958456809,"3":0.069657047,"4":0.0185813551,"5":0.0039653333,"6":0.0007051813,"7":0.0001074917,"8":0.000014337,"9":0.0000016998}}