{"shonan-bellmare":{"0":0.5748475278,"1":0.3182645881,"2":0.088103665,"3":0.0162595444,"4":0.002250526,"5":0.0002492009,"6":0.000022995,"7":0.0000018187,"8":0.0000001259,"9":0.0000000077},"urawa-red-diamonds":{"0":0.3002544491,"1":0.3612436341,"2":0.2173106237,"3":0.0871506147,"4":0.0262132708,"5":0.0063075683,"6":0.0012647989,"7":0.0002173873,"8":0.000032693,"9":0.0000043704}}