{"shimizu-s-pulse":{"0":0.067389141,"1":0.1817668018,"2":0.2451371968,"3":0.2204005156,"4":0.148620001,"5":0.0801736953,"6":0.0360417024,"7":0.0138877504,"8":0.004682379,"9":0.0014032941},"vissel-kobe":{"0":0.3357898231,"1":0.3664373069,"2":0.1999409909,"3":0.0727298578,"4":0.0198419751,"5":0.0043305898,"6":0.0007876403,"7":0.0001227897,"8":0.0000167496,"9":0.0000020309}}