{"fc-tokyo":{"0":0.566744549,"1":0.3218239696,"2":0.0913733247,"3":0.0172953442,"4":0.0024552756,"5":0.000278844,"6":0.0000263901,"7":0.0000021408,"8":0.000000152,"9":0.0000000096},"kawasaki-frontale":{"0":0.502831578,"1":0.3456967099,"2":0.118833244,"3":0.0272326184,"4":0.0046806063,"5":0.0006435834,"6":0.0000737439,"7":0.0000072427,"8":0.0000006224,"9":0.0000000475}}