{"sanfrecce-hiroshima":{"0":0.2328238873,"1":0.3393345201,"2":0.2472854437,"3":0.1201372825,"4":0.0437742102,"5":0.0127599455,"6":0.0030995459,"7":0.0006453578,"8":0.0001175739,"9":0.0000190401},"nagoya-grampus-eight":{"0":0.1177856433,"1":0.2519304037,"2":0.2694255706,"3":0.1920904531,"4":0.102715034,"5":0.043939209,"6":0.0156635143,"7":0.0047860738,"8":0.00127961,"9":0.0003041048}}