{"vegalta-sendai":{"0":0.112129339,"1":0.2453504602,"2":0.2684259485,"3":0.1957811416,"4":0.1070972897,"5":0.0468679644,"6":0.0170919831,"7":0.0053427153,"8":0.0014613009,"9":0.0003552751},"kashima-antlers":{"0":0.0260117648,"1":0.0949222974,"2":0.1731955252,"3":0.2106754034,"4":0.192199505,"5":0.1402751308,"6":0.085315483,"7":0.0444762575,"8":0.0202878801,"9":0.0082260734}}