{"sagan-tosu":{"0":0.4226402132,"1":0.3639921305,"2":0.1567412032,"3":0.0449969523,"4":0.0096882265,"5":0.0016687661,"6":0.000239533,"7":0.0000294706,"8":0.0000031726,"9":0.0000003036},"yokohama-fa-marinos":{"0":0.6900220357,"1":0.2560200807,"2":0.0474957888,"3":0.0058741485,"4":0.0005448739,"5":0.0000404331,"6":0.0000025003,"7":0.0000001325,"8":0.0000000061,"9":0.0000000003}}