{"jubilo-iwata":{"0":0.0539145991,"1":0.1574497142,"2":0.22990445,"3":0.223800792,"4":0.1633943835,"5":0.0954338877,"6":0.0464501223,"7":0.0193786857,"8":0.0070740777,"9":0.0022954235},"consadole-sapporo":{"0":0.0846366615,"1":0.2090007356,"2":0.2580519286,"3":0.2124100909,"4":0.1311307194,"5":0.0647625185,"6":0.0266539617,"7":0.0094027095,"8":0.002902367,"9":0.0007963411}}