{"gamba-osaka":{"0":0.2181573436,"1":0.332153002,"2":0.2528579027,"3":0.1283286489,"4":0.0488463341,"5":0.014874087,"6":0.0037743955,"7":0.0008209519,"8":0.0001562414,"9":0.0000264315},"v-varen-nagasaki":{"0":0.5971272734,"1":0.3078937504,"2":0.0793788575,"3":0.0136432411,"4":0.0017586991,"5":0.0001813658,"6":0.0000155861,"7":0.0000011481,"8":0.000000074,"9":0.0000000042}}