{"kashiwa-reysol":{"0":0.2154901831,"1":0.3307429364,"2":0.2538187318,"3":0.129857041,"4":0.0498274428,"5":0.0152954297,"6":0.0039126727,"7":0.0008579038,"8":0.0001645931,"9":0.0000280693},"gamba-osaka":{"0":0.1691010917,"1":0.300536364,"2":0.2670654138,"3":0.1582147649,"4":0.0702971366,"5":0.0249872376,"6":0.0074014637,"7":0.0018791878,"8":0.0004174753,"9":0.0000824402}}