{"yokohama-fa-marinos":{"0":0.2610652419,"1":0.3506066866,"2":0.235429749,"3":0.1053928686,"4":0.0353852587,"5":0.0095043739,"6":0.0021273718,"7":0.0004081469,"8":0.0000685169,"9":0.0000102241},"cerezo-osaka":{"0":0.2397510452,"1":0.3424014635,"2":0.2445010451,"3":0.1163950653,"4":0.0415575255,"5":0.011870111,"6":0.0028253915,"7":0.0005764421,"8":0.000102906,"9":0.0000163295}}