{"nagoya-grampus-eight":{"0":0.1532146402,"1":0.2874177128,"2":0.269585666,"3":0.1685733065,"4":0.0790573181,"5":0.0296609691,"6":0.0092735784,"7":0.002485207,"8":0.0005827548,"9":0.0001214665},"shonan-bellmare":{"0":0.1598244148,"1":0.2930667488,"2":0.2686952409,"3":0.1642336493,"4":0.0752879679,"5":0.0276108003,"6":0.0084382263,"7":0.0022104289,"8":0.0005066523,"9":0.0001032264}}