{"consadole-sapporo":{"0":0.3641765413,"1":0.3678607425,"2":0.1857911075,"3":0.0625568893,"4":0.0157974369,"5":0.0031914504,"6":0.0005372895,"7":0.0000775321,"8":0.0000097896,"9":0.0000010987},"sanfrecce-hiroshima":{"0":0.3715072439,"1":0.3678616121,"2":0.1821258776,"3":0.060112887,"4":0.0148807485,"5":0.0029469445,"6":0.0004863376,"7":0.000068795,"8":0.000008515,"9":0.0000009368}}