{"urawa-red-diamonds":{"0":0.1995716577,"1":0.3216260754,"2":0.2591633842,"3":0.1392210082,"4":0.0560915149,"5":0.0180792143,"6":0.0048560225,"7":0.0011179826,"8":0.0002252151,"9":0.0000403281},"fc-tokyo":{"0":0.4289934607,"1":0.3630630015,"2":0.1536325785,"3":0.043340447,"4":0.0091699025,"5":0.0015521226,"6":0.0002189304,"7":0.0000264691,"8":0.0000028001,"9":0.0000002633}}