{"kashima-antlers":{"0":0.2873490964,"1":0.3583408281,"2":0.2234357977,"3":0.0928790912,"4":0.0289563904,"5":0.0072220564,"6":0.0015010532,"7":0.0002674142,"8":0.0000416851,"9":0.000005776},"sagan-tosu":{"0":0.6832864405,"1":0.2602235743,"2":0.0495519189,"3":0.0062904695,"4":0.0005989174,"5":0.0000456185,"6":0.0000028956,"7":0.0000001575,"8":0.0000000075,"9":0.0000000003}}