{"vissel-kobe":{"0":0.5309319242,"1":0.3361443998,"2":0.1064101181,"3":0.0224568434,"4":0.0035544774,"5":0.0004500832,"6":0.0000474929,"7":0.0000042955,"8":0.0000003399,"9":0.0000000239},"vegalta-sendai":{"0":0.2809803882,"1":0.3566962872,"2":0.2264076901,"3":0.095805954,"4":0.0304057058,"5":0.0077198287,"6":0.001633349,"7":0.0002962126,"8":0.0000470041,"9":0.00000663}}