{"kawasaki-frontale":{"0":0.0643430493,"1":0.1765268521,"2":0.2421530364,"3":0.22145108,"4":0.1518892191,"5":0.0833424155,"6":0.0381086857,"7":0.0149360263,"8":0.0051221727,"9":0.001561424},"jubilo-iwata":{"0":0.8442870626,"1":0.1429063252,"2":0.0120943567,"3":0.0006823746,"4":0.0000288751,"5":0.0000009775,"6":0.0000000276,"7":0.0000000007,"8":0.0,"9":0.0}}