{"v-varen-nagasaki":{"0":0.5623870462,"1":0.3236902844,"2":0.0931523947,"3":0.0178717518,"4":0.0025715886,"5":0.0002960233,"6":0.0000283968,"7":0.0000023349,"8":0.000000168,"9":0.0000000107},"shimizu-s-pulse":{"0":0.1960954622,"1":0.3194696451,"2":0.260232575,"3":0.1413196196,"4":0.0575578448,"5":0.018754115,"6":0.0050922226,"7":0.0011851447,"8":0.0002413479,"9":0.0000436881}}