{"kawasaki-frontale":{"0":0.1633761611,"1":0.2959885911,"2":0.2681212652,"3":0.1619184321,"4":0.0733369058,"5":0.0265728945,"6":0.0080236855,"7":0.0020766444,"8":0.0004702821,"9":0.0000946678},"albirex-niigata":{"0":0.2100520336,"1":0.3277651932,"2":0.2557224037,"3":0.1330097463,"4":0.051887102,"5":0.0161929268,"6":0.0042112405,"7":0.0009387457,"8":0.0001831023,"9":0.0000317459}}