{"cerezo-osaka":{"0":0.4469985179,"1":0.3599232066,"2":0.144905083,"3":0.0388925243,"4":0.0078290651,"5":0.0012607926,"6":0.0001691984,"7":0.0000194626,"8":0.0000019589,"9":0.0000001753},"gamba-osaka":{"0":0.3966577418,"1":0.3667820683,"2":0.1695782932,"3":0.0522686358,"4":0.0120829599,"5":0.0022345779,"6":0.0003443788,"7":0.0000454915,"8":0.0000052581,"9":0.0000005402}}