{"avispa-fukuoka":{"0":0.5069273903,"1":0.3444001324,"2":0.1169905725,"3":0.0264939775,"4":0.0044999193,"5":0.0006114378,"6":0.0000692339,"7":0.0000067195,"8":0.0000005706,"9":0.0000000431},"omiya-ardija":{"0":0.3395014968,"1":0.3667556324,"2":0.198098823,"3":0.0713338623,"4":0.0192650813,"5":0.0041623246,"6":0.0007494105,"7":0.000115653,"8":0.0000156172,"9":0.0000018745}}