{"gamba-osaka":{"0":0.3877601033,"1":0.3673516768,"2":0.174008689,"3":0.0549501123,"4":0.0130145003,"5":0.0024659053,"6":0.0003893535,"7":0.0000526945,"8":0.0000062401,"9":0.0000006569},"oita-trinita":{"0":1.0,"1":0.0,"2":0.0,"3":0.0,"4":0.0,"5":0.0,"6":0.0,"7":0.0,"8":0.0,"9":0.0}}