{"yokohama-fa-marinos":{"0":0.0033992158,"1":0.0193218581,"2":0.0549147547,"3":0.1040490089,"4":0.1478591179,"5":0.1680924708,"6":0.1592454987,"7":0.1293121343,"8":0.0918796744,"9":0.058029268},"cerezo-osaka":{"0":0.3468636453,"1":0.3672673891,"2":0.1944356766,"3":0.0686243564,"4":0.0181652708,"5":0.0038467632,"6":0.0006788406,"7":0.0001026818,"8":0.0000135902,"9":0.0000015989}}