{"jef-united":{"0":0.3877601033,"1":0.3673516768,"2":0.174008689,"3":0.0549501123,"4":0.0130145003,"5":0.0024659053,"6":0.0003893535,"7":0.0000526945,"8":0.0000062401,"9":0.0000006569},"avispa-fukuoka":{"0":0.3468636453,"1":0.3672673891,"2":0.1944356766,"3":0.0686243564,"4":0.0181652708,"5":0.0038467632,"6":0.0006788406,"7":0.0001026818,"8":0.0000135902,"9":0.0000015989}}