{"nagoya-grampus-eight":{"0":0.014077776,"1":0.0600157819,"2":0.1279283773,"3":0.1817929572,"4":0.1937530201,"5":0.1651999435,"6":0.1173789072,"7":0.0714864021,"8":0.0380947275,"9":0.0180448709},"kashima-antlers":{"0":0.0144755521,"1":0.0613082205,"2":0.1298291728,"3":0.1832882439,"4":0.1940699053,"5":0.1643886257,"6":0.1160390299,"7":0.0702084887,"8":0.0371691999,"9":0.0174913882}}