{"sanfrecce-hiroshima":{"0":0.241459715,"1":0.3431269634,"2":0.2438007371,"3":0.1154845597,"4":0.0410274094,"5":0.0116604216,"6":0.0027616788,"7":0.0005606416,"8":0.0000995876,"9":0.0000157244},"urawa-red-diamonds":{"0":0.1203143884,"1":0.2547834107,"2":0.2697706702,"3":0.1904263554,"4":0.1008139529,"5":0.0426976742,"6":0.0150697673,"7":0.0045589212,"8":0.0012067733,"9":0.0002839467}}