{"jubilo-iwata":{"0":0.1503578977,"1":0.2848886483,"2":0.2698945089,"3":0.1704596898,"4":0.0807440636,"5":0.0305977504,"6":0.0096624475,"7":0.0026153993,"8":0.0006194367,"9":0.0001304077},"kyoto-sanga":{"0":0.5889513098,"1":0.3117977522,"2":0.0825346991,"3":0.0145649469,"4":0.0019277136,"5":0.0002041108,"6":0.0000180098,"7":0.0000013621,"8":0.0000000901,"9":0.0000000053}}