{"ventforet-kofu":{"0":1.0,"1":0.0,"2":0.0,"3":0.0,"4":0.0,"5":0.0,"6":0.0,"7":0.0,"8":0.0,"9":0.0},"kawasaki-frontale":{"0":0.0006041037,"1":0.0044774744,"2":0.0165929933,"3":0.0409944541,"4":0.0759603121,"5":0.112599992,"6":0.1390941078,"7":0.1472761141,"8":0.1364469881,"9":0.1123681078}}