{"omiya-ardija":{"0":0.0000115547,"1":0.0001313583,"2":0.0007466684,"3":0.0028294803,"4":0.0080416808,"5":0.0182842426,"6":0.034643828,"7":0.0562636605,"8":0.0799536228,"9":0.1009940499},"albirex-niigata":{"0":1.0,"1":0.0,"2":0.0,"3":0.0,"4":0.0,"5":0.0,"6":0.0,"7":0.0,"8":0.0,"9":0.0}}