{"urawa-red-diamonds":{"0":0.0063297154,"1":0.0320441844,"2":0.0811118416,"3":0.1368762328,"4":0.1732339821,"5":0.1753994069,"6":0.1479932495,"7":0.1070308323,"8":0.0677304485,"9":0.0380983773},"cerezo-osaka":{"0":0.4300946406,"1":0.362892353,"2":0.1530952114,"3":0.0430580282,"4":0.0090825528,"5":0.0015326808,"6":0.0002155332,"7":0.0000259795,"8":0.00000274,"9":0.0000002569}}