{"gamba-osaka":{"0":0.5333531902,"1":0.3352505767,"2":0.105364467,"3":0.0220763645,"4":0.003469143,"5":0.0004361208,"6":0.0000456888,"7":0.0000041027,"8":0.0000003224,"9":0.0000000225},"omiya-ardija":{"0":0.3093341071,"1":0.362952019,"2":0.2129318512,"3":0.0832800129,"4":0.0244288038,"5":0.005732626,"6":0.0011210469,"7":0.0001879088,"8":0.00002756,"9":0.000003593}}