{"shimizu-s-pulse":{"0":0.0111089965,"1":0.0499904844,"2":0.1124785899,"3":0.1687178849,"4":0.1898076205,"5":0.1708268585,"6":0.1281201439,"7":0.0823629496,"8":0.0463291592,"9":0.0231645796},"jef-united":{"0":1.0,"1":0.0,"2":0.0,"3":0.0,"4":0.0,"5":0.0,"6":0.0,"7":0.0,"8":0.0,"9":0.0}}