{"kawasaki-frontale":{"0":0.0011708796,"1":0.0079034374,"2":0.0266741014,"3":0.0600167281,"4":0.1012782286,"5":0.1367256086,"6":0.1538163097,"7":0.1483228701,"8":0.1251474216,"9":0.0938605662},"fc-tokyo":{"0":1.0,"1":0.0,"2":0.0,"3":0.0,"4":0.0,"5":0.0,"6":0.0,"7":0.0,"8":0.0,"9":0.0}}