{"kyoto-sanga":{"0":0.3246524674,"1":0.3652340258,"2":0.2054441395,"3":0.0770415523,"4":0.0216679366,"5":0.0048752857,"6":0.0009141161,"7":0.0001469115,"8":0.0000206594,"9":0.0000025824},"sanfrecce-hiroshima":{"0":0.0194968961,"1":0.0767690284,"2":0.1511390247,"3":0.1983699699,"4":0.1952704392,"5":0.1537754708,"6":0.1009151527,"7":0.0567647734,"8":0.0279389119,"9":0.012223274}}