{"oita-trinita":{"0":1.0,"1":0.0,"2":0.0,"3":0.0,"4":0.0,"5":0.0,"6":0.0,"7":0.0,"8":0.0,"9":0.0},"yokohama-fa-marinos":{"0":0.1849813999,"1":0.3121561123,"2":0.2633817198,"3":0.1481522174,"4":0.0625017167,"5":0.0210943294,"6":0.0059327801,"7":0.0014302238,"8":0.0003016878,"9":0.0000565665}}