{"albirex-niigata":{"0":0.0342181183,"1":0.1154861493,"2":0.1948828769,"3":0.2192432366,"4":0.1849864809,"5":0.1248658746,"6":0.0702370544,"7":0.0338642941,"8":0.0142864991,"9":0.0053574372},"jubilo-iwata":{"0":1.0,"1":0.0,"2":0.0,"3":0.0,"4":0.0,"5":0.0,"6":0.0,"7":0.0,"8":0.0,"9":0.0}}