{"yokohama-fa-marinos":{"0":0.1298121769,"1":0.2650331944,"2":0.2705547193,"3":0.1841275173,"4":0.0939817536,"5":0.0383758827,"6":0.0130584601,"7":0.0038087175,"8":0.0009720165,"9":0.0002205037},"urawa-red-diamonds":{"0":0.2326236579,"1":0.3392428345,"2":0.2473645668,"3":0.1202466644,"4":0.0438399297,"5":0.0127866462,"6":0.0031078654,"7":0.000647472,"8":0.0001180287,"9":0.000019125}}