{"jef-united":{"0":0.1737739435,"1":0.304104401,"2":0.2660913509,"3":0.1552199547,"4":0.0679087302,"5":0.0237680556,"6":0.0069323495,"7":0.0017330874,"8":0.0003791129,"9":0.0000737164},"kashima-antlers":{"0":0.0969719679,"1":0.226267925,"2":0.2639792459,"3":0.2053171912,"4":0.1197683615,"5":0.0558919021,"6":0.0217357397,"7":0.0072452466,"8":0.0021131969,"9":0.0005478659}}