{"nagoya-grampus-eight":{"0":0.2491485728,"1":0.3462432373,"2":0.2405881318,"3":0.111448914,"4":0.0387203028,"5":0.0107619665,"6":0.0024926614,"7":0.0004948666,"8":0.0000859649,"9":0.000013274},"oita-trinita":{"0":0.4117561624,"1":0.3653611019,"2":0.1620968269,"3":0.0479441319,"4":0.010635494,"5":0.0018874257,"6":0.0002791263,"7":0.0000353822,"8":0.0000039244,"9":0.0000003869}}