{"sanfrecce-hiroshima":{"0":0.3114032239,"1":0.3633037612,"2":0.2119271941,"3":0.082416131,"4":0.0240380382,"5":0.0056088756,"6":0.0010906147,"7":0.0001817691,"8":0.000026508,"9":0.0000034362},"gamba-osaka":{"0":0.0000008315,"1":0.0000116414,"2":0.0000814898,"3":0.0003802858,"4":0.0013310003,"5":0.0037268008,"6":0.0086958686,"7":0.0173917373,"8":0.0304355403,"9":0.0473441737}}