{"jubilo-iwata":{"0":0.4168620197,"1":0.3647542672,"2":0.1595799919,"3":0.0465441643,"4":0.0101815359,"5":0.0017817688,"6":0.0002598413,"7":0.0000324802,"8":0.0000035525,"9":0.0000003454},"kawasaki-frontale":{"0":0.1298121769,"1":0.2650331944,"2":0.2705547193,"3":0.1841275173,"4":0.0939817536,"5":0.0383758827,"6":0.0130584601,"7":0.0038087175,"8":0.0009720165,"9":0.0002205037}}