{"fc-tokyo":{"0":0.2135001706,"1":0.3296693811,"2":0.2545241546,"3":0.1310050795,"4":0.0505718138,"5":0.015617766,"6":0.004019278,"7":0.0008866054,"8":0.0001711279,"9":0.0000293602},"kyoto-sanga":{"0":0.743955061,"1":0.2200430462,"2":0.0325415773,"3":0.0032083245,"4":0.0002372353,"5":0.0000140336,"6":0.0000006918,"7":0.0000000292,"8":0.0000000011,"9":0.0}}