{"ventforet-kofu":{"0":0.6456485264,"1":0.2824712303,"2":0.0617905816,"3":0.0090111265,"4":0.000985592,"5":0.0000862393,"6":0.0000062883,"7":0.000000393,"8":0.0000000215,"9":0.000000001},"avispa-fukuoka":{"0":0.4168620197,"1":0.3647542672,"2":0.1595799919,"3":0.0465441643,"4":0.0101815359,"5":0.0017817688,"6":0.0002598413,"7":0.0000324802,"8":0.0000035525,"9":0.0000003454}}