{"cerezo-osaka":{"0":0.1298121769,"1":0.2650331944,"2":0.2705547193,"3":0.1841275173,"4":0.0939817536,"5":0.0383758827,"6":0.0130584601,"7":0.0038087175,"8":0.0009720165,"9":0.0002205037},"albirex-niigata":{"0":0.0301973834,"1":0.105690842,"2":0.1849589735,"3":0.215785469,"4":0.1888122854,"5":0.1321685998,"6":0.0770983499,"7":0.0385491749,"8":0.016865264,"9":0.0065587138}}