{"omiya-ardija":{"0":1.0,"1":0.0,"2":0.0,"3":0.0,"4":0.0,"5":0.0,"6":0.0,"7":0.0,"8":0.0,"9":0.0},"shimizu-s-pulse":{"0":0.1737739435,"1":0.304104401,"2":0.2660913509,"3":0.1552199547,"4":0.0679087302,"5":0.0237680556,"6":0.0069323495,"7":0.0017330874,"8":0.0003791129,"9":0.0000737164}}