{"kashima-antlers":{"0":0.1578430891,"1":0.2914026261,"2":0.2689870395,"3":0.1655304858,"4":0.0763986858,"5":0.0282087455,"6":0.008679614,"7":0.002289129,"8":0.0005282605,"9":0.0001083611},"omiya-ardija":{"0":0.3145455104,"1":0.3638116747,"2":0.2103971131,"3":0.0811169593,"4":0.0234555063,"5":0.0054258521,"6":0.0010459474,"7":0.0001728244,"8":0.0000249867,"9":0.0000032111}}