{"shimizu-s-pulse":{"0":0.3966672408,"1":0.3667813528,"2":0.1695735706,"3":0.0522658266,"4":0.0120819976,"5":0.002234342,"6":0.0003443335,"7":0.0000454844,"8":0.0000052572,"9":0.0000005401},"gamba-osaka":{"0":0.0696359944,"1":0.1855432746,"2":0.2471875862,"3":0.2195416062,"4":0.1462407081,"5":0.0779309036,"6":0.0346074737,"7":0.0131729575,"8":0.0043873748,"9":0.0012988939}}