{"yokohama-fa-marinos":{"0":0.037340706,"1":0.122763965,"2":0.2018037781,"3":0.2211548254,"4":0.1817710893,"5":0.1195207163,"6":0.0654908034,"7":0.0307588901,"8":0.0126406398,"9":0.0046175853},"fc-tokyo":{"0":0.3727519458,"1":0.3678473149,"2":0.1815036093,"3":0.0597051347,"4":0.0147298852,"5":0.0029072142,"6":0.0004781602,"7":0.0000674098,"8":0.0000083154,"9":0.0000009118}}