{"cerezo-osaka":{"0":0.0458586343,"1":0.1413451059,"2":0.2178263618,"3":0.2237942073,"4":0.1724441666,"5":0.1063011986,"6":0.0546067801,"7":0.0240440813,"8":0.0092635587,"9":0.0031724516},"ventforet-kofu":{"0":0.0446655561,"1":0.1388452319,"2":0.2158038556,"3":0.2236125477,"4":0.1737778434,"5":0.1080395145,"6":0.0559744195,"7":0.0248570613,"8":0.0096586854,"9":0.0033360591}}