{"kyoto-sanga":{"0":0.1937811904,"1":0.3179999022,"2":0.2609229967,"3":0.1427271093,"4":0.0585547115,"5":0.0192179566,"6":0.0052561933,"7":0.0012322211,"8":0.0002527633,"9":0.0000460879},"avispa-fukuoka":{"0":0.0311207799,"1":0.1079853569,"2":0.187348089,"3":0.2166917656,"4":0.1879735798,"5":0.1304491349,"6":0.0754404636,"7":0.037395617,"8":0.0162197857,"9":0.0062534114}}