{"kawasaki-frontale":{"0":0.0021252918,"1":0.013078719,"2":0.0402422122,"3":0.0825481276,"4":0.1269971193,"5":0.1563041468,"6":0.1603119455,"7":0.1409335784,"8":0.108410445,"9":0.0741268},"jef-united":{"0":0.3145455104,"1":0.3638116747,"2":0.2103971131,"3":0.0811169593,"4":0.0234555063,"5":0.0054258521,"6":0.0010459474,"7":0.0001728244,"8":0.0000249867,"9":0.0000032111}}