{"oita-trinita":{"0":0.3972947132,"1":0.3667335814,"2":0.169261653,"3":0.0520805086,"4":0.0120185789,"5":0.0022188146,"6":0.0003413561,"7":0.000045014,"8":0.0000051939,"9":0.0000005327},"jubilo-iwata":{"0":0.2722036392,"1":0.3541926872,"2":0.2304386157,"3":0.0999492791,"4":0.0325136209,"5":0.008461376,"6":0.0018349972,"7":0.000341101,"8":0.0000554803,"9":0.0000080212}}