{"albirex-niigata":{"0":0.3972947132,"1":0.3667335814,"2":0.169261653,"3":0.0520805086,"4":0.0120185789,"5":0.0022188146,"6":0.0003413561,"7":0.000045014,"8":0.0000051939,"9":0.0000005327},"sanfrecce-hiroshima":{"0":0.4200128892,"1":0.3643485304,"2":0.1580306879,"3":0.0456956206,"4":0.0099098936,"5":0.0017193068,"6":0.0002485745,"7":0.0000308044,"8":0.0000033402,"9":0.000000322}}