{"shimizu-s-pulse":{"0":0.3467928062,"1":0.3672632149,"2":0.1944709731,"3":0.0686500542,"4":0.0181755786,"5":0.0038496885,"6":0.0006794878,"7":0.0001027995,"8":0.0000136084,"9":0.0000016013},"oita-trinita":{"0":0.1335604199,"1":0.2688840136,"2":0.2706588256,"3":0.181630235,"4":0.0914145572,"5":0.0368071815,"6":0.0123500444,"7":0.0035518751,"8":0.00089383,"9":0.00019994}}