{"nagoya-grampus-eight":{"0":0.2310511235,"1":0.3385167623,"2":0.2479832096,"3":0.1211080791,"4":0.0443593546,"5":0.0129983225,"6":0.003174009,"7":0.0006643275,"8":0.0001216646,"9":0.0000198059},"kyoto-sanga":{"0":0.3678794412,"1":0.3678794412,"2":0.1839397206,"3":0.0613132402,"4":0.01532831,"5":0.003065662,"6":0.0005109437,"7":0.000072992,"8":0.000009124,"9":0.0000010138}}