{"jef-united":{"0":0.0811360497,"1":0.2037835668,"2":0.2559142466,"3":0.2142537879,"4":0.1345314482,"5":0.0675785879,"6":0.0282887112,"7":0.0101501024,"8":0.00318666,"9":0.0008893005},"cerezo-osaka":{"0":0.3678794412,"1":0.3678794412,"2":0.1839397206,"3":0.0613132402,"4":0.01532831,"5":0.003065662,"6":0.0005109437,"7":0.000072992,"8":0.000009124,"9":0.0000010138}}