{"gamba-osaka":{"0":0.3511605938,"1":0.3674936447,"2":0.1922931862,"3":0.0670790184,"4":0.0175497432,"5":0.0036732021,"6":0.0006406748,"7":0.0000957819,"8":0.0000125296,"9":0.0000014569},"kashima-antlers":{"0":0.1888756028,"1":0.3147926714,"2":0.2623272262,"3":0.1457373479,"4":0.0607238949,"5":0.0202412983,"6":0.0056225829,"7":0.0013387102,"8":0.000278898,"9":0.0000516478}}