{"sanfrecce-hiroshima":{"0":0.2477465981,"1":0.3456929275,"2":0.2411811122,"3":0.1121772615,"4":0.0391316028,"5":0.0109204473,"6":0.0025396389,"7":0.0005062403,"8":0.0000882977,"9":0.0000136896},"kawasaki-frontale":{"0":0.001360368,"1":0.008978429,"2":0.0296288159,"3":0.0651833949,"4":0.1075526016,"5":0.1419694341,"6":0.1561663775,"7":0.1472425845,"8":0.1214751322,"9":0.0890817636}}