{"avispa-fukuoka":{"0":0.7278150368,"1":0.2312329023,"2":0.03673231,"3":0.0038900537,"4":0.0003089756,"5":0.0000196328,"6":0.0000010396,"7":0.0000000472,"8":0.0000000019,"9":0.0000000001},"urawa-red-diamonds":{"0":0.1997754974,"1":0.321750636,"2":0.2590995221,"3":0.1390985333,"4":0.0560066702,"5":0.0180404324,"6":0.0048425363,"7":0.0011141715,"8":0.0002243052,"9":0.0000401397}}