{"ventforet-kofu":{"0":0.2477465981,"1":0.3456929275,"2":0.2411811122,"3":0.1121772615,"4":0.0391316028,"5":0.0109204473,"6":0.0025396389,"7":0.0005062403,"8":0.0000882977,"9":0.0000136896},"albirex-niigata":{"0":0.5488116361,"1":0.3292869817,"2":0.0987860945,"3":0.0197572189,"4":0.0029635828,"5":0.0003556299,"6":0.000035563,"7":0.0000030483,"8":0.0000002286,"9":0.0000000152}}