{"fc-tokyo":{"0":0.3274961205,"1":0.3655770647,"2":0.2040430129,"3":0.0759229815,"4":0.0211878088,"5":0.0047303015,"6":0.0008800561,"7":0.0001403412,"8":0.0000195825,"9":0.0000024288},"jubilo-iwata":{"0":0.513417119,"1":0.3422780794,"2":0.1140926931,"3":0.0253539318,"4":0.0042256553,"5":0.0005634207,"6":0.0000626023,"7":0.0000059621,"8":0.0000004968,"9":0.0000000368}}