{"omiya-ardija":{"0":0.5337076954,"1":0.3351187855,"2":0.1052117117,"3":0.0220210559,"4":0.0034567937,"5":0.000434109,"6":0.00004543,"7":0.0000040751,"8":0.0000003198,"9":0.0000000223},"yokohama-fa-marinos":{"0":0.1353352832,"1":0.2706705665,"2":0.2706705665,"3":0.1804470443,"4":0.0902235222,"5":0.0360894089,"6":0.012029803,"7":0.0034370866,"8":0.0008592716,"9":0.0001909493}}