{"kashima-antlers":{"0":0.7046880897,"1":0.2466408314,"2":0.0431621455,"3":0.0050355836,"4":0.0004406136,"5":0.0000308429,"6":0.0000017992,"7":0.00000009,"8":0.0000000039,"9":0.0000000002},"shimizu-s-pulse":{"0":0.3608050567,"1":0.3678109801,"2":0.1874764704,"3":0.0637055968,"4":0.0162356497,"5":0.003310181,"6":0.0005624094,"7":0.0000819043,"8":0.0000104368,"9":0.0000011822}}