{"yokohama-fa-marinos":{"0":0.1510718088,"1":0.2855257187,"2":0.2698218042,"3":0.1699877366,"4":0.0803192056,"5":0.0303606597,"6":0.0095636078,"7":0.0025821741,"8":0.0006100386,"9":0.0001281081},"gamba-osaka":{"0":0.0254789435,"1":0.093505249,"2":0.1715775928,"3":0.2098910359,"4":0.192569931,"5":0.1413425901,"6":0.0864522639,"7":0.0453244878,"8":0.0207920587,"9":0.0084783152}}