{"urawa-red-diamonds":{"0":0.0804596067,"1":0.202758209,"2":0.2554753434,"3":0.2145992884,"4":0.1351975517,"5":0.0681395661,"6":0.0286186177,"7":0.0103027024,"8":0.0032453513,"9":0.0009086984},"kyoto-sanga":{"0":0.815557382,"1":0.1662786895,"2":0.0169507402,"3":0.0011519921,"4":0.000058718,"5":0.0000023943,"6":0.0000000814,"7":0.0000000024,"8":0.0000000001,"9":0.0}}