{"jubilo-iwata":{"0":0.4472678257,"1":0.3598706644,"2":0.1447755546,"3":0.0388286928,"4":0.0078103692,"5":0.001256841,"6":0.0001685419,"7":0.0000193726,"8":0.0000019484,"9":0.0000001742},"sanfrecce-hiroshima":{"0":0.3356729575,"1":0.3664266203,"2":0.1999989351,"3":0.0727741414,"4":0.0198603895,"5":0.0043359915,"6":0.0007888743,"7":0.0001230213,"8":0.0000167865,"9":0.0000020361}}