{"cerezo-osaka":{"0":0.1510718088,"1":0.2855257187,"2":0.2698218042,"3":0.1699877366,"4":0.0803192056,"5":0.0303606597,"6":0.0095636078,"7":0.0025821741,"8":0.0006100386,"9":0.0001281081},"avispa-fukuoka":{"0":0.07819546,"1":0.1992845461,"2":0.2539426862,"3":0.2157280101,"4":0.1374480647,"5":0.0700584796,"6":0.0297578493,"7":0.0108341684,"8":0.003451419,"9":0.0009773436}}