{"kawasaki-frontale":{"0":0.0178993925,"1":0.0720090503,"2":0.1448457907,"3":0.1942376504,"4":0.1953539587,"5":0.1571813461,"6":0.1053897915,"7":0.0605688457,"8":0.0304584712,"9":0.0136148977},"omiya-ardija":{"0":0.4409986564,"1":0.3610515315,"2":0.1477988726,"3":0.040334975,"4":0.0082556966,"5":0.00135181,"6":0.0001844575,"7":0.000021574,"8":0.0000022079,"9":0.0000002008}}