{"fc-tokyo":{"0":0.0763444455,"1":0.1963960861,"2":0.2526144658,"3":0.2166169044,"4":0.1393117467,"5":0.0716758937,"6":0.0307310394,"7":0.011293657,"8":0.0036316166,"9":0.0010380371},"jef-united":{"0":0.3995262822,"1":0.3665556667,"2":0.1681529636,"3":0.0514254209,"4":0.0117953939,"5":0.0021643975,"6":0.0003309637,"7":0.0000433787,"8":0.0000049749,"9":0.0000005071}}