{"oita-trinita":{"0":0.2299254852,"1":0.3379904632,"2":0.2484229905,"3":0.1217272653,"4":0.04473477,"5":0.0131520224,"6":0.0032222455,"7":0.0006766716,"8":0.0001243384,"9":0.0000203086},"ventforet-kofu":{"0":0.1301802889,"1":0.265416123,"2":0.2705698342,"3":0.1838824116,"4":0.0937264719,"5":0.0382185614,"6":0.0129868898,"7":0.0037825893,"8":0.0009640094,"9":0.000218384}}