{"albirex-niigata":{"0":0.6570468198,"1":0.2759596643,"2":0.0579515295,"3":0.0081132141,"4":0.0008518875,"5":0.0000715585,"6":0.0000050091,"7":0.0000003005,"8":0.0000000158,"9":0.0000000007},"nagoya-grampus-eight":{"0":0.815557382,"1":0.1662786895,"2":0.0169507402,"3":0.0011519921,"4":0.000058718,"5":0.0000023943,"6":0.0000000814,"7":0.0000000024,"8":0.0000000001,"9":0.0}}