{"gamba-osaka":{"0":0.2286849845,"1":0.3374040755,"2":0.2489046458,"3":0.1224121209,"4":0.0451520118,"5":0.0133235445,"6":0.0032762814,"7":0.0006905511,"8":0.0001273557,"9":0.000020878},"fc-tokyo":{"0":0.457211728,"1":0.3578178741,"2":0.1400156899,"3":0.0365258321,"4":0.0071463585,"5":0.0011185605,"6":0.0001458992,"7":0.0000163117,"8":0.0000015957,"9":0.0000001388}}