{"jef-united":{"0":0.2124220189,"1":0.3290800129,"2":0.2549021411,"3":0.1316297942,"4":0.0509795719,"5":0.01579531,"6":0.0040782973,"7":0.000902574,"8":0.0001747812,"9":0.0000300853},"jubilo-iwata":{"0":0.2444619387,"1":0.3443724702,"2":0.2425580007,"3":0.1138968003,"4":0.0401114819,"5":0.011300974,"6":0.0026532722,"7":0.0005339504,"8":0.0000940217,"9":0.0000147164}}