{"shimizu-s-pulse":{"0":0.3693902376,"1":0.3678763432,"2":0.1831843266,"3":0.0608111904,"4":0.0151404911,"5":0.003015688,"6":0.0005005548,"7":0.0000712148,"8":0.0000088654,"9":0.000000981},"urawa-red-diamonds":{"0":0.1208695422,"1":0.255402598,"2":0.269838397,"3":0.1900600883,"4":0.1004013075,"5":0.0424304656,"6":0.0149429031,"7":0.0045107149,"8":0.0011914171,"9":0.000279724}}