{"nagoya-grampus-eight":{"0":0.4782101886,"1":0.352778008,"2":0.1301230357,"3":0.0319974678,"4":0.0059011723,"5":0.0008706648,"6":0.0001070489,"7":0.0000112815,"8":0.0000010403,"9":0.0000000853},"kawasaki-frontale":{"0":0.0597616395,"1":0.1683719234,"2":0.2371847964,"3":0.222747461,"4":0.1568916899,"5":0.0884050566,"6":0.0415119396,"7":0.0167079111,"8":0.0058840904,"9":0.0018419761}}