{"sanfrecce-hiroshima":{"0":0.0876480225,"1":0.2133726449,"2":0.2597199817,"3":0.2107563786,"4":0.128267714,"5":0.0624516575,"6":0.0253389922,"7":0.0088122725,"8":0.0026816034,"9":0.0007253517},"cerezo-osaka":{"0":0.1117708654,"1":0.2449239833,"2":0.2683514948,"3":0.1960132658,"4":0.1073811804,"5":0.0470609695,"6":0.0171874845,"7":0.0053804299,"8":0.0014737699,"9":0.0003588309}}