{"avispa-fukuoka":{"0":0.6002938958,"1":0.306351536,"2":0.0781710961,"3":0.0132978393,"4":0.0016965913,"5":0.0001731663,"6":0.0000147288,"7":0.0000010738,"8":0.0000000685,"9":0.0000000039},"albirex-niigata":{"0":0.3249825664,"1":0.3652751204,"2":0.2052816479,"3":0.0769110781,"4":0.0216117003,"5":0.0048582399,"6":0.0009100971,"7":0.0001461335,"8":0.0000205315,"9":0.0000025641}}