{"kyoto-sanga":{"0":0.307178008,"1":0.3625707635,"2":0.2139761883,"3":0.0841873528,"4":0.0248421697,"5":0.005864381,"6":0.0011536487,"7":0.0001945262,"8":0.0000287006,"9":0.000003764},"kashima-antlers":{"0":0.073630521,"1":0.1920796199,"2":0.2505386347,"3":0.2178596823,"4":0.1420824015,"5":0.0741299486,"6":0.0322304124,"7":0.0120113338,"8":0.0039167393,"9":0.0011352868}}