{"ventforet-kofu":{"0":0.7362382154,"1":0.225437283,"2":0.0345146228,"3":0.0035228103,"4":0.0002696725,"5":0.0000165148,"6":0.0000008428,"7":0.0000000369,"8":0.0000000014,"9":0.0},"yokohama-fa-marinos":{"0":0.1056136685,"1":0.2374160922,"2":0.2668518272,"3":0.1999580765,"4":0.1123748133,"5":0.0505229852,"6":0.0189290046,"7":0.0060788267,"8":0.0017081256,"9":0.0004266456}}