{"omiya-ardija":{"0":0.1267455468,"1":0.2618022771,"2":0.2703859583,"3":0.1861673811,"4":0.0961356148,"5":0.0397150409,"6":0.0136723911,"7":0.0040344761,"8":0.0010416885,"9":0.000239076},"oita-trinita":{"0":0.2542174649,"1":0.3481673975,"2":0.2384189787,"3":0.1088434468,"4":0.0372670497,"5":0.010207931,"6":0.0023300712,"7":0.0004558835,"8":0.0000780453,"9":0.0000118765}}