{"yokohama-fa-marinos":{"0":0.0759809425,"1":0.1958236108,"2":0.2523454257,"3":0.2167876612,"4":0.1396802317,"5":0.0719988103,"6":0.0309267617,"7":0.0113866714,"8":0.0036683197,"9":0.0010504734},"sanfrecce-hiroshima":{"0":0.2679183067,"1":0.3528680137,"2":0.2323764968,"3":0.1020189498,"4":0.0335916054,"5":0.0088485205,"6":0.0019423581,"7":0.0003654611,"8":0.0000601674,"9":0.000008805}}