{"urawa-red-diamonds":{"0":0.0447558064,"1":0.1390354383,"2":0.2159591645,"3":0.2236281689,"4":0.1736771326,"5":0.1079067867,"6":0.0558693519,"7":0.0247942923,"8":0.0096280393,"9":0.0033233147},"omiya-ardija":{"0":0.8482039659,"1":0.1396433358,"2":0.0114950307,"3":0.0006308249,"4":0.0000259638,"5":0.0000008549,"6":0.0000000235,"7":0.0000000006,"8":0.0,"9":0.0}}