{"kashima-antlers":{"0":0.22929927,"1":0.3376952885,"2":0.2486665307,"3":0.1220726605,"4":0.0449449341,"5":0.013238326,"6":0.0032494073,"7":0.0006836415,"8":0.0001258522,"9":0.000020594},"avispa-fukuoka":{"0":0.3723932431,"1":0.367851862,"2":0.1816829319,"3":0.0598224288,"4":0.0147732217,"5":0.0029186121,"6":0.0004805032,"7":0.0000678062,"8":0.0000083724,"9":0.0000009189}}