{"jubilo-iwata":{"0":0.1043218995,"1":0.2357960742,"2":0.2664818647,"3":0.2007740076,"4":0.113451066,"5":0.0512860983,"6":0.0193201055,"7":0.0062383902,"8":0.0017625589,"9":0.0004426518},"ventforet-kofu":{"0":0.2662530063,"1":0.3523348054,"2":0.233123781,"3":0.1028315425,"4":0.0340194577,"5":0.0090036459,"6":0.0019857665,"7":0.0003753973,"8":0.0000620958,"9":0.0000091302}}