{"kawasaki-frontale":{"0":0.1361064224,"1":0.2714395128,"2":0.2706683778,"3":0.1799329557,"4":0.0897108913,"5":0.0357824123,"6":0.0118935859,"7":0.0033885135,"8":0.0008447218,"9":0.0001871827},"shimizu-s-pulse":{"0":0.4390373755,"1":0.3614027176,"2":0.1487480698,"3":0.0408150191,"4":0.0083994323,"5":0.0013828334,"6":0.000189718,"7":0.00002231,"8":0.0000022956,"9":0.00000021}}