{"cerezo-osaka":{"0":0.1319938432,"1":0.2672875325,"2":0.2706286266,"3":0.182674323,"4":0.092478876,"5":0.0374539448,"6":0.0126407064,"7":0.0036567758,"8":0.0009256214,"9":0.0002082648},"kyoto-sanga":{"0":0.2679183067,"1":0.3528680137,"2":0.2323764968,"3":0.1020189498,"4":0.0335916054,"5":0.0088485205,"6":0.0019423581,"7":0.0003654611,"8":0.0000601674,"9":0.000008805}}