{"fc-tokyo":{"0":0.3313614669,"1":0.366003802,"2":0.2021339179,"3":0.0744220334,"4":0.0205506297,"5":0.0045398209,"6":0.0008357398,"7":0.0001318732,"8":0.0000182075,"9":0.0000022346},"nagoya-grampus-eight":{"0":0.6735978882,"1":0.2661533119,"2":0.052581508,"3":0.0069253693,"4":0.0006840914,"5":0.0000540599,"6":0.00000356,"7":0.000000201,"8":0.0000000099,"9":0.0000000004}}