{"oita-trinita":{"0":0.126056794,"1":0.2610664854,"2":0.2703373123,"3":0.1866249059,"4":0.0966261054,"5":0.0400229721,"6":0.0138147475,"7":0.0040872366,"8":0.001058095,"9":0.0002434821},"jef-united":{"0":0.0747962294,"1":0.1939457106,"2":0.2514494312,"3":0.2173351029,"4":0.1408868178,"5":0.0730635601,"6":0.0315754867,"7":0.0116964074,"8":0.0037910802,"9":0.0010922472}}