{"albirex-niigata":{"0":0.267538138,"1":0.3527472026,"2":0.2325473852,"3":0.1022040449,"4":0.0336888333,"5":0.0088836992,"6":0.0019521828,"7":0.0003677057,"8":0.0000606022,"9":0.0000088782},"gamba-osaka":{"0":0.0708906634,"1":0.1876204023,"2":0.2482796301,"3":0.2190336587,"4":0.144924526,"5":0.0767119296,"6":0.0338378436,"7":0.0127936852,"8":0.0042324974,"9":0.0012446442}}