{"shimizu-s-pulse":{"0":0.0412022775,"1":0.1314048474,"2":0.2095422265,"3":0.222761669,"4":0.1776113173,"5":0.1132897959,"6":0.0602184687,"7":0.0274360655,"8":0.0109375993,"9":0.0038758741},"cerezo-osaka":{"0":0.3877601033,"1":0.3673516768,"2":0.174008689,"3":0.0549501123,"4":0.0130145003,"5":0.0024659053,"6":0.0003893535,"7":0.0000526945,"8":0.0000062401,"9":0.0000006569}}