{"gamba-osaka":{"0":0.274891361,"1":0.3549890162,"2":0.2292127354,"3":0.0986668614,"4":0.0318540859,"5":0.0082271415,"6":0.0017707267,"7":0.0003266685,"8":0.0000527316,"9":0.0000075663},"jubilo-iwata":{"0":0.4900081118,"1":0.3495391197,"2":0.1246689527,"3":0.0296435065,"4":0.0052864253,"5":0.0007541967,"6":0.0000896656,"7":0.0000091374,"8":0.0000008147,"9":0.0000000646}}