{"kashima-antlers":{"0":0.073578974,"1":0.1919966785,"2":0.2504976799,"3":0.2178825457,"4":0.1421354594,"5":0.0741775391,"6":0.032259762,"7":0.012025499,"8":0.0039224111,"9":0.001137236},"oita-trinita":{"0":0.1817245576,"1":0.309888193,"2":0.2642204593,"3":0.1501884716,"4":0.0640277168,"5":0.0218368213,"6":0.0062062545,"7":0.0015118996,"8":0.0003222733,"9":0.0000610623}}