{"jef-united":{"0":0.4844058383,"1":0.3511129566,"2":0.127248991,"3":0.0307447227,"4":0.0055711914,"5":0.0008076358,"6":0.0000975667,"7":0.0000101028,"8":0.0000009154,"9":0.0000000737},"urawa-red-diamonds":{"0":0.1970968296,"1":0.3200971067,"2":0.2599284776,"3":0.1407131608,"4":0.0571316593,"5":0.0185570502,"6":0.005022961,"7":0.0011653701,"8":0.0002365789,"9":0.0000426909}}