{"nagoya-grampus-eight":{"0":0.616793203,"1":0.2980477223,"2":0.0720115302,"3":0.0115991727,"4":0.0014012423,"5":0.0001354221,"6":0.0000109065,"7":0.0000007529,"8":0.0000000455,"9":0.0000000024},"yokohama-fa-marinos":{"0":0.1970968296,"1":0.3200971067,"2":0.2599284776,"3":0.1407131608,"4":0.0571316593,"5":0.0185570502,"6":0.005022961,"7":0.0011653701,"8":0.0002365789,"9":0.0000426909}}