{"kyoto-sanga":{"0":0.0791102562,"1":0.2006958177,"2":0.2545738896,"3":0.2152772489,"4":0.1365348995,"5":0.0692754255,"6":0.0292909517,"7":0.0106155127,"8":0.0033663287,"9":0.000948898},"albirex-niigata":{"0":0.0583027939,"1":0.1657026775,"2":0.235472226,"3":0.2230789509,"4":0.1585034651,"5":0.0900967065,"6":0.0426773873,"7":0.017327661,"8":0.0061558796,"9":0.001943962}}