{"avispa-fukuoka":{"0":0.6357053341,"1":0.2879873158,"2":0.0652320262,"3":0.0098504738,"4":0.0011156157,"5":0.0001010793,"6":0.0000076318,"7":0.0000004939,"8":0.000000028,"9":0.0000000014},"kawasaki-frontale":{"0":0.241459715,"1":0.3431269634,"2":0.2438007371,"3":0.1154845597,"4":0.0410274094,"5":0.0116604216,"6":0.0027616788,"7":0.0005606416,"8":0.0000995876,"9":0.0000157244}}