{"omiya-ardija":{"0":0.1136653534,"1":0.2471649295,"2":0.2687296549,"3":0.1947839109,"4":0.1058892402,"5":0.0460511595,"6":0.016689682,"7":0.0051845225,"8":0.0014092158,"9":0.0003404817},"sanfrecce-hiroshima":{"0":0.3877601033,"1":0.3673516768,"2":0.174008689,"3":0.0549501123,"4":0.0130145003,"5":0.0024659053,"6":0.0003893535,"7":0.0000526945,"8":0.0000062401,"9":0.0000006569}}