{"ventforet-kofu":{"0":0.5806401013,"1":0.3156499879,"2":0.0857974799,"3":0.0155471944,"4":0.0021129576,"5":0.000229731,"6":0.0000208146,"7":0.0000016165,"8":0.0000001098,"9":0.0000000066},"fc-tokyo":{"0":0.4913855054,"1":0.3491423328,"2":0.1240374077,"3":0.0293772808,"4":0.0052183328,"5":0.0007415526,"6":0.0000878154,"7":0.0000089136,"8":0.0000007917,"9":0.0000000625}}