{"urawa-red-diamonds":{"0":0.2549051139,"1":0.3484205995,"2":0.2381217707,"3":0.1084933511,"4":0.0370739114,"5":0.0101349983,"6":0.0023088606,"7":0.0004508426,"8":0.0000770301,"9":0.0000116988},"kashima-antlers":{"0":0.8220122347,"1":0.161114398,"2":0.015789211,"3":0.0010315618,"4":0.0000505465,"5":0.0000019814,"6":0.0000000647,"7":0.0000000018,"8":0.0,"9":0.0}}