{"yokohama-fa-marinos":{"0":0.0714711406,"1":0.1885738556,"2":0.2487724326,"3":0.2187921651,"4":0.1443186781,"5":0.0761558563,"6":0.0334890496,"7":0.0126227956,"8":0.0041630951,"9":0.0012204629},"jef-united":{"0":0.0479968585,"1":0.1457482069,"2":0.2212909395,"3":0.2239921435,"4":0.1700447399,"5":0.103272242,"6":0.0522664211,"7":0.0226733207,"8":0.0086062816,"9":0.0029037783}}