{"gamba-osaka":{"0":0.1211447423,"1":0.2557085946,"2":0.2698709167,"3":0.1898784091,"4":0.1001973759,"5":0.0422987076,"6":0.0148804684,"7":0.0044870336,"8":0.0011838865,"9":0.0002776568},"ventforet-kofu":{"0":0.3314675535,"1":0.3660148759,"2":0.2020814526,"3":0.0743811544,"4":0.0205333891,"5":0.0045346978,"6":0.0008345547,"7":0.0001316481,"8":0.0000181711,"9":0.0000022294}}