{"sanfrecce-hiroshima":{"0":0.2308904402,"1":0.33844197,"2":0.2480461447,"3":0.1211963357,"4":0.0444127598,"5":0.0130201509,"6":0.0031808488,"7":0.0006660752,"8":0.0001220426,"9":0.0000198768},"avispa-fukuoka":{"0":0.126132475,"1":0.2611475187,"2":0.2703428539,"3":0.1865746456,"4":0.0965720877,"5":0.0399890053,"6":0.013799023,"7":0.0040814012,"8":0.0010562781,"9":0.0002429936}}