{"jubilo-iwata":{"0":0.2993464005,"1":0.3610578123,"2":0.2177456345,"3":0.0875449115,"4":0.0263981579,"5":0.0063680479,"6":0.0012801409,"7":0.0002205781,"8":0.0000332564,"9":0.0000044569},"nagoya-grampus-eight":{"0":0.718012999,"1":0.237854447,"2":0.0393967366,"3":0.0043502875,"4":0.0003602773,"5":0.0000238696,"6":0.0000013179,"7":0.0000000624,"8":0.0000000026,"9":0.0000000001}}