{"fc-tokyo":{"0":0.0793600105,"1":0.2010792745,"2":0.25474338,"3":0.2151529202,"4":0.1362865026,"5":0.0690634764,"6":0.0291650535,"7":0.0105567523,"8":0.0033435355,"9":0.0009413021},"omiya-ardija":{"0":0.5251184329,"1":0.3382453004,"2":0.1089372188,"3":0.0233899631,"4":0.0037665527,"5":0.000485231,"6":0.0000520921,"7":0.0000047935,"8":0.000000386,"9":0.0000000276}}