{"kawasaki-frontale":{"0":0.0176245663,"1":0.0711761331,"2":0.1437210379,"3":0.193470628,"4":0.1953309225,"5":0.1577672836,"6":0.1061895178,"7":0.0612631833,"8":0.0309261262,"9":0.0138771079},"cerezo-osaka":{"0":0.4419022096,"1":0.3608868045,"2":0.1473621118,"3":0.0401152416,"4":0.0081901952,"5":0.0013377319,"6":0.0001820802,"7":0.0000212427,"8":0.0000021685,"9":0.0000001968}}