{"oita-trinita":{"0":0.1952775628,"1":0.3189533526,"2":0.2604785713,"3":0.141816111,"4":0.0579082453,"5":0.0189166935,"6":0.0051495443,"7":0.0012015603,"8":0.0002453186,"9":0.0000445208},"kyoto-sanga":{"0":0.2515076958,"1":0.3471514675,"2":0.2395834071,"3":0.1102308634,"4":0.0380374106,"5":0.0105004683,"6":0.0024156007,"7":0.0004763156,"8":0.0000821812,"9":0.0000126037}}