{"albirex-niigata":{"0":0.4046975081,"1":0.3660955919,"2":0.1655878523,"3":0.0499311062,"4":0.0112921117,"5":0.0020430036,"6":0.0003080221,"7":0.0000398059,"8":0.0000045011,"9":0.0000004524},"shimizu-s-pulse":{"0":0.5155426667,"1":0.3415651696,"2":0.1131494759,"3":0.024988504,"4":0.0041389409,"5":0.0005484388,"6":0.00006056,"7":0.0000057319,"8":0.0000004747,"9":0.0000000349}}