{"nagoya-grampus-eight":{"0":0.4643830844,"1":0.356202934,"2":0.1366119207,"3":0.0349291843,"4":0.006698068,"5":0.0010275445,"6":0.0001313622,"7":0.0000143944,"8":0.0000013801,"9":0.0000001176},"sanfrecce-hiroshima":{"0":0.3444558086,"1":0.367117375,"2":0.1956349169,"3":0.0695018784,"4":0.0185185926,"5":0.0039473842,"6":0.0007011801,"7":0.0001067586,"8":0.0000142228,"9":0.0000016843}}