{"shimizu-s-pulse":{"0":0.2930908273,"1":0.3597023789,"2":0.2207264598,"3":0.0902971881,"4":0.0277048191,"5":0.0068002738,"6":0.0013909651,"7":0.0002438705,"8":0.000037412,"9":0.0000051016},"yokohama-fa-marinos":{"0":0.3133212316,"1":0.3636175345,"2":0.2109938589,"3":0.0816213086,"4":0.0236809191,"5":0.005496466,"6":0.0010631322,"7":0.0001762561,"8":0.0000255687,"9":0.000003297}}