{"kashima-antlers":{"0":0.2930908273,"1":0.3597023789,"2":0.2207264598,"3":0.0902971881,"4":0.0277048191,"5":0.0068002738,"6":0.0013909651,"7":0.0002438705,"8":0.000037412,"9":0.0000051016},"kawasaki-frontale":{"0":0.0799530422,"1":0.2019866329,"2":0.2551410099,"3":0.2148555873,"4":0.1356982657,"5":0.0685633342,"6":0.0288687723,"7":0.010418805,"8":0.003290149,"9":0.0009235506}}