{"jef-united":{"0":0.2700654589,"1":0.3535402371,"2":0.2314081552,"3":0.1009781041,"4":0.0330473795,"5":0.0086524048,"6":0.0018877974,"7":0.0003530426,"8":0.0000577706,"9":0.000008403},"gamba-osaka":{"0":0.1029322566,"1":0.2340354465,"2":0.2660613497,"3":0.2016464966,"4":0.1146201139,"5":0.0521219886,"6":0.0197514904,"7":0.0064155217,"8":0.0018233588,"9":0.000460638}}