{"cerezo-osaka":{"0":0.22929927,"1":0.3376952885,"2":0.2486665307,"3":0.1220726605,"4":0.0449449341,"5":0.013238326,"6":0.0032494073,"7":0.0006836415,"8":0.0001258522,"9":0.000020594},"oita-trinita":{"0":0.0583027939,"1":0.1657026775,"2":0.235472226,"3":0.2230789509,"4":0.1585034651,"5":0.0900967065,"6":0.0426773873,"7":0.017327661,"8":0.0061558796,"9":0.001943962}}