{"ventforet-kofu":{"0":0.4161858446,"1":0.3648382404,"2":0.1599128651,"3":0.0467277853,"4":0.0102406672,"5":0.0017954417,"6":0.000262321,"7":0.000032851,"8":0.0000035997,"9":0.0000003506},"kyoto-sanga":{"0":0.3059876534,"1":0.3623538,"2":0.2145515921,"3":0.0846914179,"4":0.0250731172,"5":0.0059383699,"6":0.0011720467,"7":0.0001982786,"8":0.0000293504,"9":0.0000038619}}