{"omiya-ardija":{"0":0.215651649,"1":0.3308292343,"2":0.2537610604,"3":0.1297641786,"4":0.0497675117,"5":0.0152695774,"6":0.0039041533,"7":0.000855618,"8":0.0001640745,"9":0.0000279672},"jubilo-iwata":{"0":0.2827596898,"1":0.3571701345,"2":0.2255811376,"3":0.0949815316,"4":0.0299941679,"5":0.007577474,"6":0.0015952577,"7":0.000287866,"8":0.0000454525,"9":0.0000063793}}