{"avispa-fukuoka":{"0":0.5029458709,"1":0.3456609803,"2":0.1187816823,"3":0.0272118036,"4":0.0046754826,"5":0.0006426663,"6":0.0000736145,"7":0.0000072276,"8":0.0000006209,"9":0.0000000474},"fc-tokyo":{"0":0.4262916345,"1":0.3634697094,"2":0.1549528761,"3":0.0440392385,"4":0.0093873114,"5":0.0016007836,"6":0.0002274798,"7":0.0000277081,"8":0.0000029531,"9":0.0000002798}}