{"albirex-niigata":{"0":0.3032548256,"1":0.3618381442,"2":0.2158693474,"3":0.0858571268,"4":0.0256107907,"5":0.006111666,"6":0.0012153881,"7":0.0002071684,"8":0.0000308987,"9":0.0000040964},"urawa-red-diamonds":{"0":0.3059876534,"1":0.3623538,"2":0.2145515921,"3":0.0846914179,"4":0.0250731172,"5":0.0059383699,"6":0.0011720467,"7":0.0001982786,"8":0.0000293504,"9":0.0000038619}}