{"yokohama-fa-marinos":{"0":0.1343298645,"1":0.2696614037,"2":0.2706668132,"3":0.1811173142,"4":0.0908962973,"5":0.0364940785,"6":0.0122100479,"7":0.003501592,"8":0.0008786618,"9":0.0001959862},"avispa-fukuoka":{"0":0.3613530223,"1":0.3678212043,"2":0.1872025831,"3":0.06351783,"4":0.0161636982,"5":0.0032906053,"6":0.0005582511,"7":0.0000811777,"8":0.0000103288,"9":0.0000011682}}