{"gamba-osaka":{"0":0.27333636,"1":0.3545315146,"2":0.2299229324,"3":0.0994073449,"4":0.0322341277,"5":0.008361869,"6":0.00180763,"7":0.0003349415,"8":0.0000543046,"9":0.0000078262},"nagoya-grampus-eight":{"0":0.555798535,"1":0.3264479347,"2":0.0958694989,"3":0.0187696308,"4":0.0027560828,"5":0.0003237567,"6":0.0000316931,"7":0.0000026593,"8":0.0000001952,"9":0.0000000127}}