{"jubilo-iwata":{"0":0.1270096688,"1":0.2620834435,"2":0.2704035528,"3":0.1859918617,"4":0.0959481826,"5":0.0395976627,"6":0.0136182438,"7":0.0040144483,"8":0.0010354728,"9":0.00023741},"cerezo-osaka":{"0":0.604446364,"1":0.3043038924,"2":0.0765997319,"3":0.0128545161,"4":0.0016178769,"5":0.0001629015,"6":0.0000136686,"7":0.000000983,"8":0.0000000619,"9":0.0000000035}}