{"sanfrecce-hiroshima":{"0":0.2526724291,"1":0.3475917015,"2":0.2390842391,"3":0.1096329844,"4":0.0377044655,"5":0.0103737154,"6":0.0023784533,"7":0.0004674209,"8":0.0000803766,"9":0.0000122857},"jef-united":{"0":0.0219767306,"1":0.0839021267,"2":0.1601595566,"3":0.203817508,"4":0.1945321472,"5":0.1485358413,"6":0.09451264,"7":0.0515468034,"8":0.024599237,"9":0.0104349173}}