{"kawasaki-frontale":{"0":0.1197380332,"1":0.2541378663,"2":0.2696973275,"3":0.1908062725,"4":0.1012441446,"5":0.0429771063,"6":0.0152027859,"7":0.0046095911,"8":0.0012229527,"9":0.0002884061},"urawa-red-diamonds":{"0":0.2746744572,"1":0.3549257293,"2":0.2293119546,"3":0.0987699082,"4":0.0319068453,"5":0.0082458052,"6":0.0017758285,"7":0.00032781,"8":0.0000529482,"9":0.000007602}}