{"omiya-ardija":{"0":0.0840628558,"1":0.208155643,"2":0.2577165104,"3":0.2127183895,"4":0.1316828126,"5":0.0652143453,"6":0.0269138568,"7":0.009520548,"8":0.0029468363,"9":0.0008107698},"ventforet-kofu":{"0":0.2987161111,"1":0.3609272117,"2":0.2180472484,"3":0.0878193737,"4":0.0265271946,"5":0.0064103582,"6":0.0012908983,"7":0.0002228204,"8":0.0000336532,"9":0.000004518}}