{"kyoto-sanga":{"0":0.2039779071,"1":0.3242725702,"2":0.2577551199,"3":0.1365881832,"4":0.0542850472,"5":0.0172598612,"6":0.0045731256,"7":0.0010385853,"8":0.0002063855,"9":0.0000364556},"shimizu-s-pulse":{"0":0.0905829061,"1":0.2175339213,"2":0.261202742,"3":0.2090919032,"4":0.125533016,"5":0.0602932504,"6":0.0241322706,"7":0.0082790572,"8":0.0024852589,"9":0.0006631471}}