{"fc-tokyo":{"0":0.2035513983,"1":0.3240205931,"2":0.2578939415,"3":0.1368416832,"4":0.0544574046,"5":0.0173374594,"6":0.0045997341,"7":0.0010460037,"8":0.0002081334,"9":0.0000368127},"kashima-antlers":{"0":0.3474172,"1":0.3672995097,"2":0.1941598312,"3":0.0684237959,"4":0.0180849039,"5":0.0038239767,"6":0.0006738031,"7":0.0001017663,"8":0.0000134488,"9":0.0000015798}}