{"oita-trinita":{"0":0.1672342444,"1":0.2990749979,"2":0.26742685,"3":0.1594184749,"4":0.0712743975,"5":0.0254928533,"6":0.007598399,"7":0.0019412387,"8":0.0004339542,"9":0.0000862296},"albirex-niigata":{"0":0.1785491142,"1":0.3076207629,"2":0.264998609,"3":0.1521879562,"4":0.0655508366,"5":0.0225873967,"6":0.0064859392,"7":0.0015963671,"8":0.0003437959,"9":0.0000658137}}