{"nagoya-grampus-eight":{"0":0.3011942119,"1":0.3614330543,"2":0.2168598326,"3":0.086743933,"4":0.0260231799,"5":0.0062455632,"6":0.0012491126,"7":0.0002141336,"8":0.00003212,"9":0.0000042827},"omiya-ardija":{"0":0.3011942119,"1":0.3614330543,"2":0.2168598326,"3":0.086743933,"4":0.0260231799,"5":0.0062455632,"6":0.0012491126,"7":0.0002141336,"8":0.00003212,"9":0.0000042827}}