{"urawa-red-diamonds":{"0":0.1453557012,"1":0.2803288524,"2":0.2703171077,"3":0.1737752835,"4":0.0837845117,"5":0.0323168831,"6":0.0103875696,"7":0.0028618814,"8":0.0006899178,"9":0.0001478395},"oita-trinita":{"0":0.8187307531,"1":0.1637461506,"2":0.0163746151,"3":0.001091641,"4":0.0000545821,"5":0.0000021833,"6":0.0000000728,"7":0.0000000021,"8":0.0000000001,"9":0.0}}