{"sanfrecce-hiroshima":{"0":0.1247264109,"1":0.2596345697,"2":0.270231899,"3":0.1875078483,"4":0.0975806149,"5":0.0406253989,"6":0.0140945261,"7":0.0041913751,"8":0.0010906129,"9":0.0002522506},"ventforet-kofu":{"0":0.0869121759,"1":0.2123140296,"2":0.2593264219,"3":0.2111658007,"4":0.1289619711,"5":0.0630071345,"6":0.0256529048,"7":0.0089523402,"8":0.002733661,"9":0.0007419937}}