{"jubilo-iwata":{"0":0.3281495878,"1":0.3656523978,"2":0.2037206216,"3":0.0756676595,"4":0.021078848,"5":0.0046975718,"6":0.0008724062,"7":0.0001388728,"8":0.000019343,"9":0.0000023948},"yokohama-fa-marinos":{"0":0.4419022096,"1":0.3608868045,"2":0.1473621118,"3":0.0401152416,"4":0.0081901952,"5":0.0013377319,"6":0.0001820802,"7":0.0000212427,"8":0.0000021685,"9":0.0000001968}}