{"cerezo-osaka":{"0":0.3932407209,"1":0.3670246728,"2":0.1712781806,"3":0.0532865451,"4":0.0124335272,"5":0.0023209251,"6":0.0003610328,"7":0.0000481377,"8":0.0000056161,"9":0.0000005824},"fc-tokyo":{"0":0.1952775628,"1":0.3189533526,"2":0.2604785713,"3":0.141816111,"4":0.0579082453,"5":0.0189166935,"6":0.0051495443,"7":0.0012015603,"8":0.0002453186,"9":0.0000445208}}