{"kyoto-sanga":{"0":0.1800923121,"1":0.308729678,"2":0.2646254383,"3":0.1512145361,"4":0.0648062298,"5":0.0222192788,"6":0.0063483654,"7":0.0015547017,"8":0.0003331504,"9":0.0000634572},"jef-united":{"0":0.0189364495,"1":0.0751145832,"2":0.1489772567,"3":0.1969810394,"4":0.1953395307,"5":0.1549693611,"6":0.1024519665,"7":0.0580561143,"8":0.0287861567,"9":0.012687232}}