{"avispa-fukuoka":{"0":0.5037302937,"1":0.3454150585,"2":0.1184280201,"3":0.0270692617,"4":0.0046404449,"5":0.0006364039,"6":0.0000727319,"7":0.0000071248,"8":0.0000006107,"9":0.0000000465},"shimizu-s-pulse":{"0":0.4723665527,"1":0.3542749146,"2":0.132853093,"3":0.0332132732,"4":0.0062274887,"5":0.0009341233,"6":0.0001167654,"7":0.0000125106,"8":0.0000011729,"9":0.0000000977}}