{"kawasaki-frontale":{"0":0.1278186448,"1":0.2629412122,"2":0.2704538182,"3":0.1854540468,"4":0.0953763669,"5":0.0392405624,"6":0.0134539071,"7":0.0039538013,"8":0.0010166918,"9":0.0002323867},"gamba-osaka":{"0":0.0672055127,"1":0.1814548844,"2":0.2449640939,"3":0.2204676845,"4":0.1488156871,"5":0.080360471,"6":0.036162212,"7":0.0139482818,"8":0.0047075451,"9":0.0014122635}}