{"albirex-niigata":{"0":0.1986270108,"1":0.3210461072,"2":0.2594576703,"3":0.1397894387,"4":0.0564863446,"5":0.0182600755,"6":0.0049190407,"7":0.0011358252,"8":0.000229483,"9":0.0000412133},"kashima-antlers":{"0":0.3328710837,"1":0.3661581921,"2":0.2013870056,"3":0.0738419021,"4":0.0203065231,"5":0.0044674351,"6":0.0008190298,"7":0.0001287047,"8":0.0000176969,"9":0.000002163}}