{"yokohama-fa-marinos":{"0":0.0615996091,"1":0.1716842554,"2":0.239250573,"3":0.2222717377,"4":0.1548733764,"5":0.0863295098,"6":0.0401014926,"7":0.0159666943,"8":0.0055625962,"9":0.0017226123},"albirex-niigata":{"0":0.2996644478,"1":0.36112321,"2":0.2175933345,"3":0.0874066577,"4":0.0263332646,"5":0.006346801,"6":0.0012747464,"7":0.0002194552,"8":0.000033058,"9":0.0000044264}}