{"gamba-osaka":{"0":0.1892288393,"1":0.3150278323,"2":0.2622288851,"3":0.1455193925,"4":0.0605651059,"5":0.0201657359,"6":0.0055953135,"7":0.001330724,"8":0.0002769234,"9":0.0000512246},"avispa-fukuoka":{"0":0.5965563151,"1":0.3081700352,"2":0.07959749,"3":0.0137062004,"4":0.0017700929,"5":0.0001828795,"6":0.0000157454,"7":0.000001162,"8":0.000000075,"9":0.0000000043}}