{"shimizu-s-pulse":{"0":0.1708918076,"1":0.301918765,"2":0.2667036587,"3":0.157063974,"4":0.0693721977,"5":0.024512314,"6":0.0072177515,"7":0.0018216828,"8":0.0004023015,"9":0.0000789729},"jubilo-iwata":{"0":0.4124796065,"1":0.3652789519,"2":0.1617397691,"3":0.0477438823,"4":0.0105701197,"5":0.001872113,"6":0.0002763141,"7":0.0000349564,"8":0.0000038695,"9":0.0000003807}}