{"jef-united":{"0":0.2318949538,"1":0.3389077025,"2":0.2476518548,"3":0.1206453177,"4":0.0440799021,"5":0.0128842979,"6":0.0031383375,"7":0.0006552269,"8":0.0001196994,"9":0.0000194375},"nagoya-grampus-eight":{"0":0.5022667307,"1":0.3458729073,"2":0.1190881863,"3":0.0273356597,"4":0.0047059976,"5":0.0006481325,"6":0.0000743866,"7":0.0000073178,"8":0.0000006299,"9":0.0000000482}}