{"kashima-antlers":{"0":0.0763162067,"1":0.1963516754,"2":0.2525936631,"3":0.2166302156,"4":0.1393403433,"5":0.0717009165,"6":0.030746189,"7":0.0113008494,"8":0.003634452,"9":0.0010389969},"cerezo-osaka":{"0":0.4124796065,"1":0.3652789519,"2":0.1617397691,"3":0.0477438823,"4":0.0105701197,"5":0.001872113,"6":0.0002763141,"7":0.0000349564,"8":0.0000038695,"9":0.0000003807}}