{"ventforet-kofu":{"0":0.5060833947,"1":0.344670025,"2":0.1173694171,"3":0.026644963,"4":0.0045366634,"5":0.0006179424,"6":0.000070142,"7":0.0000068244,"8":0.000000581,"9":0.000000044},"urawa-red-diamonds":{"0":0.1722449886,"1":0.3029509388,"2":0.2664207304,"3":0.1561969205,"4":0.0686812489,"5":0.0241598307,"6":0.0070822026,"7":0.0017794919,"8":0.0003912296,"9":0.0000764566}}