{"omiya-ardija":{"0":0.0777737122,"1":0.1986303119,"2":0.2536461207,"3":0.2159333216,"4":0.1378708235,"5":0.0704230874,"6":0.0299761951,"7":0.0109368225,"8":0.0034915147,"9":0.0009907956},"kyoto-sanga":{"0":0.4227520729,"1":0.3639765934,"2":0.1566863524,"3":0.0449673843,"4":0.0096788853,"5":0.0016666448,"6":0.000239155,"7":0.000029415,"8":0.0000031657,"9":0.0000003028}}