{"fc-tokyo":{"0":0.1892288393,"1":0.3150278323,"2":0.2622288851,"3":0.1455193925,"4":0.0605651059,"5":0.0201657359,"6":0.0055953135,"7":0.001330724,"8":0.0002769234,"9":0.0000512246},"sanfrecce-hiroshima":{"0":0.2371532236,"1":0.3412750698,"2":0.2455557456,"3":0.1177889031,"4":0.0423759959,"5":0.0121962255,"6":0.0029251607,"7":0.0006013499,"8":0.0001081715,"9":0.000017296}}