{"oita-trinita":{"0":0.3054244298,"1":0.3622495297,"2":0.214823552,"3":0.0849306987,"4":0.0251830753,"5":0.0059736919,"6":0.0011808524,"7":0.0002000791,"8":0.000029663,"9":0.0000039091},"kawasaki-frontale":{"0":0.0453900902,"1":0.1403671054,"2":0.2170399328,"3":0.2237292102,"4":0.1729684908,"5":0.1069796788,"6":0.0551384226,"7":0.0243590639,"8":0.0094161833,"9":0.0032354649}}