{"urawa-red-diamonds":{"0":0.2031293845,"1":0.3237703921,"2":0.2580307795,"3":0.1370927974,"4":0.0546284686,"5":0.0174145959,"6":0.0046262226,"7":0.0010533989,"8":0.0002098782,"9":0.0000371697},"fc-tokyo":{"0":0.8541141806,"1":0.134685601,"2":0.0106193127,"3":0.0005581879,"4":0.0000220052,"5":0.000000694,"6":0.0000000182,"7":0.0000000004,"8":0.0,"9":0.0}}