{"nagoya-grampus-eight":{"0":0.2134203625,"1":0.3296259412,"2":0.2545522364,"3":0.1310512573,"4":0.0506018891,"5":0.0156308378,"6":0.0040236161,"7":0.0008877773,"8":0.0001713956,"9":0.0000294132},"ventforet-kofu":{"0":0.205874647,"1":0.325382369,"2":0.2571314331,"3":0.1354643647,"4":0.0535249441,"5":0.0169191043,"6":0.0044567397,"7":0.0010062604,"8":0.0001987978,"9":0.0000349108}}