{"jubilo-iwata":{"0":0.1867534275,"1":0.3133659207,"2":0.2629086962,"3":0.1470506267,"4":0.0616864917,"5":0.0207015684,"6":0.0057894217,"7":0.001387779,"8":0.0002910808,"9":0.0000542693},"kashima-antlers":{"0":0.3486598281,"1":0.3673684043,"2":0.1935404276,"3":0.0679751746,"4":0.0179056557,"5":0.0037732894,"6":0.0006626264,"7":0.0000997403,"8":0.0000131365,"9":0.0000015379}}