{"sanfrecce-hiroshima":{"0":0.2558030523,"1":0.348748441,"2":0.2377326502,"3":0.1080374014,"4":0.0368231291,"5":0.0100405439,"6":0.0022814583,"7":0.0004443458,"8":0.0000757247,"9":0.000011471},"shimizu-s-pulse":{"0":0.0702217237,"1":0.1865157491,"2":0.2477020132,"3":0.2193069043,"4":0.1456251334,"5":0.0773589123,"6":0.0342454697,"7":0.0129941869,"8":0.0043142285,"9":0.0012732235}}