{"cerezo-osaka":{"0":0.2082518189,"1":0.3267486165,"2":0.2563354764,"3":0.1340640748,"4":0.0525868768,"5":0.0165018383,"6":0.0043152507,"7":0.0009672371,"8":0.0001897003,"9":0.0000330712},"omiya-ardija":{"0":0.1950994416,"1":0.3188404613,"2":0.2605318572,"3":0.1419243726,"4":0.0579848308,"5":0.0189522943,"6":0.0051621182,"7":0.0012051672,"8":0.0002461924,"9":0.0000447043}}