{"kawasaki-frontale":{"0":0.1551758753,"1":0.2891230897,"2":0.2693465103,"3":0.1672817915,"4":0.0779196965,"5":0.0290359353,"6":0.009016607,"7":0.0023999582,"8":0.0005589491,"9":0.0001157146},"yokohama-fa-marinos":{"0":0.331597713,"1":0.3660284163,"2":0.2020170771,"3":0.0743310221,"4":0.0205122542,"5":0.0045284196,"6":0.000833103,"7":0.0001313723,"8":0.0000181266,"9":0.0000022232}}