{"kyoto-sanga":{"0":0.1932594107,"1":0.3176647249,"2":0.2610762319,"3":0.1430455729,"4":0.0587817851,"5":0.0193241814,"6":0.00529393,"7":0.001243107,"8":0.0002554153,"9":0.000046648},"gamba-osaka":{"0":0.0101797289,"1":0.0466980498,"2":0.1071103103,"3":0.1637844068,"4":0.1878343819,"5":0.1723326693,"6":0.1317585765,"7":0.0863462306,"8":0.049512622,"9":0.0252368964}}