{"avispa-fukuoka":{"0":0.5799611335,"1":0.3159594553,"2":0.0860664376,"3":0.0156294984,"4":0.002128715,"5":0.0002319423,"6":0.0000210601,"7":0.0000016391,"8":0.0000001116,"9":0.0000000068},"oita-trinita":{"0":0.3486598281,"1":0.3673684043,"2":0.1935404276,"3":0.0679751746,"4":0.0179056557,"5":0.0037732894,"6":0.0006626264,"7":0.0000997403,"8":0.0000131365,"9":0.0000015379}}