{"albirex-niigata":{"0":0.2259846651,"1":0.3361043112,"2":0.2499419772,"3":0.1239119124,"4":0.0460731793,"5":0.0137048186,"6":0.003397169,"7":0.0007217956,"8":0.0001341898,"9":0.0000221754},"jef-united":{"0":0.1885687376,"1":0.3145878451,"2":0.2624123001,"3":0.1459268401,"4":0.0608621699,"5":0.0203071825,"6":0.0056463873,"7":0.0013456895,"8":0.0002806255,"9":0.0000520184}}