{"kashima-antlers":{"0":0.2594460886,"1":0.35004631,"2":0.236142352,"3":0.1062015869,"4":0.0358219638,"5":0.0096662442,"6":0.0021736263,"7":0.0004189529,"8":0.0000706567,"9":0.0000105923},"urawa-red-diamonds":{"0":0.1988141887,"1":0.3211613818,"2":0.2593995776,"3":0.1396766956,"4":0.0564078963,"5":0.0182240896,"6":0.0049064857,"7":0.0011322659,"8":0.0002286306,"9":0.0000410363}}