{"jef-united":{"0":0.2932394409,"1":0.3597361171,"2":0.2206559826,"3":0.090231071,"4":0.027673098,"5":0.006789682,"6":0.001388225,"7":0.0002432896,"8":0.0000373074,"9":0.0000050853},"fc-tokyo":{"0":0.2714766057,"1":0.3539727294,"2":0.2307688591,"3":0.100298247,"4":0.0326942023,"5":0.0085258588,"6":0.0018527818,"7":0.0003451148,"8":0.0000562485,"9":0.000008149}}