{"nagoya-grampus-eight":{"0":0.2155155483,"1":0.3307565012,"2":0.2538096763,"3":0.1298424501,"4":0.0498180234,"5":0.0152913655,"6":0.0039113331,"7":0.0008575443,"8":0.0001645115,"9":0.0000280533},"jubilo-iwata":{"0":0.3246524674,"1":0.3652340258,"2":0.2054441395,"3":0.0770415523,"4":0.0216679366,"5":0.0048752857,"6":0.0009141161,"7":0.0001469115,"8":0.0000206594,"9":0.0000025824}}