{"shimizu-s-pulse":{"0":0.0545179,"1":0.1586049026,"2":0.2307087683,"3":0.223727997,"4":0.1627188371,"5":0.0946771805,"6":0.0459062222,"7":0.0190787977,"8":0.0069380672,"9":0.0022427119},"ventforet-kofu":{"0":0.4168620197,"1":0.3647542672,"2":0.1595799919,"3":0.0465441643,"4":0.0101815359,"5":0.0017817688,"6":0.0002598413,"7":0.0000324802,"8":0.0000035525,"9":0.0000003454}}