{"sanfrecce-hiroshima":{"0":0.4142943463,"1":0.3650673023,"2":0.1608447428,"3":0.0472443138,"4":0.0104076693,"5":0.001834203,"6":0.0002693767,"7":0.0000339099,"8":0.0000037351,"9":0.0000003657},"oita-trinita":{"0":0.0572234313,"1":0.1637043245,"2":0.2341619968,"3":0.2232962422,"4":0.1597010161,"5":0.0913742723,"6":0.0435671286,"7":0.0178052122,"8":0.0063671257,"9":0.0020238912}}