{"cerezo-osaka":{"0":0.4257961183,"1":0.3635424447,"2":0.1551952959,"3":0.0441683041,"4":0.0094276654,"5":0.001609858,"6":0.0002290814,"7":0.0000279412,"8":0.000002982,"9":0.0000002829},"yokohama-fa-marinos":{"0":0.1426850701,"1":0.2778242951,"2":0.2704779796,"3":0.1755506117,"4":0.0854543242,"5":0.0332778859,"6":0.0107993139,"7":0.00300393,"8":0.0007311248,"9":0.000158176}}