{"omiya-ardija":{"0":0.1730857307,"1":0.3035868769,"2":0.2662408722,"3":0.1556593459,"4":0.0682553878,"5":0.0239435567,"6":0.006999373,"7":0.0017538112,"8":0.0003845161,"9":0.0000749366},"gamba-osaka":{"0":0.0994905805,"1":0.2295936473,"2":0.2649157469,"3":0.2037813438,"4":0.1175661599,"5":0.0542613045,"6":0.0208697325,"7":0.0068801316,"8":0.0019846533,"9":0.0005088855}}