{"avispa-fukuoka":{"0":0.4488388924,"1":0.3595609183,"2":0.1440205563,"3":0.0384578701,"4":0.007702066,"5":0.0012340116,"6":0.0001647593,"7":0.0000188553,"8":0.0000018881,"9":0.0000001681},"kyoto-sanga":{"0":0.5004199204,"1":0.3464445602,"2":0.119923117,"3":0.0276745655,"4":0.0047898286,"5":0.000663207,"6":0.0000765239,"7":0.0000075683,"8":0.0000006549,"9":0.0000000504}}