{"albirex-niigata":{"0":0.3728395388,"1":0.3678461521,"2":0.1814598206,"3":0.0596765184,"4":0.0147193198,"5":0.0029044372,"6":0.0004775898,"7":0.0000673134,"8":0.0000083015,"9":0.00000091},"kawasaki-frontale":{"0":0.132757547,"1":0.2680681238,"2":0.2706457019,"3":0.1821653763,"4":0.0919584832,"5":0.0371370798,"6":0.0124980557,"7":0.0036052084,"8":0.0009099685,"9":0.0002041596}}