{"yokohama-fa-marinos":{"0":0.1396312863,"1":0.2748990949,"2":0.2706037965,"3":0.1775837415,"4":0.0874044977,"5":0.034415521,"6":0.0112925928,"7":0.0031760417,"8":0.000781604,"9":0.0001709759},"omiya-ardija":{"0":0.4504679469,"1":0.3592339324,"2":0.1432388465,"3":0.0380761491,"4":0.007591131,"5":0.0012107373,"6":0.0001609208,"7":0.0000183327,"8":0.0000018275,"9":0.0000001619}}