{"gamba-osaka":{"0":0.1943941175,"1":0.3183918359,"2":0.2607418435,"3":0.1423535433,"4":0.0582890657,"5":0.019093955,"6":0.0052122285,"7":0.0012195629,"8":0.0002496853,"9":0.0000454391},"sanfrecce-hiroshima":{"0":0.3519367534,"1":0.367528888,"2":0.1919059067,"3":0.066802689,"4":0.0174405755,"5":0.0036426518,"6":0.0006340059,"7":0.000094585,"8":0.0000123469,"9":0.0000014327}}