{"urawa-red-diamonds":{"0":0.0291207253,"1":0.1029797709,"2":0.182083947,"3":0.2146347997,"4":0.1897535367,"5":0.1342052817,"6":0.0790984714,"7":0.0399594759,"8":0.0176636126,"9":0.006940436},"albirex-niigata":{"0":0.9181054387,"1":0.0784457179,"2":0.0033513202,"3":0.000095449,"4":0.0000020389,"5":0.0000000348,"6":0.0000000005,"7":0.0,"8":0.0,"9":6.140725173e-16}}