{"jubilo-iwata":{"0":0.141439622,"1":0.2766392606,"2":0.270536924,"3":0.1763794651,"4":0.0862443708,"5":0.0337367686,"6":0.0109975251,"7":0.0030728379,"8":0.0007512637,"9":0.0001632648},"jef-united":{"0":0.142364147,"1":0.2775199827,"2":0.2704941604,"3":0.175764138,"4":0.0856572065,"5":0.0333954678,"6":0.0108500043,"7":0.0030215202,"8":0.0007362565,"9":0.0001594705}}