{"kyoto-sanga":{"0":0.1516728452,"1":0.2860594471,"2":0.2697582653,"3":0.1695906742,"4":0.0799632499,"5":0.0301626082,"6":0.009481261,"7":0.0025545625,"8":0.0006022475,"9":0.0001262063},"cerezo-osaka":{"0":0.3200620146,"1":0.3646276116,"2":0.2076992724,"3":0.0788731414,"4":0.0224638694,"5":0.00511835,"6":0.0009718386,"7":0.0001581654,"8":0.0000225236,"9":0.0000028511}}