{"ventforet-kofu":{"0":0.3959487132,"1":0.3668348372,"2":0.1699308437,"3":0.0524786429,"4":0.0121549798,"5":0.0022522463,"6":0.0003477733,"7":0.0000460288,"8":0.0000053305,"9":0.0000005487},"kashima-antlers":{"0":0.1810719597,"1":0.3094267665,"2":0.2643836296,"3":0.15059827,"4":0.0643378685,"5":0.0219888918,"6":0.0062626591,"7":0.0015288589,"8":0.0003265759,"9":0.0000620081}}