{"kawasaki-frontale":{"0":0.0836078681,"1":0.207482761,"2":0.2574464405,"3":0.21296121,"4":0.1321220742,"5":0.0655752942,"6":0.0271221345,"7":0.0096152525,"8":0.0029826725,"9":0.0008224281},"nagoya-grampus-eight":{"0":0.3586829402,"1":0.3677635209,"2":0.1885369949,"3":0.0644366945,"4":0.0165170008,"5":0.0033870305,"6":0.0005787964,"7":0.0000847785,"8":0.0000108656,"9":0.0000012379}}