{"fc-tokyo":{"0":0.2623081571,"1":0.3510300338,"2":0.2348803903,"3":0.1047750761,"4":0.0350534262,"5":0.0093819464,"6":0.002092542,"7":0.0004000448,"8":0.0000669193,"9":0.0000099504},"avispa-fukuoka":{"0":0.3632520882,"1":0.3678502159,"2":0.1862532739,"3":0.0628703034,"4":0.0159165325,"5":0.0032236015,"6":0.0005440678,"7":0.0000787078,"8":0.000009963,"9":0.000001121}}