{"oita-trinita":{"0":0.2219030496,"1":0.3340783045,"2":0.2514799002,"3":0.1262022293,"4":0.047499828,"5":0.0143023379,"6":0.00358873,"7":0.0007718408,"8":0.0001452522,"9":0.0000242977},"shimizu-s-pulse":{"0":0.2274072859,"1":0.336793069,"2":0.2493973992,"3":0.123120235,"4":0.0455856566,"5":0.0135025869,"6":0.003332917,"7":0.000705156,"8":0.0001305431,"9":0.0000214818}}