{"shimizu-s-pulse":{"0":0.1345855052,"1":0.2699187076,"2":0.2706684818,"3":0.1809468925,"4":0.0907247614,"5":0.0363907098,"6":0.0121639317,"7":0.003485063,"8":0.0008736859,"9":0.0001946917},"fc-tokyo":{"0":0.4178204801,"1":0.3646333586,"2":0.1591083881,"3":0.0462848111,"4":0.0100982281,"5":0.0017625516,"6":0.0002563641,"7":0.0000319614,"8":0.0000034866,"9":0.0000003381}}