{"nagoya-grampus-eight":{"0":0.2430405083,"1":0.3437873972,"2":0.2431483034,"3":0.1146466254,"4":0.040542691,"5":0.0114697474,"6":0.0027040449,"7":0.0005464207,"8":0.0000966159,"9":0.0000151851},"gamba-osaka":{"0":0.0695063302,"1":0.1853273311,"2":0.2470726016,"3":0.2195929767,"4":0.1463772443,"5":0.0780582256,"6":0.0346882617,"7":0.0132129445,"8":0.0044037711,"9":0.00130466}}