{"kashima-antlers":{"0":0.1697661574,"1":0.3010519859,"2":0.2669327608,"3":0.1577869208,"4":0.0699522016,"5":0.0248097142,"6":0.0073326489,"7":0.0018576044,"8":0.000411769,"9":0.0000811337},"sanfrecce-hiroshima":{"0":0.2203174288,"1":0.3332710712,"2":0.2520672276,"3":0.1270995149,"4":0.0480654115,"5":0.0145415742,"6":0.0036661391,"7":0.0007922453,"8":0.0001498023,"9":0.0000251782}}