{"omiya-ardija":{"0":0.3280246022,"1":0.3656380899,"2":0.2037822955,"3":0.075716444,"4":0.0210996491,"5":0.0047038151,"6":0.0008738643,"7":0.0001391525,"8":0.0000193886,"9":0.0000024013},"kawasaki-frontale":{"0":0.1387886302,"1":0.274080224,"2":0.2706272448,"3":0.1781451784,"4":0.0879504149,"5":0.0347369513,"6":0.0114331068,"7":0.0032254479,"8":0.0007962031,"9":0.0001747049}}