{"cerezo-osaka":{"0":0.4334408238,"1":0.3623565287,"2":0.151465029,"3":0.0422082547,"4":0.0088215252,"5":0.001474959,"6":0.000205511,"7":0.0000245439,"8":0.0000025648,"9":0.0000002382},"urawa-red-diamonds":{"0":0.0912912086,"1":0.2185238379,"2":0.2615403414,"3":0.2086831071,"4":0.1248812294,"5":0.0597856594,"6":0.0238514967,"7":0.0081561923,"8":0.0024404355,"9":0.0006490747}}