{"avispa-fukuoka":{"0":0.3794623107,"1":0.3676989791,"2":0.1781501554,"3":0.0575425002,"4":0.0139396707,"5":0.0027015082,"6":0.0004362936,"7":0.0000603955,"8":0.0000073154,"9":0.0000007876},"jef-united":{"0":0.0998648999,"1":0.2300824386,"2":0.2650477225,"3":0.2035510856,"4":0.1172422198,"5":0.0540237378,"6":0.0207445481,"7":0.0068277332,"8":0.0019663334,"9":0.0005033676}}