{"kyoto-sanga":{"0":0.2552642308,"1":0.3485520937,"2":0.2379662862,"3":0.1083108367,"4":0.0369734224,"5":0.0100971168,"6":0.0022978616,"7":0.0004482327,"8":0.0000765053,"9":0.0000116072},"yokohama-fa-marinos":{"0":0.1723850414,"1":0.3030571592,"2":0.2663909844,"3":0.1561073094,"4":0.0686101261,"5":0.0241236591,"6":0.0070683314,"7":0.0017751859,"8":0.0003901026,"9":0.0000762011}}