{"ventforet-kofu":{"0":0.3243520023,"1":0.3651963286,"2":0.2055920072,"3":0.077160457,"4":0.0217192398,"5":0.004890851,"6":0.0009177893,"7":0.0001476233,"8":0.0000207766,"9":0.0000025992},"jubilo-iwata":{"0":0.3394291854,"1":0.3667498197,"2":0.1981347451,"3":0.0713608662,"4":0.0192761745,"5":0.0041655425,"6":0.0007501378,"7":0.000115788,"8":0.0000156385,"9":0.0000018775}}