{"albirex-niigata":{"0":0.4252831911,"1":0.3636171284,"2":0.1554463224,"3":0.0443022019,"4":0.0094695957,"5":0.0016193009,"6":0.0002307504,"7":0.0000281845,"8":0.0000030122,"9":0.0000002862},"oita-trinita":{"0":0.3292866037,"1":0.3657803749,"2":0.2031593165,"3":0.0752249359,"4":0.0208904682,"5":0.0046411383,"6":0.0008592501,"7":0.000136354,"8":0.0000189332,"9":0.0000023368}}