{"shimizu-s-pulse":{"0":0.0616341942,"1":0.1717460527,"2":0.2392884908,"3":0.2222621943,"4":0.1548355383,"5":0.0862910365,"6":0.0400755487,"7":0.0159531511,"8":0.0055567586,"9":0.001720458},"kyoto-sanga":{"0":0.5535873419,"1":0.3273559805,"2":0.0967886455,"3":0.0190781951,"4":0.0028204047,"5":0.0003335612,"6":0.0000328744,"7":0.0000027771,"8":0.0000002053,"9":0.0000000135}}