{"yokohama-fa-marinos":{"0":0.060576627,"1":0.1698475425,"2":0.2381131895,"3":0.2225442501,"4":0.15599496,"5":0.0874771737,"6":0.0408787562,"7":0.0163739633,"8":0.0057387593,"9":0.0017878442},"ventforet-kofu":{"0":0.3064589451,"1":0.3624402542,"2":0.2143238759,"3":0.0844915785,"4":0.0249814451,"5":0.0059089685,"6":0.0011647281,"7":0.0001967844,"8":0.0000290914,"9":0.0000038228}}