{"jef-united":{"0":0.3406420442,"1":0.3668452783,"2":0.1975320729,"3":0.0709089493,"4":0.019090871,"5":0.0041118799,"6":0.0007380297,"7":0.000113543,"8":0.0000152846,"9":0.0000018289},"kawasaki-frontale":{"0":0.0537083001,"1":0.1570531518,"2":0.2296264494,"3":0.223823615,"4":0.1636255669,"5":0.0956943749,"6":0.0466380527,"7":0.0194826316,"8":0.007121359,"9":0.002313799}}