{"gamba-osaka":{"0":0.0517392571,"1":0.1532277997,"2":0.2268950112,"3":0.2239861008,"4":0.1658358631,"5":0.0982258573,"6":0.0484832757,"7":0.0205121551,"8":0.007593442,"9":0.0024986967},"albirex-niigata":{"0":0.4585053158,"1":0.3575348311,"2":0.1393998619,"3":0.0362338991,"4":0.0070636482,"5":0.0011016231,"6":0.0001431712,"7":0.0000159489,"8":0.0000015546,"9":0.0000001347}}