{"kashima-antlers":{"0":0.111658777,"1":0.2447903957,"2":0.2683279337,"3":0.1960857977,"4":0.1074701007,"5":0.0471215057,"6":0.0172174732,"7":0.0053922856,"8":0.0014776936,"9":0.000359951},"nagoya-grampus-eight":{"0":0.2806187976,"1":0.3565986165,"2":0.2265752942,"3":0.0959741318,"4":0.0304899769,"5":0.0077490772,"6":0.0016412005,"7":0.0002979384,"8":0.000047326,"9":0.0000066822}}