{"sanfrecce-hiroshima":{"0":0.3082256677,"1":0.3627579012,"2":0.2134690726,"3":0.0837455593,"4":0.0246405203,"5":0.0057999994,"6":0.0011376922,"7":0.0001912823,"8":0.0000281406,"9":0.0000036799},"jubilo-iwata":{"0":0.1674611977,"1":0.2992537648,"2":0.267383779,"3":0.1592719261,"4":0.0711548768,"5":0.0254308043,"6":0.0075741565,"7":0.0019335779,"8":0.0004319138,"9":0.0000857591}}