{"omiya-ardija":{"0":0.2009106283,"1":0.322440484,"2":0.2587415772,"3":0.1384176969,"4":0.055536471,"5":0.0178260421,"6":0.0047681546,"7":0.0010931983,"8":0.0002193086,"9":0.0000391075},"avispa-fukuoka":{"0":0.4050114898,"1":0.3660655211,"2":0.1654323015,"3":0.0498414351,"4":0.0112621687,"5":0.0020358394,"6":0.0003066788,"7":0.0000395984,"8":0.0000044738,"9":0.0000004493}}