{"fc-tokyo":{"0":0.0803668223,"1":0.2026171231,"2":0.2554144696,"3":0.2146463908,"4":0.1352891434,"5":0.0682169489,"6":0.0286642372,"7":0.0103238503,"8":0.0032535018,"9":0.0009113976},"cerezo-osaka":{"0":0.3535567775,"1":0.3675969383,"2":0.1910973253,"3":0.0662286759,"4":0.0172146739,"5":0.0035796578,"6":0.0006203017,"7":0.0000921335,"8":0.000011974,"9":0.0000013833}}