{"oita-trinita":{"0":0.2975654101,"1":0.3606853456,"2":0.2185971792,"3":0.0883220926,"4":0.0267642705,"5":0.006488308,"6":0.0013107693,"7":0.000226973,"8":0.0000343899,"9":0.0000046316},"urawa-red-diamonds":{"0":0.1699527222,"1":0.3011961601,"2":0.2668951862,"3":0.1576669955,"4":0.0698557413,"5":0.0247601577,"6":0.0073134696,"7":0.0018515981,"8":0.0004101834,"9":0.0000807713}}