{"kashima-antlers":{"0":0.1186400165,"1":0.2529003487,"2":0.269548961,"3":0.1915290423,"4":0.1020687686,"5":0.0435152117,"6":0.0154599498,"7":0.0047079113,"8":0.0012544591,"9":0.0002971202},"kyoto-sanga":{"0":0.2936279773,"1":0.3598239666,"2":0.220471646,"3":0.0900583826,"4":0.0275903243,"5":0.0067620668,"6":0.0013810864,"7":0.0002417773,"8":0.0000370355,"9":0.0000050428}}