{"gamba-osaka":{"0":0.0509724194,"1":0.1517179072,"2":0.2257919443,"3":0.2240210271,"4":0.1666979995,"5":0.0992343386,"6":0.049228015,"7":0.0209322484,"8":0.0077880277,"9":0.0025756484},"cerezo-osaka":{"0":0.4516306808,"1":0.3589969426,"2":0.1426816316,"3":0.037805425,"4":0.0075127934,"5":0.0011943696,"6":0.0001582322,"7":0.0000179682,"8":0.0000017853,"9":0.0000001577}}