{"jef-united":{"0":0.1888756028,"1":0.3147926714,"2":0.2623272262,"3":0.1457373479,"4":0.0607238949,"5":0.0202412983,"6":0.0056225829,"7":0.0013387102,"8":0.000278898,"9":0.0000516478},"shimizu-s-pulse":{"0":0.1760079213,"1":0.305765586,"2":0.2655920053,"3":0.1537978036,"4":0.0667953964,"5":0.0232077436,"6":0.006719517,"7":0.0016676174,"8":0.0003621286,"9":0.0000698999}}