{"yokohama-fa-marinos":{"0":0.3067205576,"1":0.3624879317,"2":0.2141974142,"3":0.0843807995,"4":0.0249306908,"5":0.0058927087,"6":0.0011606851,"7":0.0001959598,"8":0.0000289486,"9":0.0000038013},"kawasaki-frontale":{"0":0.1052419775,"1":0.2369515791,"2":0.2667474147,"3":0.2001933152,"4":0.1126834636,"5":0.0507412066,"6":0.0190405789,"7":0.0061242472,"8":0.0017235875,"9":0.0004311828}}