{"jubilo-iwata":{"0":0.0551552421,"1":0.1598180218,"2":0.2315446286,"3":0.2236415076,"4":0.162006103,"5":0.0938858898,"6":0.0453406802,"7":0.0187684733,"8":0.0067979492,"9":0.0021886401},"albirex-niigata":{"0":0.4480189681,"1":0.359723259,"2":0.1444144471,"3":0.0386510686,"4":0.0077584262,"5":0.0012458787,"6":0.0001667234,"7":0.0000191236,"8":0.0000019193,"9":0.0000001712}}