{"sanfrecce-hiroshima":{"0":0.2569629085,"1":0.3491672463,"2":0.237228335,"3":0.1074504811,"4":0.0365015605,"5":0.0099198359,"6":0.0022465511,"7":0.0004360952,"8":0.0000740721,"9":0.0000111834},"nagoya-grampus-eight":{"0":0.176522564,"1":0.3061442424,"2":0.2654739854,"3":0.1534710923,"4":0.0665414809,"5":0.0230806655,"6":0.0066714916,"7":0.001652916,"8":0.0003583329,"9":0.000069051}}