{"fc-tokyo":{"0":0.0474476471,"1":0.1446265179,"2":0.2204200941,"3":0.2239562453,"4":0.1706618447,"5":0.1040398412,"6":0.0528544648,"7":0.0230153131,"8":0.0087692035,"9":0.002969962},"ventforet-kofu":{"0":0.2287521617,"1":0.3374360023,"2":0.248878644,"3":0.122374967,"4":0.0451293218,"5":0.013314198,"6":0.0032733314,"7":0.000689792,"8":0.0001271904,"9":0.0000208467}}