{"omiya-ardija":{"0":0.3615395385,"1":0.3678244948,"2":0.187109354,"3":0.0634540129,"4":0.0161392723,"5":0.0032839671,"6":0.0005568425,"7":0.0000809318,"8":0.0000102923,"9":0.0000011635},"urawa-red-diamonds":{"0":0.1880482203,"1":0.3142392682,"2":0.2625558421,"3":0.1462485802,"4":0.0610974232,"5":0.0204194536,"6":0.0056870113,"7":0.001357617,"8":0.0002835819,"9":0.0000526535}}