{"oita-trinita":{"0":0.1337524326,"1":0.2690784232,"2":0.2706612374,"3":0.1815022416,"4":0.0912849509,"5":0.0367287685,"6":0.01231494,"7":0.0035392517,"8":0.0008900177,"9":0.0001989451},"avispa-fukuoka":{"0":0.3495548153,"1":0.3674152803,"2":0.1930941619,"3":0.067653429,"4":0.0177775434,"5":0.003737177,"6":0.0006546879,"7":0.0000983056,"8":0.0000129161,"9":0.0000015084}}