{"urawa-red-diamonds":{"0":0.1195305841,"1":0.2539048355,"2":0.2696701684,"3":0.1909429297,"4":0.1013994316,"5":0.0430781899,"6":0.0152509932,"7":0.0046279858,"8":0.0012288361,"9":0.0002900303},"sanfrecce-hiroshima":{"0":0.8758365803,"1":0.1161146982,"2":0.007696997,"3":0.0003401451,"4":0.0000112737,"5":0.0000002989,"6":0.0000000066,"7":0.0000000001,"8":0.0,"9":0.0}}