{"shimizu-s-pulse":{"0":0.1828029641,"1":0.3106455599,"2":0.2639472077,"3":0.1495125795,"4":0.0635184161,"5":0.0215879584,"6":0.0061142366,"7":0.0014843151,"8":0.0003152957,"9":0.000059533},"kashima-antlers":{"0":0.5292133415,"1":0.3367721264,"2":0.1071547675,"3":0.0227297992,"4":0.0036161044,"5":0.0004602315,"6":0.0000488124,"7":0.0000044375,"8":0.000000353,"9":0.000000025}}