{"nagoya-grampus-eight":{"0":0.0742735782,"1":0.1931113034,"2":0.2510446944,"3":0.2175720684,"4":0.1414218445,"5":0.0735393591,"6":0.0318670556,"7":0.0118363349,"8":0.0038468089,"9":0.0011113003},"albirex-niigata":{"0":0.3983379372,"1":0.3666519649,"2":0.1687432339,"3":0.0517734922,"4":0.0119137866,"5":0.0021932198,"6":0.0003364599,"7":0.0000442423,"8":0.0000050904,"9":0.0000005206}}