{"ventforet-kofu":{"0":0.283160324,"1":0.3572752808,"2":0.2253946183,"3":0.0947966208,"4":0.0299022201,"5":0.0075457776,"6":0.0015868041,"7":0.0002860196,"8":0.0000451104,"9":0.0000063242},"omiya-ardija":{"0":0.4038682102,"1":0.3661738439,"2":0.1659988092,"3":0.050168529,"4":0.0113715332,"5":0.002062038,"6":0.0003115969,"7":0.0000403592,"8":0.000004574,"9":0.0000004608}}