{"kyoto-sanga":{"0":0.2176092042,"1":0.3318658887,"2":0.2530567779,"3":0.1286417898,"4":0.049046434,"5":0.0149596966,"6":0.003802392,"7":0.0008284078,"8":0.0001579209,"9":0.0000267598},"fc-tokyo":{"0":0.0705442468,"1":0.1870491393,"2":0.2479818135,"3":0.2191758452,"4":0.1452870186,"5":0.0770461462,"6":0.0340481707,"7":0.0128970344,"8":0.0042745852,"9":0.0012593475}}