{"avispa-fukuoka":{"0":0.4564328325,"1":0.3579865353,"2":0.1403868766,"3":0.0367024514,"4":0.0071965591,"5":0.001128872,"6":0.000147565,"7":0.0000165339,"8":0.000001621,"9":0.0000001413},"yokohama-fa-marinos":{"0":0.2600708079,"1":0.3502637144,"2":0.2358678211,"3":0.1058890331,"4":0.0356528731,"5":0.0096034675,"6":0.0021556605,"7":0.0004147495,"8":0.0000698231,"9":0.0000104487}}