{"kawasaki-frontale":{"0":0.1514201038,"1":0.2858353,"2":0.2697852422,"3":0.1697576119,"4":0.0801127405,"5":0.0302457186,"6":0.0095157928,"7":0.0025661336,"8":0.0006055104,"9":0.0001270022},"jubilo-iwata":{"0":0.3123735425,"1":0.3634639708,"2":0.2114552613,"3":0.0820133147,"4":0.023856762,"5":0.0055517336,"6":0.0010766251,"7":0.000178959,"8":0.0000260286,"9":0.0000033651}}