{"cerezo-osaka":{"0":0.3654828409,"1":0.3678716177,"2":0.1851380037,"3":0.0621160187,"4":0.0156305014,"5":0.0031465323,"6":0.0005278496,"7":0.0000758999,"8":0.0000095495,"9":0.000001068},"jef-united":{"0":0.0615516396,"1":0.1715985105,"2":0.2391979237,"3":0.2222849392,"4":0.1549258667,"5":0.0863829075,"6":0.0401375126,"7":0.0159855028,"8":0.0055707055,"9":0.0017256058}}