{"oita-trinita":{"0":0.1888756028,"1":0.3147926714,"2":0.2623272262,"3":0.1457373479,"4":0.0607238949,"5":0.0202412983,"6":0.0056225829,"7":0.0013387102,"8":0.000278898,"9":0.0000516478},"gamba-osaka":{"0":0.073267631,"1":0.1914949447,"2":0.2502490754,"3":0.2180200279,"4":0.1424562682,"5":0.0744657766,"6":0.0324377436,"7":0.0121114952,"8":0.0039568805,"9":0.0011490941}}