{"kashima-antlers":{"0":0.2026695733,"1":0.3234967838,"2":0.2581792804,"3":0.1373667254,"4":0.0548154481,"5":0.0174990462,"6":0.0046552664,"7":0.0010615194,"8":0.0002117968,"9":0.0000375628},"fc-tokyo":{"0":0.2731404362,"1":0.3544732448,"2":0.2300122292,"3":0.0995009287,"4":0.0322823101,"5":0.0083789975,"6":0.0018123342,"7":0.0003359988,"8":0.0000545061,"9":0.0000078596}}