{"jef-united":{"0":0.2178802838,"1":0.3320080515,"2":0.2529585155,"3":0.128486865,"4":0.0489473771,"5":0.0149172959,"6":0.0037885196,"7":0.0008247117,"8":0.000157088,"9":0.0000265969},"kyoto-sanga":{"0":0.2673915022,"1":0.3527004598,"2":0.2326132532,"3":0.1022755033,"4":0.0337264056,"5":0.008897305,"6":0.0019559856,"7":0.0003685751,"8":0.0000607707,"9":0.0000089066}}