{"yokohama-fa-marinos":{"0":0.1637320859,"1":0.2962771078,"2":0.2680602404,"3":0.1616871291,"4":0.0731441775,"5":0.0264712261,"6":0.0079833857,"7":0.0020637323,"8":0.0004667966,"9":0.0000938533},"nagoya-grampus-eight":{"0":0.3153219117,"1":0.3639323223,"2":0.2100182866,"3":0.0807983206,"4":0.0233135721,"5":0.0053815242,"6":0.0010351911,"7":0.0001706825,"8":0.0000246244,"9":0.0000031578}}