{"gamba-osaka":{"0":0.2077481871,"1":0.3264614369,"2":0.2565054147,"3":0.1343599791,"4":0.0527842775,"5":0.0165893444,"6":0.0043448283,"7":0.0009753696,"8":0.0001915905,"9":0.0000334523},"kawasaki-frontale":{"0":0.2329477321,"1":0.3393911428,"2":0.2472364654,"3":0.1200696623,"4":0.0437336088,"5":0.0127434591,"6":0.0030944117,"7":0.0006440537,"8":0.0001172935,"9":0.0000189878}}