{"urawa-red-diamonds":{"0":0.0662522592,"1":0.1798275606,"2":0.2440516893,"3":0.2208086713,"4":0.1498344555,"5":0.0813387044,"6":0.0367960806,"7":0.014267868,"8":0.0048408838,"9":0.0014599491},"shimizu-s-pulse":{"0":0.7409796366,"1":0.2221324575,"2":0.0332956712,"3":0.0033271491,"4":0.000249355,"5":0.0000149504,"6":0.000000747,"7":0.000000032,"8":0.0000000012,"9":0.0}}