{"sanfrecce-hiroshima":{"0":0.3398112103,"1":0.366780354,"2":0.1979449529,"3":0.0712182899,"4":0.0192176338,"5":0.0041485686,"6":0.0007463033,"7":0.0001150763,"8":0.0000155262,"9":0.000001862},"omiya-ardija":{"0":0.2594945424,"1":0.3500632258,"2":0.2361210778,"3":0.1061773213,"4":0.0358088221,"5":0.0096613606,"6":0.0021722275,"7":0.0004186254,"8":0.0000705917,"9":0.0000105811}}