{"jubilo-iwata":{"0":0.1488580808,"1":0.2835392015,"2":0.2700373348,"3":0.1714522761,"4":0.081643941,"5":0.0311024537,"6":0.0098737948,"7":0.0026867469,"8":0.0006397016,"9":0.0001353866},"oita-trinita":{"0":0.2867649955,"1":0.3581959276,"2":0.2237098749,"3":0.0931447555,"4":0.0290865976,"5":0.0072663686,"6":0.0015127274,"7":0.0002699337,"8":0.0000421465,"9":0.0000058494}}