{"avispa-fukuoka":{"0":0.2617440903,"1":0.3508386396,"2":0.2351299525,"3":0.1050551228,"4":0.0352036567,"5":0.0094373118,"6":0.0021082766,"7":0.0004037012,"8":0.0000676395,"9":0.0000100737},"cerezo-osaka":{"0":0.1922801717,"1":0.3170318822,"2":0.26136136,"3":0.1436443553,"4":0.0592102658,"5":0.0195251979,"6":0.0053655301,"7":0.0012638136,"8":0.0002604723,"9":0.0000477186}}