{"albirex-niigata":{"0":0.0717217611,"1":0.1889840487,"2":0.2489828061,"3":0.2186866676,"4":0.1440577142,"5":0.0759172939,"6":0.0333398524,"7":0.0125498876,"8":0.0041335582,"9":0.0012101961},"ventforet-kofu":{"0":0.3018150707,"1":0.3615565866,"2":0.2165616929,"3":0.0864760291,"4":0.0258982908,"5":0.0062049238,"6":0.0012388552,"7":0.0002120107,"8":0.000031747,"9":0.0000042257}}