{"jef-united":{"0":0.314973738,"1":0.3638784551,"2":0.2101882064,"3":0.0809410972,"4":0.0233771247,"5":0.0054013595,"6":0.0010400012,"7":0.0001716397,"8":0.0000247862,"9":0.0000031816},"oita-trinita":{"0":0.1438800216,"1":0.2789510622,"2":0.270411744,"3":0.174755889,"4":0.0847031095,"5":0.0328440629,"6":0.0106128775,"7":0.0029394267,"8":0.0007123611,"9":0.0001534565}}