{"shimizu-s-pulse":{"0":0.1361086256,"1":0.2714417035,"2":0.2706683653,"3":0.1799314869,"4":0.0897094308,"5":0.0357815393,"6":0.0118931992,"7":0.0033883758,"8":0.0008446806,"9":0.000187172},"avispa-fukuoka":{"0":0.7909882244,"1":0.1854647478,"2":0.0217431636,"3":0.0016993891,"4":0.0000996149,"5":0.0000046714,"6":0.0000001826,"7":0.0000000061,"8":0.0000000002,"9":0.0}}