{"yokohama-fa-marinos":{"0":0.1839134703,"1":0.3114188221,"2":0.2636611734,"3":0.1488182675,"4":0.0629981174,"5":0.0213348152,"6":0.0060210045,"7":0.0014564723,"8":0.0003082787,"9":0.0000580006},"jubilo-iwata":{"0":0.3366146999,"1":0.366511581,"2":0.1995318966,"3":0.0724178622,"4":0.0197124377,"5":0.0042926448,"6":0.0007789836,"7":0.0001211672,"8":0.0000164911,"9":0.0000019951}}