{"kyoto-sanga":{"0":0.380803299,"1":0.3676550418,"2":0.1774803817,"3":0.0571174649,"4":0.0137863327,"5":0.0026620645,"6":0.0004283583,"7":0.0000590811,"8":0.0000071302,"9":0.0000007649},"urawa-red-diamonds":{"0":0.1472666774,"1":0.2820908232,"2":0.2701739252,"3":0.1725069702,"4":0.0826097154,"5":0.0316479506,"6":0.010103662,"7":0.0027648097,"8":0.0006620026,"9":0.000140897}}