{"ventforet-kofu":{"0":0.2830818414,"1":0.3572547278,"2":0.2254311684,"3":0.0948328232,"4":0.0299202117,"5":0.0075519765,"6":0.0015884566,"7":0.0002863804,"8":0.0000451772,"9":0.0000063349},"gamba-osaka":{"0":0.0729637074,"1":0.1910038913,"2":0.2500043363,"3":0.2181532105,"4":0.1427699934,"5":0.0747484613,"6":0.032612668,"7":0.012196174,"8":0.0039908825,"9":0.0011608117}}