{"kawasaki-frontale":{"0":0.1829548083,"1":0.3107516886,"2":0.2639083739,"3":0.1494175412,"4":0.063447025,"5":0.0215531588,"6":0.0061013979,"7":0.0014804747,"8":0.0003143263,"9":0.0000593209},"sanfrecce-hiroshima":{"0":0.1665782268,"1":0.2985565316,"2":0.2675499803,"3":0.1598424069,"4":0.0716209969,"5":0.0256731229,"6":0.007668948,"7":0.0019635687,"8":0.0004399106,"9":0.0000876053}}