{"cerezo-osaka":{"0":0.3038053502,"1":0.3619439962,"2":0.2156042616,"3":0.0856213449,"4":0.0255016343,"5":0.0060763666,"6":0.0012065315,"7":0.0002053462,"8":0.0000305804,"9":0.0000040481},"kashima-antlers":{"0":0.1173790381,"1":0.2514666229,"2":0.2693643749,"3":0.1923573147,"4":0.1030240261,"5":0.0441426414,"6":0.0157614754,"7":0.0048237927,"8":0.0012917797,"9":0.0003074934}}