{"omiya-ardija":{"0":0.2185765697,"1":0.3323716613,"2":0.2527053138,"3":0.1280894915,"4":0.0486938252,"5":0.0148089501,"6":0.0037531282,"7":0.0008152968,"8":0.0001549695,"9":0.0000261833},"nagoya-grampus-eight":{"0":0.2407884011,"1":0.3428433708,"2":0.2440764928,"3":0.1158416922,"4":0.0412349142,"5":0.0117423571,"6":0.0027865332,"7":0.0005667955,"8":0.000100878,"9":0.0000159593}}