{"fc-tokyo":{"0":0.0452993525,"1":0.1401771494,"2":0.2168864689,"3":0.2237156845,"4":0.1730699514,"5":0.1071116963,"6":0.0552421886,"7":0.0244206976,"8":0.0094461168,"9":0.0032478505},"albirex-niigata":{"0":0.2992879258,"1":0.3610457518,"2":0.2177736281,"3":0.0875703478,"4":0.0264101049,"5":0.0063719618,"6":0.0012811352,"7":0.0002207852,"8":0.000033293,"9":0.0000044626}}