{"nagoya-grampus-eight":{"0":0.1132786688,"1":0.2467101113,"2":0.2686555185,"3":0.1950353453,"4":0.1061920842,"5":0.0462552415,"6":0.0167899157,"7":0.005223833,"8":0.0014221261,"9":0.0003441394},"fc-tokyo":{"0":0.2183770702,"1":0.332267707,"2":0.2527779795,"3":0.1282032642,"4":0.0487663432,"5":0.0148399106,"6":0.0037632332,"7":0.0008179828,"8":0.0001555734,"9":0.0000263011}}