{"urawa-red-diamonds":{"0":0.1171998544,"1":0.2512617962,"2":0.2693368969,"3":0.192474848,"4":0.1031604865,"5":0.0442326303,"6":0.0158048691,"7":0.0048405226,"8":0.0012971842,"9":0.000309},"jef-united":{"0":0.6736711984,"1":0.2661089642,"2":0.0525582665,"3":0.0069204017,"4":0.0006834124,"5":0.0000539914,"6":0.0000035546,"7":0.0000002006,"8":0.0000000099,"9":0.0000000004}}