{"jubilo-iwata":{"0":0.0573547551,"1":0.1639485402,"2":0.2343234122,"3":0.2232711208,"4":0.1595550982,"5":0.0912176345,"6":0.0434575941,"7":0.017746216,"8":0.0063409438,"9":0.0020139539},"gamba-osaka":{"0":0.1449777104,"1":0.279977369,"2":0.2703426855,"3":0.1740263696,"4":0.0840188553,"5":0.0324510271,"6":0.0104447702,"7":0.002881526,"8":0.0006955915,"9":0.0001492566}}