{"avispa-fukuoka":{"0":0.3402540692,"1":0.3668152131,"2":0.1977248955,"3":0.0710532768,"4":0.0191499715,"5":0.0041289739,"6":0.0007418821,"7":0.0001142565,"8":0.000015397,"9":0.0000018443},"kashima-antlers":{"0":0.1311391818,"1":0.2664087316,"2":0.2706041447,"3":0.1832437515,"4":0.09306474,"5":0.0378121306,"6":0.0128025324,"7":0.0037154706,"8":0.0009434955,"9":0.0002129675}}