{"cerezo-osaka":{"0":0.2598688112,"1":0.3501935832,"2":0.2359566451,"3":0.105990022,"4":0.0357074647,"5":0.0096237212,"6":0.0021614531,"7":0.0004161039,"8":0.0000700916,"9":0.0000104949},"shimizu-s-pulse":{"0":0.1176340291,"1":0.2517576343,"2":0.2694029395,"3":0.1921899847,"4":0.1028301425,"5":0.0440149396,"6":0.0156999596,"7":0.0048000988,"8":0.0012841326,"9":0.0003053634}}