{"kyoto-sanga":{"0":0.3038204649,"1":0.3619468883,"2":0.2155969809,"3":0.0856148783,"4":0.0254986434,"5":0.0060754002,"6":0.0012062893,"7":0.0002052964,"8":0.0000305717,"9":0.0000040467},"omiya-ardija":{"0":0.1777685728,"1":0.3070548076,"2":0.2651836975,"3":0.1526815228,"4":0.0659306576,"5":0.0227760453,"6":0.0065567403,"7":0.001617897,"8":0.0003493187,"9":0.000067041}}