{"ventforet-kofu":{"0":0.2162459133,"1":0.3311458074,"2":0.25354825,"3":0.1294227772,"4":0.0495475376,"5":0.0151748156,"6":0.0038729646,"7":0.0008472603,"8":0.0001621803,"9":0.0000275948},"sanfrecce-hiroshima":{"0":0.1524353247,"1":0.286733113,"2":0.2696746251,"3":0.1690873269,"4":0.0795139442,"5":0.0299133823,"6":0.0093779195,"7":0.0025200009,"8":0.0005925199,"9":0.0001238376}}