{"kawasaki-frontale":{"0":0.1799457765,"1":0.30862495,"2":0.2646612819,"3":0.1513068297,"4":0.0648765751,"5":0.0222539591,"6":0.0063612932,"7":0.0015586074,"8":0.0003341459,"9":0.0000636771},"oita-trinita":{"0":0.1291805576,"1":0.2643737186,"2":0.2705262478,"3":0.1845479728,"4":0.094421395,"5":0.0386475113,"6":0.0131823066,"7":0.0038540247,"8":0.000985929,"9":0.0002241941}}