{"albirex-niigata":{"0":0.2299058343,"1":0.3379812265,"2":0.2484306451,"3":0.1217380939,"4":0.0447413507,"5":0.0131547219,"6":0.0032230943,"7":0.0006768891,"8":0.0001243856,"9":0.0000203175},"yokohama-fa-marinos":{"0":0.3636483323,"1":0.3678550156,"2":0.1860551809,"3":0.0627358223,"4":0.0158653876,"5":0.0032097837,"6":0.0005411524,"7":0.0000782018,"8":0.0000098883,"9":0.0000011114}}