{"gamba-osaka":{"0":0.1546272154,"1":0.2886485175,"2":0.2694155956,"3":0.1676427875,"4":0.0782362955,"5":0.0292093351,"6":0.0090876965,"7":0.0024234785,"8":0.0005655,"9":0.0001172934},"yokohama-fa-marinos":{"0":0.5061088146,"1":0.3446619167,"2":0.1173580003,"3":0.0266404063,"4":0.004535553,"5":0.0006177456,"6":0.0000701145,"7":0.0000068212,"8":0.0000005807,"9":0.0000000439}}