{"kashima-antlers":{"0":0.1879627914,"1":0.3141819211,"2":0.2625793085,"3":0.1463014231,"4":0.0611361188,"5":0.0204379421,"6":0.0056937084,"7":0.0013595854,"8":0.0002840703,"9":0.0000527585},"jef-united":{"0":0.1317067499,"1":0.2669929494,"2":0.2706210391,"3":0.1828656199,"4":0.0926752638,"5":0.0375738404,"6":0.0126948068,"7":0.0036763751,"8":0.0009315831,"9":0.0002098316}}