{"nagoya-grampus-eight":{"0":0.0981220263,"1":0.2277945434,"2":0.2644174604,"3":0.2046188707,"4":0.1187578976,"5":0.0551403229,"6":0.0213351089,"7":0.0070757688,"8":0.002053338,"9":0.000529657},"shimizu-s-pulse":{"0":0.1614778824,"1":0.2944366872,"2":0.2684360281,"3":0.1631542633,"4":0.0743733446,"5":0.0271222794,"6":0.0082424024,"7":0.0021470129,"8":0.0004893544,"9":0.0000991425}}