{"urawa-red-diamonds":{"0":0.0490076092,"1":0.1477961531,"2":0.2228603194,"3":0.2240325426,"4":0.1689081987,"5":0.1018779835,"6":0.0512069258,"7":0.0220612582,"8":0.0083164868,"9":0.0027867436},"avispa-fukuoka":{"0":0.8778009971,"1":0.1144085141,"2":0.0074557378,"3":0.0003239154,"4":0.0000105544,"5":0.0000002751,"6":0.000000006,"7":0.0000000001,"8":0.0,"9":0.0}}