{"jubilo-iwata":{"0":0.0705490585,"1":0.1870570858,"2":0.2479859693,"3":0.2191738803,"4":0.1452819788,"5":0.0770414918,"6":0.034045238,"7":0.0128955918,"8":0.0042739972,"9":0.0012591419},"omiya-ardija":{"0":0.4080477946,"1":0.3657621966,"2":0.163929307,"3":0.0489804905,"4":0.0109761724,"5":0.0019677445,"6":0.0002939715,"7":0.0000376439,"8":0.0000042179,"9":0.0000004201}}