{"sanfrecce-hiroshima":{"0":0.3831204147,"1":0.3675680018,"2":0.1763234622,"3":0.0563885924,"4":0.0135248876,"5":0.0025951715,"6":0.0004149705,"7":0.000056875,"8":0.0000068208,"9":0.0000007271},"fc-tokyo":{"0":0.2269724058,"1":0.3365834701,"2":0.249564329,"3":0.1233618797,"4":0.0457341603,"5":0.0135640827,"6":0.0033524237,"7":0.0007101999,"8":0.0001316468,"9":0.0000216914}}