{"kawasaki-frontale":{"0":0.0381570395,"1":0.1246226088,"2":0.2035115251,"3":0.2215592674,"4":0.1809056353,"5":0.1181691897,"6":0.0643243155,"7":0.0300123014,"8":0.0122526909,"9":0.0044464267},"ventforet-kofu":{"0":0.2890576782,"1":0.3587578764,"2":0.222632408,"3":0.0921051817,"4":0.0285786038,"5":0.007093947,"6":0.0014674173,"7":0.0002601792,"8":0.0000403645,"9":0.0000055664}}