{"oita-trinita":{"0":0.1599654495,"1":0.2931842644,"2":0.2686736828,"3":0.1641414782,"4":0.0752095198,"5":0.0275687629,"6":0.0084213263,"7":0.0022049407,"8":0.0005051512,"9":0.0001028711},"cerezo-osaka":{"0":0.3306711757,"1":0.3659309157,"2":0.2024752155,"3":0.0746884382,"4":0.020663132,"5":0.0045732918,"6":0.0008434909,"7":0.0001333476,"8":0.0000184458,"9":0.0000022681}}