{"albirex-niigata":{"0":0.1101991343,"1":0.2430404702,"2":0.2680087757,"3":0.1970281021,"4":0.1086347068,"5":0.0479180356,"6":0.0176136016,"7":0.0055494577,"8":0.0015298927,"9":0.000374903},"kyoto-sanga":{"0":0.4683835619,"1":0.3552538226,"2":0.1347242823,"3":0.0340613407,"4":0.006458607,"5":0.000979729,"6":0.0001238488,"7":0.0000134193,"8":0.0000012723,"9":0.0000001072}}