{"jef-united":{"0":0.2825530696,"1":0.3571156852,"2":0.2256772733,"3":0.0950769994,"4":0.0300416908,"5":0.0075938718,"6":0.001599635,"7":0.000288823,"8":0.00004563,"9":0.0000064079},"omiya-ardija":{"0":0.3168922246,"1":0.3641705,"2":0.2092511946,"3":0.0801567076,"4":0.0230288928,"5":0.005292931,"6":0.001013767,"7":0.0001664306,"8":0.0000239076,"9":0.0000030527}}