{"urawa-red-diamonds":{"0":0.1501931219,"1":0.284741127,"2":0.26991086,"3":0.1705686685,"4":0.0808424418,"5":0.0306527592,"6":0.0096854204,"7":0.0026231347,"8":0.0006216283,"9":0.0001309448},"kawasaki-frontale":{"0":0.615564803,"1":0.298681309,"2":0.0724623337,"3":0.0117199384,"4":0.0014216726,"5":0.0001379634,"6":0.000011157,"7":0.0000007734,"8":0.0000000469,"9":0.0000000025}}