{"shimizu-s-pulse":{"0":0.0387742078,"1":0.1260161755,"2":0.2047762851,"3":0.2218409755,"4":0.1802457926,"5":0.1171597652,"6":0.0634615395,"7":0.0294642862,"8":0.0119698663,"9":0.0043224517},"albirex-niigata":{"0":0.8363037113,"1":0.149500529,"2":0.0133626145,"3":0.000796249,"4":0.0000355851,"5":0.0000012723,"6":0.0000000379,"7":0.000000001,"8":0.0,"9":0.0}}