{"yokohama-fa-marinos":{"0":0.2425210746,"1":0.3435715224,"2":0.2433631617,"3":0.114921493,"4":0.0407013621,"5":0.0115320526,"6":0.0027228458,"7":0.0005510521,"8":0.0000975821,"9":0.0000153602},"kashima-antlers":{"0":0.3363490783,"1":0.3664878846,"2":0.1996636504,"3":0.0725182195,"4":0.019754067,"5":0.0043048289,"6":0.000781761,"7":0.0001216873,"8":0.0000165739,"9":0.0000020066}}