{"kyoto-sanga":{"0":0.4158211662,"1":0.3648830734,"2":0.1600924484,"3":0.0468270412,"4":0.0102726822,"5":0.0018028557,"6":0.0002636676,"7":0.0000330526,"8":0.0000036255,"9":0.0000003535},"oita-trinita":{"0":0.0708109283,"1":0.1874890644,"2":0.2482113291,"3":0.219066515,"4":0.1450078996,"5":0.0767886993,"6":0.0338861099,"7":0.012817382,"8":0.00424214,"9":0.0012480102}}