{"ventforet-kofu":{"0":0.1083680232,"1":0.2408178294,"2":0.267575366,"3":0.1982039748,"4":0.1101133193,"5":0.048939253,"6":0.0181256493,"7":0.0057541744,"8":0.0015983818,"9":0.0003946622},"nagoya-grampus-eight":{"0":0.2454726134,"1":0.3447834422,"2":0.2421362211,"3":0.1133657487,"4":0.0398075294,"5":0.0111824914,"6":0.0026177651,"7":0.000525262,"8":0.0000922209,"9":0.0000143923}}