{"cerezo-osaka":{"0":0.3432610408,"1":0.3670366973,"2":0.1962295763,"3":0.0699404118,"4":0.0186961923,"5":0.0039982333,"6":0.0007125279,"7":0.0001088401,"8":0.0000145473,"9":0.0000017283},"sanfrecce-hiroshima":{"0":0.1160965237,"1":0.2499945143,"2":0.2691607604,"3":0.1931976125,"4":0.1040047147,"5":0.0447913638,"6":0.0160751228,"7":0.004945014,"8":0.0013310329,"9":0.000318462}}