{"fc-tokyo":{"0":0.198033676,"1":0.3206795322,"2":0.2596410985,"3":0.1401471839,"4":0.0567357207,"5":0.0183746368,"6":0.0049590639,"7":0.0011471861,"8":0.0002322074,"9":0.0000417797},"gamba-osaka":{"0":0.0270518469,"1":0.0976571672,"2":0.1762711868,"3":0.2121129948,"4":0.1914319778,"5":0.1382138879,"6":0.0831586892,"7":0.042886124,"8":0.0193523635,"9":0.007762448}}