{"avispa-fukuoka":{"0":0.2955994354,"1":0.3602618119,"2":0.2195345416,"3":0.0891859075,"4":0.0271738312,"5":0.0066236214,"6":0.0013454231,"7":0.0002342478,"8":0.0000356862,"9":0.0000048325},"jubilo-iwata":{"0":0.2193831611,"1":0.3327901016,"2":0.2524105569,"3":0.1276301768,"4":0.048401686,"5":0.014684447,"6":0.0037125598,"7":0.0008045305,"8":0.0001525526,"9":0.0000257125}}