{"gamba-osaka":{"0":0.0765090442,"1":0.1966547402,"2":0.252735394,"3":0.2165391633,"4":0.1391451604,"5":0.0715302502,"6":0.0306429192,"7":0.011251845,"8":0.0036151423,"9":0.0010324631},"shimizu-s-pulse":{"0":0.3198190218,"1":0.3645936849,"2":0.2078184004,"3":0.0789709921,"4":0.0225067328,"5":0.0051315351,"6":0.0009749917,"7":0.0001587844,"8":0.0000226268,"9":0.0000028661}}