{"nagoya-grampus-eight":{"0":0.1668959666,"1":0.2988079709,"2":0.267490597,"3":0.1596370166,"4":0.0714529146,"5":0.0255856398,"6":0.0076346893,"7":0.0019527186,"8":0.0004370147,"9":0.000086936},"jef-united":{"0":0.1177289797,"1":0.2518658565,"2":0.2694171386,"3":0.192127655,"4":0.1027580391,"5":0.0439674948,"6":0.0156771238,"7":0.0047913099,"8":0.0012812981,"9":0.0003045745}}