{"jubilo-iwata":{"0":0.1340402187,"1":0.2693692856,"2":0.2706643303,"3":0.1813104007,"4":0.0910910427,"5":0.0366115922,"6":0.0122625365,"7":0.003520426,"8":0.0008843378,"9":0.0001974643},"urawa-red-diamonds":{"0":0.1871975971,"1":0.3136665249,"2":0.2627883326,"3":0.1467752157,"4":0.0614837911,"5":0.0206043319,"6":0.0057540706,"7":0.0013773523,"8":0.0002884848,"9":0.0000537092}}