{"sanfrecce-hiroshima":{"0":0.3799967448,"1":0.3676820355,"2":0.177883207,"3":0.0573728245,"4":0.01387838,"5":0.0026857235,"6":0.0004331144,"7":0.0000598683,"8":0.000007241,"9":0.0000007785},"yokohama-fa-marinos":{"0":0.3046660767,"1":0.3621074936,"2":0.215189427,"3":0.0852536706,"4":0.0253318267,"5":0.0060215724,"6":0.0011928122,"7":0.0002025291,"8":0.0000300892,"9":0.0000039736}}