{"kawasaki-frontale":{"0":0.1137174448,"1":0.2472260988,"2":0.2687395237,"3":0.1947500202,"4":0.1058485086,"5":0.0460237458,"6":0.0166762322,"7":0.0051792529,"8":0.0014074869,"9":0.0003399923},"kyoto-sanga":{"0":0.2803676382,"1":0.3565305006,"2":0.2266916372,"3":0.0960910746,"4":0.0305486389,"5":0.007769457,"6":0.0016466762,"7":0.0002991431,"8":0.0000475508,"9":0.0000067187}}