{"omiya-ardija":{"0":0.2783582979,"1":0.3559774386,"2":0.2276201891,"3":0.0970304011,"4":0.0310217388,"5":0.0079344063,"6":0.0016911475,"7":0.0003089596,"8":0.000049389,"9":0.0000070179},"fc-tokyo":{"0":0.0886001217,"1":0.2147332085,"2":0.2602160691,"3":0.2102218007,"4":0.1273745478,"5":0.0617415524,"6":0.024939698,"7":0.0086349145,"8":0.0026159712,"9":0.0007044584}}