{"ventforet-kofu":{"0":0.1261210876,"1":0.2611353289,"2":0.2703420232,"3":0.1865822083,"4":0.0965802136,"5":0.0399941141,"6":0.0138013877,"7":0.0040822786,"8":0.0010565513,"9":0.000243067},"cerezo-osaka":{"0":0.3688462723,"1":0.3678781718,"2":0.1834563062,"3":0.0609915978,"4":0.0152078787,"5":0.0030335926,"6":0.0005042717,"7":0.0000718497,"8":0.0000089576,"9":0.0000009927}}