{"oita-trinita":{"0":0.1645759494,"1":0.2969580645,"2":0.267913059,"3":0.1611392668,"4":0.0726892431,"5":0.0262318486,"6":0.0078887175,"7":0.0020334669,"8":0.0004586442,"9":0.0000919522},"kashima-antlers":{"0":0.2773430753,"1":0.3556924941,"2":0.2280878119,"3":0.0975075396,"4":0.0312633549,"5":0.0080190505,"6":0.001714072,"7":0.0003140425,"8":0.0000503449,"9":0.0000071742}}