{"albirex-niigata":{"0":0.111658777,"1":0.2447903957,"2":0.2683279337,"3":0.1960857977,"4":0.1074701007,"5":0.0471215057,"6":0.0172174732,"7":0.0053922856,"8":0.0014776936,"9":0.000359951},"avispa-fukuoka":{"0":0.5621512979,"1":0.3237902948,"2":0.0932490554,"3":0.0179033291,"4":0.0025780089,"5":0.0002969785,"6":0.0000285092,"7":0.0000023458,"8":0.0000001689,"9":0.0000000108}}