{"urawa-red-diamonds":{"0":0.1904097408,"1":0.3158092164,"2":0.261896951,"3":0.1447920863,"4":0.0600372059,"5":0.0199152658,"6":0.005505167,"7":0.0013043919,"8":0.0002704293,"9":0.0000498364},"yokohama-fa-marinos":{"0":0.6319221758,"1":0.2900453477,"2":0.0665638167,"3":0.0101840206,"4":0.0011685884,"5":0.0001072739,"6":0.0000082063,"7":0.0000005381,"8":0.0000000309,"9":0.0000000016}}