{"shimizu-s-pulse":{"0":0.2262838912,"1":0.3362499225,"2":0.2498277933,"3":0.1237451117,"4":0.0459702235,"5":0.0136620278,"6":0.003383549,"7":0.0007182622,"8":0.000133414,"9":0.0000220276},"omiya-ardija":{"0":0.7335807517,"1":0.2272762254,"2":0.035207087,"3":0.003635925,"4":0.0002816184,"5":0.0000174501,"6":0.0000009011,"7":0.0000000399,"8":0.0000000015,"9":0.0000000001}}