{"kashima-antlers":{"0":0.2163205049,"1":0.331185428,"2":0.2535214767,"3":0.1293799661,"4":0.0495199929,"5":0.0151629639,"6":0.0038690682,"7":0.0008462173,"8":0.0001619442,"9":0.0000275484},"gamba-osaka":{"0":0.0554856472,"1":0.1604440119,"2":0.2319724314,"3":0.2235928836,"4":0.1616370229,"5":0.093478922,"6":0.0450510899,"7":0.0186101605,"8":0.0067267144,"9":0.0021612417}}