{"jef-united":{"0":0.071775612,"1":0.1890720727,"2":0.249027822,"3":0.2186639034,"4":0.144001689,"5":0.075866153,"6":0.0333079031,"7":0.0125342899,"8":0.0041272448,"9":0.0012080035},"albirex-niigata":{"0":0.2721957219,"1":0.3541903023,"2":0.2304422152,"3":0.0999530746,"4":0.0325155824,"5":0.0084620757,"6":0.00183519,"7":0.0003411445,"8":0.0000554886,"9":0.0000080226}}