{"avispa-fukuoka":{"0":0.2590129566,"1":0.3498946958,"2":0.2363323822,"3":0.106418675,"4":0.0359396403,"5":0.0097100081,"6":0.0021861714,"7":0.0004218927,"8":0.0000712407,"9":0.000010693},"sanfrecce-hiroshima":{"0":0.0962463659,"1":0.2252977343,"2":0.2636934319,"3":0.2057550681,"4":0.1204101324,"5":0.0563722687,"6":0.0219931151,"7":0.0073546361,"8":0.002152007,"9":0.0005597237}}