{"cerezo-osaka":{"0":0.204395663,"1":0.3245185116,"2":0.2576186373,"3":0.1363401674,"4":0.0541167405,"5":0.0171842042,"6":0.0045472201,"7":0.0010313729,"8":0.0002046885,"9":0.0000361093},"jubilo-iwata":{"0":0.1892663073,"1":0.3150527372,"2":0.2622184282,"3":0.1454962847,"4":0.060548287,"5":0.0201577384,"6":0.0055924293,"7":0.0013298799,"8":0.0002767148,"9":0.0000511799}}