{"kyoto-sanga":{"0":0.1378917186,"1":0.2732030074,"2":0.2706467219,"3":0.1787429033,"4":0.0885352275,"5":0.0350827311,"6":0.0115848239,"7":0.0032789794,"8":0.0008120747,"9":0.0001787725},"ventforet-kofu":{"0":0.1987631444,"1":0.3211299633,"2":0.2594154306,"3":0.1397074358,"4":0.056429279,"5":0.0182338958,"6":0.0049099061,"7":0.0011332354,"8":0.0002288627,"9":0.0000410845}}