{"fc-tokyo":{"0":0.1508863959,"1":0.2853605874,"2":0.2698409765,"3":0.1701102764,"4":0.0804293324,"5":0.0304220422,"6":0.00958917,"7":0.0025907582,"8":0.0006124643,"9":0.0001287011},"kawasaki-frontale":{"0":0.0220988047,"1":0.084245765,"2":0.1605821904,"3":0.2040588421,"4":0.1944798997,"5":0.1482804901,"6":0.0942132656,"7":0.0513089719,"8":0.0244502115,"9":0.0103566525}}