{"oita-trinita":{"0":0.1386700519,"1":0.2739645829,"2":0.2706301455,"3":0.1782241945,"4":0.0880275092,"5":0.0347824487,"6":0.0114530366,"7":0.0032324689,"8":0.0007982816,"9":0.0001752368},"nagoya-grampus-eight":{"0":0.3416274939,"1":0.3669196581,"2":0.1970421555,"3":0.0705433468,"4":0.0189414941,"5":0.004068763,"6":0.0007283319,"7":0.0001117505,"8":0.000015003,"9":0.0000017904}}