{"nagoya-grampus-eight":{"0":0.1691808834,"1":0.3005983639,"2":0.2670496056,"3":0.1581634065,"4":0.070255664,"5":0.0249658676,"6":0.0073931707,"7":0.001876584,"8":0.0004167862,"9":0.0000822823},"urawa-red-diamonds":{"0":0.1509026977,"1":0.2853751151,"2":0.269839299,"3":0.1700995016,"4":0.0804196439,"5":0.03041664,"6":0.0095869195,"7":0.0025900022,"8":0.0006122506,"9":0.0001286488}}