{"yokohama-fa-marinos":{"0":0.3116058002,"1":0.3633374581,"2":0.2118287085,"3":0.0823319126,"4":0.0240000891,"5":0.0055968993,"6":0.0010876793,"7":0.0001811788,"8":0.0000264072,"9":0.0000034212},"shimizu-s-pulse":{"0":0.4371997845,"1":0.3617238065,"2":0.1496388114,"3":0.0412686392,"4":0.0085360571,"5":0.001412487,"6":0.0001947737,"7":0.0000230213,"8":0.0000023809,"9":0.0000002189}}