{"gamba-osaka":{"0":0.0719421941,"1":0.1893441097,"2":0.2491666562,"3":0.2185932715,"4":0.1438284893,"5":0.0757082199,"6":0.0332093141,"7":0.0124861913,"8":0.0041077889,"9":0.0012012509},"jef-united":{"0":0.2474727459,"1":0.345584509,"2":0.2412965767,"3":0.1123199226,"4":0.0392124243,"5":0.0109516758,"6":0.0025489201,"7":0.0005084931,"8":0.000088761,"9":0.0000137723}}