{"jubilo-iwata":{"0":0.029801632,"1":0.1046988588,"2":0.1839136029,"3":0.2153746069,"4":0.1891630931,"5":0.1329132577,"6":0.0778249683,"7":0.0390591522,"8":0.0171527882,"9":0.0066956712},"fc-tokyo":{"0":0.1960721361,"1":0.319454968,"2":0.2602396205,"3":0.1413337651,"4":0.0575678093,"5":0.0187587314,"6":0.005093848,"7":0.0011856096,"8":0.0002414602,"9":0.0000437116}}