{"sanfrecce-hiroshima":{"0":0.182027898,"1":0.3101018748,"2":0.264144051,"3":0.1499981895,"4":0.0638840533,"5":0.0217665148,"6":0.0061802221,"7":0.0015040854,"8":0.0003202941,"9":0.0000606279},"kyoto-sanga":{"0":0.4371997845,"1":0.3617238065,"2":0.1496388114,"3":0.0412686392,"4":0.0085360571,"5":0.001412487,"6":0.0001947737,"7":0.0000230213,"8":0.0000023809,"9":0.0000002189}}