{"ventforet-kofu":{"0":0.305891582,"1":0.3623360876,"2":0.214597995,"3":0.0847321976,"4":0.025091842,"5":0.0059443806,"6":0.0011735441,"7":0.0001985845,"8":0.0000294035,"9":0.0000038699},"oita-trinita":{"0":0.322568637,"1":0.3649668449,"2":0.2064689226,"3":0.0778690204,"4":0.0220260182,"5":0.0049842207,"6":0.0009398906,"7":0.0001519185,"8":0.0000214858,"9":0.0000027011}}