{"omiya-ardija":{"0":0.3406701755,"1":0.3668474411,"2":0.1975180904,"3":0.0708984929,"4":0.0190865921,"5":0.0041106431,"6":0.0007377512,"7":0.0001134915,"8":0.0000152765,"9":0.0000018278},"kashima-antlers":{"0":0.1128087266,"1":0.2461555881,"2":0.2685633257,"3":0.1953405716,"4":0.106561289,"5":0.0465046589,"6":0.0169126716,"7":0.0052720701,"8":0.0014379977,"9":0.0003486444}}