{"kawasaki-frontale":{"0":0.1031614107,"1":0.2343270615,"2":0.2661323232,"3":0.2015030132,"4":0.11442653,"5":0.0519830668,"6":0.0196795798,"7":0.0063859124,"8":0.0018131684,"9":0.0004576156},"avispa-fukuoka":{"0":0.3849461052,"1":0.3674895465,"2":0.1754123045,"3":0.0558192323,"4":0.0133219846,"5":0.0025435717,"6":0.0004047043,"7":0.0000551931,"8":0.0000065863,"9":0.0000006986}}