{"albirex-niigata":{"0":0.2061532601,"1":0.3255439121,"2":0.2570389588,"3":0.1352997735,"4":0.0534141657,"5":0.01686964,"6":0.0044399076,"7":0.0010016022,"8":0.0001977082,"9":0.0000346898},"cerezo-osaka":{"0":0.364003315,"1":0.3678589489,"2":0.1858777114,"3":0.0626155282,"4":0.0158196927,"5":0.0031974519,"6":0.0005385534,"7":0.0000777511,"8":0.0000098218,"9":0.0000011029}}