{"jef-united":{"0":0.2416786662,"1":0.3432190541,"2":0.2437106282,"3":0.1153682458,"4":0.0409599457,"5":0.0116338228,"6":0.0027536216,"7":0.0005586494,"8":0.0000991705,"9":0.0000156485},"sanfrecce-hiroshima":{"0":0.0535613835,"1":0.1567702557,"2":0.2294275414,"3":0.2238392162,"4":0.1637902573,"5":0.0958804229,"6":0.0467724986,"7":0.0195570979,"8":0.0071552746,"9":0.0023269962}}