{"kashima-antlers":{"0":0.0791844399,"1":0.2008097968,"2":0.2546243589,"3":0.2152403758,"4":0.1364610781,"5":0.0692123892,"6":0.0292534868,"7":0.0105980178,"8":0.0033595392,"9":0.0009466343},"albirex-niigata":{"0":0.269338055,"1":0.3533144226,"2":0.2317368061,"3":0.1013298521,"4":0.0332308205,"5":0.0087183582,"6":0.0019061062,"7":0.000357201,"8":0.0000585715,"9":0.000008537}}