{"urawa-red-diamonds":{"0":0.0608272795,"1":0.1702991633,"2":0.238394724,"3":0.222479247,"4":0.1557197278,"5":0.0871942311,"6":0.0406865273,"7":0.0162729655,"8":0.0056949621,"9":0.0017715869},"ventforet-kofu":{"0":0.6914666421,"1":0.255109958,"2":0.047060181,"3":0.0057874668,"4":0.0005338075,"5":0.0000393886,"6":0.000002422,"7":0.0000001277,"8":0.0000000059,"9":0.0000000002}}