{"shimizu-s-pulse":{"0":0.1125542219,"1":0.2458544606,"2":0.2685124324,"3":0.1955057101,"4":0.106761768,"5":0.0466403773,"6":0.0169795864,"7":0.0052984077,"8":0.0014466774,"9":0.0003511118},"kawasaki-frontale":{"0":0.5022342229,"1":0.3458830284,"2":0.1191028646,"3":0.0273415986,"4":0.0047074624,"5":0.0006483952,"6":0.0000744237,"7":0.0000073221,"8":0.0000006303,"9":0.0000000482}}