{"fc-tokyo":{"0":0.1618091735,"1":0.2947091284,"2":0.2683824053,"3":0.1629383201,"4":0.0741914214,"5":0.0270255248,"6":0.0082037673,"7":0.0021345471,"8":0.0004859664,"9":0.0000983454},"yokohama-fa-marinos":{"0":0.1481890568,"1":0.2829323885,"2":0.2700966527,"3":0.1718954887,"4":0.0820485706,"5":0.031330516,"6":0.009969717,"7":0.0027192637,"8":0.0006489748,"9":0.000137674}}