{"kyoto-sanga":{"0":0.2584653516,"1":0.3497019744,"2":0.236572272,"3":0.1066935924,"4":0.0360889377,"5":0.0097656206,"6":0.0022021371,"7":0.0004256396,"8":0.000071986,"9":0.0000108218},"jubilo-iwata":{"0":0.1011531382,"1":0.2317539466,"2":0.2654880153,"3":0.2027549399,"4":0.1161339588,"5":0.05321536,"6":0.0203204598,"7":0.0066509437,"8":0.0019047635,"9":0.0004848935}}