{"avispa-fukuoka":{"0":0.2685683912,"1":0.35307335,"2":0.2320838836,"3":0.1017030012,"4":0.0334259545,"5":0.0087886841,"6":0.0019256735,"7":0.0003616551,"8":0.0000594312,"9":0.0000086812},"gamba-osaka":{"0":0.0622929304,"1":0.1729194025,"2":0.240004119,"3":0.2220763982,"4":0.1541158757,"5":0.085562278,"6":0.0395854925,"7":0.0156979513,"8":0.0054470073,"9":0.001680043}}