{"cerezo-osaka":{"0":0.1732765784,"1":0.3037306648,"2":0.2661996145,"3":0.1555374393,"4":0.0681590817,"5":0.0238947507,"6":0.006980717,"7":0.0017480376,"8":0.0003830095,"9":0.000074596},"nagoya-grampus-eight":{"0":0.1266831659,"1":0.2617357903,"2":0.2703817173,"3":0.1862088303,"4":0.0961799364,"5":0.0397428206,"6":0.0136852155,"7":0.0040392228,"8":0.0010431626,"9":0.0002394714}}