{"oita-trinita":{"0":0.3482043378,"1":0.3673436657,"2":0.1937675009,"3":0.0681393618,"4":0.017971174,"5":0.0037917948,"6":0.0006667023,"7":0.0001004783,"8":0.0000132501,"9":0.0000015532},"omiya-ardija":{"0":0.444116301,"1":0.3604753503,"2":0.1462932996,"3":0.0395805695,"4":0.0080315785,"5":0.0013037963,"6":0.0001763751,"7":0.0000204512,"8":0.0000020749,"9":0.0000001871}}