{"gamba-osaka":{"0":0.0724561727,"1":0.1901810359,"2":0.2495910634,"3":0.2183733292,"4":0.1432951272,"5":0.075223448,"6":0.0329074178,"7":0.0123392165,"8":0.0040484559,"9":0.0011806977},"kyoto-sanga":{"0":0.6286990692,"1":0.2917808501,"2":0.0677081203,"3":0.0104745041,"4":0.0012153111,"5":0.0001128058,"6":0.0000087256,"7":0.0000005785,"8":0.0000000336,"9":0.0000000017}}