{"yokohama-fa-marinos":{"0":0.3581436626,"1":0.3677494627,"2":0.1888064504,"3":0.0646234812,"4":0.0165891882,"5":0.0034068256,"6":0.0005830334,"7":0.0000855244,"8":0.0000109773,"9":0.0000012524},"oita-trinita":{"0":0.356529237,"1":0.3677025179,"2":0.1896129793,"3":0.0651850888,"4":0.0168069816,"5":0.0034667392,"6":0.0005958972,"7":0.000087796,"8":0.0000113184,"9":0.000001297}}