{"nagoya-grampus-eight":{"0":0.0929528434,"1":0.2208246285,"2":0.2623024469,"3":0.2077140704,"4":0.1233646565,"5":0.0586145694,"6":0.023208077,"7":0.007876367,"8":0.0023389492,"9":0.000617395},"avispa-fukuoka":{"0":0.4648048838,"1":0.3561044824,"2":0.1364125107,"3":0.0348369163,"4":0.0066724676,"5":0.0010224056,"6":0.0001305506,"7":0.0000142885,"8":0.0000013684,"9":0.0000001165}}