{"jubilo-iwata":{"0":0.0557292154,"1":0.1609042194,"2":0.2322854145,"3":0.2235554128,"4":0.1613651336,"5":0.0931803208,"6":0.0448391586,"7":0.0184945564,"8":0.0066748027,"9":0.0021413144},"shimizu-s-pulse":{"0":0.2036792572,"1":0.3240962246,"2":0.2578523809,"3":0.1367656584,"4":0.0544056795,"5":0.0173141591,"6":0.0045917404,"7":0.0010437739,"8":0.0002076078,"9":0.0000367053}}