{"sanfrecce-hiroshima":{"0":0.0724561727,"1":0.1901810359,"2":0.2495910634,"3":0.2183733292,"4":0.1432951272,"5":0.075223448,"6":0.0329074178,"7":0.0123392165,"8":0.0040484559,"9":0.0011806977},"albirex-niigata":{"0":0.387478375,"1":0.3673664022,"2":0.1741491683,"3":0.0550366657,"4":0.0130450002,"5":0.0024735805,"6":0.000390865,"7":0.0000529396,"8":0.000006274,"9":0.0000006609}}