{"kawasaki-frontale":{"0":0.145899998,"1":0.280833253,"2":0.270278674,"3":0.1734138457,"4":0.0834482095,"5":0.0321247874,"6":0.010305813,"7":0.0028338539,"8":0.0006818372,"9":0.0001458248},"kashima-antlers":{"0":0.1481617718,"1":0.2829075766,"2":0.2700990138,"3":0.1719135701,"4":0.0820651152,"5":0.0313398559,"6":0.0099736508,"7":0.002720599,"8":0.0006493562,"9":0.0001377682}}