{"omiya-ardija":{"0":0.3349896681,"1":0.3663633228,"2":0.2003376478,"3":0.0730334628,"4":0.0199683637,"5":0.0043677025,"6":0.000796127,"7":0.0001243841,"8":0.0000170042,"9":0.0000020663},"cerezo-osaka":{"0":0.133839881,"1":0.2691668719,"2":0.2706622434,"3":0.1814439483,"4":0.0912259851,"5":0.0366931185,"6":0.0122989897,"7":0.0035335193,"8":0.0008882875,"9":0.0001984939}}