{"ventforet-kofu":{"0":0.2070356976,"1":0.3260530769,"2":0.2567446343,"3":0.1347792981,"4":0.0530647677,"5":0.016713959,"6":0.0043870355,"7":0.0009869978,"8":0.0001942984,"9":0.0000339993},"jef-united":{"0":0.2837371607,"1":0.3574256761,"2":0.2251258059,"3":0.0945308482,"4":0.0297702918,"5":0.0075003688,"6":0.0015747111,"7":0.0002833821,"8":0.0000446223,"9":0.0000062457}}