{"fc-tokyo":{"0":0.2060318027,"1":0.325473536,"2":0.2570792985,"3":0.1353715093,"4":0.0534624306,"5":0.0168911848,"6":0.0044472371,"7":0.0010036301,"8":0.0001981824,"9":0.000034786},"urawa-red-diamonds":{"0":0.0363333831,"1":0.1204458305,"2":0.199640067,"3":0.2206034929,"4":0.1828261548,"5":0.1212144103,"6":0.0669713317,"7":0.0317158845,"8":0.0131423422,"9":0.0048407895}}