{"jef-united":{"0":0.3505174741,"1":0.3674631429,"2":0.1926140226,"3":0.0673086311,"4":0.017640662,"5":0.003698699,"6":0.0006462519,"7":0.000096785,"8":0.000012683,"9":0.0000014774},"yokohama-fa-marinos":{"0":0.1984890634,"1":0.3209610387,"2":0.2595004143,"3":0.1398725637,"4":0.0565442279,"5":0.0182866439,"6":0.0049283154,"7":0.0011384558,"8":0.0002301134,"9":0.0000413443}}