{"kashima-antlers":{"0":0.1357626575,"1":0.2710972666,"2":0.2706698931,"3":0.1801621289,"4":0.0899390554,"5":0.0359189081,"6":0.0119540945,"7":0.0034100712,"8":0.0008511739,"9":0.0001888516},"jubilo-iwata":{"0":0.1534662415,"1":0.2876378878,"2":0.2695562024,"3":0.1684074533,"4":0.0789104556,"5":0.0295799735,"6":0.0092401658,"7":0.0024740869,"8":0.0005796398,"9":0.0001207116}}