{"shimizu-s-pulse":{"0":0.1773254053,"1":0.3067319511,"2":0.2652876774,"3":0.1529621146,"4":0.0661472728,"5":0.0228838976,"6":0.0065973086,"7":0.0016302598,"8":0.0003524966,"9":0.0000677486},"sanfrecce-hiroshima":{"0":0.4278698706,"1":0.3632342093,"2":0.1541813293,"3":0.0436300357,"4":0.0092597789,"5":0.0015721922,"6":0.0002224485,"7":0.0000269778,"8":0.0000028628,"9":0.00000027}}