{"urawa-red-diamonds":{"0":0.110634433,"1":0.2435643494,"2":0.2681063693,"3":0.1967475275,"4":0.1082860965,"5":0.0476788861,"6":0.017494368,"7":0.0055020385,"8":0.0015141087,"9":0.0003703718},"gamba-osaka":{"0":0.4944129063,"1":0.3482566732,"2":0.1226532609,"3":0.0287983425,"4":0.0050712748,"5":0.0007144252,"6":0.0000838717,"7":0.0000084397,"8":0.0000007431,"9":0.0000000582}}