{"avispa-fukuoka":{"0":0.185011779,"1":0.3121769955,"2":0.263373708,"3":0.1481332941,"4":0.0624876521,"5":0.0210875303,"6":0.0059302907,"7":0.0014294845,"8":0.0003015026,"9":0.0000565262},"ventforet-kofu":{"0":0.3320351286,"1":0.366073546,"2":0.2018006975,"3":0.0741627322,"4":0.020441372,"5":0.0045073818,"6":0.0008282423,"7":0.0001304499,"8":0.0000179779,"9":0.0000022023}}