{"cerezo-osaka":{"0":0.142001448,"1":0.2771751858,"2":0.2705116205,"3":0.1760055026,"4":0.0858870782,"5":0.0335289072,"6":0.0109076131,"7":0.0030415381,"8":0.0007421041,"9":0.0001609474},"kawasaki-frontale":{"0":0.0456368115,"1":0.1408826907,"2":0.2174552944,"3":0.2237644422,"4":0.1726924806,"5":0.1066217404,"6":0.0548576073,"7":0.0241925231,"8":0.0093354127,"9":0.0032020887}}