{"kyoto-sanga":{"0":0.2650323697,"1":0.3519373612,"2":0.2336693935,"3":0.1034301204,"4":0.0343362998,"5":0.0091190572,"6":0.0020182044,"7":0.0003828543,"8":0.0000635492,"9":0.0000093764},"nagoya-grampus-eight":{"0":0.091741409,"1":0.2191501743,"2":0.2617509335,"3":0.2084219232,"4":0.124468605,"5":0.0594656585,"6":0.0236750768,"7":0.0080792263,"8":0.0024124382,"9":0.0006403097}}