{"oita-trinita":{"0":0.1868682324,"1":0.3134437193,"2":0.2628776542,"3":0.1469794136,"4":0.0616340368,"5":0.0206763894,"6":0.0057802623,"7":0.001385076,"8":0.0002904074,"9":0.0000541239},"fc-tokyo":{"0":0.3180998121,"1":0.3643483663,"2":0.2086605006,"3":0.0796658885,"4":0.0228121294,"5":0.0052257573,"6":0.0009975884,"7":0.0001632326,"8":0.0000233706,"9":0.0000029743}}