{"albirex-niigata":{"0":0.3427310506,"1":0.3669995787,"2":0.1964932715,"3":0.0701356041,"4":0.0187754634,"5":0.004020988,"6":0.0007176185,"7":0.0001097761,"8":0.0000146937,"9":0.0000017482},"omiya-ardija":{"0":0.3495656729,"1":0.3674158349,"2":0.1930887473,"3":0.0676495327,"4":0.0177759942,"5":0.0037367409,"6":0.0006545922,"7":0.0000982883,"8":0.0000129134,"9":0.0000015081}}